Question,Option A,Option B,Option C,Option D,Correct Answer,Solution,Category,Subcategory
Which symbol correctly compares 74 and 92? (74 ___ 92),>,=,<,≥,C,74 < 92.,Math / Mathematics,Comparison
What is 4088 - 2608?,1460,1479,1480,1481,C,4088 - 2608 = 1480.,Math / Mathematics,Subtraction
What is 650 ÷ 5?,129,126,132,130,D,"650 ÷ 5 = 130, since 5 × 130 = 650.",Math / Mathematics,Division
What is 64 × 31?,1920,1986,1984,1994,C,64 × 31 = 1984.,Math / Mathematics,Multiplication
What is 7320 ÷ 40?,185,186,183,187,C,"7320 ÷ 40 = 183, since 40 × 183 = 7320.",Math / Mathematics,Division
What is 63 × 18?,1134,1152,1124,1144,A,63 × 18 = 1134.,Math / Mathematics,Multiplication
What is 3857 - 1872?,1985,1975,1987,1965,A,3857 - 1872 = 1985.,Math / Mathematics,Subtraction
What is 4393 + 1381?,5779,5772,5774,5773,C,4393 + 1381 = 5774.,Math / Mathematics,Addition
What is 984 ÷ 41?,21,26,24,28,C,"984 ÷ 41 = 24, since 41 × 24 = 984.",Math / Mathematics,Division
What is 77 × 85?,6543,6545,6630,6535,B,77 × 85 = 6545.,Math / Mathematics,Multiplication
What is 2703 + 4160?,6883,6862,6863,6858,C,2703 + 4160 = 6863.,Math / Mathematics,Addition
Solve for x: 11x + (-2) = 20,4,3,-2,2,D,"11x = 20 - (-2) = 22, so x = 22/11 = 2.",Math / Mathematics,Equations
What is 5% of 1620?,61,101,81,76,C,5% of 1620 = (5/100) × 1620 = 81.,Math / Mathematics,Percentage
What is 5/8 + 1/7 (in simplest form)?,44/58,43/56,44/56,42/57,B,5/8 + 1/7 = 43/56 = 43/56 in simplest form.,Math / Mathematics,Fractions
What is 27 × 24?,621,646,648,638,C,27 × 24 = 648.,Math / Mathematics,Multiplication
What is 2268 ÷ 36?,63,67,66,62,A,"2268 ÷ 36 = 63, since 36 × 63 = 2268.",Math / Mathematics,Division
Which symbol correctly compares -173 and -417? (-173 ___ -417),>,=,≥,<,A,-173 > -417.,Math / Mathematics,Comparison
What is 7/11 + 3/10 (in simplest form)?,103/110,104/110,104/111,105/109,A,7/11 + 3/10 = 103/110 = 103/110 in simplest form.,Math / Mathematics,Fractions
What is 4 × 44?,166,186,176,132,C,4 × 44 = 176.,Math / Mathematics,Multiplication
What is 40 × 36?,1440,1438,1450,1404,A,40 × 36 = 1440.,Math / Mathematics,Multiplication
Which symbol correctly compares 134 and -34? (134 ___ -34),>,<,≥,=,A,134 > -34.,Math / Mathematics,Comparison
Solve for x: 11x + (16) = -6,-2,0,-4,-6,A,"11x = -6 - (16) = -22, so x = -22/11 = -2.",Math / Mathematics,Equations
What is 6044 - 1844?,4190,4200,4210,4198,B,6044 - 1844 = 4200.,Math / Mathematics,Subtraction
Which symbol correctly compares 301 and -50? (301 ___ -50),<,=,≥,>,D,301 > -50.,Math / Mathematics,Comparison
Which symbol correctly compares 60 and -336? (60 ___ -336),≥,<,=,>,D,60 > -336.,Math / Mathematics,Comparison
What is 8804 - 5229?,3577,3575,3595,3585,B,8804 - 5229 = 3575.,Math / Mathematics,Subtraction
What is 4773 ÷ 43?,106,115,116,111,D,"4773 ÷ 43 = 111, since 43 × 111 = 4773.",Math / Mathematics,Division
What is 2782 - 2080?,704,707,702,700,C,2782 - 2080 = 702.,Math / Mathematics,Subtraction
What is 1492 + 1485?,2967,2978,2977,2982,C,1492 + 1485 = 2977.,Math / Mathematics,Addition
What is 90% of 1980?,1782,1787,1767,1777,A,90% of 1980 = (90/100) × 1980 = 1782.,Math / Mathematics,Percentage
What is 50% of 670?,350,340,345,335,D,50% of 670 = (50/100) × 670 = 335.,Math / Mathematics,Percentage
Which symbol correctly compares -407 and -84? (-407 ___ -84),≥,>,<,=,C,-407 < -84.,Math / Mathematics,Comparison
Solve for x: 6x + (-39) = 45,12,10,15,14,D,"6x = 45 - (-39) = 84, so x = 84/6 = 14.",Math / Mathematics,Equations
What is 1144 ÷ 8?,148,142,143,145,C,"1144 ÷ 8 = 143, since 8 × 143 = 1144.",Math / Mathematics,Division
What is 85.03 + 148.12?,233.05,233.15,233.65,234.15,B,85.03 + 148.12 = 233.15.,Math / Mathematics,Decimals
What is 115.28 + 57.93?,173.71,173.21,172.71,171.21,B,115.28 + 57.93 = 173.21.,Math / Mathematics,Decimals
Which symbol correctly compares 241 and -79? (241 ___ -79),=,<,>,≥,C,241 > -79.,Math / Mathematics,Comparison
Solve for x: 7x + (35) = 70,3,7,2,5,D,"7x = 70 - (35) = 35, so x = 35/7 = 5.",Math / Mathematics,Equations
Solve for x: 8x + (-25) = 15,9,5,6,7,B,"8x = 15 - (-25) = 40, so x = 40/8 = 5.",Math / Mathematics,Equations
What is 1404 - 541?,865,863,868,861,B,1404 - 541 = 863.,Math / Mathematics,Subtraction
What is 134.33 + 24.76?,159.09,158.09,157.09,159.59,A,134.33 + 24.76 = 159.09.,Math / Mathematics,Decimals
What is 1614 - 1112?,502,522,500,512,A,1614 - 1112 = 502.,Math / Mathematics,Subtraction
Which symbol correctly compares 256 and -203? (256 ___ -203),≥,<,=,>,D,256 > -203.,Math / Mathematics,Comparison
What is 89 × 69?,6210,6143,6141,6139,C,89 × 69 = 6141.,Math / Mathematics,Multiplication
What is 8080 - 6576?,1499,1484,1494,1504,D,8080 - 6576 = 1504.,Math / Mathematics,Subtraction
What is 8/7 + 4/4 (in simplest form)?,13/7,15/7,14/6,16/6,B,8/7 + 4/4 = 15/7 = 15/7 in simplest form.,Math / Mathematics,Fractions
Solve for x: 7x + (9) = 79,10,11,8,9,A,"7x = 79 - (9) = 70, so x = 70/7 = 10.",Math / Mathematics,Equations
What is 1/6 + 3/6 (in simplest form)?,1/3,0/4,2/3,1/2,C,1/6 + 3/6 = 2/3 = 2/3 in simplest form.,Math / Mathematics,Fractions
Which symbol correctly compares -189 and -186? (-189 ___ -186),≥,=,>,<,D,-189 < -186.,Math / Mathematics,Comparison
What is 8582 + 6042?,14624,14625,14622,14634,A,8582 + 6042 = 14624.,Math / Mathematics,Addition
What is 2940 ÷ 15?,199,195,201,196,D,"2940 ÷ 15 = 196, since 15 × 196 = 2940.",Math / Mathematics,Division
Solve for x: 12x + (34) = 22,-1,-5,-3,0,A,"12x = 22 - (34) = -12, so x = -12/12 = -1.",Math / Mathematics,Equations
Solve for x: 7x + (-14) = -70,-11,-10,-8,-5,C,"7x = -70 - (-14) = -56, so x = -56/7 = -8.",Math / Mathematics,Equations
What is 3786 - 370?,3416,3426,3421,3414,A,3786 - 370 = 3416.,Math / Mathematics,Subtraction
Which symbol correctly compares -328 and 132? (-328 ___ 132),>,=,≥,<,D,-328 < 132.,Math / Mathematics,Comparison
What is 3312 + 9229?,12546,12540,12541,12551,C,3312 + 9229 = 12541.,Math / Mathematics,Addition
Solve for x: 8x + (-38) = -134,-11,-12,-16,-9,B,"8x = -134 - (-38) = -96, so x = -96/8 = -12.",Math / Mathematics,Equations
Solve for x: 6x + (-13) = -13,3,4,0,-1,C,"6x = -13 - (-13) = 0, so x = 0/6 = 0.",Math / Mathematics,Equations
What is 74 × 48?,3562,3552,3553,3551,B,74 × 48 = 3552.,Math / Mathematics,Multiplication
What is 3613 + 3293?,6916,6926,6908,6906,D,3613 + 3293 = 6906.,Math / Mathematics,Addition
What is 58.14 + 99.22?,157.26,157.46,155.36,157.36,D,58.14 + 99.22 = 157.36.,Math / Mathematics,Decimals
What is 60 × 5?,300,305,301,295,A,60 × 5 = 300.,Math / Mathematics,Multiplication
Which symbol correctly compares -403 and -233? (-403 ___ -233),=,<,>,≥,B,-403 < -233.,Math / Mathematics,Comparison
What is 86 × 78?,6708,6718,6706,6630,A,86 × 78 = 6708.,Math / Mathematics,Multiplication
What is 12% of 1590?,176,196,186,191,D,12% of 1590 = (12/100) × 1590 = 191.,Math / Mathematics,Percentage
What is 3433 + 9357?,12790,12795,12770,12785,A,3433 + 9357 = 12790.,Math / Mathematics,Addition
What is 50% of 1550?,765,785,775,795,C,50% of 1550 = (50/100) × 1550 = 775.,Math / Mathematics,Percentage
What is 2723 - 2711?,12,22,32,11,A,2723 - 2711 = 12.,Math / Mathematics,Subtraction
What is 44 × 21?,880,945,934,924,D,44 × 21 = 924.,Math / Mathematics,Multiplication
Which symbol correctly compares 188 and -252? (188 ___ -252),>,≥,<,=,A,188 > -252.,Math / Mathematics,Comparison
What is 8/5 + 9/6 (in simplest form)?,30/11,32/10,31/10,29/11,C,8/5 + 9/6 = 31/10 = 31/10 in simplest form.,Math / Mathematics,Fractions
What is 2520 ÷ 20?,124,126,123,129,B,"2520 ÷ 20 = 126, since 20 × 126 = 2520.",Math / Mathematics,Division
What is 157.91 - 6.75?,151.16,153.16,151.06,150.66,A,157.91 - 6.75 = 151.16.,Math / Mathematics,Decimals
What is 8497 - 4285?,4212,4211,4217,4202,A,8497 - 4285 = 4212.,Math / Mathematics,Subtraction
Which symbol correctly compares 467 and -143? (467 ___ -143),≥,>,=,<,B,467 > -143.,Math / Mathematics,Comparison
What is 5% of 370?,33,38,8,18,D,5% of 370 = (5/100) × 370 = 18.,Math / Mathematics,Percentage
What is 80% of 940?,747,757,772,752,D,80% of 940 = (80/100) × 940 = 752.,Math / Mathematics,Percentage
What is 96.72 + 152.78?,249.00,248.50,249.50,247.50,C,96.72 + 152.78 = 249.50.,Math / Mathematics,Decimals
What is 59 × 66?,3894,3828,3960,3904,A,59 × 66 = 3894.,Math / Mathematics,Multiplication
What is 1000 ÷ 5?,204,195,200,202,C,"1000 ÷ 5 = 200, since 5 × 200 = 1000.",Math / Mathematics,Division
What is 2726 ÷ 29?,92,94,90,96,B,"2726 ÷ 29 = 94, since 29 × 94 = 2726.",Math / Mathematics,Division
What is 60% of 1510?,921,906,901,896,B,60% of 1510 = (60/100) × 1510 = 906.,Math / Mathematics,Percentage
What is 40 × 97?,3977,3880,3870,3879,B,40 × 97 = 3880.,Math / Mathematics,Multiplication
What is 5/7 + 3/8 (in simplest form)?,61/56,59/57,59/58,62/55,A,5/7 + 3/8 = 61/56 = 61/56 in simplest form.,Math / Mathematics,Fractions
What is 255 + 5326?,5581,5580,5571,5561,A,255 + 5326 = 5581.,Math / Mathematics,Addition
What is 8547 + 5322?,13869,13874,13864,13867,A,8547 + 5322 = 13869.,Math / Mathematics,Addition
What is 12% of 1980?,258,238,223,228,B,12% of 1980 = (12/100) × 1980 = 238.,Math / Mathematics,Percentage
What is 4/12 + 1/2 (in simplest form)?,6/7,7/7,5/6,7/8,C,4/12 + 1/2 = 5/6 = 5/6 in simplest form.,Math / Mathematics,Fractions
What is 3070 + 5199?,8268,8269,8289,8271,B,3070 + 5199 = 8269.,Math / Mathematics,Addition
What is 15% of 1030?,169,154,144,149,B,15% of 1030 = (15/100) × 1030 = 154.,Math / Mathematics,Percentage
Which symbol correctly compares -451 and 5? (-451 ___ 5),=,>,<,≥,C,-451 < 5.,Math / Mathematics,Comparison
What is 50% of 220?,105,120,125,110,D,50% of 220 = (50/100) × 220 = 110.,Math / Mathematics,Percentage
What is 20% of 20?,14,4,9,24,B,20% of 20 = (20/100) × 20 = 4.,Math / Mathematics,Percentage
Which symbol correctly compares 490 and 422? (490 ___ 422),≥,>,=,<,B,490 > 422.,Math / Mathematics,Comparison
What is 61 × 62?,3780,3792,3782,3720,C,61 × 62 = 3782.,Math / Mathematics,Multiplication
What is 2268 - 802?,1456,1466,1465,1471,B,2268 - 802 = 1466.,Math / Mathematics,Subtraction
Solve for x: 10x + (28) = -172,-20,-16,-22,-24,A,"10x = -172 - (28) = -200, so x = -200/10 = -20.",Math / Mathematics,Equations
What is 137.21 + 95.67?,233.88,232.88,231.88,234.88,B,137.21 + 95.67 = 232.88.,Math / Mathematics,Decimals
Solve for x: 9x + (26) = 143,16,13,12,17,B,"9x = 143 - (26) = 117, so x = 117/9 = 13.",Math / Mathematics,Equations
What is 32 × 66?,2110,2102,2112,2111,C,32 × 66 = 2112.,Math / Mathematics,Multiplication
What is 3793 + 716?,4508,4499,4489,4509,D,3793 + 716 = 4509.,Math / Mathematics,Addition
What is 25% of 1180?,285,310,295,290,C,25% of 1180 = (25/100) × 1180 = 295.,Math / Mathematics,Percentage
Solve for x: 5x + (0) = 80,19,13,16,18,C,"5x = 80 - (0) = 80, so x = 80/5 = 16.",Math / Mathematics,Equations
What is 25 × 49?,1227,1226,1235,1225,D,25 × 49 = 1225.,Math / Mathematics,Multiplication
What is 4401 + 9040?,13443,13442,13451,13441,D,4401 + 9040 = 13441.,Math / Mathematics,Addition
What is 25% of 1600?,405,400,390,380,B,25% of 1600 = (25/100) × 1600 = 400.,Math / Mathematics,Percentage
Solve for x: 3x + (-29) = -20,7,5,3,0,C,"3x = -20 - (-29) = 9, so x = 9/3 = 3.",Math / Mathematics,Equations
What is 4/5 + 9/7 (in simplest form)?,71/34,73/35,75/36,75/34,B,4/5 + 9/7 = 73/35 = 73/35 in simplest form.,Math / Mathematics,Fractions
What is 82 × 41?,3362,3372,3352,3321,A,82 × 41 = 3362.,Math / Mathematics,Multiplication
What is 9319 + 5849?,15170,15168,15188,15167,B,9319 + 5849 = 15168.,Math / Mathematics,Addition
What is 144.51 - 44.07?,100.44,102.44,101.44,99.44,A,144.51 - 44.07 = 100.44.,Math / Mathematics,Decimals
What is 5432 - 2890?,2522,2542,2544,2547,B,5432 - 2890 = 2542.,Math / Mathematics,Subtraction
What is 40% of 680?,272,277,262,287,A,40% of 680 = (40/100) × 680 = 272.,Math / Mathematics,Percentage
What is 3431 + 7603?,11029,11035,11034,11044,C,3431 + 7603 = 11034.,Math / Mathematics,Addition
Which symbol correctly compares 496 and 235? (496 ___ 235),>,=,<,≥,A,496 > 235.,Math / Mathematics,Comparison
Solve for x: 6x + (21) = 33,4,2,5,1,B,"6x = 33 - (21) = 12, so x = 12/6 = 2.",Math / Mathematics,Equations
What is 20 × 42?,850,840,860,882,B,20 × 42 = 840.,Math / Mathematics,Multiplication
What is 3659 + 6053?,9712,9713,9710,9732,A,3659 + 6053 = 9712.,Math / Mathematics,Addition
What is 2952 + 2460?,5412,5407,5432,5413,A,2952 + 2460 = 5412.,Math / Mathematics,Addition
What is 5/2 + 9/8 (in simplest form)?,30/9,31/7,31/9,29/8,D,5/2 + 9/8 = 29/8 = 29/8 in simplest form.,Math / Mathematics,Fractions
Solve for x: 6x + (14) = 134,24,20,22,17,B,"6x = 134 - (14) = 120, so x = 120/6 = 20.",Math / Mathematics,Equations
What is 8027 + 5641?,13668,13648,13666,13673,A,8027 + 5641 = 13668.,Math / Mathematics,Addition
Which symbol correctly compares -278 and 316? (-278 ___ 316),≥,=,>,<,D,-278 < 316.,Math / Mathematics,Comparison
What is 5 × 35?,175,140,210,165,A,5 × 35 = 175.,Math / Mathematics,Multiplication
What is 9/6 + 3/11 (in simplest form)?,41/24,40/24,38/22,39/22,D,9/6 + 3/11 = 39/22 = 39/22 in simplest form.,Math / Mathematics,Fractions
What is 8436 + 7990?,16431,16426,16421,16416,B,8436 + 7990 = 16426.,Math / Mathematics,Addition
What is 23 × 4?,115,92,93,96,B,23 × 4 = 92.,Math / Mathematics,Multiplication
What is 79 × 20?,1570,1659,1580,1578,C,79 × 20 = 1580.,Math / Mathematics,Multiplication
Which symbol correctly compares 116 and -351? (116 ___ -351),=,<,>,≥,C,116 > -351.,Math / Mathematics,Comparison
What is 6 × 52?,312,310,322,313,A,6 × 52 = 312.,Math / Mathematics,Multiplication
What is 3739 + 6514?,10253,10243,10248,10233,A,3739 + 6514 = 10253.,Math / Mathematics,Addition
Solve for x: 7x + (29) = 155,18,17,16,14,A,"7x = 155 - (29) = 126, so x = 126/7 = 18.",Math / Mathematics,Equations
Which symbol correctly compares 73 and -58? (73 ___ -58),=,<,≥,>,D,73 > -58.,Math / Mathematics,Comparison
What is 7526 - 3554?,3972,3967,3992,3962,A,7526 - 3554 = 3972.,Math / Mathematics,Subtraction
What is 12% of 1460?,190,155,180,175,D,12% of 1460 = (12/100) × 1460 = 175.,Math / Mathematics,Percentage
What is 1/6 + 5/6 (in simplest form)?,3/3,3/1,3/2,1/1,D,1/6 + 5/6 = 1 = 1/1 in simplest form.,Math / Mathematics,Fractions
Solve for x: 12x + (-14) = -230,-15,-14,-18,-16,C,"12x = -230 - (-14) = -216, so x = -216/12 = -18.",Math / Mathematics,Equations
What is 76.42 + 146.27?,222.69,221.69,223.69,222.79,A,76.42 + 146.27 = 222.69.,Math / Mathematics,Decimals
What is 5481 ÷ 29?,188,189,192,194,B,"5481 ÷ 29 = 189, since 29 × 189 = 5481.",Math / Mathematics,Division
Solve for x: 11x + (-33) = -231,-18,-16,-19,-15,A,"11x = -231 - (-33) = -198, so x = -198/11 = -18.",Math / Mathematics,Equations
What is 4 × 71?,288,280,284,294,C,4 × 71 = 284.,Math / Mathematics,Multiplication
What is 6549 + 3080?,9624,9629,9628,9649,B,6549 + 3080 = 9629.,Math / Mathematics,Addition
What is 9167 - 6809?,2378,2357,2358,2348,C,9167 - 6809 = 2358.,Math / Mathematics,Subtraction
What is 69.52 - 36.81?,31.71,32.71,33.71,32.81,B,69.52 - 36.81 = 32.71.,Math / Mathematics,Decimals
What is 152 ÷ 2?,76,80,74,73,A,"152 ÷ 2 = 76, since 2 × 76 = 152.",Math / Mathematics,Division
Which symbol correctly compares -499 and -414? (-499 ___ -414),<,≥,>,=,A,-499 < -414.,Math / Mathematics,Comparison
What is 6/2 + 2/7 (in simplest form)?,21/9,22/9,23/7,22/6,C,6/2 + 2/7 = 23/7 = 23/7 in simplest form.,Math / Mathematics,Fractions
What is 57.12 + 37.46?,94.58,96.58,94.68,92.58,A,57.12 + 37.46 = 94.58.,Math / Mathematics,Decimals
Which symbol correctly compares -196 and -352? (-196 ___ -352),<,=,≥,>,D,-196 > -352.,Math / Mathematics,Comparison
What is 5/4 + 4/9 (in simplest form)?,60/36,63/37,62/38,61/36,D,5/4 + 4/9 = 61/36 = 61/36 in simplest form.,Math / Mathematics,Fractions
What is 3710 - 1255?,2453,2455,2435,2456,B,3710 - 1255 = 2455.,Math / Mathematics,Subtraction
What is 75% of 460?,365,335,340,345,D,75% of 460 = (75/100) × 460 = 345.,Math / Mathematics,Percentage
What is 80 × 35?,2800,2765,2835,2720,A,80 × 35 = 2800.,Math / Mathematics,Multiplication
What is 1022 - 83?,939,934,938,929,A,1022 - 83 = 939.,Math / Mathematics,Subtraction
What is 140 ÷ 4?,30,37,35,32,C,"140 ÷ 4 = 35, since 4 × 35 = 140.",Math / Mathematics,Division
What is 4400 + 4267?,8667,8657,8647,8665,A,4400 + 4267 = 8667.,Math / Mathematics,Addition
What is 6064 + 8081?,14125,14165,14145,14144,C,6064 + 8081 = 14145.,Math / Mathematics,Addition
What is 2898 + 2562?,5470,5460,5459,5462,B,2898 + 2562 = 5460.,Math / Mathematics,Addition
What is 74 × 31?,2263,2325,2293,2294,D,74 × 31 = 2294.,Math / Mathematics,Multiplication
Solve for x: 7x + (33) = 40,5,2,-2,1,D,"7x = 40 - (33) = 7, so x = 7/7 = 1.",Math / Mathematics,Equations
What is 1/10 + 4/10 (in simplest form)?,2/1,1/2,2/4,0/1,B,1/10 + 4/10 = 1/2 = 1/2 in simplest form.,Math / Mathematics,Fractions
What is 24 ÷ 3?,10,8,13,7,B,"24 ÷ 3 = 8, since 3 × 8 = 24.",Math / Mathematics,Division
What is 97.85 - 62.36?,34.99,35.49,35.39,33.49,B,97.85 - 62.36 = 35.49.,Math / Mathematics,Decimals
What is 291 + 5340?,5611,5630,5629,5631,D,291 + 5340 = 5631.,Math / Mathematics,Addition
What is 756 ÷ 9?,82,81,85,84,D,"756 ÷ 9 = 84, since 9 × 84 = 756.",Math / Mathematics,Division
What is 161.12 + 107.59?,269.71,268.71,270.71,267.71,B,161.12 + 107.59 = 268.71.,Math / Mathematics,Decimals
What is 6/5 + 8/8 (in simplest form)?,11/5,13/7,13/5,10/7,A,6/5 + 8/8 = 11/5 = 11/5 in simplest form.,Math / Mathematics,Fractions
What is 42 × 30?,1260,1259,1230,1261,A,42 × 30 = 1260.,Math / Mathematics,Multiplication
What is 5750 ÷ 50?,117,115,116,113,B,"5750 ÷ 50 = 115, since 50 × 115 = 5750.",Math / Mathematics,Division
Which symbol correctly compares 426 and -444? (426 ___ -444),>,≥,=,<,A,426 > -444.,Math / Mathematics,Comparison
Which symbol correctly compares 213 and -372? (213 ___ -372),≥,<,=,>,D,213 > -372.,Math / Mathematics,Comparison
Which symbol correctly compares 421 and -319? (421 ___ -319),=,>,<,≥,B,421 > -319.,Math / Mathematics,Comparison
Solve for x: 11x + (-20) = 189,15,22,18,19,D,"11x = 189 - (-20) = 209, so x = 209/11 = 19.",Math / Mathematics,Equations
What is 190.07 - 12.96?,176.61,177.11,176.11,175.11,B,190.07 - 12.96 = 177.11.,Math / Mathematics,Decimals
What is 70% of 1340?,918,938,953,928,B,70% of 1340 = (70/100) × 1340 = 938.,Math / Mathematics,Percentage
Solve for x: 6x + (22) = 16,0,-5,-1,2,C,"6x = 16 - (22) = -6, so x = -6/6 = -1.",Math / Mathematics,Equations
What is 166.58 - 91.36?,77.22,76.22,75.22,73.22,C,166.58 - 91.36 = 75.22.,Math / Mathematics,Decimals
Solve for x: 2x + (-41) = -71,-17,-19,-11,-15,D,"2x = -71 - (-41) = -30, so x = -30/2 = -15.",Math / Mathematics,Equations
What is 2628 - 2206?,402,427,424,422,D,2628 - 2206 = 422.,Math / Mathematics,Subtraction
Solve for x: 3x + (-28) = 14,10,12,13,14,D,"3x = 14 - (-28) = 42, so x = 42/3 = 14.",Math / Mathematics,Equations
What is 1107 + 7259?,8346,8356,8366,8361,C,1107 + 7259 = 8366.,Math / Mathematics,Addition
What is 181.98 - 64.16?,117.92,117.82,119.82,117.32,B,181.98 - 64.16 = 117.82.,Math / Mathematics,Decimals
What is 50% of 1590?,800,790,810,795,D,50% of 1590 = (50/100) × 1590 = 795.,Math / Mathematics,Percentage
What is 33.39 + 4.41?,37.80,38.30,35.80,37.30,A,33.39 + 4.41 = 37.80.,Math / Mathematics,Decimals
What is 80% of 1480?,1194,1174,1179,1184,D,80% of 1480 = (80/100) × 1480 = 1184.,Math / Mathematics,Percentage
Solve for x: 12x + (-2) = -182,-16,-17,-12,-15,D,"12x = -182 - (-2) = -180, so x = -180/12 = -15.",Math / Mathematics,Equations
What is 1762 + 3357?,5119,5117,5114,5099,A,1762 + 3357 = 5119.,Math / Mathematics,Addition
What is 2/6 + 5/6 (in simplest form)?,9/8,8/6,8/8,7/6,D,2/6 + 5/6 = 7/6 = 7/6 in simplest form.,Math / Mathematics,Fractions
What is 3962 + 6263?,10227,10223,10230,10225,D,3962 + 6263 = 10225.,Math / Mathematics,Addition
What is 6/6 + 5/3 (in simplest form)?,6/3,7/2,7/5,8/3,D,6/6 + 5/3 = 8/3 = 8/3 in simplest form.,Math / Mathematics,Fractions
What is 2/7 + 6/11 (in simplest form)?,66/76,63/76,62/78,64/77,D,2/7 + 6/11 = 64/77 = 64/77 in simplest form.,Math / Mathematics,Fractions
What is 2287 + 6552?,8840,8859,8839,8829,C,2287 + 6552 = 8839.,Math / Mathematics,Addition
Solve for x: 10x + (32) = 182,15,19,18,14,A,"10x = 182 - (32) = 150, so x = 150/10 = 15.",Math / Mathematics,Equations
What is 20% of 810?,162,152,167,172,A,20% of 810 = (20/100) × 810 = 162.,Math / Mathematics,Percentage
Solve for x: 11x + (39) = 50,-2,-3,1,4,C,"11x = 50 - (39) = 11, so x = 11/11 = 1.",Math / Mathematics,Equations
What is 7274 - 5986?,1278,1288,1298,1283,B,7274 - 5986 = 1288.,Math / Mathematics,Subtraction
What is 49 × 96?,4714,4655,4702,4704,D,49 × 96 = 4704.,Math / Mathematics,Multiplication
What is 159.26 + 132.64?,292.90,292.00,291.90,293.90,C,159.26 + 132.64 = 291.90.,Math / Mathematics,Decimals
What is 6 × 3?,18,15,20,17,A,6 × 3 = 18.,Math / Mathematics,Multiplication
What is 86 × 49?,4263,4215,4212,4214,D,86 × 49 = 4214.,Math / Mathematics,Multiplication
What is 50 × 95?,4751,4700,4750,4752,C,50 × 95 = 4750.,Math / Mathematics,Multiplication
What is 50% of 550?,285,265,280,275,D,50% of 550 = (50/100) × 550 = 275.,Math / Mathematics,Percentage
What is 12% of 610?,53,93,83,73,D,12% of 610 = (12/100) × 610 = 73.,Math / Mathematics,Percentage
Which symbol correctly compares -303 and -484? (-303 ___ -484),>,=,<,≥,A,-303 > -484.,Math / Mathematics,Comparison
What is 9198 + 9815?,19013,19003,19014,19033,A,9198 + 9815 = 19013.,Math / Mathematics,Addition
Which symbol correctly compares -477 and -113? (-477 ___ -113),<,>,=,≥,A,-477 < -113.,Math / Mathematics,Comparison
Which symbol correctly compares 329 and -89? (329 ___ -89),>,≥,<,=,A,329 > -89.,Math / Mathematics,Comparison
Solve for x: 7x + (48) = -50,-16,-17,-14,-13,C,"7x = -50 - (48) = -98, so x = -98/7 = -14.",Math / Mathematics,Equations
Solve for x: 4x + (49) = 13,-9,-12,-10,-6,A,"4x = 13 - (49) = -36, so x = -36/4 = -9.",Math / Mathematics,Equations
Which symbol correctly compares 170 and -260? (170 ___ -260),=,<,≥,>,D,170 > -260.,Math / Mathematics,Comparison
What is 2666 - 381?,2285,2280,2287,2305,A,2666 - 381 = 2285.,Math / Mathematics,Subtraction
Solve for x: 8x + (-12) = -76,-12,-5,-10,-8,D,"8x = -76 - (-12) = -64, so x = -64/8 = -8.",Math / Mathematics,Equations
What is 2211 + 9335?,11556,11546,11547,11545,B,2211 + 9335 = 11546.,Math / Mathematics,Addition
What is 421 - 297?,124,119,126,134,A,421 - 297 = 124.,Math / Mathematics,Subtraction
Which symbol correctly compares 330 and -369? (330 ___ -369),<,=,>,≥,C,330 > -369.,Math / Mathematics,Comparison
Which symbol correctly compares 169 and 453? (169 ___ 453),>,≥,=,<,D,169 < 453.,Math / Mathematics,Comparison
What is 1158 + 4386?,5544,5539,5543,5545,A,1158 + 4386 = 5544.,Math / Mathematics,Addition
What is 9901 + 7729?,17631,17628,17610,17630,D,9901 + 7729 = 17630.,Math / Mathematics,Addition
What is 2/7 + 8/8 (in simplest form)?,10/7,9/7,11/6,8/7,B,2/7 + 8/8 = 9/7 = 9/7 in simplest form.,Math / Mathematics,Fractions
What is 734 + 2906?,3641,3640,3660,3620,B,734 + 2906 = 3640.,Math / Mathematics,Addition
Solve for x: 8x + (30) = -10,-5,-3,-2,-1,A,"8x = -10 - (30) = -40, so x = -40/8 = -5.",Math / Mathematics,Equations
What is 4/2 + 3/8 (in simplest form)?,19/8,21/9,17/10,21/10,A,4/2 + 3/8 = 19/8 = 19/8 in simplest form.,Math / Mathematics,Fractions
What is 2722 - 189?,2528,2533,2553,2534,B,2722 - 189 = 2533.,Math / Mathematics,Subtraction
What is 3/3 + 3/4 (in simplest form)?,9/4,7/4,6/6,8/4,B,3/3 + 3/4 = 7/4 = 7/4 in simplest form.,Math / Mathematics,Fractions
What is 15 × 73?,1168,1096,1097,1095,D,15 × 73 = 1095.,Math / Mathematics,Multiplication
Solve for x: 3x + (-39) = -36,-2,1,5,-3,B,"3x = -36 - (-39) = 3, so x = 3/3 = 1.",Math / Mathematics,Equations
What is 7/6 + 1/12 (in simplest form)?,5/4,6/3,7/6,4/6,A,7/6 + 1/12 = 5/4 = 5/4 in simplest form.,Math / Mathematics,Fractions
What is 9/3 + 8/9 (in simplest form)?,34/10,34/8,33/10,35/9,D,9/3 + 8/9 = 35/9 = 35/9 in simplest form.,Math / Mathematics,Fractions
What is 80% of 1590?,1287,1277,1272,1262,C,80% of 1590 = (80/100) × 1590 = 1272.,Math / Mathematics,Percentage
Solve for x: 3x + (2) = -10,-8,-2,-1,-4,D,"3x = -10 - (2) = -12, so x = -12/3 = -4.",Math / Mathematics,Equations
What is 1/8 + 1/5 (in simplest form)?,12/41,13/40,15/40,12/39,B,1/8 + 1/5 = 13/40 = 13/40 in simplest form.,Math / Mathematics,Fractions
What is 8458 + 3126?,11564,11579,11584,11594,C,8458 + 3126 = 11584.,Math / Mathematics,Addition
Which symbol correctly compares -328 and -87? (-328 ___ -87),<,=,≥,>,A,-328 < -87.,Math / Mathematics,Comparison
What is 3/5 + 1/3 (in simplest form)?,14/15,13/15,12/14,15/16,A,3/5 + 1/3 = 14/15 = 14/15 in simplest form.,Math / Mathematics,Fractions
Solve for x: 5x + (-49) = -54,1,-3,-1,0,C,"5x = -54 - (-49) = -5, so x = -5/5 = -1.",Math / Mathematics,Equations
Which symbol correctly compares 19 and -304? (19 ___ -304),>,=,<,≥,A,19 > -304.,Math / Mathematics,Comparison
Which symbol correctly compares 204 and 1? (204 ___ 1),>,<,=,≥,A,204 > 1.,Math / Mathematics,Comparison
What is 3703 - 337?,3371,3366,3367,3361,B,3703 - 337 = 3366.,Math / Mathematics,Subtraction
Solve for x: 8x + (47) = -97,-16,-20,-22,-18,D,"8x = -97 - (47) = -144, so x = -144/8 = -18.",Math / Mathematics,Equations
What is 2176 - 749?,1447,1427,1407,1426,B,2176 - 749 = 1427.,Math / Mathematics,Subtraction
What is 7380 + 6420?,13810,13800,13802,13780,B,7380 + 6420 = 13800.,Math / Mathematics,Addition
Solve for x: 9x + (-7) = 56,3,7,4,9,B,"9x = 56 - (-7) = 63, so x = 63/9 = 7.",Math / Mathematics,Equations
What is 2511 - 472?,2039,2029,2049,2034,A,2511 - 472 = 2039.,Math / Mathematics,Subtraction
What is 20% of 1020?,214,184,204,224,C,20% of 1020 = (20/100) × 1020 = 204.,Math / Mathematics,Percentage
What is 3114 - 176?,2943,2948,2938,2939,C,3114 - 176 = 2938.,Math / Mathematics,Subtraction
What is 90.26 + 134.11?,224.37,226.37,223.87,222.37,A,90.26 + 134.11 = 224.37.,Math / Mathematics,Decimals
What is 195.35 - 49.17?,146.18,144.18,146.68,145.68,A,195.35 - 49.17 = 146.18.,Math / Mathematics,Decimals
What is 5% of 180?,6.0,19,9,4,C,5% of 180 = (5/100) × 180 = 9.,Math / Mathematics,Percentage
What is 7175 ÷ 41?,175,179,170,174,A,"7175 ÷ 41 = 175, since 41 × 175 = 7175.",Math / Mathematics,Division
What is 105.23 + 54.4?,158.63,159.63,159.13,159.73,B,105.23 + 54.4 = 159.63.,Math / Mathematics,Decimals
What is 24 × 85?,2040,2041,2039,2030,A,24 × 85 = 2040.,Math / Mathematics,Multiplication
What is 4357 + 4577?,8939,8932,8934,8944,C,4357 + 4577 = 8934.,Math / Mathematics,Addition
What is 1848 ÷ 24?,82,78,77,76,C,"1848 ÷ 24 = 77, since 24 × 77 = 1848.",Math / Mathematics,Division
What is 7445 - 3230?,4195,4215,4213,4235,B,7445 - 3230 = 4215.,Math / Mathematics,Subtraction
What is 5468 - 1138?,4330,4335,4310,4331,A,5468 - 1138 = 4330.,Math / Mathematics,Subtraction
Which symbol correctly compares -281 and 485? (-281 ___ 485),=,<,>,≥,B,-281 < 485.,Math / Mathematics,Comparison
What is 79 + 338?,418,417,397,416,B,79 + 338 = 417.,Math / Mathematics,Addition
What is 2/4 + 4/11 (in simplest form)?,19/22,20/22,18/21,21/22,A,2/4 + 4/11 = 19/22 = 19/22 in simplest form.,Math / Mathematics,Fractions
What is 5143 - 1111?,4032,4022,4034,4012,A,5143 - 1111 = 4032.,Math / Mathematics,Subtraction
What is 75% of 770?,568,588,578,558,C,75% of 770 = (75/100) × 770 = 578.,Math / Mathematics,Percentage
What is 40% of 370?,143,153,148,138,C,40% of 370 = (40/100) × 370 = 148.,Math / Mathematics,Percentage
Solve for x: 3x + (36) = 48,4,6,2,5,A,"3x = 48 - (36) = 12, so x = 12/3 = 4.",Math / Mathematics,Equations
Which symbol correctly compares 343 and 480? (343 ___ 480),<,≥,>,=,A,343 < 480.,Math / Mathematics,Comparison
Which symbol correctly compares -352 and 286? (-352 ___ 286),=,>,<,≥,C,-352 < 286.,Math / Mathematics,Comparison
What is 2830 + 1472?,4292,4301,4302,4300,C,2830 + 1472 = 4302.,Math / Mathematics,Addition
What is 100.2 - 18.94?,81.76,80.26,83.26,81.26,D,100.2 - 18.94 = 81.26.,Math / Mathematics,Decimals
Solve for x: 12x + (-11) = -143,-11,-12,-8,-7,A,"12x = -143 - (-11) = -132, so x = -132/12 = -11.",Math / Mathematics,Equations
What is 90 × 26?,2339,2340,2314,2366,B,90 × 26 = 2340.,Math / Mathematics,Multiplication
Which symbol correctly compares 49 and 124? (49 ___ 124),≥,=,>,<,D,49 < 124.,Math / Mathematics,Comparison
What is 6/10 + 6/4 (in simplest form)?,23/11,21/10,22/10,23/9,B,6/10 + 6/4 = 21/10 = 21/10 in simplest form.,Math / Mathematics,Fractions
What is 270 ÷ 5?,54,50,55,52,A,"270 ÷ 5 = 54, since 5 × 54 = 270.",Math / Mathematics,Division
Solve for x: 10x + (-9) = 1,3,1,0,2,B,"10x = 1 - (-9) = 10, so x = 10/10 = 1.",Math / Mathematics,Equations
What is 2647 - 2235?,392,432,412,417,C,2647 - 2235 = 412.,Math / Mathematics,Subtraction
What is 5% of 170?,23,8,28,14.0,B,5% of 170 = (5/100) × 170 = 8.,Math / Mathematics,Percentage
What is 261 ÷ 3?,91,87,85,92,B,"261 ÷ 3 = 87, since 3 × 87 = 261.",Math / Mathematics,Division
What is 22 × 40?,870,880,890,879,B,22 × 40 = 880.,Math / Mathematics,Multiplication
What is 7/4 + 7/7 (in simplest form)?,11/4,12/6,10/6,13/6,A,7/4 + 7/7 = 11/4 = 11/4 in simplest form.,Math / Mathematics,Fractions
Which symbol correctly compares 475 and 363? (475 ___ 363),>,=,≥,<,A,475 > 363.,Math / Mathematics,Comparison
What is 5% of 230?,7,27,12,32,C,5% of 230 = (5/100) × 230 = 12.,Math / Mathematics,Percentage
What is 30% of 1660?,483,478,503,498,D,30% of 1660 = (30/100) × 1660 = 498.,Math / Mathematics,Percentage
What is 14 × 24?,326,336,337,346,B,14 × 24 = 336.,Math / Mathematics,Multiplication
What is 7516 + 9838?,17349,17353,17354,17374,C,7516 + 9838 = 17354.,Math / Mathematics,Addition
Which symbol correctly compares 222 and -418? (222 ___ -418),≥,<,=,>,D,222 > -418.,Math / Mathematics,Comparison
What is 6/5 + 9/8 (in simplest form)?,95/40,92/40,93/40,91/41,C,6/5 + 9/8 = 93/40 = 93/40 in simplest form.,Math / Mathematics,Fractions
What is 40% of 1450?,565,600,580,595,C,40% of 1450 = (40/100) × 1450 = 580.,Math / Mathematics,Percentage
What is 3436 - 3279?,157,177,147,155,A,3436 - 3279 = 157.,Math / Mathematics,Subtraction
Solve for x: 3x + (-34) = 2,14,15,12,10,C,"3x = 2 - (-34) = 36, so x = 36/3 = 12.",Math / Mathematics,Equations
What is 2277 ÷ 33?,65,71,69,73,C,"2277 ÷ 33 = 69, since 33 × 69 = 2277.",Math / Mathematics,Division
Solve for x: 3x + (-27) = -54,-9,-13,-6,-5,A,"3x = -54 - (-27) = -27, so x = -27/3 = -9.",Math / Mathematics,Equations
What is 173.59 - 47.76?,125.33,125.83,125.93,126.83,B,173.59 - 47.76 = 125.83.,Math / Mathematics,Decimals
Solve for x: 5x + (-42) = 33,15,17,11,14,A,"5x = 33 - (-42) = 75, so x = 75/5 = 15.",Math / Mathematics,Equations
What is 65 × 64?,4150,4160,4096,4225,B,65 × 64 = 4160.,Math / Mathematics,Multiplication
What is 2/5 + 3/8 (in simplest form)?,32/40,33/40,30/40,31/40,D,2/5 + 3/8 = 31/40 = 31/40 in simplest form.,Math / Mathematics,Fractions
Which symbol correctly compares 386 and 407? (386 ___ 407),=,<,≥,>,B,386 < 407.,Math / Mathematics,Comparison
What is 153.61 - 38.1?,113.51,116.51,115.51,115.61,C,153.61 - 38.1 = 115.51.,Math / Mathematics,Decimals
What is 8508 + 9207?,17720,17714,17735,17715,D,8508 + 9207 = 17715.,Math / Mathematics,Addition
What is 5/8 + 9/6 (in simplest form)?,18/7,19/10,17/8,15/8,C,5/8 + 9/6 = 17/8 = 17/8 in simplest form.,Math / Mathematics,Fractions
What is 116.3 + 137.29?,254.59,252.59,253.09,253.59,D,116.3 + 137.29 = 253.59.,Math / Mathematics,Decimals
What is 8211 - 5736?,2476,2485,2455,2475,D,8211 - 5736 = 2475.,Math / Mathematics,Subtraction
What is 2365 - 1179?,1187,1186,1166,1184,B,2365 - 1179 = 1186.,Math / Mathematics,Subtraction
What is 40.26 - 14.9?,25.36,26.36,27.36,25.46,A,40.26 - 14.9 = 25.36.,Math / Mathematics,Decimals
What is 35 × 97?,3394,3360,3395,3397,C,35 × 97 = 3395.,Math / Mathematics,Multiplication
What is 2420 ÷ 22?,111,110,107,109,B,"2420 ÷ 22 = 110, since 22 × 110 = 2420.",Math / Mathematics,Division
What is 9191 - 717?,8473,8472,8484,8474,D,9191 - 717 = 8474.,Math / Mathematics,Subtraction
Solve for x: 3x + (-13) = -22,-3,-6,-1,-2,A,"3x = -22 - (-13) = -9, so x = -9/3 = -3.",Math / Mathematics,Equations
Which symbol correctly compares -280 and 323? (-280 ___ 323),≥,=,>,<,D,-280 < 323.,Math / Mathematics,Comparison
What is 1786 - 1779?,7,12,6,17,A,1786 - 1779 = 7.,Math / Mathematics,Subtraction
What is 1221 ÷ 11?,110,111,109,114,B,"1221 ÷ 11 = 111, since 11 × 111 = 1221.",Math / Mathematics,Division
What is 14 × 23?,321,320,308,322,D,14 × 23 = 322.,Math / Mathematics,Multiplication
What is 4188 + 4143?,8341,8331,8311,8329,B,4188 + 4143 = 8331.,Math / Mathematics,Addition
What is 5429 - 1601?,3818,3808,3826,3828,D,5429 - 1601 = 3828.,Math / Mathematics,Subtraction
What is 70% of 490?,353,328,343,358,C,70% of 490 = (70/100) × 490 = 343.,Math / Mathematics,Percentage
What is 182.28 - 94.82?,87.96,87.46,87.36,85.46,B,182.28 - 94.82 = 87.46.,Math / Mathematics,Decimals
What is 40% of 260?,114,84,94,104,D,40% of 260 = (40/100) × 260 = 104.,Math / Mathematics,Percentage
What is 8/12 + 8/9 (in simplest form)?,14/9,13/8,12/11,15/9,A,8/12 + 8/9 = 14/9 = 14/9 in simplest form.,Math / Mathematics,Fractions
What is 1210 ÷ 10?,123,121,116,125,B,"1210 ÷ 10 = 121, since 10 × 121 = 1210.",Math / Mathematics,Division
What is 5/3 + 3/10 (in simplest form)?,59/30,60/31,61/29,58/30,A,5/3 + 3/10 = 59/30 = 59/30 in simplest form.,Math / Mathematics,Fractions
Solve for x: 8x + (22) = -138,-20,-17,-21,-24,A,"8x = -138 - (22) = -160, so x = -160/8 = -20.",Math / Mathematics,Equations
What is 19 × 57?,1083,1073,1084,1026,A,19 × 57 = 1083.,Math / Mathematics,Multiplication
What is 2168 - 1692?,481,466,476,496,C,2168 - 1692 = 476.,Math / Mathematics,Subtraction
Which symbol correctly compares -188 and -335? (-188 ___ -335),=,≥,<,>,D,-188 > -335.,Math / Mathematics,Comparison
What is 1/8 + 5/12 (in simplest form)?,13/24,11/24,11/23,14/25,A,1/8 + 5/12 = 13/24 = 13/24 in simplest form.,Math / Mathematics,Fractions
What is 37.83 + 196.35?,234.18,235.18,234.68,234.28,A,37.83 + 196.35 = 234.18.,Math / Mathematics,Decimals
Which symbol correctly compares -148 and 295? (-148 ___ 295),>,≥,=,<,D,-148 < 295.,Math / Mathematics,Comparison
What is 75% of 30?,27,22,17,12,B,75% of 30 = (75/100) × 30 = 22.,Math / Mathematics,Percentage
What is 3/6 + 5/4 (in simplest form)?,6/6,9/6,9/5,7/4,D,3/6 + 5/4 = 7/4 = 7/4 in simplest form.,Math / Mathematics,Fractions
Which symbol correctly compares 334 and 259? (334 ___ 259),=,>,<,≥,B,334 > 259.,Math / Mathematics,Comparison
What is 5622 - 147?,5475,5470,5477,5476,A,5622 - 147 = 5475.,Math / Mathematics,Subtraction
What is 29.26 + 32.95?,63.21,62.71,60.21,62.21,D,29.26 + 32.95 = 62.21.,Math / Mathematics,Decimals
What is 4370 ÷ 46?,95,91,98,93,A,"4370 ÷ 46 = 95, since 46 × 95 = 4370.",Math / Mathematics,Division
Which symbol correctly compares -166 and 442? (-166 ___ 442),>,<,=,≥,B,-166 < 442.,Math / Mathematics,Comparison
What is 80% of 920?,746,721,736,751,C,80% of 920 = (80/100) × 920 = 736.,Math / Mathematics,Percentage
What is 870 - 454?,416,426,411,414,A,870 - 454 = 416.,Math / Mathematics,Subtraction
What is 32 × 34?,1088,1056,1078,1090,A,32 × 34 = 1088.,Math / Mathematics,Multiplication
Which symbol correctly compares -447 and 319? (-447 ___ 319),≥,<,>,=,B,-447 < 319.,Math / Mathematics,Comparison
What is 860 ÷ 43?,22,20,23,16,B,"860 ÷ 43 = 20, since 43 × 20 = 860.",Math / Mathematics,Division
What is 786 ÷ 6?,132,131,134,135,B,"786 ÷ 6 = 131, since 6 × 131 = 786.",Math / Mathematics,Division
Which symbol correctly compares 242 and 135? (242 ___ 135),<,>,≥,=,B,242 > 135.,Math / Mathematics,Comparison
What is 9942 + 4302?,14245,14254,14244,14242,C,9942 + 4302 = 14244.,Math / Mathematics,Addition
What is 138.44 - 51.08?,87.46,85.36,87.36,88.36,C,138.44 - 51.08 = 87.36.,Math / Mathematics,Decimals
What is 640 ÷ 5?,125,128,124,127,B,"640 ÷ 5 = 128, since 5 × 128 = 640.",Math / Mathematics,Division
What is 6790 ÷ 35?,195,189,199,194,D,"6790 ÷ 35 = 194, since 35 × 194 = 6790.",Math / Mathematics,Division
What is 5/8 + 8/11 (in simplest form)?,121/89,119/88,117/89,121/90,B,5/8 + 8/11 = 119/88 = 119/88 in simplest form.,Math / Mathematics,Fractions
What is 3502 ÷ 34?,107,105,100,103,D,"3502 ÷ 34 = 103, since 34 × 103 = 3502.",Math / Mathematics,Division
What is 1440 ÷ 12?,125,120,124,121,B,"1440 ÷ 12 = 120, since 12 × 120 = 1440.",Math / Mathematics,Division
What is 5% of 660?,38,18,28,33,D,5% of 660 = (5/100) × 660 = 33.,Math / Mathematics,Percentage
What is 71.64 - 48.81?,21.83,23.83,22.83,23.33,C,71.64 - 48.81 = 22.83.,Math / Mathematics,Decimals
What is 3162 - 2086?,1075,1077,1076,1056,C,3162 - 2086 = 1076.,Math / Mathematics,Subtraction
Solve for x: 12x + (15) = -93,-9,-12,-10,-5,A,"12x = -93 - (15) = -108, so x = -108/12 = -9.",Math / Mathematics,Equations
Solve for x: 5x + (3) = 53,13,10,6,11,B,"5x = 53 - (3) = 50, so x = 50/5 = 10.",Math / Mathematics,Equations
What is 15% of 1090?,154,164,144,159,B,15% of 1090 = (15/100) × 1090 = 164.,Math / Mathematics,Percentage
What is 2/5 + 5/2 (in simplest form)?,29/10,31/12,27/10,28/10,A,2/5 + 5/2 = 29/10 = 29/10 in simplest form.,Math / Mathematics,Fractions
What is 1184 ÷ 37?,29,30,32,35,C,"1184 ÷ 37 = 32, since 37 × 32 = 1184.",Math / Mathematics,Division
What is 900 ÷ 18?,50,52,51,49,A,"900 ÷ 18 = 50, since 18 × 50 = 900.",Math / Mathematics,Division
What is 20 × 8?,140,160,159,162,B,20 × 8 = 160.,Math / Mathematics,Multiplication
What is 80% of 1970?,1566,1561,1591,1576,D,80% of 1970 = (80/100) × 1970 = 1576.,Math / Mathematics,Percentage
Which symbol correctly compares 455 and 269? (455 ___ 269),<,>,=,≥,B,455 > 269.,Math / Mathematics,Comparison
What is 3/9 + 3/6 (in simplest form)?,4/7,6/7,5/6,7/7,C,3/9 + 3/6 = 5/6 = 5/6 in simplest form.,Math / Mathematics,Fractions
Solve for x: 3x + (32) = 62,9,14,10,8,C,"3x = 62 - (32) = 30, so x = 30/3 = 10.",Math / Mathematics,Equations
What is 20.77 + 36.77?,58.04,57.04,57.54,55.54,C,20.77 + 36.77 = 57.54.,Math / Mathematics,Decimals
Solve for x: 4x + (-47) = -119,-14,-17,-22,-18,D,"4x = -119 - (-47) = -72, so x = -72/4 = -18.",Math / Mathematics,Equations
What is 15% of 1320?,198,213,178,188,A,15% of 1320 = (15/100) × 1320 = 198.,Math / Mathematics,Percentage
What is 61 × 63?,3833,3843,3842,3841,B,61 × 63 = 3843.,Math / Mathematics,Multiplication
What is 9257 + 6870?,16127,16128,16126,16132,A,9257 + 6870 = 16127.,Math / Mathematics,Addition
Solve for x: 3x + (-36) = -51,-8,-5,-2,-6,B,"3x = -51 - (-36) = -15, so x = -15/3 = -5.",Math / Mathematics,Equations
What is 3570 ÷ 35?,102,101,97,105,A,"3570 ÷ 35 = 102, since 35 × 102 = 3570.",Math / Mathematics,Division
What is 80% of 1580?,1244,1264,1254,1249,B,80% of 1580 = (80/100) × 1580 = 1264.,Math / Mathematics,Percentage
Solve for x: 4x + (34) = 90,10,14,11,15,B,"4x = 90 - (34) = 56, so x = 56/4 = 14.",Math / Mathematics,Equations
What is 60 × 61?,3660,3670,3600,3720,A,60 × 61 = 3660.,Math / Mathematics,Multiplication
What is 2200 - 863?,1336,1327,1339,1337,D,2200 - 863 = 1337.,Math / Mathematics,Subtraction
What is 30% of 940?,287,282,272,302,B,30% of 940 = (30/100) × 940 = 282.,Math / Mathematics,Percentage
What is 84.74 - 64.83?,19.81,20.91,17.91,19.91,D,84.74 - 64.83 = 19.91.,Math / Mathematics,Decimals
What is 3510 - 1163?,2367,2347,2342,2337,B,3510 - 1163 = 2347.,Math / Mathematics,Subtraction
What is 30% of 110?,33,13,38,48,A,30% of 110 = (30/100) × 110 = 33.,Math / Mathematics,Percentage
What is 1248 ÷ 16?,77,73,78,79,C,"1248 ÷ 16 = 78, since 16 × 78 = 1248.",Math / Mathematics,Division
What is 61 + 1022?,1103,1083,1085,1073,B,61 + 1022 = 1083.,Math / Mathematics,Addition
What is 30% of 1640?,472,492,482,487,B,30% of 1640 = (30/100) × 1640 = 492.,Math / Mathematics,Percentage
What is 50% of 1040?,510,505,520,540,C,50% of 1040 = (50/100) × 1040 = 520.,Math / Mathematics,Percentage
What is 7750 ÷ 50?,157,159,156,155,D,"7750 ÷ 50 = 155, since 50 × 155 = 7750.",Math / Mathematics,Division
What is 11 × 12?,133,132,121,134,B,11 × 12 = 132.,Math / Mathematics,Multiplication
What is 112.84 - 26.53?,86.81,84.31,85.31,86.31,D,112.84 - 26.53 = 86.31.,Math / Mathematics,Decimals
What is 22 × 67?,1407,1476,1474,1475,C,22 × 67 = 1474.,Math / Mathematics,Multiplication
What is 172.02 - 66.17?,106.35,106.85,105.85,105.95,C,172.02 - 66.17 = 105.85.,Math / Mathematics,Decimals
Which symbol correctly compares -299 and 176? (-299 ___ 176),≥,=,>,<,D,-299 < 176.,Math / Mathematics,Comparison
What is 70% of 1770?,1254,1239,1229,1249,B,70% of 1770 = (70/100) × 1770 = 1239.,Math / Mathematics,Percentage
What is 69 × 19?,1311,1309,1380,1292,A,69 × 19 = 1311.,Math / Mathematics,Multiplication
What is 90% of 1400?,1265,1250,1255,1260,D,90% of 1400 = (90/100) × 1400 = 1260.,Math / Mathematics,Percentage
Which symbol correctly compares -293 and -338? (-293 ___ -338),<,≥,=,>,D,-293 > -338.,Math / Mathematics,Comparison
What is 2964 ÷ 26?,117,114,118,119,B,"2964 ÷ 26 = 114, since 26 × 114 = 2964.",Math / Mathematics,Division
What is 264 ÷ 24?,15,10,7,11,D,"264 ÷ 24 = 11, since 24 × 11 = 264.",Math / Mathematics,Division
What is 5128 - 1222?,3906,3911,3886,3904,A,5128 - 1222 = 3906.,Math / Mathematics,Subtraction
What is 315 ÷ 3?,100,103,105,101,C,"315 ÷ 3 = 105, since 3 × 105 = 315.",Math / Mathematics,Division
What is 3908 - 2786?,1132,1124,1102,1122,D,3908 - 2786 = 1122.,Math / Mathematics,Subtraction
What is 3789 - 2909?,885,860,880,882,C,3789 - 2909 = 880.,Math / Mathematics,Subtraction
Solve for x: 4x + (-26) = -14,7,-1,0,3,D,"4x = -14 - (-26) = 12, so x = 12/4 = 3.",Math / Mathematics,Equations
What is 1/5 + 6/11 (in simplest form)?,42/56,41/55,42/54,39/55,B,1/5 + 6/11 = 41/55 = 41/55 in simplest form.,Math / Mathematics,Fractions
Which symbol correctly compares 442 and 71? (442 ___ 71),≥,>,=,<,B,442 > 71.,Math / Mathematics,Comparison
What is 49 × 28?,1400,1323,1372,1371,C,49 × 28 = 1372.,Math / Mathematics,Multiplication
Which symbol correctly compares 415 and -327? (415 ___ -327),<,>,≥,=,B,415 > -327.,Math / Mathematics,Comparison
What is 1893 + 8220?,10114,10118,10112,10113,D,1893 + 8220 = 10113.,Math / Mathematics,Addition
What is 170 ÷ 17?,12,10,8,11,B,"170 ÷ 17 = 10, since 17 × 10 = 170.",Math / Mathematics,Division
What is 8/12 + 5/11 (in simplest form)?,36/32,37/33,36/34,36/35,B,8/12 + 5/11 = 37/33 = 37/33 in simplest form.,Math / Mathematics,Fractions
Solve for x: 9x + (0) = -144,-14,-19,-15,-16,D,"9x = -144 - (0) = -144, so x = -144/9 = -16.",Math / Mathematics,Equations
What is 5% of 1730?,66,96,91,86,D,5% of 1730 = (5/100) × 1730 = 86.,Math / Mathematics,Percentage
What is 5/2 + 2/12 (in simplest form)?,8/3,6/5,10/3,7/4,A,5/2 + 2/12 = 8/3 = 8/3 in simplest form.,Math / Mathematics,Fractions
What is 4/12 + 6/2 (in simplest form)?,8/2,8/5,12/4,10/3,D,4/12 + 6/2 = 10/3 = 10/3 in simplest form.,Math / Mathematics,Fractions
Which symbol correctly compares -108 and 291? (-108 ___ 291),<,>,≥,=,A,-108 < 291.,Math / Mathematics,Comparison
What is 45 × 89?,3916,4005,4004,4003,B,45 × 89 = 4005.,Math / Mathematics,Multiplication
What is 60 × 56?,3360,3359,3362,3370,A,60 × 56 = 3360.,Math / Mathematics,Multiplication
What is 6/8 + 1/5 (in simplest form)?,20/20,18/21,18/19,19/20,D,6/8 + 1/5 = 19/20 = 19/20 in simplest form.,Math / Mathematics,Fractions
What is 5/5 + 6/6 (in simplest form)?,3/3,4/1,2/1,3/1,C,5/5 + 6/6 = 2 = 2/1 in simplest form.,Math / Mathematics,Fractions
What is 5% of 1440?,72,52,87,62,A,5% of 1440 = (5/100) × 1440 = 72.,Math / Mathematics,Percentage
What is 86 × 77?,6545,6621,6622,6536,C,86 × 77 = 6622.,Math / Mathematics,Multiplication
What is 7193 - 966?,6207,6226,6229,6227,D,7193 - 966 = 6227.,Math / Mathematics,Subtraction
What is 1260 ÷ 28?,44,45,41,42,B,"1260 ÷ 28 = 45, since 28 × 45 = 1260.",Math / Mathematics,Division
What is 8378 - 4478?,3902,3910,3900,3895,C,8378 - 4478 = 3900.,Math / Mathematics,Subtraction
What is 4159 - 3686?,478,468,463,473,D,4159 - 3686 = 473.,Math / Mathematics,Subtraction
What is 15% of 1770?,281,251,266,256,C,15% of 1770 = (15/100) × 1770 = 266.,Math / Mathematics,Percentage
What is 89.55 + 1.51?,91.06,90.06,90.96,91.16,A,89.55 + 1.51 = 91.06.,Math / Mathematics,Decimals
What is 1/3 + 1/8 (in simplest form)?,9/25,11/24,10/26,12/25,B,1/3 + 1/8 = 11/24 = 11/24 in simplest form.,Math / Mathematics,Fractions
What is 97 × 26?,2521,2496,2522,2532,C,97 × 26 = 2522.,Math / Mathematics,Multiplication
What is 8/5 + 9/12 (in simplest form)?,47/20,45/20,48/20,48/19,A,8/5 + 9/12 = 47/20 = 47/20 in simplest form.,Math / Mathematics,Fractions
What is 75% of 920?,690,685,680,695,A,75% of 920 = (75/100) × 920 = 690.,Math / Mathematics,Percentage
What is 1569 - 823?,751,745,726,746,D,1569 - 823 = 746.,Math / Mathematics,Subtraction
What is 11 × 65?,650,715,716,704,B,11 × 65 = 715.,Math / Mathematics,Multiplication
What is 30 × 74?,2219,2218,2220,2210,C,30 × 74 = 2220.,Math / Mathematics,Multiplication
Solve for x: 4x + (-29) = -81,-13,-9,-11,-17,A,"4x = -81 - (-29) = -52, so x = -52/4 = -13.",Math / Mathematics,Equations
What is 2856 - 2480?,375,371,374,376,D,2856 - 2480 = 376.,Math / Mathematics,Subtraction
What is 1152 ÷ 24?,46,43,48,47,C,"1152 ÷ 24 = 48, since 24 × 48 = 1152.",Math / Mathematics,Division
What is 3/2 + 9/11 (in simplest form)?,50/21,50/22,53/23,51/22,D,3/2 + 9/11 = 51/22 = 51/22 in simplest form.,Math / Mathematics,Fractions
Solve for x: 9x + (-18) = -54,-5,-4,0,-2,B,"9x = -54 - (-18) = -36, so x = -36/9 = -4.",Math / Mathematics,Equations
What is 212 + 248?,440,459,460,450,C,212 + 248 = 460.,Math / Mathematics,Addition
What is 10 ÷ 5?,6.0,5,3,2,D,"10 ÷ 5 = 2, since 5 × 2 = 10.",Math / Mathematics,Division
What is 5585 + 1876?,7459,7461,7460,7456,B,5585 + 1876 = 7461.,Math / Mathematics,Addition
What is 56.03 + 80.43?,136.46,136.56,138.46,136.36,A,56.03 + 80.43 = 136.46.,Math / Mathematics,Decimals
What is 27 × 10?,243,268,280,270,D,27 × 10 = 270.,Math / Mathematics,Multiplication
What is 720 ÷ 6?,119,118,116,120,D,"720 ÷ 6 = 120, since 6 × 120 = 720.",Math / Mathematics,Division
What is 8298 + 6094?,14390,14394,14392,14397,C,8298 + 6094 = 14392.,Math / Mathematics,Addition
What is 89 × 62?,5429,5520,5518,5508,C,89 × 62 = 5518.,Math / Mathematics,Multiplication
Solve for x: 2x + (-19) = -53,-14,-15,-19,-17,D,"2x = -53 - (-19) = -34, so x = -34/2 = -17.",Math / Mathematics,Equations
What is 122.49 + 79.75?,203.24,202.24,202.14,201.74,B,122.49 + 79.75 = 202.24.,Math / Mathematics,Decimals
Which symbol correctly compares -377 and -168? (-377 ___ -168),≥,=,<,>,C,-377 < -168.,Math / Mathematics,Comparison
Which symbol correctly compares -484 and 60? (-484 ___ 60),>,≥,=,<,D,-484 < 60.,Math / Mathematics,Comparison
What is 79.98 - 21.41?,60.57,59.07,56.57,58.57,D,79.98 - 21.41 = 58.57.,Math / Mathematics,Decimals
What is 86 × 27?,2295,2312,2320,2322,D,86 × 27 = 2322.,Math / Mathematics,Multiplication
Which symbol correctly compares -135 and -14? (-135 ___ -14),=,<,>,≥,B,-135 < -14.,Math / Mathematics,Comparison
What is 30% of 610?,203,193,183,163,C,30% of 610 = (30/100) × 610 = 183.,Math / Mathematics,Percentage
What is 60% of 700?,410,440,425,420,D,60% of 700 = (60/100) × 700 = 420.,Math / Mathematics,Percentage
Solve for x: 3x + (-23) = -29,-2,-5,-3,-4,A,"3x = -29 - (-23) = -6, so x = -6/3 = -2.",Math / Mathematics,Equations
What is 40% of 640?,261,236,256,276,C,40% of 640 = (40/100) × 640 = 256.,Math / Mathematics,Percentage
What is 82 × 18?,1466,1476,1475,1477,B,82 × 18 = 1476.,Math / Mathematics,Multiplication
What is 25% of 520?,125,130,120,145,B,25% of 520 = (25/100) × 520 = 130.,Math / Mathematics,Percentage
What is 272 + 9226?,9497,9518,9493,9498,D,272 + 9226 = 9498.,Math / Mathematics,Addition
What is 8903 - 8711?,193,190,192,191,C,8903 - 8711 = 192.,Math / Mathematics,Subtraction
What is 97 × 44?,4270,4171,4268,4258,C,97 × 44 = 4268.,Math / Mathematics,Multiplication
What is 93 × 18?,1692,1672,1674,1675,C,93 × 18 = 1674.,Math / Mathematics,Multiplication
What is 4276 + 3395?,7672,7671,7651,7669,B,4276 + 3395 = 7671.,Math / Mathematics,Addition
What is 2349 - 479?,1880,1870,1868,1871,B,2349 - 479 = 1870.,Math / Mathematics,Subtraction
What is 25% of 660?,165,145,155,185,A,25% of 660 = (25/100) × 660 = 165.,Math / Mathematics,Percentage
What is 258 ÷ 2?,129,134,130,133,A,"258 ÷ 2 = 129, since 2 × 129 = 258.",Math / Mathematics,Division
Solve for x: 8x + (-1) = -145,-22,-20,-18,-21,C,"8x = -145 - (-1) = -144, so x = -144/8 = -18.",Math / Mathematics,Equations
Which symbol correctly compares 11 and -447? (11 ___ -447),<,≥,=,>,D,11 > -447.,Math / Mathematics,Comparison
What is 15 × 85?,1273,1275,1260,1277,B,15 × 85 = 1275.,Math / Mathematics,Multiplication
What is 13 × 98?,1275,1274,1276,1176,B,13 × 98 = 1274.,Math / Mathematics,Multiplication
What is 7969 + 409?,8378,8383,8368,8380,A,7969 + 409 = 8378.,Math / Mathematics,Addition
What is 22 × 2?,66,44,46,45,B,22 × 2 = 44.,Math / Mathematics,Multiplication
What is 154 ÷ 7?,20,22,18,23,B,"154 ÷ 7 = 22, since 7 × 22 = 154.",Math / Mathematics,Division
What is 187.08 + 21.93?,208.01,207.01,208.51,209.01,D,187.08 + 21.93 = 209.01.,Math / Mathematics,Decimals
Which symbol correctly compares 234 and -144? (234 ___ -144),<,>,=,≥,B,234 > -144.,Math / Mathematics,Comparison
What is 442 ÷ 13?,34,37,39,31,A,"442 ÷ 13 = 34, since 13 × 34 = 442.",Math / Mathematics,Division
What is 182.83 - 137.94?,44.89,46.89,45.39,43.89,A,182.83 - 137.94 = 44.89.,Math / Mathematics,Decimals
What is 124.33 - 33.26?,90.07,91.57,91.07,90.97,C,124.33 - 33.26 = 91.07.,Math / Mathematics,Decimals
What is 4/11 + 1/8 (in simplest form)?,45/89,44/87,42/88,43/88,D,4/11 + 1/8 = 43/88 = 43/88 in simplest form.,Math / Mathematics,Fractions
What is 2964 - 2903?,59,81,71,61,D,2964 - 2903 = 61.,Math / Mathematics,Subtraction
What is 1296 ÷ 48?,30,29,31,27,D,"1296 ÷ 48 = 27, since 48 × 27 = 1296.",Math / Mathematics,Division
What is 2703 ÷ 17?,154,164,159,160,C,"2703 ÷ 17 = 159, since 17 × 159 = 2703.",Math / Mathematics,Division
What is 198.47 - 93.54?,104.43,102.93,104.83,104.93,D,198.47 - 93.54 = 104.93.,Math / Mathematics,Decimals
What is 80% of 750?,620,605,585,600,D,80% of 750 = (80/100) × 750 = 600.,Math / Mathematics,Percentage
What is 7260 - 5394?,1865,1864,1866,1856,C,7260 - 5394 = 1866.,Math / Mathematics,Subtraction
Solve for x: 2x + (-16) = -24,0,-8,-3,-4,D,"2x = -24 - (-16) = -8, so x = -8/2 = -4.",Math / Mathematics,Equations
Solve for x: 10x + (-13) = 157,17,16,19,20,A,"10x = 157 - (-13) = 170, so x = 170/10 = 17.",Math / Mathematics,Equations
What is 8/2 + 5/3 (in simplest form)?,16/2,17/3,18/3,15/3,B,8/2 + 5/3 = 17/3 = 17/3 in simplest form.,Math / Mathematics,Fractions
What is 2069 + 3485?,5555,5544,5552,5554,D,2069 + 3485 = 5554.,Math / Mathematics,Addition
Which symbol correctly compares 143 and -118? (143 ___ -118),<,≥,=,>,D,143 > -118.,Math / Mathematics,Comparison
Solve for x: 12x + (-6) = 150,13,9,10,15,A,"12x = 150 - (-6) = 156, so x = 156/12 = 13.",Math / Mathematics,Equations
What is 15% of 1910?,301,271,286,291,C,15% of 1910 = (15/100) × 1910 = 286.,Math / Mathematics,Percentage
Solve for x: 9x + (-41) = 76,14,13,11,15,B,"9x = 76 - (-41) = 117, so x = 117/9 = 13.",Math / Mathematics,Equations
Solve for x: 10x + (-38) = 122,20,17,16,18,C,"10x = 122 - (-38) = 160, so x = 160/10 = 16.",Math / Mathematics,Equations
What is 8554 ÷ 47?,183,184,182,186,C,"8554 ÷ 47 = 182, since 47 × 182 = 8554.",Math / Mathematics,Division
Which symbol correctly compares 460 and 151? (460 ___ 151),=,≥,>,<,C,460 > 151.,Math / Mathematics,Comparison
What is 4802 ÷ 49?,98,100,93,101,A,"4802 ÷ 49 = 98, since 49 × 98 = 4802.",Math / Mathematics,Division
What is 9763 - 2256?,7506,7505,7507,7517,C,9763 - 2256 = 7507.,Math / Mathematics,Subtraction
What is 3003 ÷ 21?,141,144,143,138,C,"3003 ÷ 21 = 143, since 21 × 143 = 3003.",Math / Mathematics,Division
What is 3939 ÷ 39?,105,103,104,101,D,"3939 ÷ 39 = 101, since 39 × 101 = 3939.",Math / Mathematics,Division
What is 7111 - 5859?,1253,1257,1262,1252,D,7111 - 5859 = 1252.,Math / Mathematics,Subtraction
What is 12% of 1120?,139,134,124,129,B,12% of 1120 = (12/100) × 1120 = 134.,Math / Mathematics,Percentage
What is 12% of 510?,46,61,71,76,B,12% of 510 = (12/100) × 510 = 61.,Math / Mathematics,Percentage
What is 30% of 1180?,359,339,354,349,C,30% of 1180 = (30/100) × 1180 = 354.,Math / Mathematics,Percentage
What is 6026 - 4995?,1030,1041,1031,1032,C,6026 - 4995 = 1031.,Math / Mathematics,Subtraction
What is 90% of 870?,783,793,798,778,A,90% of 870 = (90/100) × 870 = 783.,Math / Mathematics,Percentage
What is 5346 ÷ 33?,166,163,165,162,D,"5346 ÷ 33 = 162, since 33 × 162 = 5346.",Math / Mathematics,Division
What is 8385 ÷ 43?,195,196,190,191,A,"8385 ÷ 43 = 195, since 43 × 195 = 8385.",Math / Mathematics,Division
What is 188.03 - 61.46?,126.07,126.57,126.47,127.57,B,188.03 - 61.46 = 126.57.,Math / Mathematics,Decimals
What is 8243 - 364?,7874,7879,7859,7884,B,8243 - 364 = 7879.,Math / Mathematics,Subtraction
What is 6/3 + 9/2 (in simplest form)?,12/1,14/1,13/2,11/4,C,6/3 + 9/2 = 13/2 = 13/2 in simplest form.,Math / Mathematics,Fractions
What is 1/8 + 1/9 (in simplest form)?,17/72,15/74,16/71,15/71,A,1/8 + 1/9 = 17/72 = 17/72 in simplest form.,Math / Mathematics,Fractions
What is 40 × 67?,2640,2681,2682,2680,D,40 × 67 = 2680.,Math / Mathematics,Multiplication
What is 64 × 73?,4736,4672,4670,4673,B,64 × 73 = 4672.,Math / Mathematics,Multiplication
What is 79 × 8?,632,631,634,630,A,79 × 8 = 632.,Math / Mathematics,Multiplication
What is 5328 ÷ 36?,148,149,145,147,A,"5328 ÷ 36 = 148, since 36 × 148 = 5328.",Math / Mathematics,Division
What is 4/12 + 3/10 (in simplest form)?,20/32,21/31,18/32,19/30,D,4/12 + 3/10 = 19/30 = 19/30 in simplest form.,Math / Mathematics,Fractions
What is 570 + 6305?,6875,6877,6880,6870,A,570 + 6305 = 6875.,Math / Mathematics,Addition
What is 8/9 + 7/11 (in simplest form)?,153/99,149/101,151/99,149/100,C,8/9 + 7/11 = 151/99 = 151/99 in simplest form.,Math / Mathematics,Fractions
What is 6244 + 1290?,7534,7554,7514,7535,A,6244 + 1290 = 7534.,Math / Mathematics,Addition
What is 1426 ÷ 23?,62,59,65,66,A,"1426 ÷ 23 = 62, since 23 × 62 = 1426.",Math / Mathematics,Division
What is 9358 - 7944?,1416,1412,1434,1414,D,9358 - 7944 = 1414.,Math / Mathematics,Subtraction
What is 2741 - 997?,1744,1764,1746,1743,A,2741 - 997 = 1744.,Math / Mathematics,Subtraction
What is 8870 + 1976?,10846,10848,10847,10866,A,8870 + 1976 = 10846.,Math / Mathematics,Addition
What is 1197 - 226?,971,981,966,951,A,1197 - 226 = 971.,Math / Mathematics,Subtraction
Solve for x: 10x + (-34) = -34,4,0,-4,1,B,"10x = -34 - (-34) = 0, so x = 0/10 = 0.",Math / Mathematics,Equations
What is 14.21 - 6.48?,7.73,7.63,5.73,8.23,A,14.21 - 6.48 = 7.73.,Math / Mathematics,Decimals
What is 30 × 73?,2190,2191,2220,2189,A,30 × 73 = 2190.,Math / Mathematics,Multiplication
Which symbol correctly compares 392 and -296? (392 ___ -296),=,<,>,≥,C,392 > -296.,Math / Mathematics,Comparison
What is 10% of 1630?,163,158,168,153,A,10% of 1630 = (10/100) × 1630 = 163.,Math / Mathematics,Percentage
What is 990 ÷ 30?,31,29,33,37,C,"990 ÷ 30 = 33, since 30 × 33 = 990.",Math / Mathematics,Division
What is 194.15 - 49.54?,144.61,146.61,145.61,145.11,A,194.15 - 49.54 = 144.61.,Math / Mathematics,Decimals
What is 5% of 700?,15,20,35,40,C,5% of 700 = (5/100) × 700 = 35.,Math / Mathematics,Percentage
What is 3954 + 3689?,7645,7648,7643,7644,C,3954 + 3689 = 7643.,Math / Mathematics,Addition
Solve for x: 8x + (-28) = -60,-6,-7,-4,0,C,"8x = -60 - (-28) = -32, so x = -32/8 = -4.",Math / Mathematics,Equations
What is 376 ÷ 8?,47,43,52,42,A,"376 ÷ 8 = 47, since 8 × 47 = 376.",Math / Mathematics,Division
Which symbol correctly compares -170 and -432? (-170 ___ -432),≥,<,>,=,C,-170 > -432.,Math / Mathematics,Comparison
What is 43 × 99?,4257,4256,4247,4214,A,43 × 99 = 4257.,Math / Mathematics,Multiplication
What is 1824 ÷ 16?,118,112,114,119,C,"1824 ÷ 16 = 114, since 16 × 114 = 1824.",Math / Mathematics,Division
What is 7969 + 3540?,11508,11509,11507,11504,B,7969 + 3540 = 11509.,Math / Mathematics,Addition
What is 2646 ÷ 21?,130,128,126,121,C,"2646 ÷ 21 = 126, since 21 × 126 = 2646.",Math / Mathematics,Division
What is 126.67 - 43.97?,83.20,82.70,82.20,83.70,B,126.67 - 43.97 = 82.70.,Math / Mathematics,Decimals
What is 9600 - 994?,8604,8608,8611,8606,D,9600 - 994 = 8606.,Math / Mathematics,Subtraction
What is 8764 + 7948?,16712,16702,16732,16707,A,8764 + 7948 = 16712.,Math / Mathematics,Addition
What is 7/3 + 9/2 (in simplest form)?,43/5,41/6,40/7,39/6,B,7/3 + 9/2 = 41/6 = 41/6 in simplest form.,Math / Mathematics,Fractions
What is 29 × 47?,1361,1334,1363,1364,C,29 × 47 = 1363.,Math / Mathematics,Multiplication
What is 2880 ÷ 40?,74,75,70,72,D,"2880 ÷ 40 = 72, since 40 × 72 = 2880.",Math / Mathematics,Division
Which symbol correctly compares -403 and -231? (-403 ___ -231),=,>,<,≥,C,-403 < -231.,Math / Mathematics,Comparison
What is 8/7 + 4/9 (in simplest form)?,101/65,99/65,100/63,102/62,C,8/7 + 4/9 = 100/63 = 100/63 in simplest form.,Math / Mathematics,Fractions
What is 1182 - 795?,397,387,386,377,B,1182 - 795 = 387.,Math / Mathematics,Subtraction
What is 1315 + 4169?,5484,5494,5483,5479,A,1315 + 4169 = 5484.,Math / Mathematics,Addition
What is 8933 - 720?,8215,8213,8218,8208,B,8933 - 720 = 8213.,Math / Mathematics,Subtraction
What is 131.4 - 80.99?,49.41,49.91,51.41,50.41,D,131.4 - 80.99 = 50.41.,Math / Mathematics,Decimals
What is 144.34 + 21.97?,166.31,166.41,165.81,168.31,A,144.34 + 21.97 = 166.31.,Math / Mathematics,Decimals
Which symbol correctly compares 98 and -211? (98 ___ -211),<,=,>,≥,C,98 > -211.,Math / Mathematics,Comparison
What is 1232 + 3007?,4234,4237,4239,4244,C,1232 + 3007 = 4239.,Math / Mathematics,Addition
What is 3666 ÷ 26?,140,137,141,146,C,"3666 ÷ 26 = 141, since 26 × 141 = 3666.",Math / Mathematics,Division
What is 3099 - 704?,2390,2385,2395,2415,C,3099 - 704 = 2395.,Math / Mathematics,Subtraction
What is 3/6 + 4/10 (in simplest form)?,9/10,7/12,8/12,11/10,A,3/6 + 4/10 = 9/10 = 9/10 in simplest form.,Math / Mathematics,Fractions
What is 103.07 + 62.87?,165.84,163.94,166.44,165.94,D,103.07 + 62.87 = 165.94.,Math / Mathematics,Decimals
Which symbol correctly compares 234 and -321? (234 ___ -321),≥,=,<,>,D,234 > -321.,Math / Mathematics,Comparison
Which symbol correctly compares -391 and 262? (-391 ___ 262),≥,<,>,=,B,-391 < 262.,Math / Mathematics,Comparison
What is 3984 ÷ 48?,85,86,83,80,C,"3984 ÷ 48 = 83, since 48 × 83 = 3984.",Math / Mathematics,Division
What is 3351 - 1234?,2117,2119,2107,2122,A,3351 - 1234 = 2117.,Math / Mathematics,Subtraction
What is 155.43 + 181.99?,338.42,337.52,336.42,337.42,D,155.43 + 181.99 = 337.42.,Math / Mathematics,Decimals
Solve for x: 10x + (8) = 18,1,5,0,2,A,"10x = 18 - (8) = 10, so x = 10/10 = 1.",Math / Mathematics,Equations
What is 56 × 95?,5321,5264,5318,5320,D,56 × 95 = 5320.,Math / Mathematics,Multiplication
What is 9/4 + 2/4 (in simplest form)?,12/6,13/5,11/4,10/6,C,9/4 + 2/4 = 11/4 = 11/4 in simplest form.,Math / Mathematics,Fractions
Which symbol correctly compares 14 and -27? (14 ___ -27),>,<,=,≥,A,14 > -27.,Math / Mathematics,Comparison
Which symbol correctly compares 473 and -444? (473 ___ -444),≥,<,>,=,C,473 > -444.,Math / Mathematics,Comparison
Which symbol correctly compares 28 and 106? (28 ___ 106),≥,<,=,>,B,28 < 106.,Math / Mathematics,Comparison
Which symbol correctly compares 49 and -370? (49 ___ -370),<,>,=,≥,B,49 > -370.,Math / Mathematics,Comparison
What is 54 × 79?,4264,4256,4266,4345,C,54 × 79 = 4266.,Math / Mathematics,Multiplication
What is 4448 + 3453?,7903,7906,7901,7881,C,4448 + 3453 = 7901.,Math / Mathematics,Addition
What is 153.03 - 141.17?,13.86,11.86,12.36,11.76,B,153.03 - 141.17 = 11.86.,Math / Mathematics,Decimals
What is 2822 - 2558?,274,254,264,244,C,2822 - 2558 = 264.,Math / Mathematics,Subtraction
What is 60% of 330?,203,198,193,178,B,60% of 330 = (60/100) × 330 = 198.,Math / Mathematics,Percentage
What is 3078 ÷ 19?,158,157,166,162,D,"3078 ÷ 19 = 162, since 19 × 162 = 3078.",Math / Mathematics,Division
What is 9788 - 432?,9376,9356,9366,9355,B,9788 - 432 = 9356.,Math / Mathematics,Subtraction
Which symbol correctly compares -58 and -277? (-58 ___ -277),>,<,≥,=,A,-58 > -277.,Math / Mathematics,Comparison
What is 7/8 + 7/10 (in simplest form)?,61/41,63/40,65/41,64/42,B,7/8 + 7/10 = 63/40 = 63/40 in simplest form.,Math / Mathematics,Fractions
What is 2472 ÷ 24?,99,103,102,101,B,"2472 ÷ 24 = 103, since 24 × 103 = 2472.",Math / Mathematics,Division
What is 15% of 1430?,214,194,209,234,A,15% of 1430 = (15/100) × 1430 = 214.,Math / Mathematics,Percentage
What is 26 ÷ 13?,2,5,7,4,A,"26 ÷ 13 = 2, since 13 × 2 = 26.",Math / Mathematics,Division
What is 7880 + 5417?,13297,13296,13287,13298,A,7880 + 5417 = 13297.,Math / Mathematics,Addition
What is 6776 ÷ 44?,152,158,154,155,C,"6776 ÷ 44 = 154, since 44 × 154 = 6776.",Math / Mathematics,Division
What is 2338 - 1753?,575,580,585,583,C,2338 - 1753 = 585.,Math / Mathematics,Subtraction
What is 6.09 + 76.84?,84.93,83.43,82.83,82.93,D,6.09 + 76.84 = 82.93.,Math / Mathematics,Decimals
What is 104.83 + 74.79?,179.12,179.62,179.52,180.62,B,104.83 + 74.79 = 179.62.,Math / Mathematics,Decimals
Solve for x: 12x + (2) = -202,-17,-21,-14,-18,A,"12x = -202 - (2) = -204, so x = -204/12 = -17.",Math / Mathematics,Equations
What is 71 × 87?,6248,6177,6090,6176,B,71 × 87 = 6177.,Math / Mathematics,Multiplication
What is 117.64 - 17.03?,100.51,101.61,101.11,100.61,D,117.64 - 17.03 = 100.61.,Math / Mathematics,Decimals
What is 7138 + 6207?,13345,13346,13347,13340,A,7138 + 6207 = 13345.,Math / Mathematics,Addition
What is 1853 + 7141?,8974,9014,8989,8994,D,1853 + 7141 = 8994.,Math / Mathematics,Addition
What is 30% of 160?,63,68,48,28,C,30% of 160 = (30/100) × 160 = 48.,Math / Mathematics,Percentage
Solve for x: 2x + (-47) = -37,8,4,3,5,D,"2x = -37 - (-47) = 10, so x = 10/2 = 5.",Math / Mathematics,Equations
What is 8/12 + 6/9 (in simplest form)?,4/3,5/5,3/3,6/2,A,8/12 + 6/9 = 4/3 = 4/3 in simplest form.,Math / Mathematics,Fractions
What is 8144 + 7772?,15915,15921,15918,15916,D,8144 + 7772 = 15916.,Math / Mathematics,Addition
What is 20% of 450?,105,70,110,90,D,20% of 450 = (20/100) × 450 = 90.,Math / Mathematics,Percentage
What is 2/10 + 1/4 (in simplest form)?,9/20,7/22,10/19,11/19,A,2/10 + 1/4 = 9/20 = 9/20 in simplest form.,Math / Mathematics,Fractions
What is 3068 + 9177?,12250,12245,12247,12244,B,3068 + 9177 = 12245.,Math / Mathematics,Addition
What is 6105 ÷ 33?,187,185,180,189,B,"6105 ÷ 33 = 185, since 33 × 185 = 6105.",Math / Mathematics,Division
What is 80% of 1860?,1478,1498,1468,1488,D,80% of 1860 = (80/100) × 1860 = 1488.,Math / Mathematics,Percentage
What is 5534 - 5206?,338,323,328,348,C,5534 - 5206 = 328.,Math / Mathematics,Subtraction
What is 7/3 + 1/5 (in simplest form)?,38/15,37/16,40/16,39/15,A,7/3 + 1/5 = 38/15 = 38/15 in simplest form.,Math / Mathematics,Fractions
What is 50% of 250?,115,130,125,105,C,50% of 250 = (50/100) × 250 = 125.,Math / Mathematics,Percentage
What is 98.88 + 113.96?,213.34,213.84,212.84,212.74,C,98.88 + 113.96 = 212.84.,Math / Mathematics,Decimals
What is 4558 + 9810?,14368,14378,14388,14366,A,4558 + 9810 = 14368.,Math / Mathematics,Addition
What is 3212 + 7105?,10312,10307,10316,10317,D,3212 + 7105 = 10317.,Math / Mathematics,Addition
What is 2724 - 751?,1973,1953,1983,1975,A,2724 - 751 = 1973.,Math / Mathematics,Subtraction
What is 9353 + 7560?,16913,16911,16933,16915,A,9353 + 7560 = 16913.,Math / Mathematics,Addition
What is 6/3 + 3/4 (in simplest form)?,9/5,11/4,12/6,12/3,B,6/3 + 3/4 = 11/4 = 11/4 in simplest form.,Math / Mathematics,Fractions
Which symbol correctly compares 475 and -412? (475 ___ -412),<,≥,=,>,D,475 > -412.,Math / Mathematics,Comparison
What is 68 × 61?,4146,4209,4216,4148,D,68 × 61 = 4148.,Math / Mathematics,Multiplication
Solve for x: 2x + (13) = -3,-12,-7,-11,-8,D,"2x = -3 - (13) = -16, so x = -16/2 = -8.",Math / Mathematics,Equations
What is 130.42 + 132.22?,264.64,263.64,262.14,262.64,D,130.42 + 132.22 = 262.64.,Math / Mathematics,Decimals
What is 1890 + 9634?,11523,11522,11504,11524,D,1890 + 9634 = 11524.,Math / Mathematics,Addition
Which symbol correctly compares -118 and 175? (-118 ___ 175),>,≥,=,<,D,-118 < 175.,Math / Mathematics,Comparison
What is 4719 ÷ 33?,147,146,142,143,D,"4719 ÷ 33 = 143, since 33 × 143 = 4719.",Math / Mathematics,Division
What is 4/6 + 8/12 (in simplest form)?,5/4,4/3,6/2,3/3,B,4/6 + 8/12 = 4/3 = 4/3 in simplest form.,Math / Mathematics,Fractions
What is 5530 + 9191?,14722,14719,14701,14721,D,5530 + 9191 = 14721.,Math / Mathematics,Addition
What is 7 × 14?,96,97,91,98,D,7 × 14 = 98.,Math / Mathematics,Multiplication
What is 6/12 + 3/4 (in simplest form)?,6/4,7/4,6/5,5/4,D,6/12 + 3/4 = 5/4 = 5/4 in simplest form.,Math / Mathematics,Fractions
Which symbol correctly compares 90 and 54? (90 ___ 54),=,>,≥,<,B,90 > 54.,Math / Mathematics,Comparison
What is 94 × 77?,7144,7161,7228,7238,D,94 × 77 = 7238.,Math / Mathematics,Multiplication
What is 7841 - 6170?,1666,1671,1670,1672,B,7841 - 6170 = 1671.,Math / Mathematics,Subtraction
What is 6519 + 2409?,8938,8927,8928,8933,C,6519 + 2409 = 8928.,Math / Mathematics,Addition
What is 4248 ÷ 24?,173,177,179,180,B,"4248 ÷ 24 = 177, since 24 × 177 = 4248.",Math / Mathematics,Division
What is 152.65 - 117.48?,35.17,35.27,36.17,37.17,A,152.65 - 117.48 = 35.17.,Math / Mathematics,Decimals
Which symbol correctly compares 72 and 449? (72 ___ 449),=,>,≥,<,D,72 < 449.,Math / Mathematics,Comparison
What is 13 × 35?,442,455,420,454,B,13 × 35 = 455.,Math / Mathematics,Multiplication
What is 80 × 81?,6560,6480,6479,6478,B,80 × 81 = 6480.,Math / Mathematics,Multiplication
What is 2439 + 307?,2746,2726,2744,2747,A,2439 + 307 = 2746.,Math / Mathematics,Addition
What is 124.62 - 100.28?,24.34,22.34,25.34,23.84,A,124.62 - 100.28 = 24.34.,Math / Mathematics,Decimals
What is 8272 - 5791?,2481,2486,2479,2480,A,8272 - 5791 = 2481.,Math / Mathematics,Subtraction
What is 5/3 + 7/7 (in simplest form)?,7/4,9/5,8/3,7/2,C,5/3 + 7/7 = 8/3 = 8/3 in simplest form.,Math / Mathematics,Fractions
What is 4783 - 2867?,1914,1916,1911,1917,B,4783 - 2867 = 1916.,Math / Mathematics,Subtraction
What is 173.44 + 5.47?,178.41,178.91,176.91,180.91,B,173.44 + 5.47 = 178.91.,Math / Mathematics,Decimals
What is 4350 ÷ 25?,175,177,171,174,D,"4350 ÷ 25 = 174, since 25 × 174 = 4350.",Math / Mathematics,Division
What is 57 × 12?,627,685,686,684,D,57 × 12 = 684.,Math / Mathematics,Multiplication
What is 12% of 1640?,177,182,197,202,C,12% of 1640 = (12/100) × 1640 = 197.,Math / Mathematics,Percentage
Solve for x: 10x + (45) = 135,8,10,11,9,D,"10x = 135 - (45) = 90, so x = 90/10 = 9.",Math / Mathematics,Equations
Which symbol correctly compares -427 and -487? (-427 ___ -487),<,≥,=,>,D,-427 > -487.,Math / Mathematics,Comparison
What is 121.54 + 171.45?,291.99,294.99,292.99,290.99,C,121.54 + 171.45 = 292.99.,Math / Mathematics,Decimals
What is 1128 ÷ 8?,145,146,144,141,D,"1128 ÷ 8 = 141, since 8 × 141 = 1128.",Math / Mathematics,Division
What is 8816 + 2596?,11402,11413,11412,11411,C,8816 + 2596 = 11412.,Math / Mathematics,Addition
What is 4235 + 5418?,9643,9653,9633,9663,B,4235 + 5418 = 9653.,Math / Mathematics,Addition
What is 1476 ÷ 41?,36,34,35,39,A,"1476 ÷ 41 = 36, since 41 × 36 = 1476.",Math / Mathematics,Division
Which symbol correctly compares 303 and 58? (303 ___ 58),=,<,≥,>,D,303 > 58.,Math / Mathematics,Comparison
What is 3504 ÷ 24?,148,146,141,143,B,"3504 ÷ 24 = 146, since 24 × 146 = 3504.",Math / Mathematics,Division
Solve for x: 9x + (15) = 87,4,11,8,12,C,"9x = 87 - (15) = 72, so x = 72/9 = 8.",Math / Mathematics,Equations
Solve for x: 7x + (13) = -57,-10,-11,-7,-8,A,"7x = -57 - (13) = -70, so x = -70/7 = -10.",Math / Mathematics,Equations
What is 5/6 + 9/3 (in simplest form)?,24/5,25/6,21/6,23/6,D,5/6 + 9/3 = 23/6 = 23/6 in simplest form.,Math / Mathematics,Fractions
What is 5850 - 3174?,2675,2681,2674,2676,D,5850 - 3174 = 2676.,Math / Mathematics,Subtraction
Which symbol correctly compares 467 and 204? (467 ___ 204),≥,>,<,=,B,467 > 204.,Math / Mathematics,Comparison
What is 175.03 - 43.37?,132.16,130.66,131.66,133.66,C,175.03 - 43.37 = 131.66.,Math / Mathematics,Decimals
What is 13 × 22?,276,286,273,288,B,13 × 22 = 286.,Math / Mathematics,Multiplication
What is 5250 ÷ 50?,110,105,108,100,B,"5250 ÷ 50 = 105, since 50 × 105 = 5250.",Math / Mathematics,Division
Which symbol correctly compares 496 and 387? (496 ___ 387),≥,>,=,<,B,496 > 387.,Math / Mathematics,Comparison
Solve for x: 6x + (38) = 152,20,17,19,15,C,"6x = 152 - (38) = 114, so x = 114/6 = 19.",Math / Mathematics,Equations
Solve for x: 4x + (10) = -66,-16,-19,-17,-21,B,"4x = -66 - (10) = -76, so x = -76/4 = -19.",Math / Mathematics,Equations
What is 89 - 77?,12,2,17,11,A,89 - 77 = 12.,Math / Mathematics,Subtraction
What is 59.09 - 42.45?,17.14,17.64,16.64,16.14,C,59.09 - 42.45 = 16.64.,Math / Mathematics,Decimals
What is 2/9 + 9/10 (in simplest form)?,99/90,101/90,102/91,100/90,B,2/9 + 9/10 = 101/90 = 101/90 in simplest form.,Math / Mathematics,Fractions
What is 176.63 - 34.17?,144.46,142.56,140.46,142.46,D,176.63 - 34.17 = 142.46.,Math / Mathematics,Decimals
What is 15% of 330?,70,45,50,55,C,15% of 330 = (15/100) × 330 = 50.,Math / Mathematics,Percentage
What is 25.72 + 20.34?,45.06,46.56,48.06,46.06,D,25.72 + 20.34 = 46.06.,Math / Mathematics,Decimals
What is 790 ÷ 5?,162,163,156,158,D,"790 ÷ 5 = 158, since 5 × 158 = 790.",Math / Mathematics,Division
What is 27.35 + 166.34?,194.69,193.59,193.69,192.69,C,27.35 + 166.34 = 193.69.,Math / Mathematics,Decimals
What is 141.01 - 88.47?,52.04,52.44,52.54,52.64,C,141.01 - 88.47 = 52.54.,Math / Mathematics,Decimals
What is 8658 - 134?,8524,8526,8529,8522,A,8658 - 134 = 8524.,Math / Mathematics,Subtraction
What is 5662 - 1987?,3675,3677,3674,3665,A,5662 - 1987 = 3675.,Math / Mathematics,Subtraction
What is 8/12 + 5/6 (in simplest form)?,3/2,2/3,1/3,4/2,A,8/12 + 5/6 = 3/2 = 3/2 in simplest form.,Math / Mathematics,Fractions
Which symbol correctly compares -305 and 272? (-305 ___ 272),=,≥,<,>,C,-305 < 272.,Math / Mathematics,Comparison
What is 1254 ÷ 38?,34,29,31,33,D,"1254 ÷ 38 = 33, since 38 × 33 = 1254.",Math / Mathematics,Division
What is 70% of 1760?,1227,1252,1212,1232,D,70% of 1760 = (70/100) × 1760 = 1232.,Math / Mathematics,Percentage
Which symbol correctly compares 401 and -417? (401 ___ -417),<,=,≥,>,D,401 > -417.,Math / Mathematics,Comparison
What is 123.88 - 78.38?,45.50,46.50,45.60,45.40,A,123.88 - 78.38 = 45.50.,Math / Mathematics,Decimals
What is 4/10 + 2/2 (in simplest form)?,9/6,8/7,7/5,9/4,C,4/10 + 2/2 = 7/5 = 7/5 in simplest form.,Math / Mathematics,Fractions
What is 2078 + 4637?,6715,6735,6716,6710,A,2078 + 4637 = 6715.,Math / Mathematics,Addition
Which symbol correctly compares 407 and 441? (407 ___ 441),<,>,≥,=,A,407 < 441.,Math / Mathematics,Comparison
What is 594 ÷ 11?,50,56,54,52,C,"594 ÷ 11 = 54, since 11 × 54 = 594.",Math / Mathematics,Division
What is 50 × 6?,350,300,294,250,B,50 × 6 = 300.,Math / Mathematics,Multiplication
What is 211 + 3278?,3488,3489,3509,3469,B,211 + 3278 = 3489.,Math / Mathematics,Addition
What is 5112 - 1810?,3301,3312,3322,3302,D,5112 - 1810 = 3302.,Math / Mathematics,Subtraction
Solve for x: 12x + (46) = 22,-2,-1,1,0,A,"12x = 22 - (46) = -24, so x = -24/12 = -2.",Math / Mathematics,Equations
What is 7824 ÷ 48?,166,158,167,163,D,"7824 ÷ 48 = 163, since 48 × 163 = 7824.",Math / Mathematics,Division
What is 138.27 - 124.2?,14.57,14.17,14.07,12.07,C,138.27 - 124.2 = 14.07.,Math / Mathematics,Decimals
What is 6340 + 3306?,9656,9651,9644,9646,D,6340 + 3306 = 9646.,Math / Mathematics,Addition
Solve for x: 10x + (-9) = 51,4,6,10,2,B,"10x = 51 - (-9) = 60, so x = 60/10 = 6.",Math / Mathematics,Equations
What is 4/4 + 5/3 (in simplest form)?,6/5,9/5,6/2,8/3,D,4/4 + 5/3 = 8/3 = 8/3 in simplest form.,Math / Mathematics,Fractions
What is 12% of 150?,8,38,18,33,C,12% of 150 = (12/100) × 150 = 18.,Math / Mathematics,Percentage
What is 6664 + 9935?,16599,16589,16594,16609,A,6664 + 9935 = 16599.,Math / Mathematics,Addition
What is 49 × 41?,2009,2019,1999,2008,A,49 × 41 = 2009.,Math / Mathematics,Multiplication
What is 96.6 - 27.21?,69.89,70.39,69.29,69.39,D,96.6 - 27.21 = 69.39.,Math / Mathematics,Decimals
What is 7308 + 2176?,9482,9486,9484,9483,C,7308 + 2176 = 9484.,Math / Mathematics,Addition
Which symbol correctly compares -174 and -402? (-174 ___ -402),>,=,<,≥,A,-174 > -402.,Math / Mathematics,Comparison
What is 97 × 39?,3744,3822,3880,3783,D,97 × 39 = 3783.,Math / Mathematics,Multiplication
What is 4098 + 4411?,8509,8510,8504,8511,A,4098 + 4411 = 8509.,Math / Mathematics,Addition
What is 434 ÷ 31?,14,16,19,18,A,"434 ÷ 31 = 14, since 31 × 14 = 434.",Math / Mathematics,Division
What is 7323 - 3857?,3468,3464,3465,3466,D,7323 - 3857 = 3466.,Math / Mathematics,Subtraction
Which symbol correctly compares 368 and -493? (368 ___ -493),≥,=,>,<,C,368 > -493.,Math / Mathematics,Comparison
What is 5% of 1000?,50,60,30,55,A,5% of 1000 = (5/100) × 1000 = 50.,Math / Mathematics,Percentage
What is 8883 + 3415?,12308,12293,12298,12297,C,8883 + 3415 = 12298.,Math / Mathematics,Addition
What is 2128 ÷ 28?,71,79,75,76,D,"2128 ÷ 28 = 76, since 28 × 76 = 2128.",Math / Mathematics,Division
Solve for x: 6x + (11) = -7,0,-3,-5,-1,B,"6x = -7 - (11) = -18, so x = -18/6 = -3.",Math / Mathematics,Equations
Which symbol correctly compares -276 and 85? (-276 ___ 85),≥,>,=,<,D,-276 < 85.,Math / Mathematics,Comparison
What is 7/2 + 5/10 (in simplest form)?,5/2,4/1,6/2,2/2,B,7/2 + 5/10 = 4 = 4/1 in simplest form.,Math / Mathematics,Fractions
What is 168.4 + 116.85?,285.15,285.25,286.25,287.25,B,168.4 + 116.85 = 285.25.,Math / Mathematics,Decimals
Which symbol correctly compares 232 and 206? (232 ___ 206),≥,=,<,>,D,232 > 206.,Math / Mathematics,Comparison
Which symbol correctly compares 138 and -353? (138 ___ -353),=,>,≥,<,B,138 > -353.,Math / Mathematics,Comparison
What is 9/12 + 4/2 (in simplest form)?,9/5,12/6,11/4,13/4,C,9/12 + 4/2 = 11/4 = 11/4 in simplest form.,Math / Mathematics,Fractions
What is 1/7 + 7/3 (in simplest form)?,50/22,54/20,52/21,51/21,C,1/7 + 7/3 = 52/21 = 52/21 in simplest form.,Math / Mathematics,Fractions
Solve for x: 6x + (46) = 46,-4,4,0,1,C,"6x = 46 - (46) = 0, so x = 0/6 = 0.",Math / Mathematics,Equations
Solve for x: 6x + (-37) = -7,2,6,5,7,C,"6x = -7 - (-37) = 30, so x = 30/6 = 5.",Math / Mathematics,Equations
What is 18.94 + 162.03?,180.97,182.97,181.97,179.97,A,18.94 + 162.03 = 180.97.,Math / Mathematics,Decimals
What is 2278 - 1157?,1111,1126,1131,1121,D,2278 - 1157 = 1121.,Math / Mathematics,Subtraction
What is 38.6 + 88.97?,127.57,127.47,126.57,129.57,A,38.6 + 88.97 = 127.57.,Math / Mathematics,Decimals
What is 261 ÷ 29?,9,12,13,14,A,"261 ÷ 29 = 9, since 29 × 9 = 261.",Math / Mathematics,Division
Which symbol correctly compares -114 and -357? (-114 ___ -357),<,≥,=,>,D,-114 > -357.,Math / Mathematics,Comparison
What is 4/9 + 9/2 (in simplest form)?,87/17,90/19,87/18,89/18,D,4/9 + 9/2 = 89/18 = 89/18 in simplest form.,Math / Mathematics,Fractions
What is 858 - 607?,256,251,261,246,B,858 - 607 = 251.,Math / Mathematics,Subtraction
What is 20.3 - 11.36?,8.44,10.94,8.84,8.94,D,20.3 - 11.36 = 8.94.,Math / Mathematics,Decimals
What is 2250 ÷ 15?,150,151,155,152,A,"2250 ÷ 15 = 150, since 15 × 150 = 2250.",Math / Mathematics,Division
Solve for x: 5x + (-40) = -30,6,-1,2,-2,C,"5x = -30 - (-40) = 10, so x = 10/5 = 2.",Math / Mathematics,Equations
What is 137.0 + 151.95?,289.05,287.95,289.95,288.95,D,137.0 + 151.95 = 288.95.,Math / Mathematics,Decimals
What is 6939 + 2613?,9554,9572,9552,9551,C,6939 + 2613 = 9552.,Math / Mathematics,Addition
What is 9068 + 3828?,12897,12896,12886,12916,B,9068 + 3828 = 12896.,Math / Mathematics,Addition
What is 2/5 + 7/3 (in simplest form)?,41/15,40/15,43/15,42/16,A,2/5 + 7/3 = 41/15 = 41/15 in simplest form.,Math / Mathematics,Fractions
What is 2 × 2?,4,14,2,6,A,2 × 2 = 4.,Math / Mathematics,Multiplication
What is 76 ÷ 2?,41,38,36,42,B,"76 ÷ 2 = 38, since 2 × 38 = 76.",Math / Mathematics,Division
What is 99 × 55?,5455,5445,5500,5346,B,99 × 55 = 5445.,Math / Mathematics,Multiplication
What is 1/4 + 7/11 (in simplest form)?,38/46,39/44,37/45,41/43,B,1/4 + 7/11 = 39/44 = 39/44 in simplest form.,Math / Mathematics,Fractions
Solve for x: 8x + (50) = -86,-14,-15,-17,-20,C,"8x = -86 - (50) = -136, so x = -136/8 = -17.",Math / Mathematics,Equations
What is 7/10 + 8/9 (in simplest form)?,142/89,141/92,144/92,143/90,D,7/10 + 8/9 = 143/90 = 143/90 in simplest form.,Math / Mathematics,Fractions
What is 25 × 31?,776,775,750,806,B,25 × 31 = 775.,Math / Mathematics,Multiplication
What is 8/7 + 5/2 (in simplest form)?,51/14,50/14,53/16,49/13,A,8/7 + 5/2 = 51/14 = 51/14 in simplest form.,Math / Mathematics,Fractions
What is 2/7 + 4/5 (in simplest form)?,40/37,37/37,37/36,38/35,D,2/7 + 4/5 = 38/35 = 38/35 in simplest form.,Math / Mathematics,Fractions
What is 90% of 910?,804,814,819,839,C,90% of 910 = (90/100) × 910 = 819.,Math / Mathematics,Percentage
What is 4429 + 4848?,9277,9297,9282,9267,A,4429 + 4848 = 9277.,Math / Mathematics,Addition
What is 6055 - 4774?,1283,1281,1280,1286,B,6055 - 4774 = 1281.,Math / Mathematics,Subtraction
What is 32 × 54?,1696,1782,1728,1727,C,32 × 54 = 1728.,Math / Mathematics,Multiplication
What is 2147 - 2094?,48,55,53,63,C,2147 - 2094 = 53.,Math / Mathematics,Subtraction
What is 132.16 - 17.03?,117.13,115.03,115.13,113.13,C,132.16 - 17.03 = 115.13.,Math / Mathematics,Decimals
What is 9 × 95?,853,855,854,846,B,9 × 95 = 855.,Math / Mathematics,Multiplication
What is 3820 + 455?,4280,4275,4295,4255,B,3820 + 455 = 4275.,Math / Mathematics,Addition
What is 80% of 1720?,1371,1396,1376,1386,C,80% of 1720 = (80/100) × 1720 = 1376.,Math / Mathematics,Percentage
What is 890 - 521?,359,369,364,349,B,890 - 521 = 369.,Math / Mathematics,Subtraction
What is 74.98 + 178.03?,255.01,251.01,253.01,254.01,C,74.98 + 178.03 = 253.01.,Math / Mathematics,Decimals
What is 1117 - 924?,193,188,192,194,A,1117 - 924 = 193.,Math / Mathematics,Subtraction
What is 5265 ÷ 27?,195,191,194,200,A,"5265 ÷ 27 = 195, since 27 × 195 = 5265.",Math / Mathematics,Division
What is 5/8 + 4/10 (in simplest form)?,39/42,39/39,43/41,41/40,D,5/8 + 4/10 = 41/40 = 41/40 in simplest form.,Math / Mathematics,Fractions
Which symbol correctly compares 327 and 383? (327 ___ 383),<,=,>,≥,A,327 < 383.,Math / Mathematics,Comparison
What is 8667 + 5313?,13985,13975,13980,13970,C,8667 + 5313 = 13980.,Math / Mathematics,Addition
What is 73.5 + 15.94?,89.94,89.34,90.44,89.44,D,73.5 + 15.94 = 89.44.,Math / Mathematics,Decimals
What is 76.18 + 107.8?,184.48,184.08,181.98,183.98,D,76.18 + 107.8 = 183.98.,Math / Mathematics,Decimals
Solve for x: 9x + (18) = 171,19,15,17,13,C,"9x = 171 - (18) = 153, so x = 153/9 = 17.",Math / Mathematics,Equations
Which symbol correctly compares -312 and -321? (-312 ___ -321),>,≥,=,<,A,-312 > -321.,Math / Mathematics,Comparison
What is 1636 + 5133?,6774,6779,6769,6767,C,1636 + 5133 = 6769.,Math / Mathematics,Addition
Solve for x: 6x + (8) = 20,0,2,1,6,B,"6x = 20 - (8) = 12, so x = 12/6 = 2.",Math / Mathematics,Equations
What is 1872 ÷ 13?,147,144,143,149,B,"1872 ÷ 13 = 144, since 13 × 144 = 1872.",Math / Mathematics,Division
Which symbol correctly compares 406 and -385? (406 ___ -385),≥,>,=,<,B,406 > -385.,Math / Mathematics,Comparison
What is 89.67 - 41.42?,48.35,49.25,48.15,48.25,D,89.67 - 41.42 = 48.25.,Math / Mathematics,Decimals
What is 50% of 210?,105,90,110,95,A,50% of 210 = (50/100) × 210 = 105.,Math / Mathematics,Percentage
What is 3920 ÷ 40?,94,96,95,98,D,"3920 ÷ 40 = 98, since 40 × 98 = 3920.",Math / Mathematics,Division
What is 40% of 860?,324,359,334,344,D,40% of 860 = (40/100) × 860 = 344.,Math / Mathematics,Percentage
What is 2540 - 2045?,496,475,495,500,C,2540 - 2045 = 495.,Math / Mathematics,Subtraction
Solve for x: 8x + (-37) = 43,6,11,14,10,D,"8x = 43 - (-37) = 80, so x = 80/8 = 10.",Math / Mathematics,Equations
What is 4980 + 4665?,9645,9655,9665,9625,A,4980 + 4665 = 9645.,Math / Mathematics,Addition
What is 7856 - 78?,7768,7777,7778,7776,C,7856 - 78 = 7778.,Math / Mathematics,Subtraction
Solve for x: 6x + (-36) = 60,14,13,16,19,C,"6x = 60 - (-36) = 96, so x = 96/6 = 16.",Math / Mathematics,Equations
What is 7560 ÷ 40?,190,193,184,189,D,"7560 ÷ 40 = 189, since 40 × 189 = 7560.",Math / Mathematics,Division
Which symbol correctly compares -448 and -428? (-448 ___ -428),≥,<,>,=,B,-448 < -428.,Math / Mathematics,Comparison
What is 5114 - 1454?,3659,3660,3662,3650,B,5114 - 1454 = 3660.,Math / Mathematics,Subtraction
What is 7/11 + 9/4 (in simplest form)?,125/45,127/44,126/44,126/45,B,7/11 + 9/4 = 127/44 = 127/44 in simplest form.,Math / Mathematics,Fractions
What is 1557 ÷ 9?,178,170,173,176,C,"1557 ÷ 9 = 173, since 9 × 173 = 1557.",Math / Mathematics,Division
What is 6/5 + 9/12 (in simplest form)?,40/22,38/19,38/21,39/20,D,6/5 + 9/12 = 39/20 = 39/20 in simplest form.,Math / Mathematics,Fractions
What is 750 ÷ 30?,24,30,29,25,D,"750 ÷ 30 = 25, since 30 × 25 = 750.",Math / Mathematics,Division
What is 175.22 - 132.74?,42.58,42.98,43.48,42.48,D,175.22 - 132.74 = 42.48.,Math / Mathematics,Decimals
What is 3190 ÷ 29?,115,110,112,105,B,"3190 ÷ 29 = 110, since 29 × 110 = 3190.",Math / Mathematics,Division
What is 4 × 92?,368,370,358,378,A,4 × 92 = 368.,Math / Mathematics,Multiplication
What is 7088 - 3537?,3553,3550,3551,3531,C,7088 - 3537 = 3551.,Math / Mathematics,Subtraction
Which symbol correctly compares -387 and 297? (-387 ___ 297),≥,<,>,=,B,-387 < 297.,Math / Mathematics,Comparison
What is 9/5 + 7/4 (in simplest form)?,70/22,73/20,71/20,73/19,C,9/5 + 7/4 = 71/20 = 71/20 in simplest form.,Math / Mathematics,Fractions
What is 10% of 1320?,152,132,117,137,B,10% of 1320 = (10/100) × 1320 = 132.,Math / Mathematics,Percentage
What is 798 - 39?,754,759,758,761,B,798 - 39 = 759.,Math / Mathematics,Subtraction
Which symbol correctly compares 137 and -493? (137 ___ -493),>,<,=,≥,A,137 > -493.,Math / Mathematics,Comparison
What is 6382 - 450?,5937,5933,5932,5942,C,6382 - 450 = 5932.,Math / Mathematics,Subtraction
Solve for x: 10x + (-6) = -46,-4,0,-8,-5,A,"10x = -46 - (-6) = -40, so x = -40/10 = -4.",Math / Mathematics,Equations
What is 1833 ÷ 47?,40,34,39,44,C,"1833 ÷ 47 = 39, since 47 × 39 = 1833.",Math / Mathematics,Division
What is 194.8 - 181.15?,13.65,13.55,15.65,14.65,A,194.8 - 181.15 = 13.65.,Math / Mathematics,Decimals
What is 7/11 + 5/10 (in simplest form)?,27/22,27/23,26/22,25/22,D,7/11 + 5/10 = 25/22 = 25/22 in simplest form.,Math / Mathematics,Fractions
What is 68.33 + 145.67?,215.00,214.50,214.00,213.90,C,68.33 + 145.67 = 214.00.,Math / Mathematics,Decimals
What is 65 × 69?,4483,4484,4486,4485,D,65 × 69 = 4485.,Math / Mathematics,Multiplication
What is 168.71 + 24.47?,195.18,193.28,191.18,193.18,D,168.71 + 24.47 = 193.18.,Math / Mathematics,Decimals
What is 209 + 351?,560,540,570,561,A,209 + 351 = 560.,Math / Mathematics,Addition
Solve for x: 4x + (19) = 83,18,16,19,14,B,"4x = 83 - (19) = 64, so x = 64/4 = 16.",Math / Mathematics,Equations
What is 20% of 1860?,357,372,382,352,B,20% of 1860 = (20/100) × 1860 = 372.,Math / Mathematics,Percentage
What is 5053 ÷ 31?,161,167,163,160,C,"5053 ÷ 31 = 163, since 31 × 163 = 5053.",Math / Mathematics,Division
What is 5908 + 5603?,11501,11511,11491,11510,B,5908 + 5603 = 11511.,Math / Mathematics,Addition
Which symbol correctly compares 450 and 177? (450 ___ 177),<,=,>,≥,C,450 > 177.,Math / Mathematics,Comparison
What is 117.32 - 49.0?,67.82,66.32,68.32,67.32,C,117.32 - 49.0 = 68.32.,Math / Mathematics,Decimals
What is 2363 ÷ 17?,138,134,143,139,D,"2363 ÷ 17 = 139, since 17 × 139 = 2363.",Math / Mathematics,Division
What is 3243 ÷ 47?,65,71,69,67,C,"3243 ÷ 47 = 69, since 47 × 69 = 3243.",Math / Mathematics,Division
What is 2848 + 9763?,12613,12610,12611,12631,C,2848 + 9763 = 12611.,Math / Mathematics,Addition
What is 8466 + 2193?,10661,10669,10659,10664,C,8466 + 2193 = 10659.,Math / Mathematics,Addition
What is 2004 ÷ 12?,172,171,163,167,D,"2004 ÷ 12 = 167, since 12 × 167 = 2004.",Math / Mathematics,Division
What is 15% of 500?,65,70,75,80,C,15% of 500 = (15/100) × 500 = 75.,Math / Mathematics,Percentage
What is 96 × 91?,8738,8736,8832,8734,B,96 × 91 = 8736.,Math / Mathematics,Multiplication
What is 3437 - 804?,2633,2628,2643,2631,A,3437 - 804 = 2633.,Math / Mathematics,Subtraction
What is 12% of 800?,111,116,96,91,C,12% of 800 = (12/100) × 800 = 96.,Math / Mathematics,Percentage
What is 44.86 - 25.18?,21.68,19.58,19.78,19.68,D,44.86 - 25.18 = 19.68.,Math / Mathematics,Decimals
Solve for x: 12x + (-13) = 35,3,1,4,8,C,"12x = 35 - (-13) = 48, so x = 48/12 = 4.",Math / Mathematics,Equations
What is 40% of 1140?,471,456,466,436,B,40% of 1140 = (40/100) × 1140 = 456.,Math / Mathematics,Percentage
What is 4/12 + 1/5 (in simplest form)?,10/16,6/17,9/15,8/15,D,4/12 + 1/5 = 8/15 = 8/15 in simplest form.,Math / Mathematics,Fractions
What is 9558 + 364?,9922,9921,9932,9920,A,9558 + 364 = 9922.,Math / Mathematics,Addition
What is 5632 ÷ 44?,129,125,123,128,D,"5632 ÷ 44 = 128, since 44 × 128 = 5632.",Math / Mathematics,Division
What is 41 × 51?,2092,2050,2091,2040,C,41 × 51 = 2091.,Math / Mathematics,Multiplication
What is 1746 - 457?,1269,1287,1289,1290,C,1746 - 457 = 1289.,Math / Mathematics,Subtraction
What is 90% of 890?,806,786,816,801,D,90% of 890 = (90/100) × 890 = 801.,Math / Mathematics,Percentage
What is 5289 - 3923?,1366,1376,1364,1367,A,5289 - 3923 = 1366.,Math / Mathematics,Subtraction
What is 5835 + 3813?,9646,9658,9650,9648,D,5835 + 3813 = 9648.,Math / Mathematics,Addition
What is 5640 - 4831?,810,789,804,809,D,5640 - 4831 = 809.,Math / Mathematics,Subtraction
Which symbol correctly compares 209 and -449? (209 ___ -449),≥,<,>,=,C,209 > -449.,Math / Mathematics,Comparison
What is 7513 - 1656?,5837,5857,5856,5855,B,7513 - 1656 = 5857.,Math / Mathematics,Subtraction
What is 145.56 - 47.5?,97.96,98.56,96.06,98.06,D,145.56 - 47.5 = 98.06.,Math / Mathematics,Decimals
What is 30.07 + 72.2?,101.27,100.27,102.27,101.77,C,30.07 + 72.2 = 102.27.,Math / Mathematics,Decimals
What is 7134 + 6808?,13952,13942,13962,13941,B,7134 + 6808 = 13942.,Math / Mathematics,Addition
What is 3475 - 1148?,2327,2307,2337,2317,A,3475 - 1148 = 2327.,Math / Mathematics,Subtraction
What is 1312 - 738?,574,554,572,594,A,1312 - 738 = 574.,Math / Mathematics,Subtraction
What is 1830 - 703?,1147,1132,1127,1129,C,1830 - 703 = 1127.,Math / Mathematics,Subtraction
What is 96 × 93?,8918,9024,8928,8926,C,96 × 93 = 8928.,Math / Mathematics,Multiplication
Which symbol correctly compares 450 and 450? (450 ___ 450),>,=,≥,<,B,450 = 450.,Math / Mathematics,Comparison
What is 1242 ÷ 46?,30,28,26,27,D,"1242 ÷ 46 = 27, since 46 × 27 = 1242.",Math / Mathematics,Division
What is 6/7 + 6/7 (in simplest form)?,14/9,12/7,11/9,11/7,B,6/7 + 6/7 = 12/7 = 12/7 in simplest form.,Math / Mathematics,Fractions
What is 7732 + 8386?,16108,16119,16118,16116,C,7732 + 8386 = 16118.,Math / Mathematics,Addition
What is 49.98 + 9.91?,60.89,59.89,57.89,59.39,B,49.98 + 9.91 = 59.89.,Math / Mathematics,Decimals
What is 30% of 730?,239,204,229,219,D,30% of 730 = (30/100) × 730 = 219.,Math / Mathematics,Percentage
What is 15% of 180?,47,27,12,42,B,15% of 180 = (15/100) × 180 = 27.,Math / Mathematics,Percentage
What is 9/11 + 8/12 (in simplest form)?,49/33,47/33,50/33,47/34,A,9/11 + 8/12 = 49/33 = 49/33 in simplest form.,Math / Mathematics,Fractions
What is 60 × 16?,900,960,959,958,B,60 × 16 = 960.,Math / Mathematics,Multiplication
Solve for x: 11x + (-39) = 159,17,16,22,18,D,"11x = 159 - (-39) = 198, so x = 198/11 = 18.",Math / Mathematics,Equations
What is 60% of 1130?,668,698,678,663,C,60% of 1130 = (60/100) × 1130 = 678.,Math / Mathematics,Percentage
What is 8954 + 337?,9296,9289,9311,9291,D,8954 + 337 = 9291.,Math / Mathematics,Addition
Which symbol correctly compares 88 and 252? (88 ___ 252),>,<,≥,=,B,88 < 252.,Math / Mathematics,Comparison
What is 3778 - 3434?,334,354,349,344,D,3778 - 3434 = 344.,Math / Mathematics,Subtraction
What is 61 × 84?,5063,5124,5126,5122,B,61 × 84 = 5124.,Math / Mathematics,Multiplication
What is 110.92 - 51.27?,59.65,60.65,58.65,60.15,A,110.92 - 51.27 = 59.65.,Math / Mathematics,Decimals
What is 2/3 + 2/4 (in simplest form)?,9/7,7/6,8/6,5/7,B,2/3 + 2/4 = 7/6 = 7/6 in simplest form.,Math / Mathematics,Fractions
What is 60% of 1720?,1042,1032,1022,1052,B,60% of 1720 = (60/100) × 1720 = 1032.,Math / Mathematics,Percentage
What is 6384 + 3298?,9684,9680,9682,9683,C,6384 + 3298 = 9682.,Math / Mathematics,Addition
What is 90% of 1470?,1308,1343,1323,1318,C,90% of 1470 = (90/100) × 1470 = 1323.,Math / Mathematics,Percentage
Which symbol correctly compares -188 and -429? (-188 ___ -429),≥,>,<,=,B,-188 > -429.,Math / Mathematics,Comparison
What is 17 × 16?,262,272,270,255,B,17 × 16 = 272.,Math / Mathematics,Multiplication
What is 165.5 + 99.83?,266.33,265.43,265.33,264.83,C,165.5 + 99.83 = 265.33.,Math / Mathematics,Decimals
What is 5410 + 3652?,9052,9062,9067,9063,B,5410 + 3652 = 9062.,Math / Mathematics,Addition
What is 80% of 780?,629,634,624,614,C,80% of 780 = (80/100) × 780 = 624.,Math / Mathematics,Percentage
Which symbol correctly compares 313 and -411? (313 ___ -411),≥,=,<,>,D,313 > -411.,Math / Mathematics,Comparison
What is 9 × 12?,108,96,118,107,A,9 × 12 = 108.,Math / Mathematics,Multiplication
What is 50 × 99?,4950,4900,4851,4951,A,50 × 99 = 4950.,Math / Mathematics,Multiplication
Solve for x: 6x + (3) = -57,-10,-7,-12,-9,A,"6x = -57 - (3) = -60, so x = -60/6 = -10.",Math / Mathematics,Equations
What is 2/2 + 9/12 (in simplest form)?,5/4,9/4,9/6,7/4,D,2/2 + 9/12 = 7/4 = 7/4 in simplest form.,Math / Mathematics,Fractions
What is 25% of 40?,15,10,0,30,B,25% of 40 = (25/100) × 40 = 10.,Math / Mathematics,Percentage
What is 1087 - 59?,1033,1029,1028,1026,C,1087 - 59 = 1028.,Math / Mathematics,Subtraction
Which symbol correctly compares 86 and 445? (86 ___ 445),>,<,=,≥,B,86 < 445.,Math / Mathematics,Comparison
Solve for x: 7x + (34) = 41,4,1,-3,2,B,"7x = 41 - (34) = 7, so x = 7/7 = 1.",Math / Mathematics,Equations
What is 12% of 590?,86,51,56,71,D,12% of 590 = (12/100) × 590 = 71.,Math / Mathematics,Percentage
What is 5735 + 4344?,10089,10080,10079,10099,C,5735 + 4344 = 10079.,Math / Mathematics,Addition
What is 3311 - 2123?,1183,1190,1168,1188,D,3311 - 2123 = 1188.,Math / Mathematics,Subtraction
Which symbol correctly compares -33 and -366? (-33 ___ -366),>,<,≥,=,A,-33 > -366.,Math / Mathematics,Comparison
Solve for x: 3x + (-5) = 7,8,0,4,2,C,"3x = 7 - (-5) = 12, so x = 12/3 = 4.",Math / Mathematics,Equations
What is 15% of 810?,137,132,122,102,C,15% of 810 = (15/100) × 810 = 122.,Math / Mathematics,Percentage
What is 2812 - 1875?,932,942,937,947,C,2812 - 1875 = 937.,Math / Mathematics,Subtraction
Solve for x: 2x + (-22) = -4,12,11,9,8,C,"2x = -4 - (-22) = 18, so x = 18/2 = 9.",Math / Mathematics,Equations
What is 60% of 900?,540,560,520,525,A,60% of 900 = (60/100) × 900 = 540.,Math / Mathematics,Percentage
What is 30% of 1420?,411,406,426,416,C,30% of 1420 = (30/100) × 1420 = 426.,Math / Mathematics,Percentage
What is 2772 ÷ 28?,103,98,99,94,C,"2772 ÷ 28 = 99, since 28 × 99 = 2772.",Math / Mathematics,Division
What is 51 × 17?,857,867,877,866,B,51 × 17 = 867.,Math / Mathematics,Multiplication
What is 2/2 + 5/5 (in simplest form)?,3/2,0/2,2/1,4/2,C,2/2 + 5/5 = 2 = 2/1 in simplest form.,Math / Mathematics,Fractions
What is 8505 - 7153?,1354,1352,1342,1350,B,8505 - 7153 = 1352.,Math / Mathematics,Subtraction
What is 107.35 + 188.44?,295.79,297.79,293.79,295.69,A,107.35 + 188.44 = 295.79.,Math / Mathematics,Decimals
What is 50 × 83?,4150,4151,4149,4160,A,50 × 83 = 4150.,Math / Mathematics,Multiplication
What is 15% of 20?,3,18,-4.0,8,A,15% of 20 = (15/100) × 20 = 3.,Math / Mathematics,Percentage
Which symbol correctly compares -195 and 110? (-195 ___ 110),=,<,>,≥,B,-195 < 110.,Math / Mathematics,Comparison
What is 33.87 + 171.4?,205.17,205.37,205.77,205.27,D,33.87 + 171.4 = 205.27.,Math / Mathematics,Decimals
Which symbol correctly compares -65 and 147? (-65 ___ 147),≥,<,>,=,B,-65 < 147.,Math / Mathematics,Comparison
Which symbol correctly compares -148 and 252? (-148 ___ 252),≥,<,=,>,B,-148 < 252.,Math / Mathematics,Comparison
What is 164.68 - 15.15?,147.53,149.63,149.53,148.53,C,164.68 - 15.15 = 149.53.,Math / Mathematics,Decimals
What is 4782 - 1317?,3466,3470,3465,3460,C,4782 - 1317 = 3465.,Math / Mathematics,Subtraction
What is 3/5 + 4/4 (in simplest form)?,7/6,8/5,7/4,9/5,B,3/5 + 4/4 = 8/5 = 8/5 in simplest form.,Math / Mathematics,Fractions
Which symbol correctly compares -156 and -345? (-156 ___ -345),≥,<,=,>,D,-156 > -345.,Math / Mathematics,Comparison
What is 3/3 + 8/5 (in simplest form)?,15/7,15/4,13/5,14/7,C,3/3 + 8/5 = 13/5 = 13/5 in simplest form.,Math / Mathematics,Fractions
What is 4/12 + 8/9 (in simplest form)?,9/8,9/10,9/11,11/9,D,4/12 + 8/9 = 11/9 = 11/9 in simplest form.,Math / Mathematics,Fractions
Which symbol correctly compares 128 and -222? (128 ___ -222),≥,=,>,<,C,128 > -222.,Math / Mathematics,Comparison
What is 2408 ÷ 14?,171,172,173,170,B,"2408 ÷ 14 = 172, since 14 × 172 = 2408.",Math / Mathematics,Division
Which symbol correctly compares -4 and 125? (-4 ___ 125),≥,=,>,<,D,-4 < 125.,Math / Mathematics,Comparison
What is 131.56 + 85.48?,216.04,217.54,219.04,217.04,D,131.56 + 85.48 = 217.04.,Math / Mathematics,Decimals
What is 8610 + 2122?,10732,10722,10731,10737,A,8610 + 2122 = 10732.,Math / Mathematics,Addition
What is 65 × 98?,6368,6369,6370,6468,C,65 × 98 = 6370.,Math / Mathematics,Multiplication
Solve for x: 3x + (11) = 35,9,8,5,6,B,"3x = 35 - (11) = 24, so x = 24/3 = 8.",Math / Mathematics,Equations
Solve for x: 5x + (47) = -13,-14,-9,-11,-12,D,"5x = -13 - (47) = -60, so x = -60/5 = -12.",Math / Mathematics,Equations
What is 45.54 + 129.57?,175.21,174.11,175.11,176.11,C,45.54 + 129.57 = 175.11.,Math / Mathematics,Decimals
What is 86 × 97?,8352,8342,8256,8245,B,86 × 97 = 8342.,Math / Mathematics,Multiplication
Which symbol correctly compares -455 and -321? (-455 ___ -321),>,=,≥,<,D,-455 < -321.,Math / Mathematics,Comparison
Which symbol correctly compares -227 and -494? (-227 ___ -494),≥,>,<,=,B,-227 > -494.,Math / Mathematics,Comparison
What is 10% of 1830?,183,198,178,193,A,10% of 1830 = (10/100) × 1830 = 183.,Math / Mathematics,Percentage
Which symbol correctly compares -12 and 131? (-12 ___ 131),≥,>,<,=,C,-12 < 131.,Math / Mathematics,Comparison
Solve for x: 8x + (-45) = -197,-23,-22,-15,-19,D,"8x = -197 - (-45) = -152, so x = -152/8 = -19.",Math / Mathematics,Equations
What is 5676 ÷ 44?,126,132,134,129,D,"5676 ÷ 44 = 129, since 44 × 129 = 5676.",Math / Mathematics,Division
What is 102.83 - 53.85?,48.88,48.48,48.98,49.48,C,102.83 - 53.85 = 48.98.,Math / Mathematics,Decimals
Solve for x: 6x + (-9) = -45,-7,-9,-6,-4,C,"6x = -45 - (-9) = -36, so x = -36/6 = -6.",Math / Mathematics,Equations
What is 6/7 + 7/3 (in simplest form)?,65/21,69/22,65/22,67/21,D,6/7 + 7/3 = 67/21 = 67/21 in simplest form.,Math / Mathematics,Fractions
Solve for x: 6x + (4) = 34,8,2,5,1,C,"6x = 34 - (4) = 30, so x = 30/6 = 5.",Math / Mathematics,Equations
What is 1867 + 4119?,5981,5988,5986,5984,C,1867 + 4119 = 5986.,Math / Mathematics,Addition
Solve for x: 3x + (27) = 63,8,12,15,14,B,"3x = 63 - (27) = 36, so x = 36/3 = 12.",Math / Mathematics,Equations
What is 71.65 - 9.18?,64.47,62.47,61.97,63.47,B,71.65 - 9.18 = 62.47.,Math / Mathematics,Decimals
What is 1143 + 3070?,4223,4213,4233,4212,B,1143 + 3070 = 4213.,Math / Mathematics,Addition
What is 3120 ÷ 16?,191,197,192,195,D,"3120 ÷ 16 = 195, since 16 × 195 = 3120.",Math / Mathematics,Division
What is 99 × 28?,2762,2772,2673,2774,B,99 × 28 = 2772.,Math / Mathematics,Multiplication
What is 7169 + 9085?,16256,16255,16274,16254,D,7169 + 9085 = 16254.,Math / Mathematics,Addition
Which symbol correctly compares -262 and -454? (-262 ___ -454),≥,<,>,=,C,-262 > -454.,Math / Mathematics,Comparison
Which symbol correctly compares 269 and 293? (269 ___ 293),=,>,<,≥,C,269 < 293.,Math / Mathematics,Comparison
Solve for x: 2x + (-42) = -62,-6,-12,-9,-10,D,"2x = -62 - (-42) = -20, so x = -20/2 = -10.",Math / Mathematics,Equations
Solve for x: 9x + (26) = 89,7,11,9,8,A,"9x = 89 - (26) = 63, so x = 63/9 = 7.",Math / Mathematics,Equations
Solve for x: 8x + (36) = 140,9,13,11,15,B,"8x = 140 - (36) = 104, so x = 104/8 = 13.",Math / Mathematics,Equations
What is 2226 ÷ 21?,106,111,108,103,A,"2226 ÷ 21 = 106, since 21 × 106 = 2226.",Math / Mathematics,Division
What is 12% of 140?,32,17,37,22,B,12% of 140 = (12/100) × 140 = 17.,Math / Mathematics,Percentage
What is 25% of 1130?,287,282,292,297,B,25% of 1130 = (25/100) × 1130 = 282.,Math / Mathematics,Percentage
Solve for x: 6x + (-30) = -144,-22,-16,-19,-21,C,"6x = -144 - (-30) = -114, so x = -114/6 = -19.",Math / Mathematics,Equations
Which symbol correctly compares 325 and 394? (325 ___ 394),<,≥,>,=,A,325 < 394.,Math / Mathematics,Comparison
Which symbol correctly compares 85 and 236? (85 ___ 236),>,<,=,≥,B,85 < 236.,Math / Mathematics,Comparison
What is 16.21 + 117.59?,135.80,133.80,134.30,133.30,B,16.21 + 117.59 = 133.80.,Math / Mathematics,Decimals
What is 4/7 + 4/8 (in simplest form)?,14/13,16/13,15/14,16/14,C,4/7 + 4/8 = 15/14 = 15/14 in simplest form.,Math / Mathematics,Fractions
What is 1574 - 922?,650,652,653,651,B,1574 - 922 = 652.,Math / Mathematics,Subtraction
What is 8/12 + 9/9 (in simplest form)?,6/5,6/4,7/2,5/3,D,8/12 + 9/9 = 5/3 = 5/3 in simplest form.,Math / Mathematics,Fractions
What is 5% of 1400?,65,75,90,70,D,5% of 1400 = (5/100) × 1400 = 70.,Math / Mathematics,Percentage
Solve for x: 9x + (49) = 130,12,13,6,9,D,"9x = 130 - (49) = 81, so x = 81/9 = 9.",Math / Mathematics,Equations
What is 168.08 - 128.44?,38.64,41.64,39.64,39.54,C,168.08 - 128.44 = 39.64.,Math / Mathematics,Decimals
What is 35 ÷ 7?,1,6,10,5,D,"35 ÷ 7 = 5, since 7 × 5 = 35.",Math / Mathematics,Division
What is 84.74 + 173.8?,258.64,258.04,259.54,258.54,D,84.74 + 173.8 = 258.54.,Math / Mathematics,Decimals
What is 50% of 510?,250,275,255,260,C,50% of 510 = (50/100) × 510 = 255.,Math / Mathematics,Percentage
What is 1944 + 2839?,4788,4778,4783,4793,C,1944 + 2839 = 4783.,Math / Mathematics,Addition
What is 9441 + 9541?,18972,18984,19002,18982,D,9441 + 9541 = 18982.,Math / Mathematics,Addition
What is 9/10 + 3/8 (in simplest form)?,53/41,51/40,50/41,49/39,B,9/10 + 3/8 = 51/40 = 51/40 in simplest form.,Math / Mathematics,Fractions
What is 5/8 + 5/3 (in simplest form)?,53/24,54/23,53/23,55/24,D,5/8 + 5/3 = 55/24 = 55/24 in simplest form.,Math / Mathematics,Fractions
What is 3861 - 384?,3457,3497,3477,3487,C,3861 - 384 = 3477.,Math / Mathematics,Subtraction
What is 6336 ÷ 33?,192,189,195,190,A,"6336 ÷ 33 = 192, since 33 × 192 = 6336.",Math / Mathematics,Division
What is 3969 + 5554?,9523,9521,9543,9503,A,3969 + 5554 = 9523.,Math / Mathematics,Addition
What is 75% of 110?,97,82,92,87,B,75% of 110 = (75/100) × 110 = 82.,Math / Mathematics,Percentage
What is 2686 ÷ 34?,79,77,78,75,A,"2686 ÷ 34 = 79, since 34 × 79 = 2686.",Math / Mathematics,Division
What is 159.13 + 112.69?,273.82,271.82,272.32,270.82,B,159.13 + 112.69 = 271.82.,Math / Mathematics,Decimals
What is 9057 + 7827?,16889,16884,16864,16882,B,9057 + 7827 = 16884.,Math / Mathematics,Addition
What is 106.14 + 116.98?,223.12,222.62,224.12,225.12,A,106.14 + 116.98 = 223.12.,Math / Mathematics,Decimals
What is 143 ÷ 13?,11,10,6,13,A,"143 ÷ 13 = 11, since 13 × 11 = 143.",Math / Mathematics,Division
What is 4393 + 934?,5347,5326,5327,5328,C,4393 + 934 = 5327.,Math / Mathematics,Addition
What is 119.03 - 62.99?,58.04,57.04,56.14,56.04,D,119.03 - 62.99 = 56.04.,Math / Mathematics,Decimals
Solve for x: 11x + (-29) = -150,-11,-15,-10,-9,A,"11x = -150 - (-29) = -121, so x = -121/11 = -11.",Math / Mathematics,Equations
What is 4830 ÷ 46?,106,105,102,108,B,"4830 ÷ 46 = 105, since 46 × 105 = 4830.",Math / Mathematics,Division
What is 1648 - 932?,711,716,706,696,B,1648 - 932 = 716.,Math / Mathematics,Subtraction
What is 9473 + 2290?,11773,11763,11753,11768,B,9473 + 2290 = 11763.,Math / Mathematics,Addition
What is 72 × 41?,2950,2911,2952,2942,C,72 × 41 = 2952.,Math / Mathematics,Multiplication
What is 25.83 - 4.3?,21.03,23.53,19.53,21.53,D,25.83 - 4.3 = 21.53.,Math / Mathematics,Decimals
What is 70 × 40?,2800,2790,2870,2802,A,70 × 40 = 2800.,Math / Mathematics,Multiplication
What is 81 × 56?,4535,4592,4536,4480,C,81 × 56 = 4536.,Math / Mathematics,Multiplication
What is 25% of 1560?,410,380,405,390,D,25% of 1560 = (25/100) × 1560 = 390.,Math / Mathematics,Percentage
What is 4831 - 794?,4037,4035,4032,4042,A,4831 - 794 = 4037.,Math / Mathematics,Subtraction
What is 969 ÷ 17?,55,54,56,57,D,"969 ÷ 17 = 57, since 17 × 57 = 969.",Math / Mathematics,Division
What is 5/9 + 5/9 (in simplest form)?,9/8,12/11,8/10,10/9,D,5/9 + 5/9 = 10/9 = 10/9 in simplest form.,Math / Mathematics,Fractions
What is 15% of 980?,157,147,127,142,B,15% of 980 = (15/100) × 980 = 147.,Math / Mathematics,Percentage
What is 56 × 21?,1197,1174,1176,1166,C,56 × 21 = 1176.,Math / Mathematics,Multiplication
What is 15% of 1140?,176,191,166,171,D,15% of 1140 = (15/100) × 1140 = 171.,Math / Mathematics,Percentage
What is 3/7 + 5/7 (in simplest form)?,8/7,9/9,9/7,7/6,A,3/7 + 5/7 = 8/7 = 8/7 in simplest form.,Math / Mathematics,Fractions
Solve for x: 11x + (10) = 131,9,11,13,15,B,"11x = 131 - (10) = 121, so x = 121/11 = 11.",Math / Mathematics,Equations
Solve for x: 9x + (-4) = 104,16,13,12,14,C,"9x = 104 - (-4) = 108, so x = 108/9 = 12.",Math / Mathematics,Equations
What is 125.74 + 137.88?,263.72,265.62,263.52,263.62,D,125.74 + 137.88 = 263.62.,Math / Mathematics,Decimals
What is 53 × 34?,1768,1802,1804,1836,B,53 × 34 = 1802.,Math / Mathematics,Multiplication
What is 64 - 56?,13,8,3,7,B,64 - 56 = 8.,Math / Mathematics,Subtraction
What is 45 × 45?,2026,2015,2027,2025,D,45 × 45 = 2025.,Math / Mathematics,Multiplication
What is 3/11 + 1/4 (in simplest form)?,24/43,21/44,25/43,23/44,D,3/11 + 1/4 = 23/44 = 23/44 in simplest form.,Math / Mathematics,Fractions
What is 7/12 + 3/7 (in simplest form)?,86/86,85/84,83/84,87/84,B,7/12 + 3/7 = 85/84 = 85/84 in simplest form.,Math / Mathematics,Fractions
What is 7/7 + 1/3 (in simplest form)?,5/3,3/5,6/5,4/3,D,7/7 + 1/3 = 4/3 = 4/3 in simplest form.,Math / Mathematics,Fractions
What is 7796 - 3466?,4332,4335,4330,4329,C,7796 - 3466 = 4330.,Math / Mathematics,Subtraction
What is 588 ÷ 6?,102,99,98,93,C,"588 ÷ 6 = 98, since 6 × 98 = 588.",Math / Mathematics,Division
What is 73.53 - 34.9?,36.63,38.53,38.63,38.13,C,73.53 - 34.9 = 38.63.,Math / Mathematics,Decimals
What is 47.89 - 42.6?,7.29,4.79,5.79,5.29,D,47.89 - 42.6 = 5.29.,Math / Mathematics,Decimals
What is 7/7 + 1/4 (in simplest form)?,5/4,7/6,6/4,7/3,A,7/7 + 1/4 = 5/4 = 5/4 in simplest form.,Math / Mathematics,Fractions
What is 8/5 + 6/5 (in simplest form)?,13/5,13/7,14/5,15/6,C,8/5 + 6/5 = 14/5 = 14/5 in simplest form.,Math / Mathematics,Fractions
What is 59 × 46?,2714,2716,2668,2773,A,59 × 46 = 2714.,Math / Mathematics,Multiplication
Which symbol correctly compares 38 and -428? (38 ___ -428),>,≥,<,=,A,38 > -428.,Math / Mathematics,Comparison
What is 75 × 96?,7296,7275,7202,7200,D,75 × 96 = 7200.,Math / Mathematics,Multiplication
What is 169.24 - 11.16?,158.08,157.08,158.18,157.58,A,169.24 - 11.16 = 158.08.,Math / Mathematics,Decimals
What is 86 × 34?,2958,3010,2924,2926,C,86 × 34 = 2924.,Math / Mathematics,Multiplication
What is 348 + 1726?,2074,2054,2069,2076,A,348 + 1726 = 2074.,Math / Mathematics,Addition
What is 5802 - 3596?,2206,2208,2204,2216,A,5802 - 3596 = 2206.,Math / Mathematics,Subtraction
What is 1426 + 7201?,8629,8627,8637,8622,B,1426 + 7201 = 8627.,Math / Mathematics,Addition
What is 4/6 + 3/10 (in simplest form)?,28/31,29/30,31/31,27/32,B,4/6 + 3/10 = 29/30 = 29/30 in simplest form.,Math / Mathematics,Fractions
Solve for x: 4x + (-31) = -31,-4,-1,0,-3,C,"4x = -31 - (-31) = 0, so x = 0/4 = 0.",Math / Mathematics,Equations
What is 9634 + 6203?,15839,15836,15817,15837,D,9634 + 6203 = 15837.,Math / Mathematics,Addition
What is 60% of 1990?,1194,1174,1209,1199,A,60% of 1990 = (60/100) × 1990 = 1194.,Math / Mathematics,Percentage
What is 7/10 + 3/5 (in simplest form)?,13/10,12/9,15/11,15/12,A,7/10 + 3/5 = 13/10 = 13/10 in simplest form.,Math / Mathematics,Fractions
What is 38 × 61?,2356,2280,2318,2308,C,38 × 61 = 2318.,Math / Mathematics,Multiplication
What is 21 × 64?,1344,1342,1408,1334,A,21 × 64 = 1344.,Math / Mathematics,Multiplication
Which symbol correctly compares -482 and 411? (-482 ___ 411),≥,=,<,>,C,-482 < 411.,Math / Mathematics,Comparison
What is 114.66 - 72.06?,44.60,42.70,42.10,42.60,D,114.66 - 72.06 = 42.60.,Math / Mathematics,Decimals
What is 2504 + 509?,2993,3014,3011,3013,D,2504 + 509 = 3013.,Math / Mathematics,Addition
Solve for x: 12x + (-1) = -169,-13,-14,-15,-17,B,"12x = -169 - (-1) = -168, so x = -168/12 = -14.",Math / Mathematics,Equations
What is 1056 ÷ 11?,97,93,96,95,C,"1056 ÷ 11 = 96, since 11 × 96 = 1056.",Math / Mathematics,Division
What is 7166 - 3025?,4161,4136,4131,4141,D,7166 - 3025 = 4141.,Math / Mathematics,Subtraction
What is 61 × 32?,1962,1891,1952,1950,C,61 × 32 = 1952.,Math / Mathematics,Multiplication
Solve for x: 8x + (-4) = -68,-5,-4,-12,-8,D,"8x = -68 - (-4) = -64, so x = -64/8 = -8.",Math / Mathematics,Equations
What is 750 ÷ 15?,45,48,50,49,C,"750 ÷ 15 = 50, since 15 × 50 = 750.",Math / Mathematics,Division
What is 40% of 1180?,477,472,467,492,B,40% of 1180 = (40/100) × 1180 = 472.,Math / Mathematics,Percentage
What is 10 × 16?,159,161,160,158,C,10 × 16 = 160.,Math / Mathematics,Multiplication
What is 5644 ÷ 34?,166,161,170,164,A,"5644 ÷ 34 = 166, since 34 × 166 = 5644.",Math / Mathematics,Division
What is 6600 ÷ 44?,154,149,150,153,C,"6600 ÷ 44 = 150, since 44 × 150 = 6600.",Math / Mathematics,Division
What is 30% of 50?,5,0,10,15,D,30% of 50 = (30/100) × 50 = 15.,Math / Mathematics,Percentage
What is 2957 - 960?,1997,1995,1992,1987,A,2957 - 960 = 1997.,Math / Mathematics,Subtraction
What is 25% of 450?,112,117,97,102,A,25% of 450 = (25/100) × 450 = 112.,Math / Mathematics,Percentage
What is 68.82 + 60.89?,127.71,130.71,128.71,129.71,D,68.82 + 60.89 = 129.71.,Math / Mathematics,Decimals
What is 10% of 1220?,122,107,102,127,A,10% of 1220 = (10/100) × 1220 = 122.,Math / Mathematics,Percentage
What is 40% of 180?,67,72,87,62,B,40% of 180 = (40/100) × 180 = 72.,Math / Mathematics,Percentage
Solve for x: 9x + (-4) = -4,-1,-3,1,0,D,"9x = -4 - (-4) = 0, so x = 0/9 = 0.",Math / Mathematics,Equations
What is 110.11 + 186.24?,297.35,296.35,296.45,298.35,B,110.11 + 186.24 = 296.35.,Math / Mathematics,Decimals
Solve for x: 8x + (47) = 79,3,0,5,4,D,"8x = 79 - (47) = 32, so x = 32/8 = 4.",Math / Mathematics,Equations
What is 186.29 - 40.2?,148.09,147.09,146.59,146.09,D,186.29 - 40.2 = 146.09.,Math / Mathematics,Decimals
What is 4946 - 4042?,884,903,904,909,C,4946 - 4042 = 904.,Math / Mathematics,Subtraction
What is 181.95 - 90.61?,91.24,91.34,91.44,91.84,B,181.95 - 90.61 = 91.34.,Math / Mathematics,Decimals
What is 34 × 23?,781,782,784,759,B,34 × 23 = 782.,Math / Mathematics,Multiplication
What is 75% of 120?,90,85,80,100,A,75% of 120 = (75/100) × 120 = 90.,Math / Mathematics,Percentage
What is 1139 - 159?,982,980,990,970,B,1139 - 159 = 980.,Math / Mathematics,Subtraction
Solve for x: 3x + (22) = 55,12,13,11,9,C,"3x = 55 - (22) = 33, so x = 33/3 = 11.",Math / Mathematics,Equations
What is 4377 - 4314?,62,58,63,61,C,4377 - 4314 = 63.,Math / Mathematics,Subtraction
Solve for x: 12x + (-21) = -21,2,0,-4,4,B,"12x = -21 - (-21) = 0, so x = 0/12 = 0.",Math / Mathematics,Equations
What is 5% of 310?,16,31,26,21,A,5% of 310 = (5/100) × 310 = 16.,Math / Mathematics,Percentage
What is 7307 + 4373?,11680,11700,11670,11675,A,7307 + 4373 = 11680.,Math / Mathematics,Addition
What is 180.91 - 84.11?,95.80,94.80,96.80,97.30,C,180.91 - 84.11 = 96.80.,Math / Mathematics,Decimals
What is 1/9 + 8/6 (in simplest form)?,13/9,14/8,14/11,12/11,A,1/9 + 8/6 = 13/9 = 13/9 in simplest form.,Math / Mathematics,Fractions
What is 178.47 + 165.61?,344.58,344.18,343.08,344.08,D,178.47 + 165.61 = 344.08.,Math / Mathematics,Decimals
Solve for x: 5x + (9) = -21,-10,-9,-6,-4,C,"5x = -21 - (9) = -30, so x = -30/5 = -6.",Math / Mathematics,Equations
What is 5922 ÷ 47?,131,125,122,126,D,"5922 ÷ 47 = 126, since 47 × 126 = 5922.",Math / Mathematics,Division
Solve for x: 10x + (23) = -167,-16,-17,-19,-23,C,"10x = -167 - (23) = -190, so x = -190/10 = -19.",Math / Mathematics,Equations
What is 72 × 65?,4608,4615,4680,4681,C,72 × 65 = 4680.,Math / Mathematics,Multiplication
Which symbol correctly compares 427 and -287? (427 ___ -287),=,<,≥,>,D,427 > -287.,Math / Mathematics,Comparison
What is 9/8 + 7/8 (in simplest form)?,4/3,3/1,1/2,2/1,D,9/8 + 7/8 = 2 = 2/1 in simplest form.,Math / Mathematics,Fractions
What is 2751 - 1559?,1212,1182,1192,1172,C,2751 - 1559 = 1192.,Math / Mathematics,Subtraction
Solve for x: 12x + (24) = 228,14,18,13,17,D,"12x = 228 - (24) = 204, so x = 204/12 = 17.",Math / Mathematics,Equations
What is 4697 + 4140?,8842,8839,8857,8837,D,4697 + 4140 = 8837.,Math / Mathematics,Addition
What is 1/12 + 3/6 (in simplest form)?,9/11,5/11,8/13,7/12,D,1/12 + 3/6 = 7/12 = 7/12 in simplest form.,Math / Mathematics,Fractions
What is 18 × 81?,1458,1448,1460,1459,A,18 × 81 = 1458.,Math / Mathematics,Multiplication
What is 5311 - 166?,5144,5147,5145,5155,C,5311 - 166 = 5145.,Math / Mathematics,Subtraction
What is 9680 - 7071?,2609,2629,2619,2604,A,9680 - 7071 = 2609.,Math / Mathematics,Subtraction
What is 4/5 + 1/3 (in simplest form)?,18/17,17/15,15/16,15/15,B,4/5 + 1/3 = 17/15 = 17/15 in simplest form.,Math / Mathematics,Fractions
What is 181.11 - 125.45?,56.16,57.66,53.66,55.66,D,181.11 - 125.45 = 55.66.,Math / Mathematics,Decimals
What is 4/7 + 9/2 (in simplest form)?,73/16,71/14,73/14,73/15,B,4/7 + 9/2 = 71/14 = 71/14 in simplest form.,Math / Mathematics,Fractions
What is 8371 - 8226?,140,145,135,150,B,8371 - 8226 = 145.,Math / Mathematics,Subtraction
What is 177.74 - 153.17?,26.57,24.07,24.57,25.07,C,177.74 - 153.17 = 24.57.,Math / Mathematics,Decimals
Solve for x: 3x + (26) = -22,-20,-13,-17,-16,D,"3x = -22 - (26) = -48, so x = -48/3 = -16.",Math / Mathematics,Equations
What is 9851 + 8759?,18600,18611,18615,18610,D,9851 + 8759 = 18610.,Math / Mathematics,Addition
What is 98.01 + 54.08?,153.09,151.99,152.09,151.59,C,98.01 + 54.08 = 152.09.,Math / Mathematics,Decimals
Solve for x: 8x + (4) = -156,-23,-17,-20,-21,C,"8x = -156 - (4) = -160, so x = -160/8 = -20.",Math / Mathematics,Equations
Solve for x: 12x + (-25) = 47,2,8,5,6,D,"12x = 47 - (-25) = 72, so x = 72/12 = 6.",Math / Mathematics,Equations
What is 183.21 - 41.99?,141.32,140.72,140.22,141.22,D,183.21 - 41.99 = 141.22.,Math / Mathematics,Decimals
What is 53 × 58?,3076,3074,3072,3064,B,53 × 58 = 3074.,Math / Mathematics,Multiplication
Which symbol correctly compares 132 and 329? (132 ___ 329),>,<,=,≥,B,132 < 329.,Math / Mathematics,Comparison
What is 7/8 + 4/3 (in simplest form)?,51/23,52/24,53/24,54/24,C,7/8 + 4/3 = 53/24 = 53/24 in simplest form.,Math / Mathematics,Fractions
What is 7/11 + 1/10 (in simplest form)?,82/111,79/110,81/110,79/109,C,7/11 + 1/10 = 81/110 = 81/110 in simplest form.,Math / Mathematics,Fractions
Which symbol correctly compares 196 and -189? (196 ___ -189),=,>,≥,<,B,196 > -189.,Math / Mathematics,Comparison
Solve for x: 4x + (10) = 34,5,4,3,6,D,"4x = 34 - (10) = 24, so x = 24/4 = 6.",Math / Mathematics,Equations
What is 50% of 1880?,940,945,920,925,A,50% of 1880 = (50/100) × 1880 = 940.,Math / Mathematics,Percentage
What is 9580 + 7893?,17473,17453,17493,17471,A,9580 + 7893 = 17473.,Math / Mathematics,Addition
What is 15% of 930?,130,145,140,150,C,15% of 930 = (15/100) × 930 = 140.,Math / Mathematics,Percentage
What is 4372 + 4849?,9226,9221,9222,9219,B,4372 + 4849 = 9221.,Math / Mathematics,Addition
What is 60% of 1880?,1148,1123,1128,1118,C,60% of 1880 = (60/100) × 1880 = 1128.,Math / Mathematics,Percentage
What is 8/5 + 7/11 (in simplest form)?,122/55,123/55,125/57,122/56,B,8/5 + 7/11 = 123/55 = 123/55 in simplest form.,Math / Mathematics,Fractions
Which symbol correctly compares 130 and 469? (130 ___ 469),<,≥,=,>,A,130 < 469.,Math / Mathematics,Comparison
What is 5339 + 8531?,13870,13865,13868,13860,A,5339 + 8531 = 13870.,Math / Mathematics,Addition
Solve for x: 12x + (-31) = 53,7,3,8,4,A,"12x = 53 - (-31) = 84, so x = 84/12 = 7.",Math / Mathematics,Equations
What is 125 - 114?,16,13,6,11,D,125 - 114 = 11.,Math / Mathematics,Subtraction
Solve for x: 11x + (29) = 62,1,3,6,7,B,"11x = 62 - (29) = 33, so x = 33/11 = 3.",Math / Mathematics,Equations
What is 10% of 360?,46,36,26,51,B,10% of 360 = (10/100) × 360 = 36.,Math / Mathematics,Percentage
What is 6369 - 4000?,2349,2367,2369,2371,C,6369 - 4000 = 2369.,Math / Mathematics,Subtraction
What is 8/11 + 3/12 (in simplest form)?,43/44,44/43,42/44,44/46,A,8/11 + 3/12 = 43/44 = 43/44 in simplest form.,Math / Mathematics,Fractions
What is 70 × 98?,6850,6860,6762,6870,B,70 × 98 = 6860.,Math / Mathematics,Multiplication
What is 6/7 + 6/3 (in simplest form)?,19/9,18/7,20/7,21/9,C,6/7 + 6/3 = 20/7 = 20/7 in simplest form.,Math / Mathematics,Fractions
What is 8/10 + 2/10 (in simplest form)?,2/1,1/1,0/2,3/2,B,8/10 + 2/10 = 1 = 1/1 in simplest form.,Math / Mathematics,Fractions
What is 572 ÷ 4?,141,145,138,143,D,"572 ÷ 4 = 143, since 4 × 143 = 572.",Math / Mathematics,Division
What is 846 ÷ 47?,17,18,19,14,B,"846 ÷ 47 = 18, since 47 × 18 = 846.",Math / Mathematics,Division
What is 4805 ÷ 31?,151,159,157,155,D,"4805 ÷ 31 = 155, since 31 × 155 = 4805.",Math / Mathematics,Division
What is 8850 + 7320?,16170,16172,16168,16160,A,8850 + 7320 = 16170.,Math / Mathematics,Addition
Which symbol correctly compares 26 and 323? (26 ___ 323),>,=,≥,<,D,26 < 323.,Math / Mathematics,Comparison
What is 86.16 - 49.46?,34.70,37.20,36.60,36.70,D,86.16 - 49.46 = 36.70.,Math / Mathematics,Decimals
What is 45.17 - 7.95?,36.72,37.22,37.32,37.12,B,45.17 - 7.95 = 37.22.,Math / Mathematics,Decimals
What is 2970 ÷ 18?,162,168,166,165,D,"2970 ÷ 18 = 165, since 18 × 165 = 2970.",Math / Mathematics,Division
Which symbol correctly compares 34 and -399? (34 ___ -399),<,=,>,≥,C,34 > -399.,Math / Mathematics,Comparison
What is 405 ÷ 15?,25,26,28,27,D,"405 ÷ 15 = 27, since 15 × 27 = 405.",Math / Mathematics,Division
What is 5/6 + 1/12 (in simplest form)?,9/13,13/11,10/14,11/12,D,5/6 + 1/12 = 11/12 = 11/12 in simplest form.,Math / Mathematics,Fractions
What is 15% of 1630?,244,264,249,239,A,15% of 1630 = (15/100) × 1630 = 244.,Math / Mathematics,Percentage
What is 8/6 + 7/10 (in simplest form)?,63/29,62/29,63/30,61/30,D,8/6 + 7/10 = 61/30 = 61/30 in simplest form.,Math / Mathematics,Fractions
Which symbol correctly compares -498 and 346? (-498 ___ 346),>,≥,=,<,D,-498 < 346.,Math / Mathematics,Comparison
What is 42 × 2?,84,74,82,83,A,42 × 2 = 84.,Math / Mathematics,Multiplication
What is 184.49 - 132.15?,54.34,51.84,53.34,52.34,D,184.49 - 132.15 = 52.34.,Math / Mathematics,Decimals
What is 9/2 + 5/9 (in simplest form)?,89/18,89/17,91/18,92/18,C,9/2 + 5/9 = 91/18 = 91/18 in simplest form.,Math / Mathematics,Fractions
What is 9/10 + 9/8 (in simplest form)?,79/42,79/39,82/40,81/40,D,9/10 + 9/8 = 81/40 = 81/40 in simplest form.,Math / Mathematics,Fractions
What is 15 × 31?,467,466,455,465,D,15 × 31 = 465.,Math / Mathematics,Multiplication
What is 816 ÷ 16?,48,53,51,50,C,"816 ÷ 16 = 51, since 16 × 51 = 816.",Math / Mathematics,Division
Solve for x: 10x + (-30) = 110,12,10,14,17,C,"10x = 110 - (-30) = 140, so x = 140/10 = 14.",Math / Mathematics,Equations
Solve for x: 10x + (-21) = -221,-24,-20,-22,-23,B,"10x = -221 - (-21) = -200, so x = -200/10 = -20.",Math / Mathematics,Equations
What is 9811 + 5587?,15399,15388,15397,15398,D,9811 + 5587 = 15398.,Math / Mathematics,Addition
What is 15% of 1900?,295,275,285,280,C,15% of 1900 = (15/100) × 1900 = 285.,Math / Mathematics,Percentage
What is 165 ÷ 15?,11,8,15,14,A,"165 ÷ 15 = 11, since 15 × 11 = 165.",Math / Mathematics,Division
What is 183.46 - 28.99?,154.47,154.37,153.97,153.47,A,183.46 - 28.99 = 154.47.,Math / Mathematics,Decimals
What is 12 × 5?,60,59,55,58,A,12 × 5 = 60.,Math / Mathematics,Multiplication
What is 3446 - 3232?,215,214,219,212,B,3446 - 3232 = 214.,Math / Mathematics,Subtraction
What is 6/5 + 2/4 (in simplest form)?,17/10,15/9,15/12,15/11,A,6/5 + 2/4 = 17/10 = 17/10 in simplest form.,Math / Mathematics,Fractions
What is 8/6 + 2/8 (in simplest form)?,19/12,18/13,18/11,17/12,A,8/6 + 2/8 = 19/12 = 19/12 in simplest form.,Math / Mathematics,Fractions
What is 9/10 + 1/7 (in simplest form)?,72/70,73/70,75/72,74/72,B,9/10 + 1/7 = 73/70 = 73/70 in simplest form.,Math / Mathematics,Fractions
What is 194.02 + 107.85?,303.87,302.87,301.87,301.77,C,194.02 + 107.85 = 301.87.,Math / Mathematics,Decimals
Solve for x: 5x + (4) = 34,9,6,7,4,B,"5x = 34 - (4) = 30, so x = 30/5 = 6.",Math / Mathematics,Equations
What is 5% of 1960?,113,98,108,78,B,5% of 1960 = (5/100) × 1960 = 98.,Math / Mathematics,Percentage
What is 70% of 1830?,1266,1271,1281,1286,C,70% of 1830 = (70/100) × 1830 = 1281.,Math / Mathematics,Percentage
What is 91 × 27?,2366,2548,2457,2484,C,91 × 27 = 2457.,Math / Mathematics,Multiplication
What is 40% of 1510?,614,619,624,604,D,40% of 1510 = (40/100) × 1510 = 604.,Math / Mathematics,Percentage
What is 32 × 45?,1440,1442,1430,1450,A,32 × 45 = 1440.,Math / Mathematics,Multiplication
What is 2155 + 8305?,10458,10460,10480,10440,B,2155 + 8305 = 10460.,Math / Mathematics,Addition
Which symbol correctly compares -416 and -33? (-416 ___ -33),>,≥,<,=,C,-416 < -33.,Math / Mathematics,Comparison
What is 6649 + 5515?,12174,12165,12144,12164,D,6649 + 5515 = 12164.,Math / Mathematics,Addition
What is 2255 ÷ 41?,56,52,55,53,C,"2255 ÷ 41 = 55, since 41 × 55 = 2255.",Math / Mathematics,Division
