Question,Option A,Option B,Option C,Option D,Correct Answer,Solution,Category,Subcategory
What is the English meaning of the Kannada word 'ಹಿಮ'?,one,welcome,snow/frost,science,C,'ಹಿಮ' means 'snow/frost' in English.,Kannada Subjects,Weather
Which statement correctly describes Kannada?,a Dravidian language predominantly spoken in the Indian state of Karnataka,"Kannada, Tamil, and Telugu are all Dravidian languages, though each has distinct scripts, grammar, and vocabulary","meaning 'speech' or 'language', often used poetically to refer to the Kannada language itself","the state of Karnataka in southern India, along with parts of neighbouring states",A,"By definition, Kannada is: a Dravidian language predominantly spoken in the Indian state of Karnataka",Kannada Subjects,Kannada Language
What is the English meaning of the Kannada word 'ಸ್ನೇಹಿತ'?,friend,morning,younger sister,fire,A,'ಸ್ನೇಹಿತ' means 'friend' in English.,Kannada Subjects,Vocabulary
"Which term matches this description: ""a saint-composer regarded as the 'father of Carnatic music', who composed devotional songs in Kannada""?",Karnataka's state emblem,Karnataka's state bird,Purandara Dasa,Karnataka's state tree,C,"The description matches Purandara Dasa: a saint-composer regarded as the 'father of Carnatic music', who composed devotional songs in Kannada",Kannada Subjects,Kannada Culture
"Which term matches this description: ""a respected Kannada writer and philosopher, best known for his work 'Mankutimmana Kagga'""?",Ha Ma Nayak,D V Gundappa (DVG),V K Gokak,Da Ra Bendre,B,"The description matches D V Gundappa (DVG): a respected Kannada writer and philosopher, best known for his work 'Mankutimmana Kagga'",Kannada Subjects,Kannada Literature
What is the English meaning of the Kannada word 'ಟೊಮ್ಯಾಟೊ'?,mirror,river,tomato,soil/earth,C,'ಟೊಮ್ಯಾಟೊ' means 'tomato' in English.,Kannada Subjects,Vocabulary
Which Kannada word means 'to come'?,ಈರುಳ್ಳಿ,ಸೆಪ್ಟೆಂಬರ್,ಕುರ್ಚಿ,ಬರುವುದು,D,'ಬರುವುದು' means 'to come' in English.,Kannada Subjects,Verbs
What is vyanjana (in Kannada grammar)?,"meaning 'your' (formal/plural), used as a possessive pronoun in Kannada","suffixes added to Kannada nouns to indicate their grammatical role in a sentence, such as subject, object, or possession",consonant sounds in the Kannada alphabet,Kannada generally follows a Subject-Object-Verb (SOV) word order,C,vyanjana (in Kannada grammar) is: consonant sounds in the Kannada alphabet,Kannada Subjects,Kannada Grammar
Which Kannada word means 'thirteen'?,ಒಳ್ಳೆಯ,ಭಾನುವಾರ,ಐದು,ಹದಿಮೂರು,D,'ಹದಿಮೂರು' means 'thirteen' in English.,Kannada Subjects,Numbers
Which statement correctly describes the geographic region where Kannada is predominantly spoken?,"Kannada is written from left to right, like most modern Indian scripts","the term for Old Kannada, the earlier form of the Kannada language used in ancient inscriptions and texts","the term for Middle Kannada, an intermediate stage in the historical development of the Kannada language","the state of Karnataka in southern India, along with parts of neighbouring states",D,"By definition, the geographic region where Kannada is predominantly spoken is: the state of Karnataka in southern India, along with parts of neighbouring states",Kannada Subjects,Kannada Language
What is the English meaning of the Kannada word 'ರಸ್ತೆ'?,road,sports/athletics,hot,cap/hat,A,'ರಸ್ತೆ' means 'road' in English.,Kannada Subjects,Vocabulary
"Fill in the blank: ______ refers to ""a person who natively speaks Kannada or belongs to the Kannada-speaking community, typically from Karnataka"".",Bevu Bella (in Ugadi tradition),the Kannada calendar system,the term 'Kannadiga',Kannada Rajyotsava,C,"the term 'Kannadiga' refers to: a person who natively speaks Kannada or belongs to the Kannada-speaking community, typically from Karnataka",Kannada Subjects,Kannada Culture
"Which term matches this description: ""consonant sounds in the Kannada alphabet""?",vyanjana (in Kannada grammar),the anuswara in Kannada script,a Kannada adjective (gunavaachaka),the Kannada word 'nanna',A,The description matches vyanjana (in Kannada grammar): consonant sounds in the Kannada alphabet,Kannada Subjects,Kannada Grammar
Which statement correctly describes a Kannada verb (kriya pada)?,a word in Kannada grammar that expresses an action or state of being,"meaning 'his/her/their' (respectful), used as a possessive pronoun in Kannada","the doer of the action in a Kannada sentence, typically the grammatical subject","the phonetic combination of two words or morphemes, joining them according to grammatical rules",A,"By definition, a Kannada verb (kriya pada) is: a word in Kannada grammar that expresses an action or state of being",Kannada Subjects,Kannada Grammar
What is the Kannada calendar system?,"the Indian roller (Neelakanthi Hakki), officially recognised as the state bird of Karnataka","meaning 'Mother Kannada', a personification of the Kannada language as a revered mother figure, celebrated in Kannada songs and poems","Karnataka traditionally follows a lunisolar calendar for festivals, with Ugadi marking the start of the new year","the ruins of Vijayanagara, a UNESCO World Heritage Site in Karnataka, showcasing historic architecture and Kannada heritage",C,"the Kannada calendar system is: Karnataka traditionally follows a lunisolar calendar for festivals, with Ugadi marking the start of the new year",Kannada Subjects,Kannada Culture
Which Kannada word means 'new'?,ಹೊಸ,ಗಣಿತ,ಮೇಜು,ಸೈಕಲ್,A,'ಹೊಸ' means 'new' in English.,Kannada Subjects,Adjectives
What is the English meaning of the Kannada word 'ಸಂಖ್ಯೆ'?,number,fifteen,mango,lightning,A,'ಸಂಖ್ಯೆ' means 'number' in English.,Kannada Subjects,Vocabulary
Which Kannada word means 'day'?,ದಿನ,ಮಾವು,ಎಷ್ಟು,ಹಾಡುವುದು,A,'ದಿನ' means 'day' in English.,Kannada Subjects,Vocabulary
What is the English meaning of the Kannada word 'ಮಂಗಳವಾರ'?,blue,September,stomach,Tuesday,D,'ಮಂಗಳವಾರ' means 'Tuesday' in English.,Kannada Subjects,Days of the Week
What is Purandara Dasa?,"a saint-composer regarded as the 'father of Carnatic music', who composed devotional songs in Kannada",a celebration observed on 1 November marking the formation of the state of Karnataka in 1956,"a traditional Kannada folk dance performed with drums, popular in northern Karnataka","the Gandaberunda, a two-headed mythical bird, adopted as the official state emblem of Karnataka",A,"Purandara Dasa is: a saint-composer regarded as the 'father of Carnatic music', who composed devotional songs in Kannada",Kannada Subjects,Kannada Culture
Which Kannada word means 'to write'?,ಪ್ರಶ್ನೆ,ಆಗಸ್ಟ್,ಬರೆಯುವುದು,ಹನ್ನೊಂದು,C,'ಬರೆಯುವುದು' means 'to write' in English.,Kannada Subjects,Verbs
Which Kannada word means 'game/play'?,ಆಟ,ದಿನ,ಜನವರಿ,ಕೈ,A,'ಆಟ' means 'game/play' in English.,Kannada Subjects,Vocabulary
Which Kannada word means 'bag'?,ಬಾಯಿ,ಬ್ಯಾಗ್,ಚಳಿ,ಆಲೂಗಡ್ಡೆ,B,'ಬ್ಯಾಗ್' means 'bag' in English.,Kannada Subjects,Vocabulary
Which Kannada word means 'west'?,ವಿಮಾನ,ಏನು,ಕಥೆ,ಪಶ್ಚಿಮ,D,'ಪಶ್ಚಿಮ' means 'west' in English.,Kannada Subjects,Vocabulary
What is the English meaning of the Kannada word 'ಸಂಗೀತ'?,lightning,music,elephant,year,B,'ಸಂಗೀತ' means 'music' in English.,Kannada Subjects,Vocabulary
Which Kannada word means 'tea'?,ಎಚ್ಚರಗೊಳ್ಳುವುದು,ಸೈಕಲ್,ಚಹಾ,ಒಂಬತ್ತು,C,'ಚಹಾ' means 'tea' in English.,Kannada Subjects,Vocabulary
Which Kannada word means 'when'?,ವಾಕ್ಯ,ಯಾವಾಗ,ಬಲಶಾಲಿ,ಮಾತನಾಡುವುದು,B,'ಯಾವಾಗ' means 'when' in English.,Kannada Subjects,Question Words
Which Kannada word means 'slow'?,ಊರು,ಕುಡಿಯುವುದು,ನಿಧಾನ,ಜ್ಞಾನ,C,'ನಿಧಾನ' means 'slow' in English.,Kannada Subjects,Adjectives
What is the English meaning of the Kannada word 'ಮಳೆಗಾಲ'?,game/play,coffee,south,monsoon/rainy season,D,'ಮಳೆಗಾಲ' means 'monsoon/rainy season' in English.,Kannada Subjects,Seasons
Which Kannada word means 'mirror'?,ಚಹಾ,ಚಿತ್ರ,ಅಕ್ಕಿ,ಕನ್ನಡಿ,D,'ಕನ್ನಡಿ' means 'mirror' in English.,Kannada Subjects,Vocabulary
Which Kannada word means 'beautiful'?,ಮಾವು,ಕೇಳುವುದು,ಸುಂದರ,ಬಸ್ಸು,C,'ಸುಂದರ' means 'beautiful' in English.,Kannada Subjects,Adjectives
What is the English meaning of the Kannada word 'ವಿದ್ಯಾರ್ಥಿ'?,twelve,nose,student,seven,C,'ವಿದ್ಯಾರ್ಥಿ' means 'student' in English.,Kannada Subjects,Vocabulary
What is Kannada Rajyotsava?,"the capital city of Karnataka, often referred to as the 'Silicon Valley of India'","Kannada is widely used as the medium of instruction in schools across Karnataka, alongside English and other languages",a celebration observed on 1 November marking the formation of the state of Karnataka in 1956,"a saint-composer regarded as the 'father of Carnatic music', who composed devotional songs in Kannada",C,Kannada Rajyotsava is: a celebration observed on 1 November marking the formation of the state of Karnataka in 1956,Kannada Subjects,Kannada Culture
Which Kannada word means 'elder brother'?,ಅಣ್ಣ,ಕಲಿಯುವುದು,ಆಗಸ್ಟ್,ವಿದ್ಯಾರ್ಥಿ,A,'ಅಣ್ಣ' means 'elder brother' in English.,Kannada Subjects,Vocabulary
Which Kannada word means 'to give'?,ಹಲ್ಲು,ಕೊಡುವುದು,ಎಲ್ಲಿ,ರಾಣಿ,B,'ಕೊಡುವುದು' means 'to give' in English.,Kannada Subjects,Verbs
What is the English meaning of the Kannada word 'ದೊಡ್ಡ'?,city,onion,difficult,big,D,'ದೊಡ್ಡ' means 'big' in English.,Kannada Subjects,Adjectives
"Fill in the blank: ______ refers to ""the state of Karnataka in southern India, along with parts of neighbouring states"".",Halegannada,the geographic region where Kannada is predominantly spoken,Kannada,Hosagannada,B,"the geographic region where Kannada is predominantly spoken refers to: the state of Karnataka in southern India, along with parts of neighbouring states",Kannada Subjects,Kannada Language
What is the Hoysala dynasty's contribution to Kannada?,"the Vijayanagara period saw significant growth in Kannada literature, alongside patronage of other regional languages",the Hoysalas were notable patrons of Kannada literature and are also known for their distinctive temple architecture in Karnataka,"the Wadeyars, rulers of the Mysore Kingdom, were notable patrons of Kannada language, literature, and the arts over several centuries",a legendary warrior and freedom fighter from Karnataka who fought against British rule alongside Kittur Chennamma,B,the Hoysala dynasty's contribution to Kannada is: the Hoysalas were notable patrons of Kannada literature and are also known for their distinctive temple architecture in Karnataka,Kannada Subjects,Kannada History
What is Kannada's relationship to Tamil and Telugu?,a colloquial Kannada phrase used to acknowledge that something is fine or acceptable,"Kannada is written from left to right, like most modern Indian scripts","the language family to which Kannada belongs, along with Tamil, Telugu, and Malayalam","Kannada, Tamil, and Telugu are all Dravidian languages, though each has distinct scripts, grammar, and vocabulary",D,"Kannada's relationship to Tamil and Telugu is: Kannada, Tamil, and Telugu are all Dravidian languages, though each has distinct scripts, grammar, and vocabulary",Kannada Subjects,Kannada Language
Which statement correctly describes the Kannada slogan 'Sirigannada'?,a colloquial Kannada phrase used to acknowledge that something is fine or acceptable,"a common Kannada phrase meaning 'how are you', used respectfully",Kannada was granted classical language status by the Government of India in 2008,"a term of pride meaning 'prosperous/glorious Kannada', often used in cultural and literary contexts",D,"By definition, the Kannada slogan 'Sirigannada' is: a term of pride meaning 'prosperous/glorious Kannada', often used in cultural and literary contexts",Kannada Subjects,Kannada Language
Which statement correctly describes Karnataka's state animal?,"the Gandaberunda, a two-headed mythical bird, adopted as the official state emblem of Karnataka","the ruins of Vijayanagara, a UNESCO World Heritage Site in Karnataka, showcasing historic architecture and Kannada heritage","the Indian elephant, officially recognised as the state animal of Karnataka","a traditional Hindu festival celebrated in Karnataka, particularly in Bengaluru, involving a ceremonial procession",C,"By definition, Karnataka's state animal is: the Indian elephant, officially recognised as the state animal of Karnataka",Kannada Subjects,Kannada Culture
Which statement correctly describes Nadagannada?,"an abugida writing system used to write the Kannada language, derived from the ancient Brahmi script",Kannada was granted classical language status by the Government of India in 2008,"the term for Middle Kannada, an intermediate stage in the historical development of the Kannada language","Kannada, Tamil, and Telugu are all Dravidian languages, though each has distinct scripts, grammar, and vocabulary",C,"By definition, Nadagannada is: the term for Middle Kannada, an intermediate stage in the historical development of the Kannada language",Kannada Subjects,Kannada Language
Which Kannada word means 'love'?,ಆಗಸ್ಟ್,ಕೈ,ಪ್ರೀತಿ,ಅಪ್ಪ,C,'ಪ್ರೀತಿ' means 'love' in English.,Kannada Subjects,Vocabulary
What is the English meaning of the Kannada word 'ಭಾಷೆ'?,hand,story,language,which,C,'ಭಾಷೆ' means 'language' in English.,Kannada Subjects,Vocabulary
"Which term matches this description: ""a Kannada writer known as the father of the Kannada short story, and a Jnanpith Award recipient""?",Girish Karnad,Ha Ma Nayak,Masti Venkatesha Iyengar,Akka Mahadevi,C,"The description matches Masti Venkatesha Iyengar: a Kannada writer known as the father of the Kannada short story, and a Jnanpith Award recipient",Kannada Subjects,Kannada Literature
Which statement correctly describes the term 'Karnataka' etymology?,a legendary warrior and freedom fighter from Karnataka who fought against British rule alongside Kittur Chennamma,"meaning 'unification', referring to the movement that led to the formation of the unified state of Karnataka in 1956","the movement advocating for the unification of Kannada-speaking regions into a single state, which led to the formation of Karnataka in 1956","widely believed to derive from 'karu nadu', meaning 'lofty/black land' or 'elevated land', referring to the region's terrain",D,"By definition, the term 'Karnataka' etymology is: widely believed to derive from 'karu nadu', meaning 'lofty/black land' or 'elevated land', referring to the region's terrain",Kannada Subjects,Kannada History
What is the English meaning of the Kannada word 'ಬಣ್ಣ'?,December,fish,colour,afternoon,C,'ಬಣ್ಣ' means 'colour' in English.,Kannada Subjects,Vocabulary
"Which term matches this description: ""Kannada was granted classical language status by the Government of India in 2008""?",Kannada's UNESCO/classical recognition year,the term 'Kasturi Kannada',the Kannada word 'nudi',the Dravidian language family,A,The description matches Kannada's UNESCO/classical recognition year: Kannada was granted classical language status by the Government of India in 2008,Kannada Subjects,Kannada Language
Which statement correctly describes the Chalukya dynasty's contribution to Kannada?,"a town in Karnataka known for its rock-cut cave temples, once the capital of the Chalukya dynasty",a legendary warrior and freedom fighter from Karnataka who fought against British rule alongside Kittur Chennamma,"widely believed to derive from 'karu nadu', meaning 'lofty/black land' or 'elevated land', referring to the region's terrain","the Chalukyas patronised Kannada literature and inscriptions, contributing to its early development",D,"By definition, the Chalukya dynasty's contribution to Kannada is: the Chalukyas patronised Kannada literature and inscriptions, contributing to its early development",Kannada Subjects,Kannada History
What is the English meaning of the Kannada word 'ಮೋಡ'?,Thursday,word,cloud,beautiful,C,'ಮೋಡ' means 'cloud' in English.,Kannada Subjects,Weather
"Fill in the blank: ______ refers to ""a Kannada scholar, poet, and educator known for his contributions to Kannada language teaching and children's literature"".",Ha Ma Nayak,Ponna,Beechi (R V Bhandari),Mankutimmana Kagga,A,"Ha Ma Nayak refers to: a Kannada scholar, poet, and educator known for his contributions to Kannada language teaching and children's literature",Kannada Subjects,Kannada Literature
Which Kannada word means 'hill/mountain'?,ಹೌದು,ಹೋಗುವುದು,ಬೆಟ್ಟ,ಗೋಧಿ,C,'ಬೆಟ್ಟ' means 'hill/mountain' in English.,Kannada Subjects,Vocabulary
"Which term matches this description: ""the receiver of the action in a Kannada sentence, typically the grammatical object""?",a Kannada karma (object),a sandhi (in Kannada grammar),compound letters (ottakshara) in Kannada,the honorific suffix '-avaru' in Kannada,A,"The description matches a Kannada karma (object): the receiver of the action in a Kannada sentence, typically the grammatical object",Kannada Subjects,Kannada Grammar
What is the English meaning of the Kannada word 'ತಂಗಿ'?,younger sister,blue,car,thunder,A,'ತಂಗಿ' means 'younger sister' in English.,Kannada Subjects,Vocabulary
"Which term matches this description: ""the lotus (Kamala), officially recognised as the state flower of Karnataka""?",Ugadi,a gaadhe (proverb) in Kannada,Karnataka's state flower,the Kannada Development Authority,C,"The description matches Karnataka's state flower: the lotus (Kamala), officially recognised as the state flower of Karnataka",Kannada Subjects,Kannada Culture
Which Kannada word means 'welcome'?,ಸ್ವಾಗತ,ಗಿಡ್ಡ,ಏಪ್ರಿಲ್,ಮರ,A,'ಸ್ವಾಗತ' means 'welcome' in English.,Kannada Subjects,Vocabulary
Which Kannada word means 'younger brother'?,ಇಬ್ಬನಿ,ರಾಣಿ,ಚಹಾ,ತಮ್ಮ,D,'ತಮ್ಮ' means 'younger brother' in English.,Kannada Subjects,Vocabulary
What is the term 'Kannadambe'?,"Karnataka traditionally follows a lunisolar calendar for festivals, with Ugadi marking the start of the new year","meaning 'Mother Kannada', a personification of the Kannada language as a revered mother figure, celebrated in Kannada songs and poems","the ruins of Vijayanagara, a UNESCO World Heritage Site in Karnataka, showcasing historic architecture and Kannada heritage","meaning 'the land of Kannada', a poetic reference to the state of Karnataka and its Kannada-speaking people",B,"the term 'Kannadambe' is: meaning 'Mother Kannada', a personification of the Kannada language as a revered mother figure, celebrated in Kannada songs and poems",Kannada Subjects,Kannada Culture
Which Kannada word means 'monsoon/rainy season'?,ಮಳೆಗಾಲ,ಚಿತ್ರ,ದೀಪ,ಪಶ್ಚಿಮ,A,'ಮಳೆಗಾಲ' means 'monsoon/rainy season' in English.,Kannada Subjects,Seasons
What is the Kannada alphabet's consonants (vyanjanagalu)?,"the set of independent vowel sounds in Kannada, including ಅ (a), ಆ (aa), ಇ (i), ಈ (ii), ಉ (u), and others","the set of consonant sounds in Kannada, such as ಕ (ka), ಖ (kha), ಗ (ga), and others, which combine with vowels to form syllables","a sound represented by two dots (ಃ) after a letter, indicating a light aspirated 'h' sound",a word in Kannada grammar that expresses an action or state of being,B,"the Kannada alphabet's consonants (vyanjanagalu) is: the set of consonant sounds in Kannada, such as ಕ (ka), ಖ (kha), ಗ (ga), and others, which combine with vowels to form syllables",Kannada Subjects,Kannada Grammar
What is the English meaning of the Kannada word 'ಸೈಕಲ್'?,spring season,time,bicycle,moon,C,'ಸೈಕಲ್' means 'bicycle' in English.,Kannada Subjects,Vocabulary
What is the English meaning of the Kannada word 'ದೋಣಿ'?,lamp,boat,today,lightning,B,'ದೋಣಿ' means 'boat' in English.,Kannada Subjects,Vocabulary
Which Kannada word means 'big'?,ಕಪ್ಪು,ಎತ್ತರ,ದೊಡ್ಡ,ಜಯ,C,'ದೊಡ್ಡ' means 'big' in English.,Kannada Subjects,Adjectives
What is the English meaning of the Kannada word 'ಸೋಲು'?,May,defeat/loss,to learn,elephant,B,'ಸೋಲು' means 'defeat/loss' in English.,Kannada Subjects,Vocabulary
Which statement correctly describes a Kannada adjective (gunavaachaka)?,"a word in Kannada grammar used in place of a noun, such as ನಾನು (I) or ಅವನು (he)","a sound represented by two dots (ಃ) after a letter, indicating a light aspirated 'h' sound",a word in Kannada grammar used to describe or qualify a noun,vowel sounds in the Kannada alphabet,C,"By definition, a Kannada adjective (gunavaachaka) is: a word in Kannada grammar used to describe or qualify a noun",Kannada Subjects,Kannada Grammar
Which statement correctly describes the Kavirajamarga?,"a poetic composition in Kannada literature, written in verse form","a form of Kannada devotional poetry written in prose-like verses, popularised by the Lingayat saints of the 12th century",a well-known philosophical Kannada poetic work written by D V Gundappa,"an early treatise on Kannada poetics and rhetoric, considered one of the earliest available works on Kannada literary criticism",D,"By definition, the Kavirajamarga is: an early treatise on Kannada poetics and rhetoric, considered one of the earliest available works on Kannada literary criticism",Kannada Subjects,Kannada Literature
Which Kannada word means 'rice (uncooked)'?,ಬಾಗಿಲು,ಅಕ್ಕ,ಅಕ್ಕಿ,ಮಿಂಚು,C,'ಅಕ್ಕಿ' means 'rice (uncooked)' in English.,Kannada Subjects,Vocabulary
"Fill in the blank: ______ refers to ""the set of independent vowel sounds in Kannada, including ಅ (a), ಆ (aa), ಇ (i), ಈ (ii), ಉ (u), and others"".",the Kannada alphabet's vowels (swaragalu),the Kannada word 'avara',a Kannada adjective (gunavaachaka),the Kannada word 'nimma',A,"the Kannada alphabet's vowels (swaragalu) refers to: the set of independent vowel sounds in Kannada, including ಅ (a), ಆ (aa), ಇ (i), ಈ (ii), ಉ (u), and others",Kannada Subjects,Kannada Grammar
Which statement correctly describes Karnataka's state bird?,"a saint-composer regarded as the 'father of Carnatic music', who composed devotional songs in Kannada","the Indian elephant, officially recognised as the state animal of Karnataka","meaning 'Mother Kannada', a personification of the Kannada language as a revered mother figure, celebrated in Kannada songs and poems","the Indian roller (Neelakanthi Hakki), officially recognised as the state bird of Karnataka",D,"By definition, Karnataka's state bird is: the Indian roller (Neelakanthi Hakki), officially recognised as the state bird of Karnataka",Kannada Subjects,Kannada Culture
What is the English meaning of the Kannada word 'ದ್ರಾಕ್ಷಿ'?,west,two,good,grapes,D,'ದ್ರಾಕ್ಷಿ' means 'grapes' in English.,Kannada Subjects,Vocabulary
Which Kannada word means 'afternoon'?,ಮಿಂಚು,ಮಧ್ಯಾಹ್ನ,ಕಷ್ಟ,ಬೆಕ್ಕು,B,'ಮಧ್ಯಾಹ್ನ' means 'afternoon' in English.,Kannada Subjects,Vocabulary
Which statement correctly describes U R Ananthamurthy?,"a celebrated Kannada novelist and critic, known for his novel 'Samskara'","a poetic composition in Kannada literature, written in verse form","a Kannada poet, playwright, and Jnanpith Award recipient known for blending folk traditions with modern literature","a prolific Kannada writer, social reformer, and Jnanpith Award recipient known for his novels",A,"By definition, U R Ananthamurthy is: a celebrated Kannada novelist and critic, known for his novel 'Samskara'",Kannada Subjects,Kannada Literature
Which statement correctly describes the Dravidian language family?,"meaning 'speech' or 'language', often used poetically to refer to the Kannada language itself","the language family to which Kannada belongs, along with Tamil, Telugu, and Malayalam",a colloquial Kannada phrase used to acknowledge that something is fine or acceptable,"a common Kannada greeting meaning 'hello' or 'salutations', used to greet someone respectfully",B,"By definition, the Dravidian language family is: the language family to which Kannada belongs, along with Tamil, Telugu, and Malayalam",Kannada Subjects,Kannada Language
Which Kannada word means 'sugar'?,ಮೇ,ಅಕ್ಷರ,ಸಕ್ಕರೆ,ರಾಣಿ,C,'ಸಕ್ಕರೆ' means 'sugar' in English.,Kannada Subjects,Vocabulary
What is the English meaning of the Kannada word 'ವೇಗ'?,fast/speed,village/town,afternoon,hundred,A,'ವೇಗ' means 'fast/speed' in English.,Kannada Subjects,Adjectives
"Fill in the blank: ______ refers to ""Kannada, which is also one of the classical languages recognised by the Government of India"".",Kannada's UNESCO/classical recognition year,Nadagannada,the Kannada word 'holagide',the official language of Karnataka,D,"the official language of Karnataka refers to: Kannada, which is also one of the classical languages recognised by the Government of India",Kannada Subjects,Kannada Language
Which Kannada word means 'which'?,ಹನ್ನೊಂದು,ಆಡುವುದು,ಎಲೆ,ಯಾವುದು,D,'ಯಾವುದು' means 'which' in English.,Kannada Subjects,Question Words
What is the English meaning of the Kannada word 'ಬದನೆಕಾಯಿ'?,happiness,green,brinjal/eggplant,work/job,C,'ಬದನೆಕಾಯಿ' means 'brinjal/eggplant' in English.,Kannada Subjects,Vocabulary
What is a Kannada karta (subject)?,"the doer of the action in a Kannada sentence, typically the grammatical subject",a word in Kannada grammar used to describe or qualify a noun,consonant sounds in the Kannada alphabet,a nasal sound represented by a dot (ಂ) placed above a letter in Kannada writing,A,"a Kannada karta (subject) is: the doer of the action in a Kannada sentence, typically the grammatical subject",Kannada Subjects,Kannada Grammar
What is Karnataka's state animal?,"a traditional Hindu festival celebrated in Karnataka, particularly in Bengaluru, involving a ceremonial procession","the Indian elephant, officially recognised as the state animal of Karnataka","organisations historically formed to promote Kannada language, literature, and culture, both in India and among the diaspora",a traditional saying in the Kannada language that conveys wisdom or a moral lesson,B,"Karnataka's state animal is: the Indian elephant, officially recognised as the state animal of Karnataka",Kannada Subjects,Kannada Culture
Which Kannada word means 'where'?,ಕಿಟಕಿ,ಎಲ್ಲಿ,ನದಿ,ನೃತ್ಯ,B,'ಎಲ್ಲಿ' means 'where' in English.,Kannada Subjects,Question Words
"Which term matches this description: ""a respectful suffix added to a person's name or title in Kannada to show respect, similar to 'Mr./Mrs.' or 'Sir/Madam'""?",the Kannada word 'nimma',the honorific suffix '-avaru' in Kannada,a Kannada pronoun (sarvanaama),a Kannada verb (kriya pada),B,"The description matches the honorific suffix '-avaru' in Kannada: a respectful suffix added to a person's name or title in Kannada to show respect, similar to 'Mr./Mrs.' or 'Sir/Madam'",Kannada Subjects,Kannada Grammar
"Which term matches this description: ""widely believed to derive from 'karu nadu', meaning 'lofty/black land' or 'elevated land', referring to the region's terrain""?",the term 'Karnataka' etymology,the Hoysala dynasty's contribution to Kannada,the historic city of Badami,the Vijayanagara Empire's contribution to Kannada literature,A,"The description matches the term 'Karnataka' etymology: widely believed to derive from 'karu nadu', meaning 'lofty/black land' or 'elevated land', referring to the region's terrain",Kannada Subjects,Kannada History
Which statement correctly describes the Hampi ruins?,"a traditional Kannada folk dance performed with drums, popular in northern Karnataka","sandalwood (Shrigandha), officially recognised as the state tree of Karnataka","the ruins of Vijayanagara, a UNESCO World Heritage Site in Karnataka, showcasing historic architecture and Kannada heritage",a body established by the Government of Karnataka to promote the use and development of the Kannada language,C,"By definition, the Hampi ruins is: the ruins of Vijayanagara, a UNESCO World Heritage Site in Karnataka, showcasing historic architecture and Kannada heritage",Kannada Subjects,Kannada Culture
"Fill in the blank: ______ refers to ""the movement advocating for the unification of Kannada-speaking regions into a single state, which led to the formation of Karnataka in 1956"".",the Karnataka Ekikarana movement,Alur Venkata Rao,the Chalukya dynasty's contribution to Kannada,the Mysore Kingdom's role in Kannada heritage,A,"the Karnataka Ekikarana movement refers to: the movement advocating for the unification of Kannada-speaking regions into a single state, which led to the formation of Karnataka in 1956",Kannada Subjects,Kannada History
Which Kannada word means 'east'?,ಫೆಬ್ರವರಿ,ಭಾನುವಾರ,ಪೂರ್ವ,ದೀಪ,C,'ಪೂರ್ವ' means 'east' in English.,Kannada Subjects,Vocabulary
"Which term matches this description: ""'ಪುಸ್ತಕ' (pustaka), commonly used to refer to a book in Kannada""?",the Kannada word for 'book',the Jnanpith Award,the visarga in Kannada script,the geographic region where Kannada is predominantly spoken,A,"The description matches the Kannada word for 'book': 'ಪುಸ್ತಕ' (pustaka), commonly used to refer to a book in Kannada",Kannada Subjects,Kannada Vocabulary Notes
"Fill in the blank: ______ refers to ""considered the oldest available inscription in the Kannada language, dated to around the 5th century CE"".",Sangolli Rayanna,the Vijayanagara Empire's contribution to Kannada literature,the historic town of Halebidu,the Halmidi inscription,D,"the Halmidi inscription refers to: considered the oldest available inscription in the Kannada language, dated to around the 5th century CE",Kannada Subjects,Kannada History
What is the English meaning of the Kannada word 'ಫಲಿತಾಂಶ'?,result,who,answer/reply,tooth,A,'ಫಲಿತಾಂಶ' means 'result' in English.,Kannada Subjects,Vocabulary
"Fill in the blank: ______ refers to ""the term for Middle Kannada, an intermediate stage in the historical development of the Kannada language"".",the direction of Kannada writing,Nadagannada,Hosagannada,the geographic region where Kannada is predominantly spoken,B,"Nadagannada refers to: the term for Middle Kannada, an intermediate stage in the historical development of the Kannada language",Kannada Subjects,Kannada Language
Which statement correctly describes Purandara Dasa?,"a saint-composer regarded as the 'father of Carnatic music', who composed devotional songs in Kannada","a traditional Kannada folk dance performed with drums, popular in northern Karnataka","a traditional Hindu festival celebrated in Karnataka, particularly in Bengaluru, involving a ceremonial procession","Kannada is widely used as the medium of instruction in schools across Karnataka, alongside English and other languages",A,"By definition, Purandara Dasa is: a saint-composer regarded as the 'father of Carnatic music', who composed devotional songs in Kannada",Kannada Subjects,Kannada Culture
What is the English meaning of the Kannada word 'ಬಟ್ಟೆ'?,nine,September,cloth/clothes,cloud,C,'ಬಟ್ಟೆ' means 'cloth/clothes' in English.,Kannada Subjects,Vocabulary
"Which term matches this description: ""an early treatise on Kannada poetics and rhetoric, considered one of the earliest available works on Kannada literary criticism""?",Masti Venkatesha Iyengar,the Kavirajamarga,Akka Mahadevi,the term 'Kannada Sahitya',B,"The description matches the Kavirajamarga: an early treatise on Kannada poetics and rhetoric, considered one of the earliest available works on Kannada literary criticism",Kannada Subjects,Kannada Literature
"Which term matches this description: ""vowel sounds in the Kannada alphabet""?",the Kannada alphabet's vowels (swaragalu),typical Kannada sentence word order,the anuswara in Kannada script,swara (in Kannada grammar),D,The description matches swara (in Kannada grammar): vowel sounds in the Kannada alphabet,Kannada Subjects,Kannada Grammar
Which Kannada word means 'summer'?,ವಿಮಾನ,ಅಳುವುದು,ಬಲಹೀನ,ಬೇಸಿಗೆ,D,'ಬೇಸಿಗೆ' means 'summer' in English.,Kannada Subjects,Seasons
What is the English meaning of the Kannada word 'ಒಳ್ಳೆಯ'?,cap/hat,moon,five,good,D,'ಒಳ್ಳೆಯ' means 'good' in English.,Kannada Subjects,Adjectives
What is the English meaning of the Kannada word 'ಒಂದು'?,one,moon,rice (cooked),student,A,'ಒಂದು' means 'one' in English.,Kannada Subjects,Numbers
What is the English meaning of the Kannada word 'ರಾಣಿ'?,result,queen,teacher/guru,south,B,'ರಾಣಿ' means 'queen' in English.,Kannada Subjects,Vocabulary
What is the Dravidian language family?,"meaning 'script', referring to the writing system used to write the Kannada language",a Dravidian language predominantly spoken in the Indian state of Karnataka,"a common Kannada phrase meaning 'how are you', used respectfully","the language family to which Kannada belongs, along with Tamil, Telugu, and Malayalam",D,"the Dravidian language family is: the language family to which Kannada belongs, along with Tamil, Telugu, and Malayalam",Kannada Subjects,Kannada Language
What is the historic city of Badami?,the Hoysalas were notable patrons of Kannada literature and are also known for their distinctive temple architecture in Karnataka,"the Chalukyas patronised Kannada literature and inscriptions, contributing to its early development","Kittur, a small kingdom in present-day Karnataka, known for Rani Chennamma's early resistance against British rule","a town in Karnataka known for its rock-cut cave temples, once the capital of the Chalukya dynasty",D,"the historic city of Badami is: a town in Karnataka known for its rock-cut cave temples, once the capital of the Chalukya dynasty",Kannada Subjects,Kannada History
What is the English meaning of the Kannada word 'ನಾಳೆ'?,winter,tomorrow,garlic,cold,B,'ನಾಳೆ' means 'tomorrow' in English.,Kannada Subjects,Vocabulary
Which statement correctly describes the historic city of Belur?,"Kittur, a small kingdom in present-day Karnataka, known for Rani Chennamma's early resistance against British rule","a town in Karnataka renowned for the Chennakeshava Temple, built during the Hoysala period","widely believed to derive from 'karu nadu', meaning 'lofty/black land' or 'elevated land', referring to the region's terrain",the Hoysalas were notable patrons of Kannada literature and are also known for their distinctive temple architecture in Karnataka,B,"By definition, the historic city of Belur is: a town in Karnataka renowned for the Chennakeshava Temple, built during the Hoysala period",Kannada Subjects,Kannada History
"Fill in the blank: ______ refers to ""an abugida writing system used to write the Kannada language, derived from the ancient Brahmi script"".",the term 'Kasturi Kannada',the geographic region where Kannada is predominantly spoken,the Kannada script,the direction of Kannada writing,C,"the Kannada script refers to: an abugida writing system used to write the Kannada language, derived from the ancient Brahmi script",Kannada Subjects,Kannada Language
Which Kannada word means 'sentence'?,ಸುಂದರ,ಉತ್ತರ (ಜವಾಬು),ವಾಕ್ಯ,ನೃತ್ಯ,C,'ವಾಕ್ಯ' means 'sentence' in English.,Kannada Subjects,Vocabulary
"Fill in the blank: ______ refers to ""a renowned Kannada poet known for his lyrical poetry, awarded the Jnanpith Award"".",Da Ra Bendre,a Tripadi (in Kannada poetry),Triveni (Anasuya Shankar),Chandrashekhara Kambara,A,"Da Ra Bendre refers to: a renowned Kannada poet known for his lyrical poetry, awarded the Jnanpith Award",Kannada Subjects,Kannada Literature
"Fill in the blank: ______ refers to ""a queen of Kittur who led an armed resistance against the British East India Company in the early 19th century, celebrated in Kannada history and literature"".",Sangolli Rayanna,Rani Chennamma's kingdom,Kittur Chennamma,the Mysore Kingdom's role in Kannada heritage,C,"Kittur Chennamma refers to: a queen of Kittur who led an armed resistance against the British East India Company in the early 19th century, celebrated in Kannada history and literature",Kannada Subjects,Kannada History
"Which term matches this description: ""a traditional theatre form combining dance, music, and dialogue, popular in coastal Karnataka""?",Karnataka's state tree,Karnataka's state flower,the phrase 'Kannada Naadu',Yakshagana,D,"The description matches Yakshagana: a traditional theatre form combining dance, music, and dialogue, popular in coastal Karnataka",Kannada Subjects,Kannada Culture
Which Kannada word means 'mango'?,ಸಮಯ,ಬೆಂಕಿ,ಬೆಟ್ಟ,ಮಾವು,D,'ಮಾವು' means 'mango' in English.,Kannada Subjects,Vocabulary
Which Kannada word means 'how much/how many'?,ಹಳೆಯ,ಎಷ್ಟು,ಕುದುರೆ,ಸತ್ಯ,B,'ಎಷ್ಟು' means 'how much/how many' in English.,Kannada Subjects,Question Words
Which Kannada word means 'apple'?,ಆಟ,ಬರುವುದು,ಪದ,ಸೇಬು,D,'ಸೇಬು' means 'apple' in English.,Kannada Subjects,Vocabulary
Which Kannada word means 'picture/film'?,ಗುಡುಗು,ಚಿತ್ರ,ನಾಲ್ಕು,ಒಂಬತ್ತು,B,'ಚಿತ್ರ' means 'picture/film' in English.,Kannada Subjects,Vocabulary
What is the English meaning of the Kannada word 'ನಿಧಾನ'?,cow,slow,table,new,B,'ನಿಧಾನ' means 'slow' in English.,Kannada Subjects,Adjectives
"Fill in the blank: ______ refers to ""a prolific Kannada writer, social reformer, and Jnanpith Award recipient known for his novels"".",Girish Karnad,V K Gokak,Shivarama Karanth,the term 'Kannada Sahitya',C,"Shivarama Karanth refers to: a prolific Kannada writer, social reformer, and Jnanpith Award recipient known for his novels",Kannada Subjects,Kannada Literature
Which statement correctly describes Dollu Kunitha?,"a traditional Kannada folk dance performed with drums, popular in northern Karnataka","the capital city of Karnataka, often referred to as the 'Silicon Valley of India'","sandalwood (Shrigandha), officially recognised as the state tree of Karnataka","meaning 'the land of Kannada', a poetic reference to the state of Karnataka and its Kannada-speaking people",A,"By definition, Dollu Kunitha is: a traditional Kannada folk dance performed with drums, popular in northern Karnataka",Kannada Subjects,Kannada Culture
Which Kannada word means 'cold'?,ಪೆನ್ಸಿಲ್,ಡಿಸೆಂಬರ್,ಹಾವು,ತಣ್ಣಗೆ,D,'ತಣ್ಣಗೆ' means 'cold' in English.,Kannada Subjects,Adjectives
What is the English meaning of the Kannada word 'ಕುಟುಂಬ'?,city,family,salt,month,B,'ಕುಟುಂಬ' means 'family' in English.,Kannada Subjects,Vocabulary
"Fill in the blank: ______ refers to ""a major festival celebrated in Mysuru, Karnataka, marking the victory of good over evil and the state's royal heritage"".",the Kannada calendar system,Mysuru Dasara,the term 'Kannadiga',the term 'Kannadambe',B,"Mysuru Dasara refers to: a major festival celebrated in Mysuru, Karnataka, marking the victory of good over evil and the state's royal heritage",Kannada Subjects,Kannada Culture
What is the English meaning of the Kannada word 'ಮೊದಲು'?,stomach,blue,before/first,black,C,'ಮೊದಲು' means 'before/first' in English.,Kannada Subjects,Vocabulary
"Which term matches this description: ""meaning 'Mother Kannada', a personification of the Kannada language as a revered mother figure, celebrated in Kannada songs and poems""?",Nadoja award,Kannada Rajyotsava,the term 'Kannadambe',Karnataka's state flower,C,"The description matches the term 'Kannadambe': meaning 'Mother Kannada', a personification of the Kannada language as a revered mother figure, celebrated in Kannada songs and poems",Kannada Subjects,Kannada Culture
Which statement correctly describes V K Gokak?,"a celebrated Kannada novelist and critic, known for his novel 'Samskara'","a Kannada poet, scholar, and Jnanpith Award recipient known for his contribution to Kannada literature and education",a Kannada novelist and journalist known for his socially conscious literary works,"Pampa, Ponna, and Ranna, three celebrated poets of the classical period of Kannada literature",B,"By definition, V K Gokak is: a Kannada poet, scholar, and Jnanpith Award recipient known for his contribution to Kannada literature and education",Kannada Subjects,Kannada Literature
What is the English meaning of the Kannada word 'ಫೆಬ್ರವರಿ'?,answer/reply,elder brother,February,meal/food,C,'ಫೆಬ್ರವರಿ' means 'February' in English.,Kannada Subjects,Months
What is Chandrashekhara Kambara?,"a Kannada poet, playwright, and Jnanpith Award recipient known for blending folk traditions with modern literature",a prominent organisation established to promote and develop Kannada language and literature,"an early treatise on Kannada poetics and rhetoric, considered one of the earliest available works on Kannada literary criticism","a well-known Kannada playwright, actor, and film director, recipient of the Jnanpith Award",A,"Chandrashekhara Kambara is: a Kannada poet, playwright, and Jnanpith Award recipient known for blending folk traditions with modern literature",Kannada Subjects,Kannada Literature
What is the English meaning of the Kannada word 'ಮೀನು'?,green,fish,fourteen,old,B,'ಮೀನು' means 'fish' in English.,Kannada Subjects,Vocabulary
What is the visarga in Kannada script?,a nasal sound represented by a dot (ಂ) placed above a letter in Kannada writing,"a sound represented by two dots (ಃ) after a letter, indicating a light aspirated 'h' sound","meaning 'your' (formal/plural), used as a possessive pronoun in Kannada","the phonetic combination of two words or morphemes, joining them according to grammatical rules",B,"the visarga in Kannada script is: a sound represented by two dots (ಃ) after a letter, indicating a light aspirated 'h' sound",Kannada Subjects,Kannada Grammar
Which Kannada word means 'south'?,ಬೇಸಿಗೆ,ದಕ್ಷಿಣ,ಕ್ಯಾರೆಟ್,ಟೊಮ್ಯಾಟೊ,B,'ದಕ್ಷಿಣ' means 'south' in English.,Kannada Subjects,Vocabulary
"Which term matches this description: ""a classical Kannada poet, one of the 'three gems' (ratnatraya) of early Kannada literature""?",Ranna,Shivarama Karanth,Ponna,Girish Karnad,A,"The description matches Ranna: a classical Kannada poet, one of the 'three gems' (ratnatraya) of early Kannada literature",Kannada Subjects,Kannada Literature
What is the English meaning of the Kannada word 'ಎಲ್ಲಿ'?,letter,where,ten,north / answer,B,'ಎಲ್ಲಿ' means 'where' in English.,Kannada Subjects,Question Words
"Which term matches this description: ""Kannada nouns are typically pluralised by adding suffixes such as '-galu' or '-aru' depending on the noun type""?",a Kannada karma (object),plural formation in Kannada nouns,a Kannada adjective (gunavaachaka),a sandhi (in Kannada grammar),B,The description matches plural formation in Kannada nouns: Kannada nouns are typically pluralised by adding suffixes such as '-galu' or '-aru' depending on the noun type,Kannada Subjects,Kannada Grammar
Which Kannada word means 'yesterday'?,ನಿನ್ನೆ,ಮೇಜು,ಟೊಪ್ಪಿಗೆ,ಯಾರು,A,'ನಿನ್ನೆ' means 'yesterday' in English.,Kannada Subjects,Vocabulary
Which statement correctly describes Kannada Rajyotsava?,a body established by the Government of Karnataka to promote the use and development of the Kannada language,"meaning 'Mother Kannada', a personification of the Kannada language as a revered mother figure, celebrated in Kannada songs and poems","a mixture of neem leaves and jaggery eaten during Ugadi, symbolising the balance of life's bitter and sweet moments",a celebration observed on 1 November marking the formation of the state of Karnataka in 1956,D,"By definition, Kannada Rajyotsava is: a celebration observed on 1 November marking the formation of the state of Karnataka in 1956",Kannada Subjects,Kannada Culture
"Fill in the blank: ______ refers to ""Kannada was granted classical language status by the Government of India in 2008"".",the Kannada word for 'thank you',the term 'Kasturi Kannada',Kannada's UNESCO/classical recognition year,the Kannada script,C,Kannada's UNESCO/classical recognition year refers to: Kannada was granted classical language status by the Government of India in 2008,Kannada Subjects,Kannada Language
"Fill in the blank: ______ refers to ""a body established by the Government of Karnataka to promote the use and development of the Kannada language"".",Bevu Bella (in Ugadi tradition),Dollu Kunitha,the Kannada Development Authority,a gaadhe (proverb) in Kannada,C,the Kannada Development Authority refers to: a body established by the Government of Karnataka to promote the use and development of the Kannada language,Kannada Subjects,Kannada Culture
"Which term matches this description: ""'ವಂದನೆಗಳು' (vandanegalu) or 'ಧನ್ಯವಾದಗಳು' (dhanyavaadagalu), commonly used to express gratitude""?",the Kannada script,Kannada,Kannada's relationship to Tamil and Telugu,the Kannada word for 'thank you',D,"The description matches the Kannada word for 'thank you': 'ವಂದನೆಗಳು' (vandanegalu) or 'ಧನ್ಯವಾದಗಳು' (dhanyavaadagalu), commonly used to express gratitude",Kannada Subjects,Kannada Language
What is Kannada?,"the term for Old Kannada, the earlier form of the Kannada language used in ancient inscriptions and texts","the term for Middle Kannada, an intermediate stage in the historical development of the Kannada language","Kannada, which is also one of the classical languages recognised by the Government of India",a Dravidian language predominantly spoken in the Indian state of Karnataka,D,Kannada is: a Dravidian language predominantly spoken in the Indian state of Karnataka,Kannada Subjects,Kannada Language
Which Kannada word means 'yes'?,ಯಾರು,ಹೌದು,ತಿನ್ನುವುದು,ನೃತ್ಯ,B,'ಹೌದು' means 'yes' in English.,Kannada Subjects,Vocabulary
What is the English meaning of the Kannada word 'ಮೂಗು'?,nose,elder brother,boat,strong,A,'ಮೂಗು' means 'nose' in English.,Kannada Subjects,Body Parts
Which statement correctly describes Yakshagana?,"the lotus (Kamala), officially recognised as the state flower of Karnataka","a major festival celebrated in Mysuru, Karnataka, marking the victory of good over evil and the state's royal heritage","the Gandaberunda, a two-headed mythical bird, adopted as the official state emblem of Karnataka","a traditional theatre form combining dance, music, and dialogue, popular in coastal Karnataka",D,"By definition, Yakshagana is: a traditional theatre form combining dance, music, and dialogue, popular in coastal Karnataka",Kannada Subjects,Kannada Culture
What is the English meaning of the Kannada word 'ಪ್ರೀತಿ'?,love,Tuesday,how much/how many,lightning,A,'ಪ್ರೀತಿ' means 'love' in English.,Kannada Subjects,Vocabulary
Which statement correctly describes Karaga?,"Karnataka traditionally follows a lunisolar calendar for festivals, with Ugadi marking the start of the new year",a traditional saying in the Kannada language that conveys wisdom or a moral lesson,"a traditional Hindu festival celebrated in Karnataka, particularly in Bengaluru, involving a ceremonial procession","meaning 'Mother Kannada', a personification of the Kannada language as a revered mother figure, celebrated in Kannada songs and poems",C,"By definition, Karaga is: a traditional Hindu festival celebrated in Karnataka, particularly in Bengaluru, involving a ceremonial procession",Kannada Subjects,Kannada Culture
Which Kannada word means 'Tuesday'?,ಪದ,ಮಂಗಳವಾರ,ಅಮ್ಮ,ಸೈಕಲ್,B,'ಮಂಗಳವಾರ' means 'Tuesday' in English.,Kannada Subjects,Days of the Week
What is the English meaning of the Kannada word 'ಸಂಗೀತ ಶಾಸ್ತ್ರ'?,salt,picture/film,music (academic study),October,C,'ಸಂಗೀತ ಶಾಸ್ತ್ರ' means 'music (academic study)' in English.,Kannada Subjects,School Subjects
Which Kannada word means 'king'?,ರಾಜ,ನಿದ್ರಿಸುವುದು,ಉತ್ತರ,ಮೂರು,A,'ರಾಜ' means 'king' in English.,Kannada Subjects,Vocabulary
What is the English meaning of the Kannada word 'ಯಾವಾಗ'?,to wake up,Wednesday,day,when,D,'ಯಾವಾಗ' means 'when' in English.,Kannada Subjects,Question Words
What is a Kannada pronoun (sarvanaama)?,a word in Kannada grammar used to describe or qualify a noun,"meaning 'your' (formal/plural), used as a possessive pronoun in Kannada","a word in Kannada grammar used in place of a noun, such as ನಾನು (I) or ಅವನು (he)","the phonetic combination of two words or morphemes, joining them according to grammatical rules",C,"a Kannada pronoun (sarvanaama) is: a word in Kannada grammar used in place of a noun, such as ನಾನು (I) or ಅವನು (he)",Kannada Subjects,Kannada Grammar
"Fill in the blank: ______ refers to ""a prominent organisation established to promote and develop Kannada language and literature"".",Ponna,the Kannada Sahitya Parishat,Masti Venkatesha Iyengar,Girish Karnad,B,the Kannada Sahitya Parishat refers to: a prominent organisation established to promote and develop Kannada language and literature,Kannada Subjects,Kannada Literature
"Fill in the blank: ______ refers to ""a Dravidian language predominantly spoken in the Indian state of Karnataka"".",the geographic region where Kannada is predominantly spoken,Kannada's relationship to Tamil and Telugu,Kannada,the Kannada word 'nudi',C,Kannada refers to: a Dravidian language predominantly spoken in the Indian state of Karnataka,Kannada Subjects,Kannada Language
What is the Kannada state anthem 'Jaya Bharata Jananiya Tanujate'?,"the Kannada New Year festival, celebrated in Karnataka to mark the beginning of a new year according to the lunisolar calendar","a song written by Kuvempu, officially adopted as the state anthem (Nadageethe) of Karnataka","the Gandaberunda, a two-headed mythical bird, adopted as the official state emblem of Karnataka","a traditional Kannada folk dance performed with drums, popular in northern Karnataka",B,"the Kannada state anthem 'Jaya Bharata Jananiya Tanujate' is: a song written by Kuvempu, officially adopted as the state anthem (Nadageethe) of Karnataka",Kannada Subjects,Kannada Culture
"Fill in the blank: ______ refers to ""the film industry based in Karnataka, producing films primarily in the Kannada language, also known as 'Sandalwood'"".",Nadoja award,Kannada cinema,Karnataka's state animal,the phrase 'Kannada Naadu',B,"Kannada cinema refers to: the film industry based in Karnataka, producing films primarily in the Kannada language, also known as 'Sandalwood'",Kannada Subjects,Kannada Culture
Which statement correctly describes a sandhi (in Kannada grammar)?,consonant sounds in the Kannada alphabet,"the phonetic combination of two words or morphemes, joining them according to grammatical rules","a sound represented by two dots (ಃ) after a letter, indicating a light aspirated 'h' sound",a nasal sound represented by a dot (ಂ) placed above a letter in Kannada writing,B,"By definition, a sandhi (in Kannada grammar) is: the phonetic combination of two words or morphemes, joining them according to grammatical rules",Kannada Subjects,Kannada Grammar
"Which term matches this description: ""considered the oldest available inscription in the Kannada language, dated to around the 5th century CE""?",the Halmidi inscription,the Chalukya dynasty's contribution to Kannada,Rani Chennamma's kingdom,the Vijayanagara Empire's contribution to Kannada literature,A,"The description matches the Halmidi inscription: considered the oldest available inscription in the Kannada language, dated to around the 5th century CE",Kannada Subjects,Kannada History
What is the English meaning of the Kannada word 'ಗೋಧಿ'?,Saturday,wheat,snow/frost,six,B,'ಗೋಧಿ' means 'wheat' in English.,Kannada Subjects,Vocabulary
What is the English meaning of the Kannada word 'ಹಸಿರು'?,road,art,green,south,C,'ಹಸಿರು' means 'green' in English.,Kannada Subjects,Vocabulary
"Which term matches this description: ""a phrase meaning 'fragrant Kannada', often used affectionately to refer to the beauty of the Kannada language""?",Hosagannada,the term 'Kasturi Kannada',Kannada,the Kannada script,B,"The description matches the term 'Kasturi Kannada': a phrase meaning 'fragrant Kannada', often used affectionately to refer to the beauty of the Kannada language",Kannada Subjects,Kannada Language
"Which term matches this description: ""a word in Kannada grammar used in place of a noun, such as ನಾನು (I) or ಅವನು (he)""?",the Kannada alphabet's vowels (swaragalu),typical Kannada sentence word order,a Kannada pronoun (sarvanaama),the visarga in Kannada script,C,"The description matches a Kannada pronoun (sarvanaama): a word in Kannada grammar used in place of a noun, such as ನಾನು (I) or ಅವನು (he)",Kannada Subjects,Kannada Grammar
"Which term matches this description: ""an abugida writing system used to write the Kannada language, derived from the ancient Brahmi script""?",the Kannada script,the direction of Kannada writing,the official language of Karnataka,the Kannada word for 'thank you',A,"The description matches the Kannada script: an abugida writing system used to write the Kannada language, derived from the ancient Brahmi script",Kannada Subjects,Kannada Language
What is the English meaning of the Kannada word 'ಕ್ಷಮಿಸಿ'?,ear,cow,letter,sorry/excuse me,D,'ಕ್ಷಮಿಸಿ' means 'sorry/excuse me' in English.,Kannada Subjects,Vocabulary
Which Kannada word means 'queen'?,ರಜೆ,ಕಣ್ಣು,ಸಂತೋಷ,ರಾಣಿ,D,'ರಾಣಿ' means 'queen' in English.,Kannada Subjects,Vocabulary
What is Ponna?,"India's highest literary honour, awarded to a writer for outstanding contribution to Indian literature","a prose composition in Kannada literature, as opposed to poetry (padya)","a classical Kannada poet, also counted among the 'three gems' of early Kannada literature",a Kannada satirist and humour writer known for his witty prose,C,"Ponna is: a classical Kannada poet, also counted among the 'three gems' of early Kannada literature",Kannada Subjects,Kannada Literature
Which Kannada word means 'to sing'?,ಹಾಡುವುದು,ಹೋಗುವುದು,ಬೇಳೆ,ಬುಧವಾರ,A,'ಹಾಡುವುದು' means 'to sing' in English.,Kannada Subjects,Verbs
"Fill in the blank: ______ refers to ""meaning 'the land of Kannada', a poetic reference to the state of Karnataka and its Kannada-speaking people"".",the phrase 'Kannada Naadu',the Hampi ruins,Kannada Rajyotsava,Kannada as a medium of instruction,A,"the phrase 'Kannada Naadu' refers to: meaning 'the land of Kannada', a poetic reference to the state of Karnataka and its Kannada-speaking people",Kannada Subjects,Kannada Culture
Which statement correctly describes Mysuru Dasara?,"a saint-composer regarded as the 'father of Carnatic music', who composed devotional songs in Kannada","a person who natively speaks Kannada or belongs to the Kannada-speaking community, typically from Karnataka","the Kannada New Year festival, celebrated in Karnataka to mark the beginning of a new year according to the lunisolar calendar","a major festival celebrated in Mysuru, Karnataka, marking the victory of good over evil and the state's royal heritage",D,"By definition, Mysuru Dasara is: a major festival celebrated in Mysuru, Karnataka, marking the victory of good over evil and the state's royal heritage",Kannada Subjects,Kannada Culture
Which Kannada word means 'pen'?,ವರ್ಷ,ಆಲೂಗಡ್ಡೆ,ರೈಲು,ಪೆನ್ನು,D,'ಪೆನ್ನು' means 'pen' in English.,Kannada Subjects,Vocabulary
What is the Kannada word 'holagide'?,"Kannada, which is also one of the classical languages recognised by the Government of India","'ವಂದನೆಗಳು' (vandanegalu) or 'ಧನ್ಯವಾದಗಳು' (dhanyavaadagalu), commonly used to express gratitude",Kannada was officially recognised as a Classical Language of India by the Government of India in 2008,a colloquial Kannada phrase used to acknowledge that something is fine or acceptable,D,the Kannada word 'holagide' is: a colloquial Kannada phrase used to acknowledge that something is fine or acceptable,Kannada Subjects,Kannada Language
"Fill in the blank: ______ refers to ""conjunct consonant clusters formed by combining two or more consonants without an intervening vowel"".",a sandhi (in Kannada grammar),vyanjana (in Kannada grammar),compound letters (ottakshara) in Kannada,a Kannada verb (kriya pada),C,compound letters (ottakshara) in Kannada refers to: conjunct consonant clusters formed by combining two or more consonants without an intervening vowel,Kannada Subjects,Kannada Grammar
"Fill in the blank: ______ refers to ""'ವಂದನೆಗಳು' (vandanegalu) or 'ಧನ್ಯವಾದಗಳು' (dhanyavaadagalu), commonly used to express gratitude"".",the Kannada word for 'thank you',the Dravidian language family,Kannada's UNESCO/classical recognition year,the direction of Kannada writing,A,"the Kannada word for 'thank you' refers to: 'ವಂದನೆಗಳು' (vandanegalu) or 'ಧನ್ಯವಾದಗಳು' (dhanyavaadagalu), commonly used to express gratitude",Kannada Subjects,Kannada Language
Which Kannada word means 'June'?,ಕ್ಯಾರೆಟ್,ಐದು,ಸಮಯ,ಜೂನ್,D,'ಜೂನ್' means 'June' in English.,Kannada Subjects,Months
What is the English meaning of the Kannada word 'ವಿಜ್ಞಾನ'?,when,thirty,leaf,science,D,'ವಿಜ್ಞಾನ' means 'science' in English.,Kannada Subjects,School Subjects
"Which term matches this description: ""the term for Old Kannada, the earlier form of the Kannada language used in ancient inscriptions and texts""?",the Kannada phrase 'hegiddira',Halegannada,Kannada,the Dravidian language family,B,"The description matches Halegannada: the term for Old Kannada, the earlier form of the Kannada language used in ancient inscriptions and texts",Kannada Subjects,Kannada Language
"Fill in the blank: ______ refers to ""meaning 'Kannada literature', referring to the body of written works composed in the Kannada language"".",the term 'Kannada Sahitya',Chandrashekhara Kambara,a gadya (in Kannada literature),K S Narasimhaswamy,A,"the term 'Kannada Sahitya' refers to: meaning 'Kannada literature', referring to the body of written works composed in the Kannada language",Kannada Subjects,Kannada Literature
Which Kannada word means 'town'?,ಪಟ್ಟಣ,ನಿನ್ನೆ,ಮಾತನಾಡುವುದು,ಓಡುವುದು,A,'ಪಟ್ಟಣ' means 'town' in English.,Kannada Subjects,Vocabulary
What is the English meaning of the Kannada word 'ಶಾಲೆ'?,school,to laugh,afternoon,May,A,'ಶಾಲೆ' means 'school' in English.,Kannada Subjects,Vocabulary
What is Alur Venkata Rao?,"considered the oldest available inscription in the Kannada language, dated to around the 5th century CE","the Wadeyars, rulers of the Mysore Kingdom, were notable patrons of Kannada language, literature, and the arts over several centuries","a town in Karnataka renowned for the Chennakeshava Temple, built during the Hoysala period","a prominent figure in the Karnataka unification movement, often referred to as 'Karnataka Kulapurohita' for his role in uniting Kannada-speaking regions",D,"Alur Venkata Rao is: a prominent figure in the Karnataka unification movement, often referred to as 'Karnataka Kulapurohita' for his role in uniting Kannada-speaking regions",Kannada Subjects,Kannada History
Which statement correctly describes Beechi (R V Bhandari)?,"India's highest literary honour, awarded to a writer for outstanding contribution to Indian literature","a prolific Kannada writer, social reformer, and Jnanpith Award recipient known for his novels",a Kannada satirist and humour writer known for his witty prose,"a celebrated Kannada novelist and critic, known for his novel 'Samskara'",C,"By definition, Beechi (R V Bhandari) is: a Kannada satirist and humour writer known for his witty prose",Kannada Subjects,Kannada Literature
Which Kannada word means 'cloud'?,ಕೆಲಸ,ಇಂದು,ಮೋಡ,ಎರಡು,C,'ಮೋಡ' means 'cloud' in English.,Kannada Subjects,Weather
Which statement correctly describes the Kannada script?,"an abugida writing system used to write the Kannada language, derived from the ancient Brahmi script","meaning 'speech' or 'language', often used poetically to refer to the Kannada language itself","a common Kannada phrase meaning 'how are you', used respectfully","a phrase meaning 'fragrant Kannada', often used affectionately to refer to the beauty of the Kannada language",A,"By definition, the Kannada script is: an abugida writing system used to write the Kannada language, derived from the ancient Brahmi script",Kannada Subjects,Kannada Language
"Which term matches this description: ""the Chalukyas patronised Kannada literature and inscriptions, contributing to its early development""?",the Halmidi inscription,Sangolli Rayanna,Rani Chennamma's kingdom,the Chalukya dynasty's contribution to Kannada,D,"The description matches the Chalukya dynasty's contribution to Kannada: the Chalukyas patronised Kannada literature and inscriptions, contributing to its early development",Kannada Subjects,Kannada History
Which Kannada word means 'road'?,ರಸ್ತೆ,ಗಾಳಿ,ಸಂಗೀತ ಶಾಸ್ತ್ರ,ಕವನ,A,'ರಸ್ತೆ' means 'road' in English.,Kannada Subjects,Vocabulary
What is the Kannada word for 'book'?,"a respected Kannada writer and philosopher, best known for his work 'Mankutimmana Kagga'","the Indian elephant, officially recognised as the state animal of Karnataka","'ಪುಸ್ತಕ' (pustaka), commonly used to refer to a book in Kannada",Kannada nouns are typically pluralised by adding suffixes such as '-galu' or '-aru' depending on the noun type,C,"the Kannada word for 'book' is: 'ಪುಸ್ತಕ' (pustaka), commonly used to refer to a book in Kannada",Kannada Subjects,Kannada Vocabulary Notes
Which Kannada word means 'sorry/excuse me'?,ಕ್ಷಮಿಸಿ,ಮಳೆಗಾಲ,ಅಕ್ಷರ,ಸಂಗೀತ ಶಾಸ್ತ್ರ,A,'ಕ್ಷಮಿಸಿ' means 'sorry/excuse me' in English.,Kannada Subjects,Vocabulary
Which Kannada word means 'mathematics'?,ಗೆಳೆಯ,ಕಾರು,ಗಣಿತ,ಆಟ,C,'ಗಣಿತ' means 'mathematics' in English.,Kannada Subjects,School Subjects
Which Kannada word means 'night'?,ರಾತ್ರಿ,ಕಥೆ,ದ್ರಾಕ್ಷಿ,ಊಟ,A,'ರಾತ್ರಿ' means 'night' in English.,Kannada Subjects,Vocabulary
What is Akka Mahadevi?,"a 12th-century Kannada poet and mystic, known for her devotional Vachana poetry dedicated to Lord Shiva",a well-known philosophical Kannada poetic work written by D V Gundappa,a Kannada satirist and humour writer known for his witty prose,"a well-known medieval Kannada poet famous for his short, wise sayings called 'Vachanas' or 'Tripadis' (three-line verses)",A,"Akka Mahadevi is: a 12th-century Kannada poet and mystic, known for her devotional Vachana poetry dedicated to Lord Shiva",Kannada Subjects,Kannada Literature
"Which term matches this description: ""the doer of the action in a Kannada sentence, typically the grammatical subject""?",the Kannada alphabet's consonants (vyanjanagalu),compound letters (ottakshara) in Kannada,a Kannada karma (object),a Kannada karta (subject),D,"The description matches a Kannada karta (subject): the doer of the action in a Kannada sentence, typically the grammatical subject",Kannada Subjects,Kannada Grammar
What is the English meaning of the Kannada word 'ಹೇಗೆ'?,how,cold,younger sister,flower,A,'ಹೇಗೆ' means 'how' in English.,Kannada Subjects,Question Words
What is the Kannada slogan 'Sirigannada'?,"a term of pride meaning 'prosperous/glorious Kannada', often used in cultural and literary contexts","the term for Modern Kannada, the contemporary form of the Kannada language used today","the term for Middle Kannada, an intermediate stage in the historical development of the Kannada language","Kannada is written from left to right, like most modern Indian scripts",A,"the Kannada slogan 'Sirigannada' is: a term of pride meaning 'prosperous/glorious Kannada', often used in cultural and literary contexts",Kannada Subjects,Kannada Language
What is the Wadeyar dynasty's patronage of Kannada?,"the Wadeyars, rulers of the Mysore Kingdom, were notable patrons of Kannada language, literature, and the arts over several centuries","meaning 'unification', referring to the movement that led to the formation of the unified state of Karnataka in 1956","a town in Karnataka known for the Hoysaleswara Temple, showcasing intricate Hoysala-era stone carving",a legendary warrior and freedom fighter from Karnataka who fought against British rule alongside Kittur Chennamma,A,"the Wadeyar dynasty's patronage of Kannada is: the Wadeyars, rulers of the Mysore Kingdom, were notable patrons of Kannada language, literature, and the arts over several centuries",Kannada Subjects,Kannada History
Which Kannada word means 'science'?,ಮೋಡ,ವಿಜ್ಞಾನ,ಏಕೆ,ಹಾಲು,B,'ವಿಜ್ಞಾನ' means 'science' in English.,Kannada Subjects,School Subjects
"Fill in the blank: ______ refers to ""Kannada is written from left to right, like most modern Indian scripts"".",the term 'Kasturi Kannada',the direction of Kannada writing,the Dravidian language family,the official language of Karnataka,B,"the direction of Kannada writing refers to: Kannada is written from left to right, like most modern Indian scripts",Kannada Subjects,Kannada Language
Which statement correctly describes the Kannada state anthem 'Jaya Bharata Jananiya Tanujate'?,"a Kannada poet, composer, and philosopher associated with the Bhakti movement, known for his devotional compositions","Karnataka traditionally follows a lunisolar calendar for festivals, with Ugadi marking the start of the new year","a song written by Kuvempu, officially adopted as the state anthem (Nadageethe) of Karnataka","the Indian elephant, officially recognised as the state animal of Karnataka",C,"By definition, the Kannada state anthem 'Jaya Bharata Jananiya Tanujate' is: a song written by Kuvempu, officially adopted as the state anthem (Nadageethe) of Karnataka",Kannada Subjects,Kannada Culture
What is the English meaning of the Kannada word 'ಕಾಫಿ'?,when,coffee,summer,happiness,B,'ಕಾಫಿ' means 'coffee' in English.,Kannada Subjects,Vocabulary
What is Niranjana (K Jinaraja Hegde)?,"a respected Kannada writer and philosopher, best known for his work 'Mankutimmana Kagga'","a 12th-century Kannada poet, philosopher, and social reformer who founded the Lingayat movement and wrote Vachana poetry",a Kannada novelist and journalist known for his socially conscious literary works,"a Kannada poet, playwright, and Jnanpith Award recipient known for blending folk traditions with modern literature",C,Niranjana (K Jinaraja Hegde) is: a Kannada novelist and journalist known for his socially conscious literary works,Kannada Subjects,Kannada Literature
What is the English meaning of the Kannada word 'ಹಾಲು'?,difficult,school,milk,summer,C,'ಹಾಲು' means 'milk' in English.,Kannada Subjects,Vocabulary
Which statement correctly describes the Kannada word 'nanna'?,"the doer of the action in a Kannada sentence, typically the grammatical subject","meaning 'my', used as a possessive pronoun in Kannada",conjunct consonant clusters formed by combining two or more consonants without an intervening vowel,"meaning 'your' (formal/plural), used as a possessive pronoun in Kannada",B,"By definition, the Kannada word 'nanna' is: meaning 'my', used as a possessive pronoun in Kannada",Kannada Subjects,Kannada Grammar
What is the English meaning of the Kannada word 'ಚಿತ್ರ'?,finger,winter,what,picture/film,D,'ಚಿತ್ರ' means 'picture/film' in English.,Kannada Subjects,Vocabulary
"Fill in the blank: ______ refers to ""an honorary award given by Hampi University (Kannada University) for outstanding contributions to Kannada culture, arts, and society"".",the Kannada state anthem 'Jaya Bharata Jananiya Tanujate',the Karnataka Sangha,Dollu Kunitha,Nadoja award,D,"Nadoja award refers to: an honorary award given by Hampi University (Kannada University) for outstanding contributions to Kannada culture, arts, and society",Kannada Subjects,Kannada Culture
"Fill in the blank: ______ refers to ""a town in Karnataka known for the Hoysaleswara Temple, showcasing intricate Hoysala-era stone carving"".",the historic town of Halebidu,the historic city of Belur,the Wadeyar dynasty's patronage of Kannada,the Mysore Kingdom's role in Kannada heritage,A,"the historic town of Halebidu refers to: a town in Karnataka known for the Hoysaleswara Temple, showcasing intricate Hoysala-era stone carving",Kannada Subjects,Kannada History
What is the term 'Kasturi Kannada'?,"the term for Old Kannada, the earlier form of the Kannada language used in ancient inscriptions and texts","a common Kannada phrase meaning 'how are you', used respectfully","a phrase meaning 'fragrant Kannada', often used affectionately to refer to the beauty of the Kannada language","a common Kannada greeting meaning 'hello' or 'salutations', used to greet someone respectfully",C,"the term 'Kasturi Kannada' is: a phrase meaning 'fragrant Kannada', often used affectionately to refer to the beauty of the Kannada language",Kannada Subjects,Kannada Language
Which Kannada word means 'Sunday'?,ಎಚ್ಚರಗೊಳ್ಳುವುದು,ಭಾನುವಾರ,ಅಕ್ಕ,ಹಸು,B,'ಭಾನುವಾರ' means 'Sunday' in English.,Kannada Subjects,Days of the Week
What is the Kannada word 'namaskara'?,"an abugida writing system used to write the Kannada language, derived from the ancient Brahmi script","Kannada, Tamil, and Telugu are all Dravidian languages, though each has distinct scripts, grammar, and vocabulary","a common Kannada greeting meaning 'hello' or 'salutations', used to greet someone respectfully",a colloquial Kannada phrase used to acknowledge that something is fine or acceptable,C,"the Kannada word 'namaskara' is: a common Kannada greeting meaning 'hello' or 'salutations', used to greet someone respectfully",Kannada Subjects,Kannada Language
"Fill in the blank: ______ refers to ""Kannada generally follows a Subject-Object-Verb (SOV) word order"".",a Kannada pronoun (sarvanaama),plural formation in Kannada nouns,a samasa (in Kannada grammar),typical Kannada sentence word order,D,typical Kannada sentence word order refers to: Kannada generally follows a Subject-Object-Verb (SOV) word order,Kannada Subjects,Kannada Grammar
Which Kannada word means 'slipper/sandal'?,ಬರುವುದು,ಚಪ್ಪಲಿ,ಐದು,ಕವನ,B,'ಚಪ್ಪಲಿ' means 'slipper/sandal' in English.,Kannada Subjects,Vocabulary
Which Kannada word means 'potato'?,ಆಲೂಗಡ್ಡೆ,ಟೊಪ್ಪಿಗೆ,ಫೆಬ್ರವರಿ,ಚಳಿಗಾಲ,A,'ಆಲೂಗಡ್ಡೆ' means 'potato' in English.,Kannada Subjects,Vocabulary
Which statement correctly describes a Kannada karta (subject)?,"the set of consonant sounds in Kannada, such as ಕ (ka), ಖ (kha), ಗ (ga), and others, which combine with vowels to form syllables","the doer of the action in a Kannada sentence, typically the grammatical subject",Kannada nouns are typically pluralised by adding suffixes such as '-galu' or '-aru' depending on the noun type,"a word in Kannada grammar that names a person, place, thing, or idea",B,"By definition, a Kannada karta (subject) is: the doer of the action in a Kannada sentence, typically the grammatical subject",Kannada Subjects,Kannada Grammar
"Which term matches this description: ""a common Kannada phrase meaning 'how are you', used respectfully""?",the Kannada phrase 'hegiddira',the Kannada script,Kannada's UNESCO/classical recognition year,Halegannada,A,"The description matches the Kannada phrase 'hegiddira': a common Kannada phrase meaning 'how are you', used respectfully",Kannada Subjects,Kannada Language
"Which term matches this description: ""a traditional saying in the Kannada language that conveys wisdom or a moral lesson""?",Karnataka's state emblem,a gaadhe (proverb) in Kannada,Karaga,Kannada Rajyotsava,B,The description matches a gaadhe (proverb) in Kannada: a traditional saying in the Kannada language that conveys wisdom or a moral lesson,Kannada Subjects,Kannada Culture
Which Kannada word means 'victory'?,ಶ್ರೀಮಂತ,ಬಾಳೆಹಣ್ಣು,ಗಣಿತ,ಜಯ,D,'ಜಯ' means 'victory' in English.,Kannada Subjects,Vocabulary
What is Pampa?,"a celebrated Kannada novelist and critic, known for his novel 'Samskara'","a classical Kannada poet, one of the 'three gems' (ratnatraya) of early Kannada literature","Pampa, Ponna, and Ranna, three celebrated poets of the classical period of Kannada literature","an early and celebrated Kannada poet, often referred to as the 'father of Kannada poetry', known for 'Vikramarjuna Vijaya'",D,"Pampa is: an early and celebrated Kannada poet, often referred to as the 'father of Kannada poetry', known for 'Vikramarjuna Vijaya'",Kannada Subjects,Kannada Literature
"Which term matches this description: ""a 12th-century Kannada poet, philosopher, and social reformer who founded the Lingayat movement and wrote Vachana poetry""?",Vachana literature,Basavanna,Pampa,a padya (in Kannada literature),B,"The description matches Basavanna: a 12th-century Kannada poet, philosopher, and social reformer who founded the Lingayat movement and wrote Vachana poetry",Kannada Subjects,Kannada Literature
What is Bevu Bella (in Ugadi tradition)?,"a Kannada poet, composer, and philosopher associated with the Bhakti movement, known for his devotional compositions","a mixture of neem leaves and jaggery eaten during Ugadi, symbolising the balance of life's bitter and sweet moments","meaning 'Mother Kannada', a personification of the Kannada language as a revered mother figure, celebrated in Kannada songs and poems","a traditional theatre form combining dance, music, and dialogue, popular in coastal Karnataka",B,"Bevu Bella (in Ugadi tradition) is: a mixture of neem leaves and jaggery eaten during Ugadi, symbolising the balance of life's bitter and sweet moments",Kannada Subjects,Kannada Culture
"Fill in the blank: ______ refers to ""a prominent figure in the Karnataka unification movement, often referred to as 'Karnataka Kulapurohita' for his role in uniting Kannada-speaking regions"".",Rani Chennamma's kingdom,the Halmidi inscription,the Vijayanagara Empire's contribution to Kannada literature,Alur Venkata Rao,D,"Alur Venkata Rao refers to: a prominent figure in the Karnataka unification movement, often referred to as 'Karnataka Kulapurohita' for his role in uniting Kannada-speaking regions",Kannada Subjects,Kannada History
Which Kannada word means 'who'?,ಸುಲಭ,ತಲೆ,ಮೂರು,ಯಾರು,D,'ಯಾರು' means 'who' in English.,Kannada Subjects,Question Words
What is the English meaning of the Kannada word 'ಗಾಳಿ'?,to go,teacher/guru,air/wind,rice (uncooked),C,'ಗಾಳಿ' means 'air/wind' in English.,Kannada Subjects,Vocabulary
What is the English meaning of the Kannada word 'ಹಳೆಯ'?,school,old,November,mother,B,'ಹಳೆಯ' means 'old' in English.,Kannada Subjects,Adjectives
"Fill in the blank: ______ refers to ""a word in Kannada grammar that names a person, place, thing, or idea"".",plural formation in Kannada nouns,the honorific suffix '-avaru' in Kannada,a Kannada noun (naama pada),a Kannada karta (subject),C,"a Kannada noun (naama pada) refers to: a word in Kannada grammar that names a person, place, thing, or idea",Kannada Subjects,Kannada Grammar
What is the English meaning of the Kannada word 'ಒಂಬತ್ತು'?,to listen/ask,February,oil,nine,D,'ಒಂಬತ್ತು' means 'nine' in English.,Kannada Subjects,Numbers
Which Kannada word means 'to see/watch'?,ಕವನ,ಸೈಕಲ್,ಕೆಂಪು,ನೋಡುವುದು,D,'ನೋಡುವುದು' means 'to see/watch' in English.,Kannada Subjects,Verbs
Which statement correctly describes Hosagannada?,"a common Kannada greeting meaning 'hello' or 'salutations', used to greet someone respectfully","Kannada is written from left to right, like most modern Indian scripts","the state of Karnataka in southern India, along with parts of neighbouring states","the term for Modern Kannada, the contemporary form of the Kannada language used today",D,"By definition, Hosagannada is: the term for Modern Kannada, the contemporary form of the Kannada language used today",Kannada Subjects,Kannada Language
What is the English meaning of the Kannada word 'ಕುಡಿಯುವುದು'?,tea,meal/food,head,to drink,D,'ಕುಡಿಯುವುದು' means 'to drink' in English.,Kannada Subjects,Verbs
"Fill in the blank: ______ refers to ""the Wadeyars, rulers of the Mysore Kingdom, were notable patrons of Kannada language, literature, and the arts over several centuries"".",the Vijayanagara Empire's contribution to Kannada literature,the Wadeyar dynasty's patronage of Kannada,the term 'Karnataka' etymology,Sangolli Rayanna,B,"the Wadeyar dynasty's patronage of Kannada refers to: the Wadeyars, rulers of the Mysore Kingdom, were notable patrons of Kannada language, literature, and the arts over several centuries",Kannada Subjects,Kannada History
What is Kannada's UNESCO/classical recognition year?,"the state of Karnataka in southern India, along with parts of neighbouring states","Kannada is written from left to right, like most modern Indian scripts","the language family to which Kannada belongs, along with Tamil, Telugu, and Malayalam",Kannada was granted classical language status by the Government of India in 2008,D,Kannada's UNESCO/classical recognition year is: Kannada was granted classical language status by the Government of India in 2008,Kannada Subjects,Kannada Language
Which Kannada word means 'moon'?,ಮೂಗು,ಪ್ರಶ್ನೆ,ಬದನೆಕಾಯಿ,ಚಂದ್ರ,D,'ಚಂದ್ರ' means 'moon' in English.,Kannada Subjects,Vocabulary
"Fill in the blank: ______ refers to ""a Kannada writer known as the father of the Kannada short story, and a Jnanpith Award recipient"".",U R Ananthamurthy,Pampa,V K Gokak,Masti Venkatesha Iyengar,D,"Masti Venkatesha Iyengar refers to: a Kannada writer known as the father of the Kannada short story, and a Jnanpith Award recipient",Kannada Subjects,Kannada Literature
Which Kannada word means 'music (academic study)'?,ಸಂಗೀತ,ಸಂಗೀತ ಶಾಸ್ತ್ರ,ಸೂರ್ಯ,ಪೆನ್ಸಿಲ್,B,'ಸಂಗೀತ ಶಾಸ್ತ್ರ' means 'music (academic study)' in English.,Kannada Subjects,School Subjects
What is the Halmidi inscription?,"the movement advocating for the unification of Kannada-speaking regions into a single state, which led to the formation of Karnataka in 1956","considered the oldest available inscription in the Kannada language, dated to around the 5th century CE","a town in Karnataka known for the Hoysaleswara Temple, showcasing intricate Hoysala-era stone carving","a town in Karnataka renowned for the Chennakeshava Temple, built during the Hoysala period",B,"the Halmidi inscription is: considered the oldest available inscription in the Kannada language, dated to around the 5th century CE",Kannada Subjects,Kannada History
Which Kannada word means 'hand'?,ಮಿಂಚು,ಪದ,ಮಾವು,ಕೈ,D,'ಕೈ' means 'hand' in English.,Kannada Subjects,Body Parts
What is Kittur Chennamma?,the Hoysalas were notable patrons of Kannada literature and are also known for their distinctive temple architecture in Karnataka,"a queen of Kittur who led an armed resistance against the British East India Company in the early 19th century, celebrated in Kannada history and literature","meaning 'unification', referring to the movement that led to the formation of the unified state of Karnataka in 1956","widely believed to derive from 'karu nadu', meaning 'lofty/black land' or 'elevated land', referring to the region's terrain",B,"Kittur Chennamma is: a queen of Kittur who led an armed resistance against the British East India Company in the early 19th century, celebrated in Kannada history and literature",Kannada Subjects,Kannada History
What is the English meaning of the Kannada word 'ಮೇಜು'?,boat,elephant,knowledge,table,D,'ಮೇಜು' means 'table' in English.,Kannada Subjects,Vocabulary
"Fill in the blank: ______ refers to ""a well-known medieval Kannada poet famous for his short, wise sayings called 'Vachanas' or 'Tripadis' (three-line verses)"".",Basavanna,a Tripadi (in Kannada poetry),Sarvajna,Vachana literature,C,"Sarvajna refers to: a well-known medieval Kannada poet famous for his short, wise sayings called 'Vachanas' or 'Tripadis' (three-line verses)",Kannada Subjects,Kannada Literature
What is the English meaning of the Kannada word 'ಕೆಂಪು'?,December,friendship,red,twelve,C,'ಕೆಂಪು' means 'red' in English.,Kannada Subjects,Vocabulary
"Which term matches this description: ""meaning 'speech' or 'language', often used poetically to refer to the Kannada language itself""?",the Kannada word for 'thank you',the Kannada word 'nudi',the geographic region where Kannada is predominantly spoken,the term 'Kasturi Kannada',B,"The description matches the Kannada word 'nudi': meaning 'speech' or 'language', often used poetically to refer to the Kannada language itself",Kannada Subjects,Kannada Language
What is the three gems (ratnatraya) of early Kannada literature?,"an early treatise on Kannada poetics and rhetoric, considered one of the earliest available works on Kannada literary criticism","Pampa, Ponna, and Ranna, three celebrated poets of the classical period of Kannada literature","a Kannada poet, scholar, and Jnanpith Award recipient known for his contribution to Kannada literature and education","an early and celebrated Kannada poet, often referred to as the 'father of Kannada poetry', known for 'Vikramarjuna Vijaya'",B,"the three gems (ratnatraya) of early Kannada literature is: Pampa, Ponna, and Ranna, three celebrated poets of the classical period of Kannada literature",Kannada Subjects,Kannada Literature
Which Kannada word means 'seven'?,ಭಾಷೆ,ತಣ್ಣಗೆ,ಏಳು,ಕಣ್ಣು,C,'ಏಳು' means 'seven' in English.,Kannada Subjects,Numbers
Which Kannada word means 'bad'?,ಕೆಟ್ಟ,ನವೆಂಬರ್,ಏಕೆ,ಬೆರಳು,A,'ಕೆಟ್ಟ' means 'bad' in English.,Kannada Subjects,Adjectives
What is the English meaning of the Kannada word 'ನೋಡುವುದು'?,nose,to see/watch,wheat,cloth/clothes,B,'ನೋಡುವುದು' means 'to see/watch' in English.,Kannada Subjects,Verbs
Which Kannada word means 'fifty'?,ಐವತ್ತು,ಅಕ್ಷರ,ಕುಟುಂಬ,ಸಂಖ್ಯೆ,A,'ಐವತ್ತು' means 'fifty' in English.,Kannada Subjects,Numbers
Which Kannada word means 'tall/height'?,ಎತ್ತರ,ದೋಣಿ,ಕುರ್ಚಿ,ನಾಳೆ,A,'ಎತ್ತರ' means 'tall/height' in English.,Kannada Subjects,Adjectives
"Fill in the blank: ______ refers to ""a Kannada poet, playwright, and Jnanpith Award recipient known for blending folk traditions with modern literature"".",K S Narasimhaswamy,Chandrashekhara Kambara,Basavanna,Ponna,B,"Chandrashekhara Kambara refers to: a Kannada poet, playwright, and Jnanpith Award recipient known for blending folk traditions with modern literature",Kannada Subjects,Kannada Literature
What is Beechi (R V Bhandari)?,a Kannada satirist and humour writer known for his witty prose,"a traditional three-line verse form used in Kannada poetry, notably by the poet Sarvajna",a Kannada novelist and journalist known for his socially conscious literary works,"a classical Kannada poet, one of the 'three gems' (ratnatraya) of early Kannada literature",A,Beechi (R V Bhandari) is: a Kannada satirist and humour writer known for his witty prose,Kannada Subjects,Kannada Literature
Which Kannada word means 'defeat/loss'?,ಸೋಲು,ನಿದ್ರಿಸುವುದು,ಮೇ,ರೈಲು,A,'ಸೋಲು' means 'defeat/loss' in English.,Kannada Subjects,Vocabulary
Which Kannada word means 'milk'?,ಹಾಲು,ತಂಗಿ,ಚಿಕ್ಕ,ಓಡುವುದು,A,'ಹಾಲು' means 'milk' in English.,Kannada Subjects,Vocabulary
Which statement correctly describes the term 'Kasturi Kannada'?,"a common Kannada greeting meaning 'hello' or 'salutations', used to greet someone respectfully","Kannada, Tamil, and Telugu are all Dravidian languages, though each has distinct scripts, grammar, and vocabulary","a term of pride meaning 'prosperous/glorious Kannada', often used in cultural and literary contexts","a phrase meaning 'fragrant Kannada', often used affectionately to refer to the beauty of the Kannada language",D,"By definition, the term 'Kasturi Kannada' is: a phrase meaning 'fragrant Kannada', often used affectionately to refer to the beauty of the Kannada language",Kannada Subjects,Kannada Language
Which Kannada word means 'how'?,ಫೆಬ್ರವರಿ,ಹೇಗೆ,ಚಂದ್ರ,ಹಳದಿ,B,'ಹೇಗೆ' means 'how' in English.,Kannada Subjects,Question Words
"Which term matches this description: ""the film industry based in Karnataka, producing films primarily in the Kannada language, also known as 'Sandalwood'""?",Purandara Dasa,Kannada cinema,a gaadhe (proverb) in Kannada,the term 'Kannadambe',B,"The description matches Kannada cinema: the film industry based in Karnataka, producing films primarily in the Kannada language, also known as 'Sandalwood'",Kannada Subjects,Kannada Culture
Which statement correctly describes D V Gundappa (DVG)?,a well-known philosophical Kannada poetic work written by D V Gundappa,a Kannada novelist and journalist known for his socially conscious literary works,"a Kannada scholar, poet, and educator known for his contributions to Kannada language teaching and children's literature","a respected Kannada writer and philosopher, best known for his work 'Mankutimmana Kagga'",D,"By definition, D V Gundappa (DVG) is: a respected Kannada writer and philosopher, best known for his work 'Mankutimmana Kagga'",Kannada Subjects,Kannada Literature
Which Kannada word means 'to speak'?,ನಾಲ್ಕು,ಪತ್ರ,ಮಾತನಾಡುವುದು,ತಮ್ಮ,C,'ಮಾತನಾಡುವುದು' means 'to speak' in English.,Kannada Subjects,Verbs
What is the English meaning of the Kannada word 'ಹಳದಿ'?,sport,yellow,word,yesterday,B,'ಹಳದಿ' means 'yellow' in English.,Kannada Subjects,Vocabulary
Which Kannada word means 'work/job'?,ದ್ರಾಕ್ಷಿ,ಕಷ್ಟ,ಕೆಲಸ,ದೋಣಿ,C,'ಕೆಲಸ' means 'work/job' in English.,Kannada Subjects,Vocabulary
Which statement correctly describes Kannada's relationship to Tamil and Telugu?,"meaning 'speech' or 'language', often used poetically to refer to the Kannada language itself","Kannada is written from left to right, like most modern Indian scripts","Kannada, Tamil, and Telugu are all Dravidian languages, though each has distinct scripts, grammar, and vocabulary",a colloquial Kannada phrase used to acknowledge that something is fine or acceptable,C,"By definition, Kannada's relationship to Tamil and Telugu is: Kannada, Tamil, and Telugu are all Dravidian languages, though each has distinct scripts, grammar, and vocabulary",Kannada Subjects,Kannada Language
"Fill in the blank: ______ refers to ""a form of Kannada devotional poetry written in prose-like verses, popularised by the Lingayat saints of the 12th century"".",Vachana literature,Kuvempu,Shivarama Karanth,Ponna,A,"Vachana literature refers to: a form of Kannada devotional poetry written in prose-like verses, popularised by the Lingayat saints of the 12th century",Kannada Subjects,Kannada Literature
"Fill in the blank: ______ refers to ""'ಗುರು' (guru) or 'ಶಿಕ್ಷಕ' (shikshaka), both used to refer to a teacher in Kannada"".",a Kannada karma (object),the Kannada word for 'teacher',Basavanna,typical Kannada sentence word order,B,"the Kannada word for 'teacher' refers to: 'ಗುರು' (guru) or 'ಶಿಕ್ಷಕ' (shikshaka), both used to refer to a teacher in Kannada",Kannada Subjects,Kannada Vocabulary Notes
Which statement correctly describes the Kannada word 'namaskara'?,"a common Kannada phrase meaning 'how are you', used respectfully","a phrase meaning 'fragrant Kannada', often used affectionately to refer to the beauty of the Kannada language","an abugida writing system used to write the Kannada language, derived from the ancient Brahmi script","a common Kannada greeting meaning 'hello' or 'salutations', used to greet someone respectfully",D,"By definition, the Kannada word 'namaskara' is: a common Kannada greeting meaning 'hello' or 'salutations', used to greet someone respectfully",Kannada Subjects,Kannada Language
"Fill in the blank: ______ refers to ""a traditional three-line verse form used in Kannada poetry, notably by the poet Sarvajna"".",Basavanna,Vachana literature,the term 'Kannada Sahitya',a Tripadi (in Kannada poetry),D,"a Tripadi (in Kannada poetry) refers to: a traditional three-line verse form used in Kannada poetry, notably by the poet Sarvajna",Kannada Subjects,Kannada Literature
What is the English meaning of the Kannada word 'ಸ್ನೇಹ'?,friendship,poem,clean,oil,A,'ಸ್ನೇಹ' means 'friendship' in English.,Kannada Subjects,Vocabulary
What is the English meaning of the Kannada word 'ಆಡುವುದು'?,thirty,cold weather,to play,carrot,C,'ಆಡುವುದು' means 'to play' in English.,Kannada Subjects,Verbs
Which statement correctly describes Alur Venkata Rao?,"a prominent figure in the Karnataka unification movement, often referred to as 'Karnataka Kulapurohita' for his role in uniting Kannada-speaking regions","the movement advocating for the unification of Kannada-speaking regions into a single state, which led to the formation of Karnataka in 1956","widely believed to derive from 'karu nadu', meaning 'lofty/black land' or 'elevated land', referring to the region's terrain","a town in Karnataka renowned for the Chennakeshava Temple, built during the Hoysala period",A,"By definition, Alur Venkata Rao is: a prominent figure in the Karnataka unification movement, often referred to as 'Karnataka Kulapurohita' for his role in uniting Kannada-speaking regions",Kannada Subjects,Kannada History
"Fill in the blank: ______ refers to ""meaning 'your' (formal/plural), used as a possessive pronoun in Kannada"".",the Kannada word 'avara',the Kannada word 'nimma',a Kannada pronoun (sarvanaama),the honorific suffix '-avaru' in Kannada,B,"the Kannada word 'nimma' refers to: meaning 'your' (formal/plural), used as a possessive pronoun in Kannada",Kannada Subjects,Kannada Grammar
What is the English meaning of the Kannada word 'ವರ್ಷ'?,art,year,picture/film,music (academic study),B,'ವರ್ಷ' means 'year' in English.,Kannada Subjects,Vocabulary
What is Ugadi?,"a Kannada poet, composer, and philosopher associated with the Bhakti movement, known for his devotional compositions","a person who natively speaks Kannada or belongs to the Kannada-speaking community, typically from Karnataka","the lotus (Kamala), officially recognised as the state flower of Karnataka","the Kannada New Year festival, celebrated in Karnataka to mark the beginning of a new year according to the lunisolar calendar",D,"Ugadi is: the Kannada New Year festival, celebrated in Karnataka to mark the beginning of a new year according to the lunisolar calendar",Kannada Subjects,Kannada Culture
Which Kannada word means 'finger'?,ಬೆರಳು,ಆರು,ಊಟ,ಹಳೆಯ,A,'ಬೆರಳು' means 'finger' in English.,Kannada Subjects,Body Parts
What is the Chalukya dynasty's contribution to Kannada?,"a town in Karnataka known for its rock-cut cave temples, once the capital of the Chalukya dynasty","a town in Karnataka known for the Hoysaleswara Temple, showcasing intricate Hoysala-era stone carving","the Vijayanagara period saw significant growth in Kannada literature, alongside patronage of other regional languages","the Chalukyas patronised Kannada literature and inscriptions, contributing to its early development",D,"the Chalukya dynasty's contribution to Kannada is: the Chalukyas patronised Kannada literature and inscriptions, contributing to its early development",Kannada Subjects,Kannada History
Which statement correctly describes the Kannada calendar system?,"Kannada is widely used as the medium of instruction in schools across Karnataka, alongside English and other languages","meaning 'Mother Kannada', a personification of the Kannada language as a revered mother figure, celebrated in Kannada songs and poems","a saint-composer regarded as the 'father of Carnatic music', who composed devotional songs in Kannada","Karnataka traditionally follows a lunisolar calendar for festivals, with Ugadi marking the start of the new year",D,"By definition, the Kannada calendar system is: Karnataka traditionally follows a lunisolar calendar for festivals, with Ugadi marking the start of the new year",Kannada Subjects,Kannada Culture
What is the English meaning of the Kannada word 'ಸೂರ್ಯ'?,slow,winter,sun,August,C,'ಸೂರ್ಯ' means 'sun' in English.,Kannada Subjects,Vocabulary
What is the English meaning of the Kannada word 'ಏಪ್ರಿಲ್'?,thirty,nine,April,leaf,C,'ಏಪ್ರಿಲ್' means 'April' in English.,Kannada Subjects,Months
What is the English meaning of the Kannada word 'ಬರೆಯುವುದು'?,today,country,cold weather,to write,D,'ಬರೆಯುವುದು' means 'to write' in English.,Kannada Subjects,Verbs
"Which term matches this description: ""meaning 'Kannada literature', referring to the body of written works composed in the Kannada language""?",Vachana literature,Chandrashekhara Kambara,the term 'Kannada Sahitya',Ha Ma Nayak,C,"The description matches the term 'Kannada Sahitya': meaning 'Kannada literature', referring to the body of written works composed in the Kannada language",Kannada Subjects,Kannada Literature
Which Kannada word means 'August'?,ಹುಲಿ,ಜ್ಞಾನ,ವಿಜ್ಞಾನ,ಆಗಸ್ಟ್,D,'ಆಗಸ್ಟ್' means 'August' in English.,Kannada Subjects,Months
Which Kannada word means 'September'?,ಸೆಪ್ಟೆಂಬರ್,ನಿದ್ರಿಸುವುದು,ಒಳ್ಳೆಯ,ಪ್ರಯಾಣ,A,'ಸೆಪ್ಟೆಂಬರ್' means 'September' in English.,Kannada Subjects,Months
What is the English meaning of the Kannada word 'ಉತ್ತರ (ಜವಾಬು)'?,chair,to learn,answer/reply,hand,C,'ಉತ್ತರ (ಜವಾಬು)' means 'answer/reply' in English.,Kannada Subjects,Vocabulary
"Fill in the blank: ______ refers to ""a traditional Kannada folk dance performed with drums, popular in northern Karnataka"".",Karnataka's state bird,Dollu Kunitha,Karnataka's state flower,the Kannada state anthem 'Jaya Bharata Jananiya Tanujate',B,"Dollu Kunitha refers to: a traditional Kannada folk dance performed with drums, popular in northern Karnataka",Kannada Subjects,Kannada Culture
Which Kannada word means 'fast/speed'?,ವೇಗ,ಇತಿಹಾಸ,ಅಕ್ಷರ,ಸೇಬು,A,'ವೇಗ' means 'fast/speed' in English.,Kannada Subjects,Adjectives
"Which term matches this description: ""the phonetic combination of two words or morphemes, joining them according to grammatical rules""?",typical Kannada sentence word order,a sandhi (in Kannada grammar),a Kannada karma (object),the Kannada word 'avara',B,"The description matches a sandhi (in Kannada grammar): the phonetic combination of two words or morphemes, joining them according to grammatical rules",Kannada Subjects,Kannada Grammar
What is the English meaning of the Kannada word 'ವಾರ'?,friend (male),letter (alphabet)/character,thirteen,week,D,'ವಾರ' means 'week' in English.,Kannada Subjects,Vocabulary
"Which term matches this description: ""a town in Karnataka known for the Hoysaleswara Temple, showcasing intricate Hoysala-era stone carving""?",the term 'Ekikarana',the Hoysala dynasty's contribution to Kannada,the historic town of Halebidu,Alur Venkata Rao,C,"The description matches the historic town of Halebidu: a town in Karnataka known for the Hoysaleswara Temple, showcasing intricate Hoysala-era stone carving",Kannada Subjects,Kannada History
What is the English meaning of the Kannada word 'ಬುಧವಾರ'?,Wednesday,to see/watch,fourteen,pencil,A,'ಬುಧವಾರ' means 'Wednesday' in English.,Kannada Subjects,Days of the Week
"Which term matches this description: ""the historic Kingdom of Mysore was a major centre of Kannada culture, art, and literary patronage for centuries""?",the Chalukya dynasty's contribution to Kannada,Kittur Chennamma,the Wadeyar dynasty's patronage of Kannada,the Mysore Kingdom's role in Kannada heritage,D,"The description matches the Mysore Kingdom's role in Kannada heritage: the historic Kingdom of Mysore was a major centre of Kannada culture, art, and literary patronage for centuries",Kannada Subjects,Kannada History
"Which term matches this description: ""the Vijayanagara period saw significant growth in Kannada literature, alongside patronage of other regional languages""?",the historic city of Belur,Sangolli Rayanna,Kittur Chennamma,the Vijayanagara Empire's contribution to Kannada literature,D,"The description matches the Vijayanagara Empire's contribution to Kannada literature: the Vijayanagara period saw significant growth in Kannada literature, alongside patronage of other regional languages",Kannada Subjects,Kannada History
Which Kannada word means 'nose'?,ನೋಡುವುದು,ಮಳೆ,ಹದಿನಾಲ್ಕು,ಮೂಗು,D,'ಮೂಗು' means 'nose' in English.,Kannada Subjects,Body Parts
Which Kannada word means 'fish'?,ಅಣ್ಣ,ಮೀನು,ಹುಲಿ,ಬಾಳೆಹಣ್ಣು,B,'ಮೀನು' means 'fish' in English.,Kannada Subjects,Vocabulary
What is the Vijayanagara Empire's contribution to Kannada literature?,"a queen of Kittur who led an armed resistance against the British East India Company in the early 19th century, celebrated in Kannada history and literature","Kittur, a small kingdom in present-day Karnataka, known for Rani Chennamma's early resistance against British rule","the Vijayanagara period saw significant growth in Kannada literature, alongside patronage of other regional languages","a town in Karnataka known for its rock-cut cave temples, once the capital of the Chalukya dynasty",C,"the Vijayanagara Empire's contribution to Kannada literature is: the Vijayanagara period saw significant growth in Kannada literature, alongside patronage of other regional languages",Kannada Subjects,Kannada History
Which Kannada word means 'letter (alphabet)/character'?,ಕಲೆ,ಅಕ್ಷರ,ಗುಡುಗು,ಚಿತ್ರ,B,'ಅಕ್ಷರ' means 'letter (alphabet)/character' in English.,Kannada Subjects,Vocabulary
What is the English meaning of the Kannada word 'ಪ್ರಶ್ನೆ'?,result,Monday,beautiful,question,D,'ಪ್ರಶ್ನೆ' means 'question' in English.,Kannada Subjects,Vocabulary
What is the English meaning of the Kannada word 'ಓದುವುದು'?,to read/study,pencil,hot,poem,A,'ಓದುವುದು' means 'to read/study' in English.,Kannada Subjects,Verbs
Which Kannada word means 'friend (male)'?,ತಿನ್ನುವುದು,ಬಾಗಿಲು,ಈರುಳ್ಳಿ,ಗೆಳೆಯ,D,'ಗೆಳೆಯ' means 'friend (male)' in English.,Kannada Subjects,Vocabulary
Which Kannada word means 'to cry'?,ಪಟ್ಟಣ,ದೊಡ್ಡ,ಅಳುವುದು,ಬೇಳೆ,C,'ಅಳುವುದು' means 'to cry' in English.,Kannada Subjects,Verbs
Which Kannada word means 'eight'?,ನೀಲಿ,ಎಂಟು,ಬೇಸಿಗೆ,ಆಟ,B,'ಎಂಟು' means 'eight' in English.,Kannada Subjects,Numbers
Which statement correctly describes Kannada's UNESCO/classical recognition year?,Kannada was granted classical language status by the Government of India in 2008,"Kannada, Tamil, and Telugu are all Dravidian languages, though each has distinct scripts, grammar, and vocabulary","the term for Middle Kannada, an intermediate stage in the historical development of the Kannada language","the language family to which Kannada belongs, along with Tamil, Telugu, and Malayalam",A,"By definition, Kannada's UNESCO/classical recognition year is: Kannada was granted classical language status by the Government of India in 2008",Kannada Subjects,Kannada Language
"Fill in the blank: ______ refers to ""the Vijayanagara period saw significant growth in Kannada literature, alongside patronage of other regional languages"".",Sangolli Rayanna,the Hoysala dynasty's contribution to Kannada,the Vijayanagara Empire's contribution to Kannada literature,the term 'Karnataka' etymology,C,"the Vijayanagara Empire's contribution to Kannada literature refers to: the Vijayanagara period saw significant growth in Kannada literature, alongside patronage of other regional languages",Kannada Subjects,Kannada History
What is the English meaning of the Kannada word 'ಐದು'?,five,old,house,queen,A,'ಐದು' means 'five' in English.,Kannada Subjects,Numbers
Which Kannada word means 'lentils/dal'?,ಆಟೋಟ,ಫಲಿತಾಂಶ,ಬೇಳೆ,ಹಳೆಯ,C,'ಬೇಳೆ' means 'lentils/dal' in English.,Kannada Subjects,Vocabulary
"Which term matches this description: ""the Indian roller (Neelakanthi Hakki), officially recognised as the state bird of Karnataka""?",Kannada cinema,Karnataka's state bird,Karnataka's state animal,a gaadhe (proverb) in Kannada,B,"The description matches Karnataka's state bird: the Indian roller (Neelakanthi Hakki), officially recognised as the state bird of Karnataka",Kannada Subjects,Kannada Culture
Which Kannada word means 'blue'?,ವಿದ್ಯಾರ್ಥಿ,ಸಕ್ಕರೆ,ಇಬ್ಬನಿ,ನೀಲಿ,D,'ನೀಲಿ' means 'blue' in English.,Kannada Subjects,Vocabulary
Which Kannada word means 'friend (female)'?,ಗೆಳತಿ,ಮೊದಲು,ಹಿಮ,ಬರೆಯುವುದು,A,'ಗೆಳತಿ' means 'friend (female)' in English.,Kannada Subjects,Vocabulary
Which statement correctly describes the three gems (ratnatraya) of early Kannada literature?,"a prolific Kannada writer, social reformer, and Jnanpith Award recipient known for his novels","meaning 'Kannada literature', referring to the body of written works composed in the Kannada language","Pampa, Ponna, and Ranna, three celebrated poets of the classical period of Kannada literature","a Kannada scholar, poet, and educator known for his contributions to Kannada language teaching and children's literature",C,"By definition, the three gems (ratnatraya) of early Kannada literature is: Pampa, Ponna, and Ranna, three celebrated poets of the classical period of Kannada literature",Kannada Subjects,Kannada Literature
What is the English meaning of the Kannada word 'ಬೆಳಿಗ್ಗೆ'?,morning,fourteen,welcome,to take,A,'ಬೆಳಿಗ್ಗೆ' means 'morning' in English.,Kannada Subjects,Vocabulary
"Fill in the blank: ______ refers to ""a traditional theatre form combining dance, music, and dialogue, popular in coastal Karnataka"".",Karnataka's state bird,Karnataka's state animal,a gaadhe (proverb) in Kannada,Yakshagana,D,"Yakshagana refers to: a traditional theatre form combining dance, music, and dialogue, popular in coastal Karnataka",Kannada Subjects,Kannada Culture
Which Kannada word means 'later/after'?,ಸ್ವಾಗತ,ನಂತರ,ರಾತ್ರಿ,ಪಶ್ಚಿಮ,B,'ನಂತರ' means 'later/after' in English.,Kannada Subjects,Vocabulary
Which Kannada word means 'coffee'?,ಕುದುರೆ,ಚಂದ್ರ,ಒಂಬತ್ತು,ಕಾಫಿ,D,'ಕಾಫಿ' means 'coffee' in English.,Kannada Subjects,Vocabulary
"Which term matches this description: ""a prose composition in Kannada literature, as opposed to poetry (padya)""?",U R Ananthamurthy,Vachana literature,a gadya (in Kannada literature),Niranjana (K Jinaraja Hegde),C,"The description matches a gadya (in Kannada literature): a prose composition in Kannada literature, as opposed to poetry (padya)",Kannada Subjects,Kannada Literature
What is the Mysore Kingdom's role in Kannada heritage?,"the historic Kingdom of Mysore was a major centre of Kannada culture, art, and literary patronage for centuries","the movement advocating for the unification of Kannada-speaking regions into a single state, which led to the formation of Karnataka in 1956","a prominent figure in the Karnataka unification movement, often referred to as 'Karnataka Kulapurohita' for his role in uniting Kannada-speaking regions","the Vijayanagara period saw significant growth in Kannada literature, alongside patronage of other regional languages",A,"the Mysore Kingdom's role in Kannada heritage is: the historic Kingdom of Mysore was a major centre of Kannada culture, art, and literary patronage for centuries",Kannada Subjects,Kannada History
Which Kannada word means 'spring season'?,ವಸಂತ ಋತು,ವಾಕ್ಯ,ಬಾಗಿಲು,ಅನ್ನ,A,'ವಸಂತ ಋತು' means 'spring season' in English.,Kannada Subjects,Seasons
What is the English meaning of the Kannada word 'ಕನ್ನಡಿ'?,mirror,oil,stomach,to wake up,A,'ಕನ್ನಡಿ' means 'mirror' in English.,Kannada Subjects,Vocabulary
"Fill in the blank: ______ refers to ""a traditional saying in the Kannada language that conveys wisdom or a moral lesson"".",Karaga,the Hampi ruins,Yakshagana,a gaadhe (proverb) in Kannada,D,a gaadhe (proverb) in Kannada refers to: a traditional saying in the Kannada language that conveys wisdom or a moral lesson,Kannada Subjects,Kannada Culture
"Which term matches this description: ""Kannada is written from left to right, like most modern Indian scripts""?",the Kannada slogan 'Sirigannada',the official language of Karnataka,the Kannada script,the direction of Kannada writing,D,"The description matches the direction of Kannada writing: Kannada is written from left to right, like most modern Indian scripts",Kannada Subjects,Kannada Language
Which Kannada word means 'old'?,ಹಳೆಯ,ಕೊಡುವುದು,ರಾಜ,ಊರು,A,'ಹಳೆಯ' means 'old' in English.,Kannada Subjects,Adjectives
Which Kannada word means 'onion'?,ಬರೆಯುವುದು,ಬೆಳ್ಳುಳ್ಳಿ,ಮೊದಲು,ಈರುಳ್ಳಿ,D,'ಈರುಳ್ಳಿ' means 'onion' in English.,Kannada Subjects,Vocabulary
"Which term matches this description: ""a person who natively speaks Kannada or belongs to the Kannada-speaking community, typically from Karnataka""?",Karaga,the term 'Kannadiga',Karnataka's state animal,Bevu Bella (in Ugadi tradition),B,"The description matches the term 'Kannadiga': a person who natively speaks Kannada or belongs to the Kannada-speaking community, typically from Karnataka",Kannada Subjects,Kannada Culture
What is Da Ra Bendre?,"a prolific Kannada writer, social reformer, and Jnanpith Award recipient known for his novels","a renowned Kannada poet known for his lyrical poetry, awarded the Jnanpith Award","a Kannada writer known as the father of the Kannada short story, and a Jnanpith Award recipient","a traditional three-line verse form used in Kannada poetry, notably by the poet Sarvajna",B,"Da Ra Bendre is: a renowned Kannada poet known for his lyrical poetry, awarded the Jnanpith Award",Kannada Subjects,Kannada Literature
"Which term matches this description: ""Karnataka traditionally follows a lunisolar calendar for festivals, with Ugadi marking the start of the new year""?",the Kannada calendar system,the term 'Kannadambe',Kannada cinema,Purandara Dasa,A,"The description matches the Kannada calendar system: Karnataka traditionally follows a lunisolar calendar for festivals, with Ugadi marking the start of the new year",Kannada Subjects,Kannada Culture
"Which term matches this description: ""a well-known Kannada playwright, actor, and film director, recipient of the Jnanpith Award""?",K S Narasimhaswamy,the Jnanpith Award,Masti Venkatesha Iyengar,Girish Karnad,D,"The description matches Girish Karnad: a well-known Kannada playwright, actor, and film director, recipient of the Jnanpith Award",Kannada Subjects,Kannada Literature
Which statement correctly describes Masti Venkatesha Iyengar?,"a renowned Kannada poet known for his lyrical poetry, awarded the Jnanpith Award","a 12th-century Kannada poet and mystic, known for her devotional Vachana poetry dedicated to Lord Shiva","a celebrated Kannada novelist and critic, known for his novel 'Samskara'","a Kannada writer known as the father of the Kannada short story, and a Jnanpith Award recipient",D,"By definition, Masti Venkatesha Iyengar is: a Kannada writer known as the father of the Kannada short story, and a Jnanpith Award recipient",Kannada Subjects,Kannada Literature
What is the English meaning of the Kannada word 'ಸಾವಿರ'?,question,sports/athletics,thousand,clean,C,'ಸಾವಿರ' means 'thousand' in English.,Kannada Subjects,Numbers
Which Kannada word means 'aeroplane'?,ಕ್ಯಾರೆಟ್,ನೀರು,ಯಾವಾಗ,ವಿಮಾನ,D,'ವಿಮಾನ' means 'aeroplane' in English.,Kannada Subjects,Vocabulary
What is the English meaning of the Kannada word 'ಜುಲೈ'?,orange,day,train,July,D,'ಜುಲೈ' means 'July' in English.,Kannada Subjects,Months
Which Kannada word means 'time'?,ಸಮಯ,ಬಸ್ಸು,ಸೈಕಲ್,ಕ್ರೀಡೆ,A,'ಸಮಯ' means 'time' in English.,Kannada Subjects,Vocabulary
What is the Kannada word for 'thank you'?,"Kannada, which is also one of the classical languages recognised by the Government of India","'ವಂದನೆಗಳು' (vandanegalu) or 'ಧನ್ಯವಾದಗಳು' (dhanyavaadagalu), commonly used to express gratitude","a common Kannada phrase meaning 'how are you', used respectfully","Kannada is written from left to right, like most modern Indian scripts",B,"the Kannada word for 'thank you' is: 'ವಂದನೆಗಳು' (vandanegalu) or 'ಧನ್ಯವಾದಗಳು' (dhanyavaadagalu), commonly used to express gratitude",Kannada Subjects,Kannada Language
"Fill in the blank: ______ refers to ""widely believed to derive from 'karu nadu', meaning 'lofty/black land' or 'elevated land', referring to the region's terrain"".",Sangolli Rayanna,the term 'Karnataka' etymology,Kittur Chennamma,the Chalukya dynasty's contribution to Kannada,B,"the term 'Karnataka' etymology refers to: widely believed to derive from 'karu nadu', meaning 'lofty/black land' or 'elevated land', referring to the region's terrain",Kannada Subjects,Kannada History
Which Kannada word means 'sea/ocean'?,ಆಗಸ್ಟ್,ಗುರು,ಹಲ್ಲು,ಸಮುದ್ರ,D,'ಸಮುದ್ರ' means 'sea/ocean' in English.,Kannada Subjects,Vocabulary
What is the English meaning of the Kannada word 'ದಿನ'?,student,day,bird,ten,B,'ದಿನ' means 'day' in English.,Kannada Subjects,Vocabulary
What is the English meaning of the Kannada word 'ಬಲಹೀನ'?,aeroplane,weak,June,result,B,'ಬಲಹೀನ' means 'weak' in English.,Kannada Subjects,Adjectives
What is the Kavirajamarga?,"Pampa, Ponna, and Ranna, three celebrated poets of the classical period of Kannada literature","an early treatise on Kannada poetics and rhetoric, considered one of the earliest available works on Kannada literary criticism","a Kannada poet, scholar, and Jnanpith Award recipient known for his contribution to Kannada literature and education","India's highest literary honour, awarded to a writer for outstanding contribution to Indian literature",B,"the Kavirajamarga is: an early treatise on Kannada poetics and rhetoric, considered one of the earliest available works on Kannada literary criticism",Kannada Subjects,Kannada Literature
What is the Jnanpith Award?,"meaning 'Kannada literature', referring to the body of written works composed in the Kannada language","an early treatise on Kannada poetics and rhetoric, considered one of the earliest available works on Kannada literary criticism","India's highest literary honour, awarded to a writer for outstanding contribution to Indian literature","a classical Kannada poet, one of the 'three gems' (ratnatraya) of early Kannada literature",C,"the Jnanpith Award is: India's highest literary honour, awarded to a writer for outstanding contribution to Indian literature",Kannada Subjects,Kannada Literature
What is the English meaning of the Kannada word 'ತಮ್ಮ'?,truth,sun,younger brother,lentils/dal,C,'ತಮ್ಮ' means 'younger brother' in English.,Kannada Subjects,Vocabulary
Which Kannada word means 'mother'?,ಅಮ್ಮ,ಇಂದು,ಏಳು,ನೂರು,A,'ಅಮ್ಮ' means 'mother' in English.,Kannada Subjects,Vocabulary
"Fill in the blank: ______ refers to ""a prose composition in Kannada literature, as opposed to poetry (padya)"".",Mankutimmana Kagga,Kuvempu,Ponna,a gadya (in Kannada literature),D,"a gadya (in Kannada literature) refers to: a prose composition in Kannada literature, as opposed to poetry (padya)",Kannada Subjects,Kannada Literature
"Fill in the blank: ______ refers to ""the capital city of Karnataka, often referred to as the 'Silicon Valley of India'"".",Karnataka's state tree,Kannada cinema,Mysuru Dasara,Bengaluru,D,"Bengaluru refers to: the capital city of Karnataka, often referred to as the 'Silicon Valley of India'",Kannada Subjects,Kannada Culture
"Fill in the blank: ______ refers to ""the term for Modern Kannada, the contemporary form of the Kannada language used today"".",the Kannada term 'lipi',the Kannada word for 'thank you',the term 'Kasturi Kannada',Hosagannada,D,"Hosagannada refers to: the term for Modern Kannada, the contemporary form of the Kannada language used today",Kannada Subjects,Kannada Language
Which Kannada word means 'garlic'?,ಬಾಳೆಹಣ್ಣು,ಬುಧವಾರ,ಬೆಳ್ಳುಳ್ಳಿ,ನಿಧಾನ,C,'ಬೆಳ್ಳುಳ್ಳಿ' means 'garlic' in English.,Kannada Subjects,Vocabulary
"Which term matches this description: ""the Hoysalas were notable patrons of Kannada literature and are also known for their distinctive temple architecture in Karnataka""?",the Hoysala dynasty's contribution to Kannada,Kittur Chennamma,the historic city of Badami,the term 'Karnataka' etymology,A,The description matches the Hoysala dynasty's contribution to Kannada: the Hoysalas were notable patrons of Kannada literature and are also known for their distinctive temple architecture in Karnataka,Kannada Subjects,Kannada History
"Fill in the blank: ______ refers to ""the Chalukyas patronised Kannada literature and inscriptions, contributing to its early development"".",the term 'Ekikarana',Rani Chennamma's kingdom,Alur Venkata Rao,the Chalukya dynasty's contribution to Kannada,D,"the Chalukya dynasty's contribution to Kannada refers to: the Chalukyas patronised Kannada literature and inscriptions, contributing to its early development",Kannada Subjects,Kannada History
"Which term matches this description: ""a well-known medieval Kannada poet famous for his short, wise sayings called 'Vachanas' or 'Tripadis' (three-line verses)""?",the Kavirajamarga,Sarvajna,Ponna,Kuvempu,B,"The description matches Sarvajna: a well-known medieval Kannada poet famous for his short, wise sayings called 'Vachanas' or 'Tripadis' (three-line verses)",Kannada Subjects,Kannada Literature
"Which term matches this description: ""a body established by the Government of Karnataka to promote the use and development of the Kannada language""?",Nadoja award,Karnataka's state emblem,Dollu Kunitha,the Kannada Development Authority,D,The description matches the Kannada Development Authority: a body established by the Government of Karnataka to promote the use and development of the Kannada language,Kannada Subjects,Kannada Culture
Which statement correctly describes Karnataka's state emblem?,"a saint-composer regarded as the 'father of Carnatic music', who composed devotional songs in Kannada","a traditional Hindu festival celebrated in Karnataka, particularly in Bengaluru, involving a ceremonial procession","an honorary award given by Hampi University (Kannada University) for outstanding contributions to Kannada culture, arts, and society","the Gandaberunda, a two-headed mythical bird, adopted as the official state emblem of Karnataka",D,"By definition, Karnataka's state emblem is: the Gandaberunda, a two-headed mythical bird, adopted as the official state emblem of Karnataka",Kannada Subjects,Kannada Culture
"Which term matches this description: ""meaning 'script', referring to the writing system used to write the Kannada language""?",the Kannada slogan 'Sirigannada',the geographic region where Kannada is predominantly spoken,the Kannada term 'lipi',Kannada,C,"The description matches the Kannada term 'lipi': meaning 'script', referring to the writing system used to write the Kannada language",Kannada Subjects,Kannada Language
"Which term matches this description: ""a prominent figure in the Karnataka unification movement, often referred to as 'Karnataka Kulapurohita' for his role in uniting Kannada-speaking regions""?",the term 'Karnataka' etymology,the historic town of Halebidu,the Mysore Kingdom's role in Kannada heritage,Alur Venkata Rao,D,"The description matches Alur Venkata Rao: a prominent figure in the Karnataka unification movement, often referred to as 'Karnataka Kulapurohita' for his role in uniting Kannada-speaking regions",Kannada Subjects,Kannada History
What is the English meaning of the Kannada word 'ಕಿವಿ'?,ear,country,rich,to work,A,'ಕಿವಿ' means 'ear' in English.,Kannada Subjects,Body Parts
What is the English meaning of the Kannada word 'ಭಾನುವಾರ'?,why,Tuesday,Sunday,no,C,'ಭಾನುವಾರ' means 'Sunday' in English.,Kannada Subjects,Days of the Week
"Which term matches this description: ""the state of Karnataka in southern India, along with parts of neighbouring states""?",Kannada,the geographic region where Kannada is predominantly spoken,the Kannada term 'lipi',Hosagannada,B,"The description matches the geographic region where Kannada is predominantly spoken: the state of Karnataka in southern India, along with parts of neighbouring states",Kannada Subjects,Kannada Language
What is a Kannada noun (naama pada)?,"a compound word formed by combining two or more words, common in Kannada word formation",Kannada generally follows a Subject-Object-Verb (SOV) word order,"a word in Kannada grammar that names a person, place, thing, or idea",conjunct consonant clusters formed by combining two or more consonants without an intervening vowel,C,"a Kannada noun (naama pada) is: a word in Kannada grammar that names a person, place, thing, or idea",Kannada Subjects,Kannada Grammar
What is the English meaning of the Kannada word 'ಪುಸ್ತಕ'?,June,to learn,to read/study,book,D,'ಪುಸ್ತಕ' means 'book' in English.,Kannada Subjects,Vocabulary
"Which term matches this description: ""a town in Karnataka renowned for the Chennakeshava Temple, built during the Hoysala period""?",the historic city of Badami,the Karnataka Ekikarana movement,the historic city of Belur,the historic town of Halebidu,C,"The description matches the historic city of Belur: a town in Karnataka renowned for the Chennakeshava Temple, built during the Hoysala period",Kannada Subjects,Kannada History
Which Kannada word means 'leaf'?,ಹಾಡುವುದು,ಎಲೆ,ಆಕಾಶ,ಜ್ಞಾನ,B,'ಎಲೆ' means 'leaf' in English.,Kannada Subjects,Vocabulary
What is the English meaning of the Kannada word 'ನೃತ್ಯ'?,hand,dance,dew,tall/height,B,'ನೃತ್ಯ' means 'dance' in English.,Kannada Subjects,Vocabulary
What is the English meaning of the Kannada word 'ಕೆಲಸ ಮಾಡುವುದು'?,car,to work,friend,two,B,'ಕೆಲಸ ಮಾಡುವುದು' means 'to work' in English.,Kannada Subjects,Verbs
What is the English meaning of the Kannada word 'ಕುದುರೆ'?,big,new,banana,horse,D,'ಕುದುರೆ' means 'horse' in English.,Kannada Subjects,Vocabulary
What is the Karnataka Sangha?,"the Indian elephant, officially recognised as the state animal of Karnataka","organisations historically formed to promote Kannada language, literature, and culture, both in India and among the diaspora","the capital city of Karnataka, often referred to as the 'Silicon Valley of India'","Kannada is widely used as the medium of instruction in schools across Karnataka, alongside English and other languages",B,"the Karnataka Sangha is: organisations historically formed to promote Kannada language, literature, and culture, both in India and among the diaspora",Kannada Subjects,Kannada Culture
"Fill in the blank: ______ refers to ""a notable Kannada novelist known for her works exploring psychological and social themes"".",Ranna,Triveni (Anasuya Shankar),a Tripadi (in Kannada poetry),the three gems (ratnatraya) of early Kannada literature,B,Triveni (Anasuya Shankar) refers to: a notable Kannada novelist known for her works exploring psychological and social themes,Kannada Subjects,Kannada Literature
What is the English meaning of the Kannada word 'ಮಣ್ಣು'?,meal/food,soil/earth,what,summer,B,'ಮಣ್ಣು' means 'soil/earth' in English.,Kannada Subjects,Vocabulary
"Which term matches this description: ""sandalwood (Shrigandha), officially recognised as the state tree of Karnataka""?",Karnataka's state flower,Mysuru Dasara,Karnataka's state tree,Bengaluru,C,"The description matches Karnataka's state tree: sandalwood (Shrigandha), officially recognised as the state tree of Karnataka",Kannada Subjects,Kannada Culture
"Fill in the blank: ______ refers to ""a poetic composition in Kannada literature, written in verse form"".",the three gems (ratnatraya) of early Kannada literature,a padya (in Kannada literature),K S Narasimhaswamy,Ranna,B,"a padya (in Kannada literature) refers to: a poetic composition in Kannada literature, written in verse form",Kannada Subjects,Kannada Literature
What is Karnataka's state tree?,"sandalwood (Shrigandha), officially recognised as the state tree of Karnataka","a major festival celebrated in Mysuru, Karnataka, marking the victory of good over evil and the state's royal heritage","the Gandaberunda, a two-headed mythical bird, adopted as the official state emblem of Karnataka","a Kannada poet, composer, and philosopher associated with the Bhakti movement, known for his devotional compositions",A,"Karnataka's state tree is: sandalwood (Shrigandha), officially recognised as the state tree of Karnataka",Kannada Subjects,Kannada Culture
What is the English meaning of the Kannada word 'ಅಕ್ಕ'?,summer,elder sister,to sleep,tomorrow,B,'ಅಕ್ಕ' means 'elder sister' in English.,Kannada Subjects,Vocabulary
Which Kannada word means 'to laugh'?,ಉತ್ತರ (ಜವಾಬು),ಇಲ್ಲ,ಪೂರ್ವ,ನಗುವುದು,D,'ನಗುವುದು' means 'to laugh' in English.,Kannada Subjects,Verbs
"Which term matches this description: ""the capital city of Karnataka, often referred to as the 'Silicon Valley of India'""?",Kannada Rajyotsava,Bengaluru,the Kannada state anthem 'Jaya Bharata Jananiya Tanujate',Dollu Kunitha,B,"The description matches Bengaluru: the capital city of Karnataka, often referred to as the 'Silicon Valley of India'",Kannada Subjects,Kannada Culture
Which Kannada word means 'month'?,ಬಾಯಿ,ಅಕ್ಕಿ,ತಿಂಗಳು,ಕ್ರೀಡೆ,C,'ತಿಂಗಳು' means 'month' in English.,Kannada Subjects,Vocabulary
"Fill in the blank: ______ refers to ""a Kannada poet, composer, and philosopher associated with the Bhakti movement, known for his devotional compositions"".",Kannada as a medium of instruction,Karnataka's state tree,Kanakadasa,the Kannada calendar system,C,"Kanakadasa refers to: a Kannada poet, composer, and philosopher associated with the Bhakti movement, known for his devotional compositions",Kannada Subjects,Kannada Culture
Which Kannada word means 'why'?,ಏಕೆ,ತೆಗೆದುಕೊಳ್ಳುವುದು,ಕಾಫಿ,ಬೇಸಿಗೆ,A,'ಏಕೆ' means 'why' in English.,Kannada Subjects,Question Words
What is Hosagannada?,"meaning 'script', referring to the writing system used to write the Kannada language","the term for Modern Kannada, the contemporary form of the Kannada language used today","a common Kannada phrase meaning 'how are you', used respectfully","the term for Middle Kannada, an intermediate stage in the historical development of the Kannada language",B,"Hosagannada is: the term for Modern Kannada, the contemporary form of the Kannada language used today",Kannada Subjects,Kannada Language
Which statement correctly describes the Hoysala dynasty's contribution to Kannada?,the Hoysalas were notable patrons of Kannada literature and are also known for their distinctive temple architecture in Karnataka,"considered the oldest available inscription in the Kannada language, dated to around the 5th century CE","widely believed to derive from 'karu nadu', meaning 'lofty/black land' or 'elevated land', referring to the region's terrain","a prominent figure in the Karnataka unification movement, often referred to as 'Karnataka Kulapurohita' for his role in uniting Kannada-speaking regions",A,"By definition, the Hoysala dynasty's contribution to Kannada is: the Hoysalas were notable patrons of Kannada literature and are also known for their distinctive temple architecture in Karnataka",Kannada Subjects,Kannada History
What is the English meaning of the Kannada word 'ನಿದ್ರಿಸುವುದು'?,to sleep,lightning,picture/film,letter,A,'ನಿದ್ರಿಸುವುದು' means 'to sleep' in English.,Kannada Subjects,Verbs
What is the English meaning of the Kannada word 'ಆಟ'?,language,afternoon,game/play,clock/watch,C,'ಆಟ' means 'game/play' in English.,Kannada Subjects,Vocabulary
Which Kannada word means 'small'?,ಹಾಡುವುದು,ಸೆಪ್ಟೆಂಬರ್,ಚಿಕ್ಕ,ಹದಿನೈದು,C,'ಚಿಕ್ಕ' means 'small' in English.,Kannada Subjects,Adjectives
Which Kannada word means 'nine'?,ಟೊಮ್ಯಾಟೊ,ಒಂಬತ್ತು,ಕಿತ್ತಳೆ,ಹುಲಿ,B,'ಒಂಬತ್ತು' means 'nine' in English.,Kannada Subjects,Numbers
Which statement correctly describes Kannada as a medium of instruction?,"the capital city of Karnataka, often referred to as the 'Silicon Valley of India'","the lotus (Kamala), officially recognised as the state flower of Karnataka","a traditional theatre form combining dance, music, and dialogue, popular in coastal Karnataka","Kannada is widely used as the medium of instruction in schools across Karnataka, alongside English and other languages",D,"By definition, Kannada as a medium of instruction is: Kannada is widely used as the medium of instruction in schools across Karnataka, alongside English and other languages",Kannada Subjects,Kannada Culture
Which Kannada word means 'weak'?,ಬಲಹೀನ,ಹತ್ತು,ವರ್ಷ,ನೀಲಿ,A,'ಬಲಹೀನ' means 'weak' in English.,Kannada Subjects,Adjectives
What is the English meaning of the Kannada word 'ಎಣ್ಣೆ'?,east,Saturday,to come,oil,D,'ಎಣ್ಣೆ' means 'oil' in English.,Kannada Subjects,Vocabulary
"Fill in the blank: ______ refers to ""consonant sounds in the Kannada alphabet"".",a Kannada adjective (gunavaachaka),plural formation in Kannada nouns,vyanjana (in Kannada grammar),the visarga in Kannada script,C,vyanjana (in Kannada grammar) refers to: consonant sounds in the Kannada alphabet,Kannada Subjects,Kannada Grammar
Which Kannada word means 'one'?,ಹನ್ನೊಂದು,ವಿಜ್ಞಾನ,ಮಾವು,ಒಂದು,D,'ಒಂದು' means 'one' in English.,Kannada Subjects,Numbers
What is Nadagannada?,"Kannada, Tamil, and Telugu are all Dravidian languages, though each has distinct scripts, grammar, and vocabulary",Kannada was officially recognised as a Classical Language of India by the Government of India in 2008,"the term for Middle Kannada, an intermediate stage in the historical development of the Kannada language","meaning 'speech' or 'language', often used poetically to refer to the Kannada language itself",C,"Nadagannada is: the term for Middle Kannada, an intermediate stage in the historical development of the Kannada language",Kannada Subjects,Kannada Language
"Fill in the blank: ______ refers to ""sandalwood (Shrigandha), officially recognised as the state tree of Karnataka"".",Karnataka's state tree,Dollu Kunitha,Kanakadasa,the Kannada calendar system,A,"Karnataka's state tree refers to: sandalwood (Shrigandha), officially recognised as the state tree of Karnataka",Kannada Subjects,Kannada Culture
"Which term matches this description: ""a queen of Kittur who led an armed resistance against the British East India Company in the early 19th century, celebrated in Kannada history and literature""?",Kittur Chennamma,the Vijayanagara Empire's contribution to Kannada literature,the Karnataka Ekikarana movement,the Mysore Kingdom's role in Kannada heritage,A,"The description matches Kittur Chennamma: a queen of Kittur who led an armed resistance against the British East India Company in the early 19th century, celebrated in Kannada history and literature",Kannada Subjects,Kannada History
What is the Kannada word for 'teacher'?,"'ವಂದನೆಗಳು' (vandanegalu) or 'ಧನ್ಯವಾದಗಳು' (dhanyavaadagalu), commonly used to express gratitude","a prolific Kannada writer, social reformer, and Jnanpith Award recipient known for his novels","'ಗುರು' (guru) or 'ಶಿಕ್ಷಕ' (shikshaka), both used to refer to a teacher in Kannada",consonant sounds in the Kannada alphabet,C,"the Kannada word for 'teacher' is: 'ಗುರು' (guru) or 'ಶಿಕ್ಷಕ' (shikshaka), both used to refer to a teacher in Kannada",Kannada Subjects,Kannada Vocabulary Notes
"Which term matches this description: ""a popular Kannada poet known for his romantic and lyrical poetry, notably the collection 'Mysore Mallige'""?",Da Ra Bendre,K S Narasimhaswamy,the term 'Kannada Sahitya',Sarvajna,B,"The description matches K S Narasimhaswamy: a popular Kannada poet known for his romantic and lyrical poetry, notably the collection 'Mysore Mallige'",Kannada Subjects,Kannada Literature
What is the Kannada term 'lipi'?,"meaning 'speech' or 'language', often used poetically to refer to the Kannada language itself","a common Kannada phrase meaning 'how are you', used respectfully",Kannada was officially recognised as a Classical Language of India by the Government of India in 2008,"meaning 'script', referring to the writing system used to write the Kannada language",D,"the Kannada term 'lipi' is: meaning 'script', referring to the writing system used to write the Kannada language",Kannada Subjects,Kannada Language
Which Kannada word means 'cap/hat'?,ಟೊಪ್ಪಿಗೆ,ಕುಡಿಯುವುದು,ಚಿಕ್ಕ,ನಿಧಾನ,A,'ಟೊಪ್ಪಿಗೆ' means 'cap/hat' in English.,Kannada Subjects,Vocabulary
What is the English meaning of the Kannada word 'ಅಕ್ಟೋಬರ್'?,poor,elephant,October,papaya,C,'ಅಕ್ಟೋಬರ್' means 'October' in English.,Kannada Subjects,Months
What is the English meaning of the Kannada word 'ಡಿಸೆಂಬರ್'?,mathematics,December,difficult,yesterday,B,'ಡಿಸೆಂಬರ್' means 'December' in English.,Kannada Subjects,Months
Which Kannada word means 'student'?,ಸುಂದರ,ಸೋಲು,ವಿದ್ಯಾರ್ಥಿ,ಪ್ರಯಾಣ,C,'ವಿದ್ಯಾರ್ಥಿ' means 'student' in English.,Kannada Subjects,Vocabulary
Which Kannada word means 'chair'?,ಕುರ್ಚಿ,ಹಲ್ಲು,ಚಪ್ಪಲಿ,ಮಾತನಾಡುವುದು,A,'ಕುರ್ಚಿ' means 'chair' in English.,Kannada Subjects,Vocabulary
"Fill in the blank: ______ refers to ""organisations historically formed to promote Kannada language, literature, and culture, both in India and among the diaspora"".",the term 'Kannadiga',the Karnataka Sangha,Karnataka's state tree,Kannada Rajyotsava,B,"the Karnataka Sangha refers to: organisations historically formed to promote Kannada language, literature, and culture, both in India and among the diaspora",Kannada Subjects,Kannada Culture
"Fill in the blank: ______ refers to ""Kannada is widely used as the medium of instruction in schools across Karnataka, alongside English and other languages"".",the Kannada Development Authority,Bevu Bella (in Ugadi tradition),Kannada as a medium of instruction,Kannada Rajyotsava,C,"Kannada as a medium of instruction refers to: Kannada is widely used as the medium of instruction in schools across Karnataka, alongside English and other languages",Kannada Subjects,Kannada Culture
What is Kanakadasa?,"meaning 'Mother Kannada', a personification of the Kannada language as a revered mother figure, celebrated in Kannada songs and poems","a Kannada poet, composer, and philosopher associated with the Bhakti movement, known for his devotional compositions","a saint-composer regarded as the 'father of Carnatic music', who composed devotional songs in Kannada","an honorary award given by Hampi University (Kannada University) for outstanding contributions to Kannada culture, arts, and society",B,"Kanakadasa is: a Kannada poet, composer, and philosopher associated with the Bhakti movement, known for his devotional compositions",Kannada Subjects,Kannada Culture
What is the English meaning of the Kannada word 'ಈರುಳ್ಳಿ'?,onion,aeroplane,friendship,finger,A,'ಈರುಳ್ಳಿ' means 'onion' in English.,Kannada Subjects,Vocabulary
What is the English meaning of the Kannada word 'ಕೆಲಸ'?,work/job,star,book,to cry,A,'ಕೆಲಸ' means 'work/job' in English.,Kannada Subjects,Vocabulary
What is the English meaning of the Kannada word 'ಮನೆ'?,to sing,January,house,country,C,'ಮನೆ' means 'house' in English.,Kannada Subjects,Vocabulary
Which Kannada word means 'rice (cooked)'?,ಸಕ್ಕರೆ,ಅನ್ನ,ರಜೆ,ಕುಡಿಯುವುದು,B,'ಅನ್ನ' means 'rice (cooked)' in English.,Kannada Subjects,Vocabulary
Which Kannada word means 'book'?,ಹದಿನೈದು,ಪೆನ್ನು,ಪುಸ್ತಕ,ವಸಂತ ಋತು,C,'ಪುಸ್ತಕ' means 'book' in English.,Kannada Subjects,Vocabulary
Which Kannada word means 'meal/food'?,ಓದುವುದು,ಚಂದ್ರ,ಸಂಗೀತ,ಊಟ,D,'ಊಟ' means 'meal/food' in English.,Kannada Subjects,Vocabulary
Which statement correctly describes Ranna?,"a 12th-century Kannada poet, philosopher, and social reformer who founded the Lingayat movement and wrote Vachana poetry",a Kannada novelist and journalist known for his socially conscious literary works,"a classical Kannada poet, also counted among the 'three gems' of early Kannada literature","a classical Kannada poet, one of the 'three gems' (ratnatraya) of early Kannada literature",D,"By definition, Ranna is: a classical Kannada poet, one of the 'three gems' (ratnatraya) of early Kannada literature",Kannada Subjects,Kannada Literature
"Fill in the blank: ______ refers to ""a well-known philosophical Kannada poetic work written by D V Gundappa"".",D V Gundappa (DVG),Mankutimmana Kagga,Ponna,a Tripadi (in Kannada poetry),B,Mankutimmana Kagga refers to: a well-known philosophical Kannada poetic work written by D V Gundappa,Kannada Subjects,Kannada Literature
What is the English meaning of the Kannada word 'ಏಕೆ'?,dance,fifty,tree,why,D,'ಏಕೆ' means 'why' in English.,Kannada Subjects,Question Words
"Fill in the blank: ______ refers to ""the term for Old Kannada, the earlier form of the Kannada language used in ancient inscriptions and texts"".",the Kannada word 'nudi',the geographic region where Kannada is predominantly spoken,Halegannada,the Kannada word 'namaskara',C,"Halegannada refers to: the term for Old Kannada, the earlier form of the Kannada language used in ancient inscriptions and texts",Kannada Subjects,Kannada Language
What is the Kannada word 'nudi'?,"meaning 'speech' or 'language', often used poetically to refer to the Kannada language itself",Kannada was granted classical language status by the Government of India in 2008,"the term for Middle Kannada, an intermediate stage in the historical development of the Kannada language","the term for Old Kannada, the earlier form of the Kannada language used in ancient inscriptions and texts",A,"the Kannada word 'nudi' is: meaning 'speech' or 'language', often used poetically to refer to the Kannada language itself",Kannada Subjects,Kannada Language
"Which term matches this description: ""a Dravidian language predominantly spoken in the Indian state of Karnataka""?",Kannada,the term 'Kasturi Kannada',Halegannada,Nadagannada,A,The description matches Kannada: a Dravidian language predominantly spoken in the Indian state of Karnataka,Kannada Subjects,Kannada Language
Which Kannada word means 'truth'?,ಹಸು,ಸಂಖ್ಯೆ,ಉಪ್ಪು,ಸತ್ಯ,D,'ಸತ್ಯ' means 'truth' in English.,Kannada Subjects,Vocabulary
Which Kannada word means 'fifteen'?,ಭೂಗೋಳ,ಹದಿನೈದು,ಆಟ,ದೊಡ್ಡ,B,'ಹದಿನೈದು' means 'fifteen' in English.,Kannada Subjects,Numbers
Which statement correctly describes the Kannada Development Authority?,"meaning 'Mother Kannada', a personification of the Kannada language as a revered mother figure, celebrated in Kannada songs and poems",a body established by the Government of Karnataka to promote the use and development of the Kannada language,"a mixture of neem leaves and jaggery eaten during Ugadi, symbolising the balance of life's bitter and sweet moments","Kannada is widely used as the medium of instruction in schools across Karnataka, alongside English and other languages",B,"By definition, the Kannada Development Authority is: a body established by the Government of Karnataka to promote the use and development of the Kannada language",Kannada Subjects,Kannada Culture
Which Kannada word means 'art'?,ತಂಗಿ,ಡಿಸೆಂಬರ್,ಕಲೆ,ಹೊಸ,C,'ಕಲೆ' means 'art' in English.,Kannada Subjects,School Subjects
What is the English meaning of the Kannada word 'ದೇಶ'?,what,to see/watch,country,hundred,C,'ದೇಶ' means 'country' in English.,Kannada Subjects,Vocabulary
Which statement correctly describes Karnataka's state tree?,a celebration observed on 1 November marking the formation of the state of Karnataka in 1956,"sandalwood (Shrigandha), officially recognised as the state tree of Karnataka","the capital city of Karnataka, often referred to as the 'Silicon Valley of India'","the Indian elephant, officially recognised as the state animal of Karnataka",B,"By definition, Karnataka's state tree is: sandalwood (Shrigandha), officially recognised as the state tree of Karnataka",Kannada Subjects,Kannada Culture
What is the English meaning of the Kannada word 'ಮೇ'?,poor,wheat,May,twelve,C,'ಮೇ' means 'May' in English.,Kannada Subjects,Months
"Which term matches this description: ""the ruins of Vijayanagara, a UNESCO World Heritage Site in Karnataka, showcasing historic architecture and Kannada heritage""?",Karnataka's state bird,the Kannada state anthem 'Jaya Bharata Jananiya Tanujate',Bengaluru,the Hampi ruins,D,"The description matches the Hampi ruins: the ruins of Vijayanagara, a UNESCO World Heritage Site in Karnataka, showcasing historic architecture and Kannada heritage",Kannada Subjects,Kannada Culture
"Fill in the blank: ______ refers to ""meaning 'Mother Kannada', a personification of the Kannada language as a revered mother figure, celebrated in Kannada songs and poems"".",Karnataka's state flower,Kannada as a medium of instruction,Kanakadasa,the term 'Kannadambe',D,"the term 'Kannadambe' refers to: meaning 'Mother Kannada', a personification of the Kannada language as a revered mother figure, celebrated in Kannada songs and poems",Kannada Subjects,Kannada Culture
Which Kannada word means 'geography'?,ವಿಮಾನ,ಆಕಾಶ,ವಿಜ್ಞಾನ,ಭೂಗೋಳ,D,'ಭೂಗೋಳ' means 'geography' in English.,Kannada Subjects,School Subjects
"Which term matches this description: ""a prominent organisation established to promote and develop Kannada language and literature""?",the Kannada Sahitya Parishat,K S Narasimhaswamy,Masti Venkatesha Iyengar,a padya (in Kannada literature),A,The description matches the Kannada Sahitya Parishat: a prominent organisation established to promote and develop Kannada language and literature,Kannada Subjects,Kannada Literature
What is the English meaning of the Kannada word 'ಬಾಳೆಹಣ್ಣು'?,to run,banana,Wednesday,ten,B,'ಬಾಳೆಹಣ್ಣು' means 'banana' in English.,Kannada Subjects,Vocabulary
What is Nadoja award?,"a major festival celebrated in Mysuru, Karnataka, marking the victory of good over evil and the state's royal heritage","sandalwood (Shrigandha), officially recognised as the state tree of Karnataka","the ruins of Vijayanagara, a UNESCO World Heritage Site in Karnataka, showcasing historic architecture and Kannada heritage","an honorary award given by Hampi University (Kannada University) for outstanding contributions to Kannada culture, arts, and society",D,"Nadoja award is: an honorary award given by Hampi University (Kannada University) for outstanding contributions to Kannada culture, arts, and society",Kannada Subjects,Kannada Culture
What is the English meaning of the Kannada word 'ಶ್ರೀಮಂತ'?,summer,rich,evening,how,B,'ಶ್ರೀಮಂತ' means 'rich' in English.,Kannada Subjects,Adjectives
"Fill in the blank: ______ refers to ""the lotus (Kamala), officially recognised as the state flower of Karnataka"".",Karnataka's state bird,the term 'Kannadambe',Karnataka's state flower,the term 'Kannadiga',C,"Karnataka's state flower refers to: the lotus (Kamala), officially recognised as the state flower of Karnataka",Kannada Subjects,Kannada Culture
"Fill in the blank: ______ refers to ""a sound represented by two dots (ಃ) after a letter, indicating a light aspirated 'h' sound"".",typical Kannada sentence word order,the Kannada word 'nimma',the Kannada word 'avara',the visarga in Kannada script,D,"the visarga in Kannada script refers to: a sound represented by two dots (ಃ) after a letter, indicating a light aspirated 'h' sound",Kannada Subjects,Kannada Grammar
What is the English meaning of the Kannada word 'ನೀರು'?,who,word,monsoon/rainy season,water,D,'ನೀರು' means 'water' in English.,Kannada Subjects,Vocabulary
What is U R Ananthamurthy?,"India's highest literary honour, awarded to a writer for outstanding contribution to Indian literature",a Kannada satirist and humour writer known for his witty prose,"a celebrated Kannada novelist and critic, known for his novel 'Samskara'","a classical Kannada poet, also counted among the 'three gems' of early Kannada literature",C,"U R Ananthamurthy is: a celebrated Kannada novelist and critic, known for his novel 'Samskara'",Kannada Subjects,Kannada Literature
"Fill in the blank: ______ refers to ""Kannada, Tamil, and Telugu are all Dravidian languages, though each has distinct scripts, grammar, and vocabulary"".",the Kannada word 'namaskara',the term 'Kasturi Kannada',Kannada's relationship to Tamil and Telugu,the Kannada word 'nudi',C,"Kannada's relationship to Tamil and Telugu refers to: Kannada, Tamil, and Telugu are all Dravidian languages, though each has distinct scripts, grammar, and vocabulary",Kannada Subjects,Kannada Language
What is the English meaning of the Kannada word 'ಕ್ಯಾರೆಟ್'?,carrot,lamp,December,September,A,'ಕ್ಯಾರೆಟ್' means 'carrot' in English.,Kannada Subjects,Vocabulary
What is the English meaning of the Kannada word 'ತಿನ್ನುವುದು'?,October,to eat,door,fifteen,B,'ತಿನ್ನುವುದು' means 'to eat' in English.,Kannada Subjects,Verbs
What is the English meaning of the Kannada word 'ಕಿಟಕಿ'?,window,younger sister,sugar,today,A,'ಕಿಟಕಿ' means 'window' in English.,Kannada Subjects,Vocabulary
Which statement correctly describes Triveni (Anasuya Shankar)?,a notable Kannada novelist known for her works exploring psychological and social themes,a Kannada satirist and humour writer known for his witty prose,"a well-known medieval Kannada poet famous for his short, wise sayings called 'Vachanas' or 'Tripadis' (three-line verses)","a celebrated Kannada novelist and critic, known for his novel 'Samskara'",A,"By definition, Triveni (Anasuya Shankar) is: a notable Kannada novelist known for her works exploring psychological and social themes",Kannada Subjects,Kannada Literature
Which Kannada word means 'December'?,ಡಿಸೆಂಬರ್,ಶುಚಿ,ಹತ್ತು,ಹಣ್ಣು,A,'ಡಿಸೆಂಬರ್' means 'December' in English.,Kannada Subjects,Months
"Which term matches this description: ""meaning 'your' (formal/plural), used as a possessive pronoun in Kannada""?",the Kannada word 'nimma',a Kannada verb (kriya pada),the Kannada alphabet's consonants (vyanjanagalu),a samasa (in Kannada grammar),A,"The description matches the Kannada word 'nimma': meaning 'your' (formal/plural), used as a possessive pronoun in Kannada",Kannada Subjects,Kannada Grammar
What is the English meaning of the Kannada word 'ತಿಂಗಳು'?,grapes,leaf,month,pen,C,'ತಿಂಗಳು' means 'month' in English.,Kannada Subjects,Vocabulary
Which Kannada word means 'history'?,ವಿದ್ಯಾರ್ಥಿ,ಕೆಟ್ಟ,ಇತಿಹಾಸ,ಕಾಲು,C,'ಇತಿಹಾಸ' means 'history' in English.,Kannada Subjects,School Subjects
"Which term matches this description: ""a compound word formed by combining two or more words, common in Kannada word formation""?",typical Kannada sentence word order,a samasa (in Kannada grammar),the anuswara in Kannada script,the Kannada alphabet's vowels (swaragalu),B,"The description matches a samasa (in Kannada grammar): a compound word formed by combining two or more words, common in Kannada word formation",Kannada Subjects,Kannada Grammar
Which Kannada word means 'cat'?,ಜನವರಿ,ದೀಪ,ಬೆಕ್ಕು,ಸ್ವಾಗತ,C,'ಬೆಕ್ಕು' means 'cat' in English.,Kannada Subjects,Vocabulary
What is the English meaning of the Kannada word 'ಚಹಾ'?,table,easy,tea,friend (male),C,'ಚಹಾ' means 'tea' in English.,Kannada Subjects,Vocabulary
Which statement correctly describes Nadoja award?,"an honorary award given by Hampi University (Kannada University) for outstanding contributions to Kannada culture, arts, and society","the capital city of Karnataka, often referred to as the 'Silicon Valley of India'","sandalwood (Shrigandha), officially recognised as the state tree of Karnataka","meaning 'the land of Kannada', a poetic reference to the state of Karnataka and its Kannada-speaking people",A,"By definition, Nadoja award is: an honorary award given by Hampi University (Kannada University) for outstanding contributions to Kannada culture, arts, and society",Kannada Subjects,Kannada Culture
Which Kannada word means 'journey/travel'?,ಮೇಜು,ಪ್ರಯಾಣ,ಮೂವತ್ತು,ಹಾವು,B,'ಪ್ರಯಾಣ' means 'journey/travel' in English.,Kannada Subjects,Vocabulary
Which statement correctly describes the Kannada phrase 'hegiddira'?,"a common Kannada phrase meaning 'how are you', used respectfully","'ವಂದನೆಗಳು' (vandanegalu) or 'ಧನ್ಯವಾದಗಳು' (dhanyavaadagalu), commonly used to express gratitude",a Dravidian language predominantly spoken in the Indian state of Karnataka,a colloquial Kannada phrase used to acknowledge that something is fine or acceptable,A,"By definition, the Kannada phrase 'hegiddira' is: a common Kannada phrase meaning 'how are you', used respectfully",Kannada Subjects,Kannada Language
"Fill in the blank: ______ refers to ""a town in Karnataka known for its rock-cut cave temples, once the capital of the Chalukya dynasty"".",the Wadeyar dynasty's patronage of Kannada,the Karnataka Ekikarana movement,Rani Chennamma's kingdom,the historic city of Badami,D,"the historic city of Badami refers to: a town in Karnataka known for its rock-cut cave temples, once the capital of the Chalukya dynasty",Kannada Subjects,Kannada History
What is the English meaning of the Kannada word 'ಓಡುವುದು'?,north / answer,to run,south,July,B,'ಓಡುವುದು' means 'to run' in English.,Kannada Subjects,Verbs
What is the English meaning of the Kannada word 'ಐವತ್ತು'?,fifty,lentils/dal,to wake up,star,A,'ಐವತ್ತು' means 'fifty' in English.,Kannada Subjects,Numbers
"Which term matches this description: ""India's highest literary honour, awarded to a writer for outstanding contribution to Indian literature""?",the Jnanpith Award,the term 'Kannada Sahitya',a gadya (in Kannada literature),V K Gokak,A,"The description matches the Jnanpith Award: India's highest literary honour, awarded to a writer for outstanding contribution to Indian literature",Kannada Subjects,Kannada Literature
What is the English meaning of the Kannada word 'ಎಷ್ಟು'?,what,to read/study,how much/how many,weak,C,'ಎಷ್ಟು' means 'how much/how many' in English.,Kannada Subjects,Question Words
Which Kannada word means 'October'?,ವಾರ,ಕುಟುಂಬ,ನಗುವುದು,ಅಕ್ಟೋಬರ್,D,'ಅಕ್ಟೋಬರ್' means 'October' in English.,Kannada Subjects,Months
Which statement correctly describes Ha Ma Nayak?,"a Kannada scholar, poet, and educator known for his contributions to Kannada language teaching and children's literature","a renowned Kannada poet known for his lyrical poetry, awarded the Jnanpith Award","a 12th-century Kannada poet, philosopher, and social reformer who founded the Lingayat movement and wrote Vachana poetry","Pampa, Ponna, and Ranna, three celebrated poets of the classical period of Kannada literature",A,"By definition, Ha Ma Nayak is: a Kannada scholar, poet, and educator known for his contributions to Kannada language teaching and children's literature",Kannada Subjects,Kannada Literature
Which Kannada word means 'salt'?,ಬಿಳಿ,ಬೆಳಿಗ್ಗೆ,ಬರುವುದು,ಉಪ್ಪು,D,'ಉಪ್ಪು' means 'salt' in English.,Kannada Subjects,Vocabulary
Which Kannada word means 'thirty'?,ಮೂವತ್ತು,ಚಿಕ್ಕ,ನಗರ,ಯಾರು,A,'ಮೂವತ್ತು' means 'thirty' in English.,Kannada Subjects,Numbers
Which Kannada word means 'story'?,ವಸಂತ ಋತು,ಕಥೆ,ಕಿವಿ,ಕಾಫಿ,B,'ಕಥೆ' means 'story' in English.,Kannada Subjects,Vocabulary
"Fill in the blank: ______ refers to ""the set of consonant sounds in Kannada, such as ಕ (ka), ಖ (kha), ಗ (ga), and others, which combine with vowels to form syllables"".",plural formation in Kannada nouns,the Kannada alphabet's consonants (vyanjanagalu),the honorific suffix '-avaru' in Kannada,the Kannada word 'nanna',B,"the Kannada alphabet's consonants (vyanjanagalu) refers to: the set of consonant sounds in Kannada, such as ಕ (ka), ಖ (kha), ಗ (ga), and others, which combine with vowels to form syllables",Kannada Subjects,Kannada Grammar
Which Kannada word means 'sun'?,ಪಪ್ಪಾಯಿ,ನಿದ್ರಿಸುವುದು,ಪ್ರಶ್ನೆ,ಸೂರ್ಯ,D,'ಸೂರ್ಯ' means 'sun' in English.,Kannada Subjects,Vocabulary
What is Mysuru Dasara?,a traditional saying in the Kannada language that conveys wisdom or a moral lesson,"the ruins of Vijayanagara, a UNESCO World Heritage Site in Karnataka, showcasing historic architecture and Kannada heritage","a major festival celebrated in Mysuru, Karnataka, marking the victory of good over evil and the state's royal heritage","meaning 'Mother Kannada', a personification of the Kannada language as a revered mother figure, celebrated in Kannada songs and poems",C,"Mysuru Dasara is: a major festival celebrated in Mysuru, Karnataka, marking the victory of good over evil and the state's royal heritage",Kannada Subjects,Kannada Culture
What is the English meaning of the Kannada word 'ಕಣ್ಣು'?,eye,to listen/ask,result,number,A,'ಕಣ್ಣು' means 'eye' in English.,Kannada Subjects,Body Parts
Which Kannada word means 'answer/reply'?,ಸಂಜೆ,ಸಮುದ್ರ,ಯಾರು,ಉತ್ತರ (ಜವಾಬು),D,'ಉತ್ತರ (ಜವಾಬು)' means 'answer/reply' in English.,Kannada Subjects,Vocabulary
What is Masti Venkatesha Iyengar?,"a Kannada poet, playwright, and Jnanpith Award recipient known for blending folk traditions with modern literature",a well-known philosophical Kannada poetic work written by D V Gundappa,"a Kannada writer known as the father of the Kannada short story, and a Jnanpith Award recipient","a well-known Kannada playwright, actor, and film director, recipient of the Jnanpith Award",C,"Masti Venkatesha Iyengar is: a Kannada writer known as the father of the Kannada short story, and a Jnanpith Award recipient",Kannada Subjects,Kannada Literature
Which Kannada word means 'May'?,ಕುಟುಂಬ,ಮೇ,ಗೋಧಿ,ಏಪ್ರಿಲ್,B,'ಮೇ' means 'May' in English.,Kannada Subjects,Months
"Which term matches this description: ""Kannada is widely used as the medium of instruction in schools across Karnataka, alongside English and other languages""?",Nadoja award,Kannada as a medium of instruction,the Kannada state anthem 'Jaya Bharata Jananiya Tanujate',Yakshagana,B,"The description matches Kannada as a medium of instruction: Kannada is widely used as the medium of instruction in schools across Karnataka, alongside English and other languages",Kannada Subjects,Kannada Culture
What is the English meaning of the Kannada word 'ಕುರ್ಚಿ'?,small,green,hill/mountain,chair,D,'ಕುರ್ಚಿ' means 'chair' in English.,Kannada Subjects,Vocabulary
What is the English meaning of the Kannada word 'ಯಾರು'?,boat,strength/power,cloud,who,D,'ಯಾರು' means 'who' in English.,Kannada Subjects,Question Words
Which Kannada word means 'leg/foot'?,ಕಾಲು,ಎರಡು,ಪಶ್ಚಿಮ,ಹಾಲು,A,'ಕಾಲು' means 'leg/foot' in English.,Kannada Subjects,Body Parts
What is Bengaluru?,"the ruins of Vijayanagara, a UNESCO World Heritage Site in Karnataka, showcasing historic architecture and Kannada heritage","the Indian roller (Neelakanthi Hakki), officially recognised as the state bird of Karnataka","the capital city of Karnataka, often referred to as the 'Silicon Valley of India'","the Gandaberunda, a two-headed mythical bird, adopted as the official state emblem of Karnataka",C,"Bengaluru is: the capital city of Karnataka, often referred to as the 'Silicon Valley of India'",Kannada Subjects,Kannada Culture
Which Kannada word means 'year'?,ಬೆಳಿಗ್ಗೆ,ಹಿಮ,ಮೂರು,ವರ್ಷ,D,'ವರ್ಷ' means 'year' in English.,Kannada Subjects,Vocabulary
Which Kannada word means 'to eat'?,ಪ್ರಶ್ನೆ,ಡಿಸೆಂಬರ್,ಹೋಗುವುದು,ತಿನ್ನುವುದು,D,'ತಿನ್ನುವುದು' means 'to eat' in English.,Kannada Subjects,Verbs
Which statement correctly describes a gaadhe (proverb) in Kannada?,"a traditional theatre form combining dance, music, and dialogue, popular in coastal Karnataka",a traditional saying in the Kannada language that conveys wisdom or a moral lesson,"a traditional Kannada folk dance performed with drums, popular in northern Karnataka","a major festival celebrated in Mysuru, Karnataka, marking the victory of good over evil and the state's royal heritage",B,"By definition, a gaadhe (proverb) in Kannada is: a traditional saying in the Kannada language that conveys wisdom or a moral lesson",Kannada Subjects,Kannada Culture
Which Kannada word means 'strength/power'?,ಎಚ್ಚರಗೊಳ್ಳುವುದು,ಜ್ಞಾನ,ನೋಡುವುದು,ಶಕ್ತಿ,D,'ಶಕ್ತಿ' means 'strength/power' in English.,Kannada Subjects,Vocabulary
"Which term matches this description: ""the Wadeyars, rulers of the Mysore Kingdom, were notable patrons of Kannada language, literature, and the arts over several centuries""?",the Wadeyar dynasty's patronage of Kannada,the historic city of Badami,the Mysore Kingdom's role in Kannada heritage,the Karnataka Ekikarana movement,A,"The description matches the Wadeyar dynasty's patronage of Kannada: the Wadeyars, rulers of the Mysore Kingdom, were notable patrons of Kannada language, literature, and the arts over several centuries",Kannada Subjects,Kannada History
Which Kannada word means 'Wednesday'?,ಕುರ್ಚಿ,ಬಣ್ಣ,ಬುಧವಾರ,ಒಂದು,C,'ಬುಧವಾರ' means 'Wednesday' in English.,Kannada Subjects,Days of the Week
"Fill in the blank: ______ refers to ""Kannada was officially recognised as a Classical Language of India by the Government of India in 2008"".",the geographic region where Kannada is predominantly spoken,the Kannada word for 'thank you',the Dravidian language family,Kannada's classification as a classical language,D,Kannada's classification as a classical language refers to: Kannada was officially recognised as a Classical Language of India by the Government of India in 2008,Kannada Subjects,Kannada Language
What is the English meaning of the Kannada word 'ಹೊಟ್ಟೆ'?,Wednesday,stomach,elder brother,day,B,'ಹೊಟ್ಟೆ' means 'stomach' in English.,Kannada Subjects,Body Parts
Which statement correctly describes the phrase 'Kannada Naadu'?,"a song written by Kuvempu, officially adopted as the state anthem (Nadageethe) of Karnataka","the Gandaberunda, a two-headed mythical bird, adopted as the official state emblem of Karnataka","a person who natively speaks Kannada or belongs to the Kannada-speaking community, typically from Karnataka","meaning 'the land of Kannada', a poetic reference to the state of Karnataka and its Kannada-speaking people",D,"By definition, the phrase 'Kannada Naadu' is: meaning 'the land of Kannada', a poetic reference to the state of Karnataka and its Kannada-speaking people",Kannada Subjects,Kannada Culture
Which Kannada word means 'friendship'?,ಒಂದು,ಪೆನ್ಸಿಲ್,ಬರುವುದು,ಸ್ನೇಹ,D,'ಸ್ನೇಹ' means 'friendship' in English.,Kannada Subjects,Vocabulary
What is Karnataka's state flower?,"the lotus (Kamala), officially recognised as the state flower of Karnataka","meaning 'Mother Kannada', a personification of the Kannada language as a revered mother figure, celebrated in Kannada songs and poems",a traditional saying in the Kannada language that conveys wisdom or a moral lesson,"a mixture of neem leaves and jaggery eaten during Ugadi, symbolising the balance of life's bitter and sweet moments",A,"Karnataka's state flower is: the lotus (Kamala), officially recognised as the state flower of Karnataka",Kannada Subjects,Kannada Culture
"Which term matches this description: ""suffixes added to Kannada nouns to indicate their grammatical role in a sentence, such as subject, object, or possession""?",a Kannada verb (kriya pada),typical Kannada sentence word order,Kannada case markers (vibhakti pratyaya),vyanjana (in Kannada grammar),C,"The description matches Kannada case markers (vibhakti pratyaya): suffixes added to Kannada nouns to indicate their grammatical role in a sentence, such as subject, object, or possession",Kannada Subjects,Kannada Grammar
"Which term matches this description: ""a Kannada scholar, poet, and educator known for his contributions to Kannada language teaching and children's literature""?",Ranna,Ha Ma Nayak,Girish Karnad,D V Gundappa (DVG),B,"The description matches Ha Ma Nayak: a Kannada scholar, poet, and educator known for his contributions to Kannada language teaching and children's literature",Kannada Subjects,Kannada Literature
Which Kannada word means 'stomach'?,ಫೆಬ್ರವರಿ,ದೋಣಿ,ಬಿಸಿಲು,ಹೊಟ್ಟೆ,D,'ಹೊಟ್ಟೆ' means 'stomach' in English.,Kannada Subjects,Body Parts
Which Kannada word means 'fruit'?,ಹಣ್ಣು,ಎಣ್ಣೆ,ದಯವಿಟ್ಟು,ಕೆಂಪು,A,'ಹಣ್ಣು' means 'fruit' in English.,Kannada Subjects,Vocabulary
Which Kannada word means 'rain'?,ಮಳೆ,ಆಡುವುದು,ಅಮ್ಮ,ಬೆಟ್ಟ,A,'ಮಳೆ' means 'rain' in English.,Kannada Subjects,Weather
Which Kannada word means 'before/first'?,ಸಂಗೀತ,ಕುಡಿಯುವುದು,ಆಟೋಟ,ಮೊದಲು,D,'ಮೊದಲು' means 'before/first' in English.,Kannada Subjects,Vocabulary
Which Kannada word means 'twenty'?,ಎರಡು,ಪತ್ರ,ಇಪ್ಪತ್ತು,ಏಪ್ರಿಲ್,C,'ಇಪ್ಪತ್ತು' means 'twenty' in English.,Kannada Subjects,Numbers
Which Kannada word means 'north / answer'?,ಮನೆ,ಸೈಕಲ್,ಉತ್ತರ,ತಲೆ,C,'ಉತ್ತರ' means 'north / answer' in English.,Kannada Subjects,Vocabulary
Which Kannada word means 'star'?,ಉತ್ತರ (ಜವಾಬು),ನಕ್ಷತ್ರ,ಶುಕ್ರವಾರ,ಕಿತ್ತಳೆ,B,'ನಕ್ಷತ್ರ' means 'star' in English.,Kannada Subjects,Vocabulary
What is the English meaning of the Kannada word 'ಪದ'?,student,game/play,word,onion,C,'ಪದ' means 'word' in English.,Kannada Subjects,Vocabulary
"Fill in the blank: ______ refers to ""meaning 'his/her/their' (respectful), used as a possessive pronoun in Kannada"".",Kannada case markers (vibhakti pratyaya),vyanjana (in Kannada grammar),the Kannada word 'avara',a Kannada verb (kriya pada),C,"the Kannada word 'avara' refers to: meaning 'his/her/their' (respectful), used as a possessive pronoun in Kannada",Kannada Subjects,Kannada Grammar
Which Kannada word means 'peace'?,ಇಲ್ಲ,ನೂರು,ನಗರ,ಶಾಂತಿ,D,'ಶಾಂತಿ' means 'peace' in English.,Kannada Subjects,Vocabulary
Which Kannada word means 'examination/test'?,ಪರೀಕ್ಷೆ,ಪದ,ಬದನೆಕಾಯಿ,ಭೂಗೋಳ,A,'ಪರೀಕ್ಷೆ' means 'examination/test' in English.,Kannada Subjects,Vocabulary
Which Kannada word means 'fourteen'?,ಹದಿನಾಲ್ಕು,ಇಪ್ಪತ್ತು,ಗೆಳೆಯ,ದೇಶ,A,'ಹದಿನಾಲ್ಕು' means 'fourteen' in English.,Kannada Subjects,Numbers
What is the historic town of Halebidu?,"a prominent figure in the Karnataka unification movement, often referred to as 'Karnataka Kulapurohita' for his role in uniting Kannada-speaking regions","a town in Karnataka known for the Hoysaleswara Temple, showcasing intricate Hoysala-era stone carving","widely believed to derive from 'karu nadu', meaning 'lofty/black land' or 'elevated land', referring to the region's terrain",a legendary warrior and freedom fighter from Karnataka who fought against British rule alongside Kittur Chennamma,B,"the historic town of Halebidu is: a town in Karnataka known for the Hoysaleswara Temple, showcasing intricate Hoysala-era stone carving",Kannada Subjects,Kannada History
What is D V Gundappa (DVG)?,"a well-known medieval Kannada poet famous for his short, wise sayings called 'Vachanas' or 'Tripadis' (three-line verses)","a respected Kannada writer and philosopher, best known for his work 'Mankutimmana Kagga'","a Kannada writer known as the father of the Kannada short story, and a Jnanpith Award recipient","a Kannada poet, scholar, and Jnanpith Award recipient known for his contribution to Kannada literature and education",B,"D V Gundappa (DVG) is: a respected Kannada writer and philosopher, best known for his work 'Mankutimmana Kagga'",Kannada Subjects,Kannada Literature
Which Kannada word means 'to play'?,ನಿದ್ರಿಸುವುದು,ಆಡುವುದು,ಜೂನ್,ಇಬ್ಬನಿ,B,'ಆಡುವುದು' means 'to play' in English.,Kannada Subjects,Verbs
Which Kannada word means 'question'?,ಸುಲಭ,ರಾಜ,ಪ್ರಶ್ನೆ,ಪೆನ್ನು,C,'ಪ್ರಶ್ನೆ' means 'question' in English.,Kannada Subjects,Vocabulary
Which Kannada word means 'July'?,ದುಃಖ,ಜುಲೈ,ಚಳಿ,ಮೂರು,B,'ಜುಲೈ' means 'July' in English.,Kannada Subjects,Months
What is the English meaning of the Kannada word 'ಚಂದ್ರ'?,thirty,strength/power,moon,result,C,'ಚಂದ್ರ' means 'moon' in English.,Kannada Subjects,Vocabulary
Which Kannada word means 'no'?,ವಾಕ್ಯ,ಪಶ್ಚಿಮ,ಇಲ್ಲ,ಯಾವುದು,C,'ಇಲ್ಲ' means 'no' in English.,Kannada Subjects,Vocabulary
What is the English meaning of the Kannada word 'ಕಲಿಯುವುದು'?,grapes,when,to learn,big,C,'ಕಲಿಯುವುದು' means 'to learn' in English.,Kannada Subjects,Verbs
Which Kannada word means 'city'?,ಅಕ್ಕ,ನಗರ,ತಿಂಗಳು,ದೇಶ,B,'ನಗರ' means 'city' in English.,Kannada Subjects,Vocabulary
What is Karnataka's state emblem?,"the Indian roller (Neelakanthi Hakki), officially recognised as the state bird of Karnataka",a body established by the Government of Karnataka to promote the use and development of the Kannada language,"a Kannada poet, composer, and philosopher associated with the Bhakti movement, known for his devotional compositions","the Gandaberunda, a two-headed mythical bird, adopted as the official state emblem of Karnataka",D,"Karnataka's state emblem is: the Gandaberunda, a two-headed mythical bird, adopted as the official state emblem of Karnataka",Kannada Subjects,Kannada Culture
What is the English meaning of the Kannada word 'ಹುಲಿ'?,tiger,coffee,queen,colour,A,'ಹುಲಿ' means 'tiger' in English.,Kannada Subjects,Vocabulary
Which Kannada word means 'please'?,ಮಳೆ,ಸೆಪ್ಟೆಂಬರ್,ವಾಕ್ಯ,ದಯವಿಟ್ಟು,D,'ದಯವಿಟ್ಟು' means 'please' in English.,Kannada Subjects,Vocabulary
What is a sandhi (in Kannada grammar)?,consonant sounds in the Kannada alphabet,"the phonetic combination of two words or morphemes, joining them according to grammatical rules","a word in Kannada grammar used in place of a noun, such as ನಾನು (I) or ಅವನು (he)",conjunct consonant clusters formed by combining two or more consonants without an intervening vowel,B,"a sandhi (in Kannada grammar) is: the phonetic combination of two words or morphemes, joining them according to grammatical rules",Kannada Subjects,Kannada Grammar
Which Kannada word means 'April'?,ಮಳೆಗಾಲ,ಏಪ್ರಿಲ್,ಕುಟುಂಬ,ಬಿಸಿ,B,'ಏಪ್ರಿಲ್' means 'April' in English.,Kannada Subjects,Months
What is the English meaning of the Kannada word 'ಜ್ಞಾನ'?,window,night,star,knowledge,D,'ಜ್ಞಾನ' means 'knowledge' in English.,Kannada Subjects,Vocabulary
"Fill in the blank: ______ refers to ""meaning 'speech' or 'language', often used poetically to refer to the Kannada language itself"".",the Kannada slogan 'Sirigannada',the Kannada word 'nudi',the Kannada word for 'thank you',the geographic region where Kannada is predominantly spoken,B,"the Kannada word 'nudi' refers to: meaning 'speech' or 'language', often used poetically to refer to the Kannada language itself",Kannada Subjects,Kannada Language
Which Kannada word means 'sorrow'?,ದುಃಖ,ಮಂಗಳವಾರ,ಪೆನ್ನು,ಸೋಮವಾರ,A,'ದುಃಖ' means 'sorrow' in English.,Kannada Subjects,Vocabulary
Which Kannada word means 'thousand'?,ಸಾವಿರ,ಉತ್ತರ,ಭೂಗೋಳ,ಭಾಷೆ,A,'ಸಾವಿರ' means 'thousand' in English.,Kannada Subjects,Numbers
"Fill in the blank: ______ refers to ""meaning 'script', referring to the writing system used to write the Kannada language"".",the geographic region where Kannada is predominantly spoken,Halegannada,the Kannada term 'lipi',Kannada,C,"the Kannada term 'lipi' refers to: meaning 'script', referring to the writing system used to write the Kannada language",Kannada Subjects,Kannada Language
"Fill in the blank: ______ refers to ""the Gandaberunda, a two-headed mythical bird, adopted as the official state emblem of Karnataka"".",a gaadhe (proverb) in Kannada,Karnataka's state emblem,the phrase 'Kannada Naadu',Karnataka's state flower,B,"Karnataka's state emblem refers to: the Gandaberunda, a two-headed mythical bird, adopted as the official state emblem of Karnataka",Kannada Subjects,Kannada Culture
What is the English meaning of the Kannada word 'ನಾಲ್ಕು'?,aeroplane,boat,four,why,C,'ನಾಲ್ಕು' means 'four' in English.,Kannada Subjects,Numbers
What is the English meaning of the Kannada word 'ಆಲೂಗಡ್ಡೆ'?,Friday,evening,potato,fourteen,C,'ಆಲೂಗಡ್ಡೆ' means 'potato' in English.,Kannada Subjects,Vocabulary
Which Kannada word means 'to learn'?,ಯಾವುದು,ಹೇಗೆ,ಕಲಿಯುವುದು,ಸುಲಭ,C,'ಕಲಿಯುವುದು' means 'to learn' in English.,Kannada Subjects,Verbs
"Which term matches this description: ""meaning 'my', used as a possessive pronoun in Kannada""?",the Kannada word 'nanna',a Kannada karta (subject),typical Kannada sentence word order,the anuswara in Kannada script,A,"The description matches the Kannada word 'nanna': meaning 'my', used as a possessive pronoun in Kannada",Kannada Subjects,Kannada Grammar
"Which term matches this description: ""a term of pride meaning 'prosperous/glorious Kannada', often used in cultural and literary contexts""?",the Kannada script,the Kannada slogan 'Sirigannada',the Kannada word 'holagide',Kannada,B,"The description matches the Kannada slogan 'Sirigannada': a term of pride meaning 'prosperous/glorious Kannada', often used in cultural and literary contexts",Kannada Subjects,Kannada Language
Which Kannada word means 'eye'?,ಕಣ್ಣು,ದೋಣಿ,ಹಳದಿ,ಹಳೆಯ,A,'ಕಣ್ಣು' means 'eye' in English.,Kannada Subjects,Body Parts
What is the phrase 'Kannada Naadu'?,"meaning 'the land of Kannada', a poetic reference to the state of Karnataka and its Kannada-speaking people","sandalwood (Shrigandha), officially recognised as the state tree of Karnataka","meaning 'Mother Kannada', a personification of the Kannada language as a revered mother figure, celebrated in Kannada songs and poems","the Gandaberunda, a two-headed mythical bird, adopted as the official state emblem of Karnataka",A,"the phrase 'Kannada Naadu' is: meaning 'the land of Kannada', a poetic reference to the state of Karnataka and its Kannada-speaking people",Kannada Subjects,Kannada Culture
What is the English meaning of the Kannada word 'ಪಶ್ಚಿಮ'?,March,sunshine/heat,number,west,D,'ಪಶ್ಚಿಮ' means 'west' in English.,Kannada Subjects,Vocabulary
Which statement correctly describes a Kannada noun (naama pada)?,"a word in Kannada grammar that names a person, place, thing, or idea","a word in Kannada grammar used in place of a noun, such as ನಾನು (I) or ಅವನು (he)","meaning 'his/her/their' (respectful), used as a possessive pronoun in Kannada","meaning 'my', used as a possessive pronoun in Kannada",A,"By definition, a Kannada noun (naama pada) is: a word in Kannada grammar that names a person, place, thing, or idea",Kannada Subjects,Kannada Grammar
What is the English meaning of the Kannada word 'ಇಬ್ಬನಿ'?,elder brother,thousand,dew,tiger,C,'ಇಬ್ಬನಿ' means 'dew' in English.,Kannada Subjects,Weather
What is the English meaning of the Kannada word 'ನೂರು'?,hundred,twenty,lamp,slow,A,'ನೂರು' means 'hundred' in English.,Kannada Subjects,Numbers
Which Kannada word means 'door'?,ಬೆಳಿಗ್ಗೆ,ಬಾಗಿಲು,ಆಕಾಶ,ರಾಜ,B,'ಬಾಗಿಲು' means 'door' in English.,Kannada Subjects,Vocabulary
"Which term matches this description: ""a notable Kannada novelist known for her works exploring psychological and social themes""?",Triveni (Anasuya Shankar),the term 'Kannada Sahitya',Ponna,Ha Ma Nayak,A,The description matches Triveni (Anasuya Shankar): a notable Kannada novelist known for her works exploring psychological and social themes,Kannada Subjects,Kannada Literature
Which Kannada word means 'brinjal/eggplant'?,ವಿಜ್ಞಾನ,ಗುಡುಗು,ಹದಿಮೂರು,ಬದನೆಕಾಯಿ,D,'ಬದನೆಕಾಯಿ' means 'brinjal/eggplant' in English.,Kannada Subjects,Vocabulary
Which statement correctly describes the term 'Kannada Sahitya'?,"a form of Kannada devotional poetry written in prose-like verses, popularised by the Lingayat saints of the 12th century","a traditional three-line verse form used in Kannada poetry, notably by the poet Sarvajna","meaning 'Kannada literature', referring to the body of written works composed in the Kannada language","a respected Kannada writer and philosopher, best known for his work 'Mankutimmana Kagga'",C,"By definition, the term 'Kannada Sahitya' is: meaning 'Kannada literature', referring to the body of written works composed in the Kannada language",Kannada Subjects,Kannada Literature
Which Kannada word means 'morning'?,ಮರ,ಬೆಳಿಗ್ಗೆ,ಕಲೆ,ಭಾಷೆ,B,'ಬೆಳಿಗ್ಗೆ' means 'morning' in English.,Kannada Subjects,Vocabulary
Which statement correctly describes the honorific suffix '-avaru' in Kannada?,"the doer of the action in a Kannada sentence, typically the grammatical subject","the phonetic combination of two words or morphemes, joining them according to grammatical rules","a respectful suffix added to a person's name or title in Kannada to show respect, similar to 'Mr./Mrs.' or 'Sir/Madam'",conjunct consonant clusters formed by combining two or more consonants without an intervening vowel,C,"By definition, the honorific suffix '-avaru' in Kannada is: a respectful suffix added to a person's name or title in Kannada to show respect, similar to 'Mr./Mrs.' or 'Sir/Madam'",Kannada Subjects,Kannada Grammar
"Which term matches this description: ""the Kannada New Year festival, celebrated in Karnataka to mark the beginning of a new year according to the lunisolar calendar""?",Nadoja award,Purandara Dasa,Kannada Rajyotsava,Ugadi,D,"The description matches Ugadi: the Kannada New Year festival, celebrated in Karnataka to mark the beginning of a new year according to the lunisolar calendar",Kannada Subjects,Kannada Culture
"Which term matches this description: ""conjunct consonant clusters formed by combining two or more consonants without an intervening vowel""?",a samasa (in Kannada grammar),a Kannada karma (object),compound letters (ottakshara) in Kannada,typical Kannada sentence word order,C,The description matches compound letters (ottakshara) in Kannada: conjunct consonant clusters formed by combining two or more consonants without an intervening vowel,Kannada Subjects,Kannada Grammar
"Which term matches this description: ""a Kannada poet, playwright, and Jnanpith Award recipient known for blending folk traditions with modern literature""?",a gadya (in Kannada literature),the Kannada Sahitya Parishat,K S Narasimhaswamy,Chandrashekhara Kambara,D,"The description matches Chandrashekhara Kambara: a Kannada poet, playwright, and Jnanpith Award recipient known for blending folk traditions with modern literature",Kannada Subjects,Kannada Literature
Which Kannada word means 'country'?,ಕೆಲಸ ಮಾಡುವುದು,ಕಾಫಿ,ದೇಶ,ಮೂಗು,C,'ದೇಶ' means 'country' in English.,Kannada Subjects,Vocabulary
What is a Kannada verb (kriya pada)?,"meaning 'my', used as a possessive pronoun in Kannada",a nasal sound represented by a dot (ಂ) placed above a letter in Kannada writing,a word in Kannada grammar that expresses an action or state of being,"the set of independent vowel sounds in Kannada, including ಅ (a), ಆ (aa), ಇ (i), ಈ (ii), ಉ (u), and others",C,a Kannada verb (kriya pada) is: a word in Kannada grammar that expresses an action or state of being,Kannada Subjects,Kannada Grammar
What is the English meaning of the Kannada word 'ಕಥೆ'?,family,elephant,story,car,C,'ಕಥೆ' means 'story' in English.,Kannada Subjects,Vocabulary
Which Kannada word means 'dog'?,ರೈಲು,ಪರೀಕ್ಷೆ,ನಾಯಿ,ಕೈ,C,'ನಾಯಿ' means 'dog' in English.,Kannada Subjects,Vocabulary
Which statement correctly describes Ugadi?,"a traditional theatre form combining dance, music, and dialogue, popular in coastal Karnataka","the Kannada New Year festival, celebrated in Karnataka to mark the beginning of a new year according to the lunisolar calendar","the Gandaberunda, a two-headed mythical bird, adopted as the official state emblem of Karnataka",a body established by the Government of Karnataka to promote the use and development of the Kannada language,B,"By definition, Ugadi is: the Kannada New Year festival, celebrated in Karnataka to mark the beginning of a new year according to the lunisolar calendar",Kannada Subjects,Kannada Culture
Which Kannada word means 'boat'?,ದೋಣಿ,ಒಂದು,ವಿದ್ಯಾರ್ಥಿ,ವರ್ಷ,A,'ದೋಣಿ' means 'boat' in English.,Kannada Subjects,Vocabulary
What is the English meaning of the Kannada word 'ಬರುವುದು'?,water,to come,hand,elephant,B,'ಬರುವುದು' means 'to come' in English.,Kannada Subjects,Verbs
"Fill in the blank: ______ refers to ""a term of pride meaning 'prosperous/glorious Kannada', often used in cultural and literary contexts"".",Nadagannada,the Kannada slogan 'Sirigannada',the term 'Kasturi Kannada',Kannada's classification as a classical language,B,"the Kannada slogan 'Sirigannada' refers to: a term of pride meaning 'prosperous/glorious Kannada', often used in cultural and literary contexts",Kannada Subjects,Kannada Language
Which Kannada word means 'family'?,ಸಂಖ್ಯೆ,ಕೆಟ್ಟ,ಉತ್ತರ (ಜವಾಬು),ಕುಟುಂಬ,D,'ಕುಟುಂಬ' means 'family' in English.,Kannada Subjects,Vocabulary
Which statement correctly describes Akka Mahadevi?,"a 12th-century Kannada poet and mystic, known for her devotional Vachana poetry dedicated to Lord Shiva","a celebrated Kannada poet and writer, the first Kannada writer to receive the Jnanpith Award","a prose composition in Kannada literature, as opposed to poetry (padya)","a Kannada poet, playwright, and Jnanpith Award recipient known for blending folk traditions with modern literature",A,"By definition, Akka Mahadevi is: a 12th-century Kannada poet and mystic, known for her devotional Vachana poetry dedicated to Lord Shiva",Kannada Subjects,Kannada Literature
What is the anuswara in Kannada script?,conjunct consonant clusters formed by combining two or more consonants without an intervening vowel,"a word in Kannada grammar that names a person, place, thing, or idea",a nasal sound represented by a dot (ಂ) placed above a letter in Kannada writing,"the set of consonant sounds in Kannada, such as ಕ (ka), ಖ (kha), ಗ (ga), and others, which combine with vowels to form syllables",C,the anuswara in Kannada script is: a nasal sound represented by a dot (ಂ) placed above a letter in Kannada writing,Kannada Subjects,Kannada Grammar
Which Kannada word means 'teacher/guru'?,ಇಂದು,ಕುಡಿಯುವುದು,ಗುರು,ನಿಧಾನ,C,'ಗುರು' means 'teacher/guru' in English.,Kannada Subjects,Vocabulary
What is the English meaning of the Kannada word 'ಎಲೆ'?,cap/hat,blue,leaf,snake,C,'ಎಲೆ' means 'leaf' in English.,Kannada Subjects,Vocabulary
Which statement correctly describes the Kannada Sahitya Parishat?,a Kannada satirist and humour writer known for his witty prose,"Pampa, Ponna, and Ranna, three celebrated poets of the classical period of Kannada literature","a popular Kannada poet known for his romantic and lyrical poetry, notably the collection 'Mysore Mallige'",a prominent organisation established to promote and develop Kannada language and literature,D,"By definition, the Kannada Sahitya Parishat is: a prominent organisation established to promote and develop Kannada language and literature",Kannada Subjects,Kannada Literature
Which Kannada word means 'green'?,ಹಸಿರು,ತಿನ್ನುವುದು,ಸೋಮವಾರ,ಚಂದ್ರ,A,'ಹಸಿರು' means 'green' in English.,Kannada Subjects,Vocabulary
What is the English meaning of the Kannada word 'ಅಕ್ಕಿ'?,teacher/guru,rice (uncooked),August,cow,B,'ಅಕ್ಕಿ' means 'rice (uncooked)' in English.,Kannada Subjects,Vocabulary
What is the English meaning of the Kannada word 'ಗಣಿತ'?,mathematics,Thursday,book,holiday/leave,A,'ಗಣಿತ' means 'mathematics' in English.,Kannada Subjects,School Subjects
Which Kannada word means 'to run'?,ಓಡುವುದು,ಕ್ಷಮಿಸಿ,ಟೊಮ್ಯಾಟೊ,ಮೊದಲು,A,'ಓಡುವುದು' means 'to run' in English.,Kannada Subjects,Verbs
What is the English meaning of the Kannada word 'ಆಗಸ್ಟ್'?,spring season,black,August,snow/frost,C,'ಆಗಸ್ಟ್' means 'August' in English.,Kannada Subjects,Months
What is the English meaning of the Kannada word 'ಭೂಗೋಳ'?,geography,music,fire,snow/frost,A,'ಭೂಗೋಳ' means 'geography' in English.,Kannada Subjects,School Subjects
What is the English meaning of the Kannada word 'ಸಮಯ'?,word,time,now,grapes,B,'ಸಮಯ' means 'time' in English.,Kannada Subjects,Vocabulary
Which statement correctly describes Pampa?,"an early and celebrated Kannada poet, often referred to as the 'father of Kannada poetry', known for 'Vikramarjuna Vijaya'",a prominent organisation established to promote and develop Kannada language and literature,"a poetic composition in Kannada literature, written in verse form",a notable Kannada novelist known for her works exploring psychological and social themes,A,"By definition, Pampa is: an early and celebrated Kannada poet, often referred to as the 'father of Kannada poetry', known for 'Vikramarjuna Vijaya'",Kannada Subjects,Kannada Literature
What is the term 'Kannadiga'?,"a person who natively speaks Kannada or belongs to the Kannada-speaking community, typically from Karnataka",a traditional saying in the Kannada language that conveys wisdom or a moral lesson,"a song written by Kuvempu, officially adopted as the state anthem (Nadageethe) of Karnataka","the Indian roller (Neelakanthi Hakki), officially recognised as the state bird of Karnataka",A,"the term 'Kannadiga' is: a person who natively speaks Kannada or belongs to the Kannada-speaking community, typically from Karnataka",Kannada Subjects,Kannada Culture
What is the English meaning of the Kannada word 'ಕೈ'?,clean,hill/mountain,hand,father,C,'ಕೈ' means 'hand' in English.,Kannada Subjects,Body Parts
What is the English meaning of the Kannada word 'ಕಲೆ'?,bicycle,sea/ocean,ten,art,D,'ಕಲೆ' means 'art' in English.,Kannada Subjects,School Subjects
What is the English meaning of the Kannada word 'ಮಧ್ಯಾಹ್ನ'?,meal/food,June,afternoon,garlic,C,'ಮಧ್ಯಾಹ್ನ' means 'afternoon' in English.,Kannada Subjects,Vocabulary
What is the term 'Karnataka' etymology?,"widely believed to derive from 'karu nadu', meaning 'lofty/black land' or 'elevated land', referring to the region's terrain","a queen of Kittur who led an armed resistance against the British East India Company in the early 19th century, celebrated in Kannada history and literature","considered the oldest available inscription in the Kannada language, dated to around the 5th century CE","a prominent figure in the Karnataka unification movement, often referred to as 'Karnataka Kulapurohita' for his role in uniting Kannada-speaking regions",A,"the term 'Karnataka' etymology is: widely believed to derive from 'karu nadu', meaning 'lofty/black land' or 'elevated land', referring to the region's terrain",Kannada Subjects,Kannada History
What is the English meaning of the Kannada word 'ಶನಿವಾರ'?,water,dew,Saturday,sun,C,'ಶನಿವಾರ' means 'Saturday' in English.,Kannada Subjects,Days of the Week
Which Kannada word means 'poor'?,ಬಡ,ಸಮಯ,ಕಿವಿ,ತೆಗೆದುಕೊಳ್ಳುವುದು,A,'ಬಡ' means 'poor' in English.,Kannada Subjects,Adjectives
Which Kannada word means 'winter'?,ಚಳಿಗಾಲ,ಮೊದಲು,ಇಬ್ಬನಿ,ಹೌದು,A,'ಚಳಿಗಾಲ' means 'winter' in English.,Kannada Subjects,Seasons
What is the English meaning of the Kannada word 'ಧರ್ಮ'?,year,religion/duty,bicycle,seven,B,'ಧರ್ಮ' means 'religion/duty' in English.,Kannada Subjects,Vocabulary
What is the English meaning of the Kannada word 'ಊರು'?,window,horse,black,village/town,D,'ಊರು' means 'village/town' in English.,Kannada Subjects,Vocabulary
Which Kannada word means 'January'?,ಶುಕ್ರವಾರ,ಹೊಸ,ಅಳುವುದು,ಜನವರಿ,D,'ಜನವರಿ' means 'January' in English.,Kannada Subjects,Months
What is the honorific suffix '-avaru' in Kannada?,"the doer of the action in a Kannada sentence, typically the grammatical subject",a nasal sound represented by a dot (ಂ) placed above a letter in Kannada writing,Kannada generally follows a Subject-Object-Verb (SOV) word order,"a respectful suffix added to a person's name or title in Kannada to show respect, similar to 'Mr./Mrs.' or 'Sir/Madam'",D,"the honorific suffix '-avaru' in Kannada is: a respectful suffix added to a person's name or title in Kannada to show respect, similar to 'Mr./Mrs.' or 'Sir/Madam'",Kannada Subjects,Kannada Grammar
Which Kannada word means 'now'?,ರಸ್ತೆ,ಈಗ,ಅಳುವುದು,ಎರಡು,B,'ಈಗ' means 'now' in English.,Kannada Subjects,Vocabulary
What is the English meaning of the Kannada word 'ತೆಗೆದುಕೊಳ್ಳುವುದು'?,potato,to take,difficult,sea/ocean,B,'ತೆಗೆದುಕೊಳ್ಳುವುದು' means 'to take' in English.,Kannada Subjects,Verbs
Which statement correctly describes Sangolli Rayanna?,"meaning 'unification', referring to the movement that led to the formation of the unified state of Karnataka in 1956","the Wadeyars, rulers of the Mysore Kingdom, were notable patrons of Kannada language, literature, and the arts over several centuries",a legendary warrior and freedom fighter from Karnataka who fought against British rule alongside Kittur Chennamma,"a town in Karnataka known for the Hoysaleswara Temple, showcasing intricate Hoysala-era stone carving",C,"By definition, Sangolli Rayanna is: a legendary warrior and freedom fighter from Karnataka who fought against British rule alongside Kittur Chennamma",Kannada Subjects,Kannada History
Which Kannada word means 'sky'?,ದುಃಖ,ಮಾವು,ಇಬ್ಬನಿ,ಆಕಾಶ,D,'ಆಕಾಶ' means 'sky' in English.,Kannada Subjects,Vocabulary
What is Triveni (Anasuya Shankar)?,"India's highest literary honour, awarded to a writer for outstanding contribution to Indian literature",a notable Kannada novelist known for her works exploring psychological and social themes,"a 12th-century Kannada poet, philosopher, and social reformer who founded the Lingayat movement and wrote Vachana poetry","a classical Kannada poet, also counted among the 'three gems' of early Kannada literature",B,Triveni (Anasuya Shankar) is: a notable Kannada novelist known for her works exploring psychological and social themes,Kannada Subjects,Kannada Literature
What is Kannada case markers (vibhakti pratyaya)?,"the doer of the action in a Kannada sentence, typically the grammatical subject","a compound word formed by combining two or more words, common in Kannada word formation","suffixes added to Kannada nouns to indicate their grammatical role in a sentence, such as subject, object, or possession",Kannada nouns are typically pluralised by adding suffixes such as '-galu' or '-aru' depending on the noun type,C,"Kannada case markers (vibhakti pratyaya) is: suffixes added to Kannada nouns to indicate their grammatical role in a sentence, such as subject, object, or possession",Kannada Subjects,Kannada Grammar
Which Kannada word means 'to listen/ask'?,ಹದಿಮೂರು,ಕೇಳುವುದು,ಕಿವಿ,ಪೂರ್ವ,B,'ಕೇಳುವುದು' means 'to listen/ask' in English.,Kannada Subjects,Verbs
Which Kannada word means 'friend'?,ಮಾವು,ಐವತ್ತು,ಹೂವು,ಸ್ನೇಹಿತ,D,'ಸ್ನೇಹಿತ' means 'friend' in English.,Kannada Subjects,Vocabulary
What is a Kannada adjective (gunavaachaka)?,"a word in Kannada grammar that names a person, place, thing, or idea","the set of independent vowel sounds in Kannada, including ಅ (a), ಆ (aa), ಇ (i), ಈ (ii), ಉ (u), and others",a word in Kannada grammar used to describe or qualify a noun,Kannada nouns are typically pluralised by adding suffixes such as '-galu' or '-aru' depending on the noun type,C,a Kannada adjective (gunavaachaka) is: a word in Kannada grammar used to describe or qualify a noun,Kannada Subjects,Kannada Grammar
What is the English meaning of the Kannada word 'ಸೋಮವಾರ'?,cold weather,Monday,when,leg/foot,B,'ಸೋಮವಾರ' means 'Monday' in English.,Kannada Subjects,Days of the Week
What is the Kannada script?,"Kannada, which is also one of the classical languages recognised by the Government of India","an abugida writing system used to write the Kannada language, derived from the ancient Brahmi script","meaning 'speech' or 'language', often used poetically to refer to the Kannada language itself","a term of pride meaning 'prosperous/glorious Kannada', often used in cultural and literary contexts",B,"the Kannada script is: an abugida writing system used to write the Kannada language, derived from the ancient Brahmi script",Kannada Subjects,Kannada Language
Which Kannada word means 'November'?,ಕ್ಯಾರೆಟ್,ಹಸಿರು,ಬಿಸಿ,ನವೆಂಬರ್,D,'ನವೆಂಬರ್' means 'November' in English.,Kannada Subjects,Months
Which Kannada word means 'cow'?,ಹಿಮ,ಶುಚಿ,ಹಸು,ನಾಲ್ಕು,C,'ಹಸು' means 'cow' in English.,Kannada Subjects,Vocabulary
"Fill in the blank: ______ refers to ""a common Kannada phrase meaning 'how are you', used respectfully"".",the geographic region where Kannada is predominantly spoken,Kannada's classification as a classical language,the Kannada word 'holagide',the Kannada phrase 'hegiddira',D,"the Kannada phrase 'hegiddira' refers to: a common Kannada phrase meaning 'how are you', used respectfully",Kannada Subjects,Kannada Language
What is the Kannada Development Authority?,"a Kannada poet, composer, and philosopher associated with the Bhakti movement, known for his devotional compositions","a saint-composer regarded as the 'father of Carnatic music', who composed devotional songs in Kannada","the Indian elephant, officially recognised as the state animal of Karnataka",a body established by the Government of Karnataka to promote the use and development of the Kannada language,D,the Kannada Development Authority is: a body established by the Government of Karnataka to promote the use and development of the Kannada language,Kannada Subjects,Kannada Culture
What is the English meaning of the Kannada word 'ಪೂರ್ವ'?,chair,orange,north / answer,east,D,'ಪೂರ್ವ' means 'east' in English.,Kannada Subjects,Vocabulary
"Which term matches this description: ""a Kannada poet, composer, and philosopher associated with the Bhakti movement, known for his devotional compositions""?",Kanakadasa,Kannada as a medium of instruction,Purandara Dasa,Karnataka's state animal,A,"The description matches Kanakadasa: a Kannada poet, composer, and philosopher associated with the Bhakti movement, known for his devotional compositions",Kannada Subjects,Kannada Culture
Which Kannada word means 'oil'?,ಎಣ್ಣೆ,ನೀಲಿ,ಸೈಕಲ್,ಕಿತ್ತಳೆ,A,'ಎಣ್ಣೆ' means 'oil' in English.,Kannada Subjects,Vocabulary
What is the English meaning of the Kannada word 'ಚಳಿ'?,why,cold weather,twenty,story,B,'ಚಳಿ' means 'cold weather' in English.,Kannada Subjects,Weather
What is the English meaning of the Kannada word 'ಮಿಂಚು'?,to read/study,bus,snow/frost,lightning,D,'ಮಿಂಚು' means 'lightning' in English.,Kannada Subjects,Weather
What is the English meaning of the Kannada word 'ಶಕ್ತಿ'?,cloud,strength/power,to sing,five,B,'ಶಕ್ತಿ' means 'strength/power' in English.,Kannada Subjects,Vocabulary
What is the term 'Kannada Sahitya'?,a notable Kannada novelist known for her works exploring psychological and social themes,"a celebrated Kannada novelist and critic, known for his novel 'Samskara'","India's highest literary honour, awarded to a writer for outstanding contribution to Indian literature","meaning 'Kannada literature', referring to the body of written works composed in the Kannada language",D,"the term 'Kannada Sahitya' is: meaning 'Kannada literature', referring to the body of written works composed in the Kannada language",Kannada Subjects,Kannada Literature
"Which term matches this description: ""a sound represented by two dots (ಃ) after a letter, indicating a light aspirated 'h' sound""?",a Kannada karta (subject),the visarga in Kannada script,a Kannada adjective (gunavaachaka),a Kannada verb (kriya pada),B,"The description matches the visarga in Kannada script: a sound represented by two dots (ಃ) after a letter, indicating a light aspirated 'h' sound",Kannada Subjects,Kannada Grammar
What is the English meaning of the Kannada word 'ದಯವಿಟ್ಟು'?,please,language,science,fifteen,A,'ದಯವಿಟ್ಟು' means 'please' in English.,Kannada Subjects,Vocabulary
Which Kannada word means 'to sleep'?,ನಿದ್ರಿಸುವುದು,ಸೇಬು,ಆರು,ಏಪ್ರಿಲ್,A,'ನಿದ್ರಿಸುವುದು' means 'to sleep' in English.,Kannada Subjects,Verbs
"Which term matches this description: ""a traditional Kannada folk dance performed with drums, popular in northern Karnataka""?",Bengaluru,Nadoja award,Kannada Rajyotsava,Dollu Kunitha,D,"The description matches Dollu Kunitha: a traditional Kannada folk dance performed with drums, popular in northern Karnataka",Kannada Subjects,Kannada Culture
What is the English meaning of the Kannada word 'ಇಂದು'?,September,cold weather,history,today,D,'ಇಂದು' means 'today' in English.,Kannada Subjects,Vocabulary
"Fill in the blank: ______ refers to ""meaning 'my', used as a possessive pronoun in Kannada"".",compound letters (ottakshara) in Kannada,a Kannada noun (naama pada),the Kannada word 'nanna',the visarga in Kannada script,C,"the Kannada word 'nanna' refers to: meaning 'my', used as a possessive pronoun in Kannada",Kannada Subjects,Kannada Grammar
"Which term matches this description: ""a common Kannada greeting meaning 'hello' or 'salutations', used to greet someone respectfully""?",the geographic region where Kannada is predominantly spoken,the official language of Karnataka,the Kannada word 'namaskara',the Kannada slogan 'Sirigannada',C,"The description matches the Kannada word 'namaskara': a common Kannada greeting meaning 'hello' or 'salutations', used to greet someone respectfully",Kannada Subjects,Kannada Language
Which Kannada word means 'language'?,ಒಳ್ಳೆಯ,ವಾರ,ಭಾಷೆ,ಕ್ಯಾರೆಟ್,C,'ಭಾಷೆ' means 'language' in English.,Kannada Subjects,Vocabulary
What is Kannada cinema?,a celebration observed on 1 November marking the formation of the state of Karnataka in 1956,"the Gandaberunda, a two-headed mythical bird, adopted as the official state emblem of Karnataka","the Indian roller (Neelakanthi Hakki), officially recognised as the state bird of Karnataka","the film industry based in Karnataka, producing films primarily in the Kannada language, also known as 'Sandalwood'",D,"Kannada cinema is: the film industry based in Karnataka, producing films primarily in the Kannada language, also known as 'Sandalwood'",Kannada Subjects,Kannada Culture
What is a padya (in Kannada literature)?,"a renowned Kannada poet known for his lyrical poetry, awarded the Jnanpith Award",a well-known philosophical Kannada poetic work written by D V Gundappa,"a classical Kannada poet, one of the 'three gems' (ratnatraya) of early Kannada literature","a poetic composition in Kannada literature, written in verse form",D,"a padya (in Kannada literature) is: a poetic composition in Kannada literature, written in verse form",Kannada Subjects,Kannada Literature
What is the English meaning of the Kannada word 'ಹನ್ನೊಂದು'?,country,sorry/excuse me,eleven,Friday,C,'ಹನ್ನೊಂದು' means 'eleven' in English.,Kannada Subjects,Numbers
Which statement correctly describes Girish Karnad?,"Pampa, Ponna, and Ranna, three celebrated poets of the classical period of Kannada literature","a well-known Kannada playwright, actor, and film director, recipient of the Jnanpith Award","a poetic composition in Kannada literature, written in verse form",a well-known philosophical Kannada poetic work written by D V Gundappa,B,"By definition, Girish Karnad is: a well-known Kannada playwright, actor, and film director, recipient of the Jnanpith Award",Kannada Subjects,Kannada Literature
What is the English meaning of the Kannada word 'ಕವನ'?,thunder,orange,poem,king,C,'ಕವನ' means 'poem' in English.,Kannada Subjects,Vocabulary
"Fill in the blank: ______ refers to ""a town in Karnataka renowned for the Chennakeshava Temple, built during the Hoysala period"".",Alur Venkata Rao,the Mysore Kingdom's role in Kannada heritage,the historic city of Belur,the term 'Karnataka' etymology,C,"the historic city of Belur refers to: a town in Karnataka renowned for the Chennakeshava Temple, built during the Hoysala period",Kannada Subjects,Kannada History
What is the English meaning of the Kannada word 'ಬೆಟ್ಟ'?,hill/mountain,happiness,elder sister,small,A,'ಬೆಟ್ಟ' means 'hill/mountain' in English.,Kannada Subjects,Vocabulary
"Which term matches this description: ""a celebrated Kannada poet and writer, the first Kannada writer to receive the Jnanpith Award""?",a gadya (in Kannada literature),Kuvempu,K S Narasimhaswamy,U R Ananthamurthy,B,"The description matches Kuvempu: a celebrated Kannada poet and writer, the first Kannada writer to receive the Jnanpith Award",Kannada Subjects,Kannada Literature
"Which term matches this description: ""meaning 'unification', referring to the movement that led to the formation of the unified state of Karnataka in 1956""?",the Chalukya dynasty's contribution to Kannada,the term 'Ekikarana',the Halmidi inscription,the Wadeyar dynasty's patronage of Kannada,B,"The description matches the term 'Ekikarana': meaning 'unification', referring to the movement that led to the formation of the unified state of Karnataka in 1956",Kannada Subjects,Kannada History
"Fill in the blank: ______ refers to ""a celebrated Kannada poet and writer, the first Kannada writer to receive the Jnanpith Award"".",Ponna,Kuvempu,Triveni (Anasuya Shankar),a padya (in Kannada literature),B,"Kuvempu refers to: a celebrated Kannada poet and writer, the first Kannada writer to receive the Jnanpith Award",Kannada Subjects,Kannada Literature
Which Kannada word means 'short'?,ಹತ್ತು,ಇಬ್ಬನಿ,ಗಿಡ್ಡ,ಐವತ್ತು,C,'ಗಿಡ್ಡ' means 'short' in English.,Kannada Subjects,Adjectives
"Fill in the blank: ______ refers to ""a common Kannada greeting meaning 'hello' or 'salutations', used to greet someone respectfully"".",the Kannada word 'namaskara',the Kannada word 'nudi',the Kannada word 'holagide',the geographic region where Kannada is predominantly spoken,A,"the Kannada word 'namaskara' refers to: a common Kannada greeting meaning 'hello' or 'salutations', used to greet someone respectfully",Kannada Subjects,Kannada Language
Which statement correctly describes typical Kannada sentence word order?,vowel sounds in the Kannada alphabet,"meaning 'your' (formal/plural), used as a possessive pronoun in Kannada","meaning 'his/her/their' (respectful), used as a possessive pronoun in Kannada",Kannada generally follows a Subject-Object-Verb (SOV) word order,D,"By definition, typical Kannada sentence word order is: Kannada generally follows a Subject-Object-Verb (SOV) word order",Kannada Subjects,Kannada Grammar
"Fill in the blank: ______ refers to ""a 12th-century Kannada poet and mystic, known for her devotional Vachana poetry dedicated to Lord Shiva"".",Akka Mahadevi,the Kannada Sahitya Parishat,the term 'Kannada Sahitya',Vachana literature,A,"Akka Mahadevi refers to: a 12th-century Kannada poet and mystic, known for her devotional Vachana poetry dedicated to Lord Shiva",Kannada Subjects,Kannada Literature
Which Kannada word means 'younger sister'?,ತಂಗಿ,ಇತಿಹಾಸ,ಕಷ್ಟ,ಗುರುವಾರ,A,'ತಂಗಿ' means 'younger sister' in English.,Kannada Subjects,Vocabulary
What is the English meaning of the Kannada word 'ಗುರುವಾರ'?,Thursday,potato,friend (female),moon,A,'ಗುರುವಾರ' means 'Thursday' in English.,Kannada Subjects,Days of the Week
"Fill in the blank: ______ refers to ""the doer of the action in a Kannada sentence, typically the grammatical subject"".",a Kannada karta (subject),a Kannada pronoun (sarvanaama),swara (in Kannada grammar),the Kannada word 'nimma',A,"a Kannada karta (subject) refers to: the doer of the action in a Kannada sentence, typically the grammatical subject",Kannada Subjects,Kannada Grammar
"Fill in the blank: ______ refers to ""a mixture of neem leaves and jaggery eaten during Ugadi, symbolising the balance of life's bitter and sweet moments"".",the Kannada state anthem 'Jaya Bharata Jananiya Tanujate',Bevu Bella (in Ugadi tradition),Purandara Dasa,Ugadi,B,"Bevu Bella (in Ugadi tradition) refers to: a mixture of neem leaves and jaggery eaten during Ugadi, symbolising the balance of life's bitter and sweet moments",Kannada Subjects,Kannada Culture
Which statement correctly describes the Kannada word for 'thank you'?,"'ವಂದನೆಗಳು' (vandanegalu) or 'ಧನ್ಯವಾದಗಳು' (dhanyavaadagalu), commonly used to express gratitude","a term of pride meaning 'prosperous/glorious Kannada', often used in cultural and literary contexts",a colloquial Kannada phrase used to acknowledge that something is fine or acceptable,"the term for Old Kannada, the earlier form of the Kannada language used in ancient inscriptions and texts",A,"By definition, the Kannada word for 'thank you' is: 'ವಂದನೆಗಳು' (vandanegalu) or 'ಧನ್ಯವಾದಗಳು' (dhanyavaadagalu), commonly used to express gratitude",Kannada Subjects,Kannada Language
"Fill in the blank: ______ refers to ""a compound word formed by combining two or more words, common in Kannada word formation"".",a Kannada karma (object),a samasa (in Kannada grammar),a Kannada verb (kriya pada),the Kannada word 'nimma',B,"a samasa (in Kannada grammar) refers to: a compound word formed by combining two or more words, common in Kannada word formation",Kannada Subjects,Kannada Grammar
"Which term matches this description: ""Kannada, which is also one of the classical languages recognised by the Government of India""?",the Kannada word 'nudi',Kannada's UNESCO/classical recognition year,the official language of Karnataka,the Kannada phrase 'hegiddira',C,"The description matches the official language of Karnataka: Kannada, which is also one of the classical languages recognised by the Government of India",Kannada Subjects,Kannada Language
What is the English meaning of the Kannada word 'ಗುರು'?,air/wind,teacher/guru,evening,defeat/loss,B,'ಗುರು' means 'teacher/guru' in English.,Kannada Subjects,Vocabulary
What is the English meaning of the Kannada word 'ಕ್ರೀಡೆ'?,sugar,sport,morning,head,B,'ಕ್ರೀಡೆ' means 'sport' in English.,Kannada Subjects,Vocabulary
What is the English meaning of the Kannada word 'ಪರೀಕ್ಷೆ'?,weak,thirteen,examination/test,time,C,'ಪರೀಕ್ಷೆ' means 'examination/test' in English.,Kannada Subjects,Vocabulary
What is the English meaning of the Kannada word 'ಕಾಲು'?,small,hill/mountain,leg/foot,yes,C,'ಕಾಲು' means 'leg/foot' in English.,Kannada Subjects,Body Parts
What is the Hampi ruins?,"the ruins of Vijayanagara, a UNESCO World Heritage Site in Karnataka, showcasing historic architecture and Kannada heritage",a traditional saying in the Kannada language that conveys wisdom or a moral lesson,"a traditional theatre form combining dance, music, and dialogue, popular in coastal Karnataka","Kannada is widely used as the medium of instruction in schools across Karnataka, alongside English and other languages",A,"the Hampi ruins is: the ruins of Vijayanagara, a UNESCO World Heritage Site in Karnataka, showcasing historic architecture and Kannada heritage",Kannada Subjects,Kannada Culture
What is the English meaning of the Kannada word 'ಆಟೋಟ'?,train,sports/athletics,friendship,game/play,B,'ಆಟೋಟ' means 'sports/athletics' in English.,Kannada Subjects,School Subjects
What is plural formation in Kannada nouns?,vowel sounds in the Kannada alphabet,Kannada nouns are typically pluralised by adding suffixes such as '-galu' or '-aru' depending on the noun type,consonant sounds in the Kannada alphabet,a word in Kannada grammar that expresses an action or state of being,B,plural formation in Kannada nouns is: Kannada nouns are typically pluralised by adding suffixes such as '-galu' or '-aru' depending on the noun type,Kannada Subjects,Kannada Grammar
Which statement correctly describes the Kannada word 'nimma'?,"suffixes added to Kannada nouns to indicate their grammatical role in a sentence, such as subject, object, or possession","meaning 'your' (formal/plural), used as a possessive pronoun in Kannada","a word in Kannada grammar used in place of a noun, such as ನಾನು (I) or ಅವನು (he)","meaning 'his/her/their' (respectful), used as a possessive pronoun in Kannada",B,"By definition, the Kannada word 'nimma' is: meaning 'your' (formal/plural), used as a possessive pronoun in Kannada",Kannada Subjects,Kannada Grammar
Which statement correctly describes the visarga in Kannada script?,Kannada nouns are typically pluralised by adding suffixes such as '-galu' or '-aru' depending on the noun type,vowel sounds in the Kannada alphabet,"a word in Kannada grammar used in place of a noun, such as ನಾನು (I) or ಅವನು (he)","a sound represented by two dots (ಃ) after a letter, indicating a light aspirated 'h' sound",D,"By definition, the visarga in Kannada script is: a sound represented by two dots (ಃ) after a letter, indicating a light aspirated 'h' sound",Kannada Subjects,Kannada Grammar
What is a Kannada karma (object)?,Kannada generally follows a Subject-Object-Verb (SOV) word order,"a respectful suffix added to a person's name or title in Kannada to show respect, similar to 'Mr./Mrs.' or 'Sir/Madam'","the receiver of the action in a Kannada sentence, typically the grammatical object","the set of independent vowel sounds in Kannada, including ಅ (a), ಆ (aa), ಇ (i), ಈ (ii), ಉ (u), and others",C,"a Kannada karma (object) is: the receiver of the action in a Kannada sentence, typically the grammatical object",Kannada Subjects,Kannada Grammar
What is the English meaning of the Kannada word 'ನಿನ್ನೆ'?,yesterday,queen,to speak,how,A,'ನಿನ್ನೆ' means 'yesterday' in English.,Kannada Subjects,Vocabulary
"Fill in the blank: ______ refers to ""Kittur, a small kingdom in present-day Karnataka, known for Rani Chennamma's early resistance against British rule"".",Rani Chennamma's kingdom,the historic town of Halebidu,the term 'Karnataka' etymology,the Karnataka Ekikarana movement,A,"Rani Chennamma's kingdom refers to: Kittur, a small kingdom in present-day Karnataka, known for Rani Chennamma's early resistance against British rule",Kannada Subjects,Kannada History
What is the English meaning of the Kannada word 'ಬೇಸಿಗೆ'?,where,summer,story,leaf,B,'ಬೇಸಿಗೆ' means 'summer' in English.,Kannada Subjects,Seasons
Which Kannada word means 'difficult'?,ಹೊಸ,ಗೆಳತಿ,ತಂಗಿ,ಕಷ್ಟ,D,'ಕಷ್ಟ' means 'difficult' in English.,Kannada Subjects,Adjectives
What is the English meaning of the Kannada word 'ನಂತರ'?,train,south,art,later/after,D,'ನಂತರ' means 'later/after' in English.,Kannada Subjects,Vocabulary
Which statement correctly describes a Kannada pronoun (sarvanaama)?,Kannada nouns are typically pluralised by adding suffixes such as '-galu' or '-aru' depending on the noun type,"a compound word formed by combining two or more words, common in Kannada word formation","suffixes added to Kannada nouns to indicate their grammatical role in a sentence, such as subject, object, or possession","a word in Kannada grammar used in place of a noun, such as ನಾನು (I) or ಅವನು (he)",D,"By definition, a Kannada pronoun (sarvanaama) is: a word in Kannada grammar used in place of a noun, such as ನಾನು (I) or ಅವನು (he)",Kannada Subjects,Kannada Grammar
What is the English meaning of the Kannada word 'ಯಾವುದು'?,holiday/leave,which,one,to sleep,B,'ಯಾವುದು' means 'which' in English.,Kannada Subjects,Question Words
What is Yakshagana?,"the Kannada New Year festival, celebrated in Karnataka to mark the beginning of a new year according to the lunisolar calendar","Kannada is widely used as the medium of instruction in schools across Karnataka, alongside English and other languages","a traditional theatre form combining dance, music, and dialogue, popular in coastal Karnataka","the Gandaberunda, a two-headed mythical bird, adopted as the official state emblem of Karnataka",C,"Yakshagana is: a traditional theatre form combining dance, music, and dialogue, popular in coastal Karnataka",Kannada Subjects,Kannada Culture
What is the English meaning of the Kannada word 'ರೈಲು'?,strength/power,peace,train,September,C,'ರೈಲು' means 'train' in English.,Kannada Subjects,Vocabulary
What is the English meaning of the Kannada word 'ಪಟ್ಟಣ'?,eleven,leaf,town,carrot,C,'ಪಟ್ಟಣ' means 'town' in English.,Kannada Subjects,Vocabulary
Which Kannada word means 'house'?,ಅಕ್ಟೋಬರ್,ನದಿ,ಮನೆ,ನೋಡುವುದು,C,'ಮನೆ' means 'house' in English.,Kannada Subjects,Vocabulary
Which statement correctly describes the Vijayanagara Empire's contribution to Kannada literature?,"a prominent figure in the Karnataka unification movement, often referred to as 'Karnataka Kulapurohita' for his role in uniting Kannada-speaking regions","widely believed to derive from 'karu nadu', meaning 'lofty/black land' or 'elevated land', referring to the region's terrain","a town in Karnataka renowned for the Chennakeshava Temple, built during the Hoysala period","the Vijayanagara period saw significant growth in Kannada literature, alongside patronage of other regional languages",D,"By definition, the Vijayanagara Empire's contribution to Kannada literature is: the Vijayanagara period saw significant growth in Kannada literature, alongside patronage of other regional languages",Kannada Subjects,Kannada History
"Which term matches this description: ""a renowned Kannada poet known for his lyrical poetry, awarded the Jnanpith Award""?",Da Ra Bendre,the Kavirajamarga,Girish Karnad,the term 'Kannada Sahitya',A,"The description matches Da Ra Bendre: a renowned Kannada poet known for his lyrical poetry, awarded the Jnanpith Award",Kannada Subjects,Kannada Literature
What is the English meaning of the Kannada word 'ತಲೆ'?,tree,sport,head,to take,C,'ತಲೆ' means 'head' in English.,Kannada Subjects,Body Parts
What is the English meaning of the Kannada word 'ಬೆರಳು'?,finger,Thursday,flower,letter,A,'ಬೆರಳು' means 'finger' in English.,Kannada Subjects,Body Parts
"Fill in the blank: ______ refers to ""a respected Kannada writer and philosopher, best known for his work 'Mankutimmana Kagga'"".",D V Gundappa (DVG),Mankutimmana Kagga,the Kavirajamarga,Triveni (Anasuya Shankar),A,"D V Gundappa (DVG) refers to: a respected Kannada writer and philosopher, best known for his work 'Mankutimmana Kagga'",Kannada Subjects,Kannada Literature
What is the English meaning of the Kannada word 'ಸತ್ಯ'?,grapes,banana,truth,tea,C,'ಸತ್ಯ' means 'truth' in English.,Kannada Subjects,Vocabulary
What is the English meaning of the Kannada word 'ಜಯ'?,mother,onion,victory,tooth,C,'ಜಯ' means 'victory' in English.,Kannada Subjects,Vocabulary
Which Kannada word means 'hot'?,ಒಂದು,ಬಿಸಿ,ಹದಿನೈದು,ಪ್ರಶ್ನೆ,B,'ಬಿಸಿ' means 'hot' in English.,Kannada Subjects,Adjectives
Which Kannada word means 'dance'?,ಬೇಳೆ,ದೀಪ,ಮೇಜು,ನೃತ್ಯ,D,'ನೃತ್ಯ' means 'dance' in English.,Kannada Subjects,Vocabulary
"Which term matches this description: ""the Gandaberunda, a two-headed mythical bird, adopted as the official state emblem of Karnataka""?",Karnataka's state emblem,Bengaluru,the term 'Kannadambe',Kannada Rajyotsava,A,"The description matches Karnataka's state emblem: the Gandaberunda, a two-headed mythical bird, adopted as the official state emblem of Karnataka",Kannada Subjects,Kannada Culture
What is the Kannada Sahitya Parishat?,a prominent organisation established to promote and develop Kannada language and literature,"a classical Kannada poet, also counted among the 'three gems' of early Kannada literature","a poetic composition in Kannada literature, written in verse form","a classical Kannada poet, one of the 'three gems' (ratnatraya) of early Kannada literature",A,the Kannada Sahitya Parishat is: a prominent organisation established to promote and develop Kannada language and literature,Kannada Subjects,Kannada Literature
What is the English meaning of the Kannada word 'ನವೆಂಬರ್'?,November,game/play,how much/how many,cat,A,'ನವೆಂಬರ್' means 'November' in English.,Kannada Subjects,Months
What is the English meaning of the Kannada word 'ಎತ್ತರ'?,dog,big,tall/height,bus,C,'ಎತ್ತರ' means 'tall/height' in English.,Kannada Subjects,Adjectives
"Which term matches this description: ""a form of Kannada devotional poetry written in prose-like verses, popularised by the Lingayat saints of the 12th century""?",Kuvempu,Vachana literature,Girish Karnad,Chandrashekhara Kambara,B,"The description matches Vachana literature: a form of Kannada devotional poetry written in prose-like verses, popularised by the Lingayat saints of the 12th century",Kannada Subjects,Kannada Literature
What is the English meaning of the Kannada word 'ನದಿ'?,Wednesday,river,history,big,B,'ನದಿ' means 'river' in English.,Kannada Subjects,Vocabulary
Which Kannada word means 'sports/athletics'?,ವಾಕ್ಯ,ಕಿಟಕಿ,ಆಟೋಟ,ಪದ,C,'ಆಟೋಟ' means 'sports/athletics' in English.,Kannada Subjects,School Subjects
Which Kannada word means 'snake'?,ಕನ್ನಡಿ,ಹೌದು,ಸಂಜೆ,ಹಾವು,D,'ಹಾವು' means 'snake' in English.,Kannada Subjects,Vocabulary
"Fill in the blank: ______ refers to ""a respectful suffix added to a person's name or title in Kannada to show respect, similar to 'Mr./Mrs.' or 'Sir/Madam'"".",the Kannada word 'avara',Kannada case markers (vibhakti pratyaya),the honorific suffix '-avaru' in Kannada,the Kannada word 'nanna',C,"the honorific suffix '-avaru' in Kannada refers to: a respectful suffix added to a person's name or title in Kannada to show respect, similar to 'Mr./Mrs.' or 'Sir/Madam'",Kannada Subjects,Kannada Grammar
What is Rani Chennamma's kingdom?,"widely believed to derive from 'karu nadu', meaning 'lofty/black land' or 'elevated land', referring to the region's terrain","Kittur, a small kingdom in present-day Karnataka, known for Rani Chennamma's early resistance against British rule","a town in Karnataka renowned for the Chennakeshava Temple, built during the Hoysala period","the movement advocating for the unification of Kannada-speaking regions into a single state, which led to the formation of Karnataka in 1956",B,"Rani Chennamma's kingdom is: Kittur, a small kingdom in present-day Karnataka, known for Rani Chennamma's early resistance against British rule",Kannada Subjects,Kannada History
Which Kannada word means 'clock/watch'?,ಕಥೆ,ಶನಿವಾರ,ಗಡಿಯಾರ,ಸೈಕಲ್,C,'ಗಡಿಯಾರ' means 'clock/watch' in English.,Kannada Subjects,Vocabulary
What is K S Narasimhaswamy?,"a Kannada writer known as the father of the Kannada short story, and a Jnanpith Award recipient","a popular Kannada poet known for his romantic and lyrical poetry, notably the collection 'Mysore Mallige'","a renowned Kannada poet known for his lyrical poetry, awarded the Jnanpith Award",a Kannada novelist and journalist known for his socially conscious literary works,B,"K S Narasimhaswamy is: a popular Kannada poet known for his romantic and lyrical poetry, notably the collection 'Mysore Mallige'",Kannada Subjects,Kannada Literature
Which statement correctly describes the Mysore Kingdom's role in Kannada heritage?,"the historic Kingdom of Mysore was a major centre of Kannada culture, art, and literary patronage for centuries","the movement advocating for the unification of Kannada-speaking regions into a single state, which led to the formation of Karnataka in 1956","meaning 'unification', referring to the movement that led to the formation of the unified state of Karnataka in 1956","a town in Karnataka renowned for the Chennakeshava Temple, built during the Hoysala period",A,"By definition, the Mysore Kingdom's role in Kannada heritage is: the historic Kingdom of Mysore was a major centre of Kannada culture, art, and literary patronage for centuries",Kannada Subjects,Kannada History
What is the English meaning of the Kannada word 'ಎಂಟು'?,eight,easy,cold weather,bag,A,'ಎಂಟು' means 'eight' in English.,Kannada Subjects,Numbers
Which statement correctly describes Niranjana (K Jinaraja Hegde)?,a Kannada novelist and journalist known for his socially conscious literary works,"a prose composition in Kannada literature, as opposed to poetry (padya)","a 12th-century Kannada poet and mystic, known for her devotional Vachana poetry dedicated to Lord Shiva","a respected Kannada writer and philosopher, best known for his work 'Mankutimmana Kagga'",A,"By definition, Niranjana (K Jinaraja Hegde) is: a Kannada novelist and journalist known for his socially conscious literary works",Kannada Subjects,Kannada Literature
Which Kannada word means 'car'?,ಸೇಬು,ನಿದ್ರಿಸುವುದು,ದಯವಿಟ್ಟು,ಕಾರು,D,'ಕಾರು' means 'car' in English.,Kannada Subjects,Vocabulary
Which Kannada word means 'evening'?,ಬುಧವಾರ,ಅಕ್ಷರ,ಸಂಜೆ,ಪ್ರಶ್ನೆ,C,'ಸಂಜೆ' means 'evening' in English.,Kannada Subjects,Vocabulary
What is the English meaning of the Kannada word 'ಚಳಿಗಾಲ'?,friendship,winter,snake,green,B,'ಚಳಿಗಾಲ' means 'winter' in English.,Kannada Subjects,Seasons
Which Kannada word means 'cold weather'?,ರಸ್ತೆ,ಚಳಿ,ಮೂಗು,ಒಳ್ಳೆಯ,B,'ಚಳಿ' means 'cold weather' in English.,Kannada Subjects,Weather
Which Kannada word means 'tooth'?,ಕಾರು,ಕ್ಷಮಿಸಿ,ಹಲ್ಲು,ಎಂಟು,C,'ಹಲ್ಲು' means 'tooth' in English.,Kannada Subjects,Body Parts
Which Kannada word means 'result'?,ಸೇಬು,ಮಿಂಚು,ಬಿಳಿ,ಫಲಿತಾಂಶ,D,'ಫಲಿತಾಂಶ' means 'result' in English.,Kannada Subjects,Vocabulary
Which Kannada word means 'tomorrow'?,ಮಾವು,ಸೂರ್ಯ,ನಾಳೆ,ಒಳ್ಳೆಯ,C,'ನಾಳೆ' means 'tomorrow' in English.,Kannada Subjects,Vocabulary
What is the English meaning of the Kannada word 'ಬ್ಯಾಗ್'?,language,bag,car,poor,B,'ಬ್ಯಾಗ್' means 'bag' in English.,Kannada Subjects,Vocabulary
What is the English meaning of the Kannada word 'ಇತಿಹಾಸ'?,to see/watch,history,cold weather,father,B,'ಇತಿಹಾಸ' means 'history' in English.,Kannada Subjects,School Subjects
What is Karaga?,"the Gandaberunda, a two-headed mythical bird, adopted as the official state emblem of Karnataka","a traditional Hindu festival celebrated in Karnataka, particularly in Bengaluru, involving a ceremonial procession","a Kannada poet, composer, and philosopher associated with the Bhakti movement, known for his devotional compositions","Karnataka traditionally follows a lunisolar calendar for festivals, with Ugadi marking the start of the new year",B,"Karaga is: a traditional Hindu festival celebrated in Karnataka, particularly in Bengaluru, involving a ceremonial procession",Kannada Subjects,Kannada Culture
Which Kannada word means 'religion/duty'?,ಸಾವಿರ,ಮೂವತ್ತು,ಧರ್ಮ,ಗಡಿಯಾರ,C,'ಧರ್ಮ' means 'religion/duty' in English.,Kannada Subjects,Vocabulary
What is the English meaning of the Kannada word 'ಚಪ್ಪಲಿ'?,summer,story,slipper/sandal,letter (alphabet)/character,C,'ಚಪ್ಪಲಿ' means 'slipper/sandal' in English.,Kannada Subjects,Vocabulary
Which Kannada word means 'lamp'?,ದೀಪ,ಆಲೂಗಡ್ಡೆ,ಸಂಖ್ಯೆ,ಸಂತೋಷ,A,'ದೀಪ' means 'lamp' in English.,Kannada Subjects,Vocabulary
What is a samasa (in Kannada grammar)?,a nasal sound represented by a dot (ಂ) placed above a letter in Kannada writing,"a compound word formed by combining two or more words, common in Kannada word formation","meaning 'his/her/their' (respectful), used as a possessive pronoun in Kannada",conjunct consonant clusters formed by combining two or more consonants without an intervening vowel,B,"a samasa (in Kannada grammar) is: a compound word formed by combining two or more words, common in Kannada word formation",Kannada Subjects,Kannada Grammar
Which Kannada word means 'good'?,ಚಳಿಗಾಲ,ಮಣ್ಣು,ಇತಿಹಾಸ,ಒಳ್ಳೆಯ,D,'ಒಳ್ಳೆಯ' means 'good' in English.,Kannada Subjects,Adjectives
Which Kannada word means 'Friday'?,ಕೇಳುವುದು,ಶುಕ್ರವಾರ,ಬಿಸಿ,ಗಣಿತ,B,'ಶುಕ್ರವಾರ' means 'Friday' in English.,Kannada Subjects,Days of the Week
"Fill in the blank: ______ refers to ""the Indian roller (Neelakanthi Hakki), officially recognised as the state bird of Karnataka"".",Nadoja award,Karnataka's state tree,Kannada as a medium of instruction,Karnataka's state bird,D,"Karnataka's state bird refers to: the Indian roller (Neelakanthi Hakki), officially recognised as the state bird of Karnataka",Kannada Subjects,Kannada Culture
"Fill in the blank: ______ refers to ""a word in Kannada grammar that expresses an action or state of being"".",a Kannada verb (kriya pada),the Kannada alphabet's consonants (vyanjanagalu),the visarga in Kannada script,vyanjana (in Kannada grammar),A,a Kannada verb (kriya pada) refers to: a word in Kannada grammar that expresses an action or state of being,Kannada Subjects,Kannada Grammar
What is the English meaning of the Kannada word 'ಇಪ್ಪತ್ತು'?,clock/watch,twenty,sugar,big,B,'ಇಪ್ಪತ್ತು' means 'twenty' in English.,Kannada Subjects,Numbers
Which Kannada word means 'word'?,ತಲೆ,ಕೈ,ವಿಮಾನ,ಪದ,D,'ಪದ' means 'word' in English.,Kannada Subjects,Vocabulary
"Fill in the blank: ______ refers to ""an early and celebrated Kannada poet, often referred to as the 'father of Kannada poetry', known for 'Vikramarjuna Vijaya'"".",Da Ra Bendre,Pampa,Niranjana (K Jinaraja Hegde),Ponna,B,"Pampa refers to: an early and celebrated Kannada poet, often referred to as the 'father of Kannada poetry', known for 'Vikramarjuna Vijaya'",Kannada Subjects,Kannada Literature
"Which term matches this description: ""a Kannada satirist and humour writer known for his witty prose""?",Ranna,Triveni (Anasuya Shankar),Beechi (R V Bhandari),a Tripadi (in Kannada poetry),C,The description matches Beechi (R V Bhandari): a Kannada satirist and humour writer known for his witty prose,Kannada Subjects,Kannada Literature
"Which term matches this description: ""a traditional three-line verse form used in Kannada poetry, notably by the poet Sarvajna""?",Masti Venkatesha Iyengar,a Tripadi (in Kannada poetry),Girish Karnad,Ponna,B,"The description matches a Tripadi (in Kannada poetry): a traditional three-line verse form used in Kannada poetry, notably by the poet Sarvajna",Kannada Subjects,Kannada Literature
"Which term matches this description: ""the set of consonant sounds in Kannada, such as ಕ (ka), ಖ (kha), ಗ (ga), and others, which combine with vowels to form syllables""?",the Kannada word 'avara',the Kannada word 'nimma',the Kannada word 'nanna',the Kannada alphabet's consonants (vyanjanagalu),D,"The description matches the Kannada alphabet's consonants (vyanjanagalu): the set of consonant sounds in Kannada, such as ಕ (ka), ಖ (kha), ಗ (ga), and others, which combine with vowels to form syllables",Kannada Subjects,Kannada Grammar
Which Kannada word means 'Thursday'?,ಕೆಲಸ ಮಾಡುವುದು,ಗುರುವಾರ,ಬ್ಯಾಗ್,ಉಪ್ಪು,B,'ಗುರುವಾರ' means 'Thursday' in English.,Kannada Subjects,Days of the Week
Which statement correctly describes the Wadeyar dynasty's patronage of Kannada?,"the Wadeyars, rulers of the Mysore Kingdom, were notable patrons of Kannada language, literature, and the arts over several centuries",a legendary warrior and freedom fighter from Karnataka who fought against British rule alongside Kittur Chennamma,"a town in Karnataka known for the Hoysaleswara Temple, showcasing intricate Hoysala-era stone carving","a town in Karnataka known for its rock-cut cave temples, once the capital of the Chalukya dynasty",A,"By definition, the Wadeyar dynasty's patronage of Kannada is: the Wadeyars, rulers of the Mysore Kingdom, were notable patrons of Kannada language, literature, and the arts over several centuries",Kannada Subjects,Kannada History
What is the English meaning of the Kannada word 'ಕೆಟ್ಟ'?,morning,slow,to work,bad,D,'ಕೆಟ್ಟ' means 'bad' in English.,Kannada Subjects,Adjectives
Which statement correctly describes the Kannada alphabet's vowels (swaragalu)?,"the doer of the action in a Kannada sentence, typically the grammatical subject","the set of independent vowel sounds in Kannada, including ಅ (a), ಆ (aa), ಇ (i), ಈ (ii), ಉ (u), and others",consonant sounds in the Kannada alphabet,"a respectful suffix added to a person's name or title in Kannada to show respect, similar to 'Mr./Mrs.' or 'Sir/Madam'",B,"By definition, the Kannada alphabet's vowels (swaragalu) is: the set of independent vowel sounds in Kannada, including ಅ (a), ಆ (aa), ಇ (i), ಈ (ii), ಉ (u), and others",Kannada Subjects,Kannada Grammar
What is Shivarama Karanth?,"a well-known medieval Kannada poet famous for his short, wise sayings called 'Vachanas' or 'Tripadis' (three-line verses)",a Kannada novelist and journalist known for his socially conscious literary works,"a celebrated Kannada novelist and critic, known for his novel 'Samskara'","a prolific Kannada writer, social reformer, and Jnanpith Award recipient known for his novels",D,"Shivarama Karanth is: a prolific Kannada writer, social reformer, and Jnanpith Award recipient known for his novels",Kannada Subjects,Kannada Literature
"Fill in the blank: ______ refers to ""the Hoysalas were notable patrons of Kannada literature and are also known for their distinctive temple architecture in Karnataka"".",Sangolli Rayanna,the historic city of Belur,the Hoysala dynasty's contribution to Kannada,Kittur Chennamma,C,the Hoysala dynasty's contribution to Kannada refers to: the Hoysalas were notable patrons of Kannada literature and are also known for their distinctive temple architecture in Karnataka,Kannada Subjects,Kannada History
What is the Kannada word 'nimma'?,"meaning 'your' (formal/plural), used as a possessive pronoun in Kannada",a nasal sound represented by a dot (ಂ) placed above a letter in Kannada writing,"the receiver of the action in a Kannada sentence, typically the grammatical object","meaning 'his/her/their' (respectful), used as a possessive pronoun in Kannada",A,"the Kannada word 'nimma' is: meaning 'your' (formal/plural), used as a possessive pronoun in Kannada",Kannada Subjects,Kannada Grammar
Which statement correctly describes Kittur Chennamma?,"meaning 'unification', referring to the movement that led to the formation of the unified state of Karnataka in 1956","the Wadeyars, rulers of the Mysore Kingdom, were notable patrons of Kannada language, literature, and the arts over several centuries","a queen of Kittur who led an armed resistance against the British East India Company in the early 19th century, celebrated in Kannada history and literature","considered the oldest available inscription in the Kannada language, dated to around the 5th century CE",C,"By definition, Kittur Chennamma is: a queen of Kittur who led an armed resistance against the British East India Company in the early 19th century, celebrated in Kannada history and literature",Kannada Subjects,Kannada History
Which Kannada word means 'dew'?,ಇಬ್ಬನಿ,ಸಂಖ್ಯೆ,ಅಮ್ಮ,ನೋಡುವುದು,A,'ಇಬ್ಬನಿ' means 'dew' in English.,Kannada Subjects,Weather
Which Kannada word means 'Monday'?,ಸೋಮವಾರ,ಗುರುವಾರ,ತಲೆ,ಹಸಿರು,A,'ಸೋಮವಾರ' means 'Monday' in English.,Kannada Subjects,Days of the Week
"Fill in the blank: ______ refers to ""a nasal sound represented by a dot (ಂ) placed above a letter in Kannada writing"".",compound letters (ottakshara) in Kannada,plural formation in Kannada nouns,a samasa (in Kannada grammar),the anuswara in Kannada script,D,the anuswara in Kannada script refers to: a nasal sound represented by a dot (ಂ) placed above a letter in Kannada writing,Kannada Subjects,Kannada Grammar
What is the English meaning of the Kannada word 'ಜನವರಿ'?,sea/ocean,thousand,defeat/loss,January,D,'ಜನವರಿ' means 'January' in English.,Kannada Subjects,Months
Which Kannada word means 'what'?,ಏನು,ಬೆಂಕಿ,ಐವತ್ತು,ಹನ್ನೊಂದು,A,'ಏನು' means 'what' in English.,Kannada Subjects,Question Words
What is Basavanna?,"a respected Kannada writer and philosopher, best known for his work 'Mankutimmana Kagga'","meaning 'Kannada literature', referring to the body of written works composed in the Kannada language","a 12th-century Kannada poet, philosopher, and social reformer who founded the Lingayat movement and wrote Vachana poetry",a prominent organisation established to promote and develop Kannada language and literature,C,"Basavanna is: a 12th-century Kannada poet, philosopher, and social reformer who founded the Lingayat movement and wrote Vachana poetry",Kannada Subjects,Kannada Literature
"Fill in the blank: ______ refers to ""a well-known Kannada playwright, actor, and film director, recipient of the Jnanpith Award"".",Kuvempu,Girish Karnad,the Kavirajamarga,Basavanna,B,"Girish Karnad refers to: a well-known Kannada playwright, actor, and film director, recipient of the Jnanpith Award",Kannada Subjects,Kannada Literature
What is Kuvempu?,"a Kannada scholar, poet, and educator known for his contributions to Kannada language teaching and children's literature","a poetic composition in Kannada literature, written in verse form","a classical Kannada poet, one of the 'three gems' (ratnatraya) of early Kannada literature","a celebrated Kannada poet and writer, the first Kannada writer to receive the Jnanpith Award",D,"Kuvempu is: a celebrated Kannada poet and writer, the first Kannada writer to receive the Jnanpith Award",Kannada Subjects,Kannada Literature
Which Kannada word means 'March'?,ಬಸ್ಸು,ಮಾರ್ಚ್,ಶ್ರೀಮಂತ,ಗೆಳತಿ,B,'ಮಾರ್ಚ್' means 'March' in English.,Kannada Subjects,Months
Which statement correctly describes a padya (in Kannada literature)?,"a 12th-century Kannada poet and mystic, known for her devotional Vachana poetry dedicated to Lord Shiva","a well-known medieval Kannada poet famous for his short, wise sayings called 'Vachanas' or 'Tripadis' (three-line verses)",a notable Kannada novelist known for her works exploring psychological and social themes,"a poetic composition in Kannada literature, written in verse form",D,"By definition, a padya (in Kannada literature) is: a poetic composition in Kannada literature, written in verse form",Kannada Subjects,Kannada Literature
"Fill in the blank: ______ refers to ""a Kannada poet, scholar, and Jnanpith Award recipient known for his contribution to Kannada literature and education"".",a Tripadi (in Kannada poetry),Niranjana (K Jinaraja Hegde),V K Gokak,D V Gundappa (DVG),C,"V K Gokak refers to: a Kannada poet, scholar, and Jnanpith Award recipient known for his contribution to Kannada literature and education",Kannada Subjects,Kannada Literature
Which Kannada word means 'banana'?,ಬಾಳೆಹಣ್ಣು,ಮಾವು,ಹಸು,ಗೆಳತಿ,A,'ಬಾಳೆಹಣ್ಣು' means 'banana' in English.,Kannada Subjects,Vocabulary
What is the English meaning of the Kannada word 'ಬಾಯಿ'?,mouth,sea/ocean,language,peace,A,'ಬಾಯಿ' means 'mouth' in English.,Kannada Subjects,Body Parts
"Which term matches this description: ""'ಗುರು' (guru) or 'ಶಿಕ್ಷಕ' (shikshaka), both used to refer to a teacher in Kannada""?",Kannada as a medium of instruction,the honorific suffix '-avaru' in Kannada,a Kannada karta (subject),the Kannada word for 'teacher',D,"The description matches the Kannada word for 'teacher': 'ಗುರು' (guru) or 'ಶಿಕ್ಷಕ' (shikshaka), both used to refer to a teacher in Kannada",Kannada Subjects,Kannada Vocabulary Notes
Which Kannada word means 'to take'?,ಇಲ್ಲ,ಎಚ್ಚರಗೊಳ್ಳುವುದು,ತೆಗೆದುಕೊಳ್ಳುವುದು,ಬಡ,C,'ತೆಗೆದುಕೊಳ್ಳುವುದು' means 'to take' in English.,Kannada Subjects,Verbs
"Which term matches this description: ""the set of independent vowel sounds in Kannada, including ಅ (a), ಆ (aa), ಇ (i), ಈ (ii), ಉ (u), and others""?",the Kannada alphabet's consonants (vyanjanagalu),a sandhi (in Kannada grammar),the Kannada alphabet's vowels (swaragalu),compound letters (ottakshara) in Kannada,C,"The description matches the Kannada alphabet's vowels (swaragalu): the set of independent vowel sounds in Kannada, including ಅ (a), ಆ (aa), ಇ (i), ಈ (ii), ಉ (u), and others",Kannada Subjects,Kannada Grammar
Which Kannada word means 'papaya'?,ಮಾರ್ಚ್,ಹಸಿರು,ಸೂರ್ಯ,ಪಪ್ಪಾಯಿ,D,'ಪಪ್ಪಾಯಿ' means 'papaya' in English.,Kannada Subjects,Vocabulary
What is the English meaning of the Kannada word 'ಹಕ್ಕಿ'?,peace,bird,coffee,month,B,'ಹಕ್ಕಿ' means 'bird' in English.,Kannada Subjects,Vocabulary
What is the English meaning of the Kannada word 'ಸೆಪ್ಟೆಂಬರ್'?,south,apple,September,December,C,'ಸೆಪ್ಟೆಂಬರ್' means 'September' in English.,Kannada Subjects,Months
"Which term matches this description: ""a colloquial Kannada phrase used to acknowledge that something is fine or acceptable""?",the Kannada phrase 'hegiddira',Nadagannada,the Kannada word 'holagide',Kannada,C,The description matches the Kannada word 'holagide': a colloquial Kannada phrase used to acknowledge that something is fine or acceptable,Kannada Subjects,Kannada Language
Which statement correctly describes Shivarama Karanth?,"a traditional three-line verse form used in Kannada poetry, notably by the poet Sarvajna",a well-known philosophical Kannada poetic work written by D V Gundappa,"a well-known Kannada playwright, actor, and film director, recipient of the Jnanpith Award","a prolific Kannada writer, social reformer, and Jnanpith Award recipient known for his novels",D,"By definition, Shivarama Karanth is: a prolific Kannada writer, social reformer, and Jnanpith Award recipient known for his novels",Kannada Subjects,Kannada Literature
Which statement correctly describes Bevu Bella (in Ugadi tradition)?,"a mixture of neem leaves and jaggery eaten during Ugadi, symbolising the balance of life's bitter and sweet moments","a song written by Kuvempu, officially adopted as the state anthem (Nadageethe) of Karnataka","the film industry based in Karnataka, producing films primarily in the Kannada language, also known as 'Sandalwood'","an honorary award given by Hampi University (Kannada University) for outstanding contributions to Kannada culture, arts, and society",A,"By definition, Bevu Bella (in Ugadi tradition) is: a mixture of neem leaves and jaggery eaten during Ugadi, symbolising the balance of life's bitter and sweet moments",Kannada Subjects,Kannada Culture
"Which term matches this description: ""meaning 'the land of Kannada', a poetic reference to the state of Karnataka and its Kannada-speaking people""?",Kannada cinema,the Kannada state anthem 'Jaya Bharata Jananiya Tanujate',Kannada Rajyotsava,the phrase 'Kannada Naadu',D,"The description matches the phrase 'Kannada Naadu': meaning 'the land of Kannada', a poetic reference to the state of Karnataka and its Kannada-speaking people",Kannada Subjects,Kannada Culture
"Which term matches this description: ""a 12th-century Kannada poet and mystic, known for her devotional Vachana poetry dedicated to Lord Shiva""?",U R Ananthamurthy,the Jnanpith Award,Akka Mahadevi,the three gems (ratnatraya) of early Kannada literature,C,"The description matches Akka Mahadevi: a 12th-century Kannada poet and mystic, known for her devotional Vachana poetry dedicated to Lord Shiva",Kannada Subjects,Kannada Literature
What is the Karnataka Ekikarana movement?,"a prominent figure in the Karnataka unification movement, often referred to as 'Karnataka Kulapurohita' for his role in uniting Kannada-speaking regions","the movement advocating for the unification of Kannada-speaking regions into a single state, which led to the formation of Karnataka in 1956","the Wadeyars, rulers of the Mysore Kingdom, were notable patrons of Kannada language, literature, and the arts over several centuries",a legendary warrior and freedom fighter from Karnataka who fought against British rule alongside Kittur Chennamma,B,"the Karnataka Ekikarana movement is: the movement advocating for the unification of Kannada-speaking regions into a single state, which led to the formation of Karnataka in 1956",Kannada Subjects,Kannada History
Which statement correctly describes Da Ra Bendre?,"a celebrated Kannada novelist and critic, known for his novel 'Samskara'","a celebrated Kannada poet and writer, the first Kannada writer to receive the Jnanpith Award","a well-known Kannada playwright, actor, and film director, recipient of the Jnanpith Award","a renowned Kannada poet known for his lyrical poetry, awarded the Jnanpith Award",D,"By definition, Da Ra Bendre is: a renowned Kannada poet known for his lyrical poetry, awarded the Jnanpith Award",Kannada Subjects,Kannada Literature
"Fill in the blank: ______ refers to ""a saint-composer regarded as the 'father of Carnatic music', who composed devotional songs in Kannada"".",Purandara Dasa,Bevu Bella (in Ugadi tradition),the Karnataka Sangha,Kannada as a medium of instruction,A,"Purandara Dasa refers to: a saint-composer regarded as the 'father of Carnatic music', who composed devotional songs in Kannada",Kannada Subjects,Kannada Culture
"Which term matches this description: ""a song written by Kuvempu, officially adopted as the state anthem (Nadageethe) of Karnataka""?",the Kannada state anthem 'Jaya Bharata Jananiya Tanujate',Karnataka's state animal,Karnataka's state flower,Purandara Dasa,A,"The description matches the Kannada state anthem 'Jaya Bharata Jananiya Tanujate': a song written by Kuvempu, officially adopted as the state anthem (Nadageethe) of Karnataka",Kannada Subjects,Kannada Culture
Which statement correctly describes the Kannada alphabet's consonants (vyanjanagalu)?,"the doer of the action in a Kannada sentence, typically the grammatical subject",consonant sounds in the Kannada alphabet,"the receiver of the action in a Kannada sentence, typically the grammatical object","the set of consonant sounds in Kannada, such as ಕ (ka), ಖ (kha), ಗ (ga), and others, which combine with vowels to form syllables",D,"By definition, the Kannada alphabet's consonants (vyanjanagalu) is: the set of consonant sounds in Kannada, such as ಕ (ka), ಖ (kha), ಗ (ga), and others, which combine with vowels to form syllables",Kannada Subjects,Kannada Grammar
What is the English meaning of the Kannada word 'ನಾಯಿ'?,eye,queen,wheat,dog,D,'ನಾಯಿ' means 'dog' in English.,Kannada Subjects,Vocabulary
What is the English meaning of the Kannada word 'ಜೂನ್'?,cold,onion,to come,June,D,'ಜೂನ್' means 'June' in English.,Kannada Subjects,Months
Which Kannada word means 'soil/earth'?,ಕ್ಯಾರೆಟ್,ಆಟೋಟ,ತಿಂಗಳು,ಮಣ್ಣು,D,'ಮಣ್ಣು' means 'soil/earth' in English.,Kannada Subjects,Vocabulary
What is the term 'Ekikarana'?,"meaning 'unification', referring to the movement that led to the formation of the unified state of Karnataka in 1956",the Hoysalas were notable patrons of Kannada literature and are also known for their distinctive temple architecture in Karnataka,"a prominent figure in the Karnataka unification movement, often referred to as 'Karnataka Kulapurohita' for his role in uniting Kannada-speaking regions","the Vijayanagara period saw significant growth in Kannada literature, alongside patronage of other regional languages",A,"the term 'Ekikarana' is: meaning 'unification', referring to the movement that led to the formation of the unified state of Karnataka in 1956",Kannada Subjects,Kannada History
Which Kannada word means 'carrot'?,ರಜೆ,ದಕ್ಷಿಣ,ಕ್ಯಾರೆಟ್,ಸೆಪ್ಟೆಂಬರ್,C,'ಕ್ಯಾರೆಟ್' means 'carrot' in English.,Kannada Subjects,Vocabulary
Which statement correctly describes Kannada's classification as a classical language?,"the term for Modern Kannada, the contemporary form of the Kannada language used today","a common Kannada phrase meaning 'how are you', used respectfully",a colloquial Kannada phrase used to acknowledge that something is fine or acceptable,Kannada was officially recognised as a Classical Language of India by the Government of India in 2008,D,"By definition, Kannada's classification as a classical language is: Kannada was officially recognised as a Classical Language of India by the Government of India in 2008",Kannada Subjects,Kannada Language
What is the English meaning of the Kannada word 'ಸಮುದ್ರ'?,poem,sea/ocean,to read/study,nose,B,'ಸಮುದ್ರ' means 'sea/ocean' in English.,Kannada Subjects,Vocabulary
"Which term matches this description: ""a well-known philosophical Kannada poetic work written by D V Gundappa""?",Mankutimmana Kagga,Niranjana (K Jinaraja Hegde),D V Gundappa (DVG),the term 'Kannada Sahitya',A,The description matches Mankutimmana Kagga: a well-known philosophical Kannada poetic work written by D V Gundappa,Kannada Subjects,Kannada Literature
Which Kannada word means 'yellow'?,ಕಷ್ಟ,ಹಳದಿ,ವಿದ್ಯಾರ್ಥಿ,ಜ್ಞಾನ,B,'ಹಳದಿ' means 'yellow' in English.,Kannada Subjects,Vocabulary
Which Kannada word means 'lightning'?,ಹಿಮ,ಅಳುವುದು,ಕೆಲಸ,ಮಿಂಚು,D,'ಮಿಂಚು' means 'lightning' in English.,Kannada Subjects,Weather
"Fill in the blank: ______ refers to ""'ಪುಸ್ತಕ' (pustaka), commonly used to refer to a book in Kannada"".",Mankutimmana Kagga,Kannada,the Kannada Development Authority,the Kannada word for 'book',D,"the Kannada word for 'book' refers to: 'ಪುಸ್ತಕ' (pustaka), commonly used to refer to a book in Kannada",Kannada Subjects,Kannada Vocabulary Notes
Which Kannada word means 'river'?,ಒಂಬತ್ತು,ಪದ,ಭೂಗೋಳ,ನದಿ,D,'ನದಿ' means 'river' in English.,Kannada Subjects,Vocabulary
Which Kannada word means 'bus'?,ಬಸ್ಸು,ಬೆರಳು,ಮಾತನಾಡುವುದು,ಕುರ್ಚಿ,A,'ಬಸ್ಸು' means 'bus' in English.,Kannada Subjects,Vocabulary
Which Kannada word means 'elder sister'?,ಎಣ್ಣೆ,ಅಕ್ಕ,ಹೋಗುವುದು,ಪೆನ್ಸಿಲ್,B,'ಅಕ್ಕ' means 'elder sister' in English.,Kannada Subjects,Vocabulary
Which statement correctly describes a samasa (in Kannada grammar)?,"a compound word formed by combining two or more words, common in Kannada word formation",a word in Kannada grammar used to describe or qualify a noun,"meaning 'his/her/their' (respectful), used as a possessive pronoun in Kannada",Kannada nouns are typically pluralised by adding suffixes such as '-galu' or '-aru' depending on the noun type,A,"By definition, a samasa (in Kannada grammar) is: a compound word formed by combining two or more words, common in Kannada word formation",Kannada Subjects,Kannada Grammar
What is Kannada as a medium of instruction?,"Kannada is widely used as the medium of instruction in schools across Karnataka, alongside English and other languages","the Indian elephant, officially recognised as the state animal of Karnataka",a celebration observed on 1 November marking the formation of the state of Karnataka in 1956,a traditional saying in the Kannada language that conveys wisdom or a moral lesson,A,"Kannada as a medium of instruction is: Kannada is widely used as the medium of instruction in schools across Karnataka, alongside English and other languages",Kannada Subjects,Kannada Culture
Which statement correctly describes Kannada cinema?,"a Kannada poet, composer, and philosopher associated with the Bhakti movement, known for his devotional compositions","the film industry based in Karnataka, producing films primarily in the Kannada language, also known as 'Sandalwood'","the Indian roller (Neelakanthi Hakki), officially recognised as the state bird of Karnataka","the ruins of Vijayanagara, a UNESCO World Heritage Site in Karnataka, showcasing historic architecture and Kannada heritage",B,"By definition, Kannada cinema is: the film industry based in Karnataka, producing films primarily in the Kannada language, also known as 'Sandalwood'",Kannada Subjects,Kannada Culture
What is V K Gokak?,"a Kannada poet, scholar, and Jnanpith Award recipient known for his contribution to Kannada literature and education","meaning 'Kannada literature', referring to the body of written works composed in the Kannada language","a renowned Kannada poet known for his lyrical poetry, awarded the Jnanpith Award","a popular Kannada poet known for his romantic and lyrical poetry, notably the collection 'Mysore Mallige'",A,"V K Gokak is: a Kannada poet, scholar, and Jnanpith Award recipient known for his contribution to Kannada literature and education",Kannada Subjects,Kannada Literature
What is a gadya (in Kannada literature)?,"a prose composition in Kannada literature, as opposed to poetry (padya)","Pampa, Ponna, and Ranna, three celebrated poets of the classical period of Kannada literature",a Kannada satirist and humour writer known for his witty prose,"a respected Kannada writer and philosopher, best known for his work 'Mankutimmana Kagga'",A,"a gadya (in Kannada literature) is: a prose composition in Kannada literature, as opposed to poetry (padya)",Kannada Subjects,Kannada Literature
"Which term matches this description: ""the term for Modern Kannada, the contemporary form of the Kannada language used today""?",Kannada's UNESCO/classical recognition year,Hosagannada,the Kannada slogan 'Sirigannada',Kannada's relationship to Tamil and Telugu,B,"The description matches Hosagannada: the term for Modern Kannada, the contemporary form of the Kannada language used today",Kannada Subjects,Kannada Language
Which statement correctly describes the Jnanpith Award?,"a classical Kannada poet, one of the 'three gems' (ratnatraya) of early Kannada literature","India's highest literary honour, awarded to a writer for outstanding contribution to Indian literature","a celebrated Kannada poet and writer, the first Kannada writer to receive the Jnanpith Award","a prose composition in Kannada literature, as opposed to poetry (padya)",B,"By definition, the Jnanpith Award is: India's highest literary honour, awarded to a writer for outstanding contribution to Indian literature",Kannada Subjects,Kannada Literature
Which statement correctly describes Mankutimmana Kagga?,a well-known philosophical Kannada poetic work written by D V Gundappa,"a well-known Kannada playwright, actor, and film director, recipient of the Jnanpith Award",a Kannada novelist and journalist known for his socially conscious literary works,"a Kannada scholar, poet, and educator known for his contributions to Kannada language teaching and children's literature",A,"By definition, Mankutimmana Kagga is: a well-known philosophical Kannada poetic work written by D V Gundappa",Kannada Subjects,Kannada Literature
What is the English meaning of the Kannada word 'ನಗರ'?,to work,yellow,city,poor,C,'ನಗರ' means 'city' in English.,Kannada Subjects,Vocabulary
What is the English meaning of the Kannada word 'ವಾಕ್ಯ'?,twenty,sentence,water,thunder,B,'ವಾಕ್ಯ' means 'sentence' in English.,Kannada Subjects,Vocabulary
Which statement correctly describes the Halmidi inscription?,"widely believed to derive from 'karu nadu', meaning 'lofty/black land' or 'elevated land', referring to the region's terrain",a legendary warrior and freedom fighter from Karnataka who fought against British rule alongside Kittur Chennamma,"a queen of Kittur who led an armed resistance against the British East India Company in the early 19th century, celebrated in Kannada history and literature","considered the oldest available inscription in the Kannada language, dated to around the 5th century CE",D,"By definition, the Halmidi inscription is: considered the oldest available inscription in the Kannada language, dated to around the 5th century CE",Kannada Subjects,Kannada History
Which Kannada word means 'happiness'?,ಯಾವಾಗ,ವಾರ,ಶುಚಿ,ಸಂತೋಷ,D,'ಸಂತೋಷ' means 'happiness' in English.,Kannada Subjects,Vocabulary
"Fill in the blank: ______ refers to ""suffixes added to Kannada nouns to indicate their grammatical role in a sentence, such as subject, object, or possession"".",a Kannada adjective (gunavaachaka),plural formation in Kannada nouns,Kannada case markers (vibhakti pratyaya),the Kannada alphabet's vowels (swaragalu),C,"Kannada case markers (vibhakti pratyaya) refers to: suffixes added to Kannada nouns to indicate their grammatical role in a sentence, such as subject, object, or possession",Kannada Subjects,Kannada Grammar
What is the English meaning of the Kannada word 'ಆನೆ'?,elephant,what,defeat/loss,west,A,'ಆನೆ' means 'elephant' in English.,Kannada Subjects,Vocabulary
Which statement correctly describes Halegannada?,"'ವಂದನೆಗಳು' (vandanegalu) or 'ಧನ್ಯವಾದಗಳು' (dhanyavaadagalu), commonly used to express gratitude","Kannada, Tamil, and Telugu are all Dravidian languages, though each has distinct scripts, grammar, and vocabulary","meaning 'script', referring to the writing system used to write the Kannada language","the term for Old Kannada, the earlier form of the Kannada language used in ancient inscriptions and texts",D,"By definition, Halegannada is: the term for Old Kannada, the earlier form of the Kannada language used in ancient inscriptions and texts",Kannada Subjects,Kannada Language
What is compound letters (ottakshara) in Kannada?,"the set of consonant sounds in Kannada, such as ಕ (ka), ಖ (kha), ಗ (ga), and others, which combine with vowels to form syllables",conjunct consonant clusters formed by combining two or more consonants without an intervening vowel,"a word in Kannada grammar used in place of a noun, such as ನಾನು (I) or ಅವನು (he)",a nasal sound represented by a dot (ಂ) placed above a letter in Kannada writing,B,compound letters (ottakshara) in Kannada is: conjunct consonant clusters formed by combining two or more consonants without an intervening vowel,Kannada Subjects,Kannada Grammar
What is swara (in Kannada grammar)?,"meaning 'your' (formal/plural), used as a possessive pronoun in Kannada","a respectful suffix added to a person's name or title in Kannada to show respect, similar to 'Mr./Mrs.' or 'Sir/Madam'",consonant sounds in the Kannada alphabet,vowel sounds in the Kannada alphabet,D,swara (in Kannada grammar) is: vowel sounds in the Kannada alphabet,Kannada Subjects,Kannada Grammar
What is the Kannada phrase 'hegiddira'?,"a common Kannada phrase meaning 'how are you', used respectfully",Kannada was officially recognised as a Classical Language of India by the Government of India in 2008,"Kannada is written from left to right, like most modern Indian scripts","a phrase meaning 'fragrant Kannada', often used affectionately to refer to the beauty of the Kannada language",A,"the Kannada phrase 'hegiddira' is: a common Kannada phrase meaning 'how are you', used respectfully",Kannada Subjects,Kannada Language
Which Kannada word means 'water'?,ಮೋಡ,ಬಟ್ಟೆ,ಎಚ್ಚರಗೊಳ್ಳುವುದು,ನೀರು,D,'ನೀರು' means 'water' in English.,Kannada Subjects,Vocabulary
Which Kannada word means 'ear'?,ಕ್ರೀಡೆ,ನಿಧಾನ,ಕಿವಿ,ಎಲ್ಲಿ,C,'ಕಿವಿ' means 'ear' in English.,Kannada Subjects,Body Parts
Which Kannada word means 'hundred'?,ಶುಚಿ,ನೂರು,ಶಕ್ತಿ,ಹದಿಮೂರು,B,'ನೂರು' means 'hundred' in English.,Kannada Subjects,Numbers
What is the English meaning of the Kannada word 'ಚಿಕ್ಕ'?,elephant,snow/frost,black,small,D,'ಚಿಕ್ಕ' means 'small' in English.,Kannada Subjects,Adjectives
Which statement correctly describes Kuvempu?,"a Kannada scholar, poet, and educator known for his contributions to Kannada language teaching and children's literature","a celebrated Kannada poet and writer, the first Kannada writer to receive the Jnanpith Award","a renowned Kannada poet known for his lyrical poetry, awarded the Jnanpith Award","a classical Kannada poet, also counted among the 'three gems' of early Kannada literature",B,"By definition, Kuvempu is: a celebrated Kannada poet and writer, the first Kannada writer to receive the Jnanpith Award",Kannada Subjects,Kannada Literature
What is the English meaning of the Kannada word 'ಅಣ್ಣ'?,elder brother,to learn,holiday/leave,happiness,A,'ಅಣ್ಣ' means 'elder brother' in English.,Kannada Subjects,Vocabulary
What is the English meaning of the Kannada word 'ಪೆನ್ನು'?,elder sister,pen,king,May,B,'ಪೆನ್ನು' means 'pen' in English.,Kannada Subjects,Vocabulary
Which statement correctly describes Sarvajna?,"an early and celebrated Kannada poet, often referred to as the 'father of Kannada poetry', known for 'Vikramarjuna Vijaya'","a poetic composition in Kannada literature, written in verse form","Pampa, Ponna, and Ranna, three celebrated poets of the classical period of Kannada literature","a well-known medieval Kannada poet famous for his short, wise sayings called 'Vachanas' or 'Tripadis' (three-line verses)",D,"By definition, Sarvajna is: a well-known medieval Kannada poet famous for his short, wise sayings called 'Vachanas' or 'Tripadis' (three-line verses)",Kannada Subjects,Kannada Literature
Which statement correctly describes a Kannada karma (object)?,"the set of independent vowel sounds in Kannada, including ಅ (a), ಆ (aa), ಇ (i), ಈ (ii), ಉ (u), and others",Kannada generally follows a Subject-Object-Verb (SOV) word order,"meaning 'his/her/their' (respectful), used as a possessive pronoun in Kannada","the receiver of the action in a Kannada sentence, typically the grammatical object",D,"By definition, a Kannada karma (object) is: the receiver of the action in a Kannada sentence, typically the grammatical object",Kannada Subjects,Kannada Grammar
What is the English meaning of the Kannada word 'ಹನ್ನೆರಡು'?,week,sentence,twelve,knowledge,C,'ಹನ್ನೆರಡು' means 'twelve' in English.,Kannada Subjects,Numbers
What is the English meaning of the Kannada word 'ಆಕಾಶ'?,six,three,king,sky,D,'ಆಕಾಶ' means 'sky' in English.,Kannada Subjects,Vocabulary
What is the English meaning of the Kannada word 'ಶುಕ್ರವಾರ'?,story,to laugh,milk,Friday,D,'ಶುಕ್ರವಾರ' means 'Friday' in English.,Kannada Subjects,Days of the Week
Which Kannada word means 'to drink'?,ನಾಳೆ,ತಿನ್ನುವುದು,ಪತ್ರ,ಕುಡಿಯುವುದು,D,'ಕುಡಿಯುವುದು' means 'to drink' in English.,Kannada Subjects,Verbs
Which statement correctly describes Kanakadasa?,"a Kannada poet, composer, and philosopher associated with the Bhakti movement, known for his devotional compositions","a traditional Hindu festival celebrated in Karnataka, particularly in Bengaluru, involving a ceremonial procession","a mixture of neem leaves and jaggery eaten during Ugadi, symbolising the balance of life's bitter and sweet moments","a saint-composer regarded as the 'father of Carnatic music', who composed devotional songs in Kannada",A,"By definition, Kanakadasa is: a Kannada poet, composer, and philosopher associated with the Bhakti movement, known for his devotional compositions",Kannada Subjects,Kannada Culture
"Which term matches this description: ""a mixture of neem leaves and jaggery eaten during Ugadi, symbolising the balance of life's bitter and sweet moments""?",Ugadi,Bevu Bella (in Ugadi tradition),Kanakadasa,Mysuru Dasara,B,"The description matches Bevu Bella (in Ugadi tradition): a mixture of neem leaves and jaggery eaten during Ugadi, symbolising the balance of life's bitter and sweet moments",Kannada Subjects,Kannada Culture
What is the English meaning of the Kannada word 'ಬೆಕ್ಕು'?,cold weather,younger sister,to speak,cat,D,'ಬೆಕ್ಕು' means 'cat' in English.,Kannada Subjects,Vocabulary
"Which term matches this description: ""meaning 'his/her/their' (respectful), used as a possessive pronoun in Kannada""?",the Kannada word 'avara',the Kannada word 'nimma',the Kannada alphabet's consonants (vyanjanagalu),a Kannada noun (naama pada),A,"The description matches the Kannada word 'avara': meaning 'his/her/their' (respectful), used as a possessive pronoun in Kannada",Kannada Subjects,Kannada Grammar
What is the English meaning of the Kannada word 'ಊಟ'?,meal/food,March,what,sentence,A,'ಊಟ' means 'meal/food' in English.,Kannada Subjects,Vocabulary
Which Kannada word means 'holiday/leave'?,ಕಪ್ಪು,ಕಣ್ಣು,ಹದಿನಾಲ್ಕು,ರಜೆ,D,'ರಜೆ' means 'holiday/leave' in English.,Kannada Subjects,Vocabulary
What is the English meaning of the Kannada word 'ಗೆಳೆಯ'?,friend (male),clean,sea/ocean,Saturday,A,'ಗೆಳೆಯ' means 'friend (male)' in English.,Kannada Subjects,Vocabulary
What is the Kannada word 'nanna'?,"meaning 'my', used as a possessive pronoun in Kannada",consonant sounds in the Kannada alphabet,"the set of independent vowel sounds in Kannada, including ಅ (a), ಆ (aa), ಇ (i), ಈ (ii), ಉ (u), and others","meaning 'your' (formal/plural), used as a possessive pronoun in Kannada",A,"the Kannada word 'nanna' is: meaning 'my', used as a possessive pronoun in Kannada",Kannada Subjects,Kannada Grammar
What is the English meaning of the Kannada word 'ಹಲ್ಲು'?,tooth,onion,afternoon,science,A,'ಹಲ್ಲು' means 'tooth' in English.,Kannada Subjects,Body Parts
Which Kannada word means 'air/wind'?,ಗಾಳಿ,ರಾಣಿ,ಮೇ,ಕುರ್ಚಿ,A,'ಗಾಳಿ' means 'air/wind' in English.,Kannada Subjects,Vocabulary
What is the English meaning of the Kannada word 'ಬಿಳಿ'?,white,bus,mother,language,A,'ಬಿಳಿ' means 'white' in English.,Kannada Subjects,Vocabulary
"Which term matches this description: ""the movement advocating for the unification of Kannada-speaking regions into a single state, which led to the formation of Karnataka in 1956""?",the Hoysala dynasty's contribution to Kannada,the Karnataka Ekikarana movement,the term 'Karnataka' etymology,the Wadeyar dynasty's patronage of Kannada,B,"The description matches the Karnataka Ekikarana movement: the movement advocating for the unification of Kannada-speaking regions into a single state, which led to the formation of Karnataka in 1956",Kannada Subjects,Kannada History
Which statement correctly describes the Kannada word 'nudi'?,"Kannada is written from left to right, like most modern Indian scripts","meaning 'speech' or 'language', often used poetically to refer to the Kannada language itself",a colloquial Kannada phrase used to acknowledge that something is fine or acceptable,"meaning 'script', referring to the writing system used to write the Kannada language",B,"By definition, the Kannada word 'nudi' is: meaning 'speech' or 'language', often used poetically to refer to the Kannada language itself",Kannada Subjects,Kannada Language
Which Kannada word means 'flower'?,ಶುಚಿ,ಹೂವು,ಬಸ್ಸು,ಉತ್ತರ (ಜವಾಬು),B,'ಹೂವು' means 'flower' in English.,Kannada Subjects,Vocabulary
What is the English meaning of the Kannada word 'ಅಮ್ಮ'?,cow,chair,science,mother,D,'ಅಮ್ಮ' means 'mother' in English.,Kannada Subjects,Vocabulary
Which Kannada word means 'number'?,ಐವತ್ತು,ಗಿಡ್ಡ,ಸಂಖ್ಯೆ,ಸೆಪ್ಟೆಂಬರ್,C,'ಸಂಖ್ಯೆ' means 'number' in English.,Kannada Subjects,Vocabulary
What is the English meaning of the Kannada word 'ಬಾಗಿಲು'?,short,door,sugar,ten,B,'ಬಾಗಿಲು' means 'door' in English.,Kannada Subjects,Vocabulary
Which Kannada word means 'school'?,ಸೋಲು,ಮೊದಲು,ಶಾಲೆ,ಸಮುದ್ರ,C,'ಶಾಲೆ' means 'school' in English.,Kannada Subjects,Vocabulary
What is the English meaning of the Kannada word 'ಗುಡುಗು'?,thunder,coffee,sunshine/heat,black,A,'ಗುಡುಗು' means 'thunder' in English.,Kannada Subjects,Weather
What is the Kannada word 'avara'?,Kannada generally follows a Subject-Object-Verb (SOV) word order,"meaning 'his/her/their' (respectful), used as a possessive pronoun in Kannada","a sound represented by two dots (ಃ) after a letter, indicating a light aspirated 'h' sound",vowel sounds in the Kannada alphabet,B,"the Kannada word 'avara' is: meaning 'his/her/their' (respectful), used as a possessive pronoun in Kannada",Kannada Subjects,Kannada Grammar
"Which term matches this description: ""Pampa, Ponna, and Ranna, three celebrated poets of the classical period of Kannada literature""?",the Kavirajamarga,the three gems (ratnatraya) of early Kannada literature,Mankutimmana Kagga,Shivarama Karanth,B,"The description matches the three gems (ratnatraya) of early Kannada literature: Pampa, Ponna, and Ranna, three celebrated poets of the classical period of Kannada literature",Kannada Subjects,Kannada Literature
Which Kannada word means 'tomato'?,ಇಲ್ಲ,ಮರ,ಅಣ್ಣ,ಟೊಮ್ಯಾಟೊ,D,'ಟೊಮ್ಯಾಟೊ' means 'tomato' in English.,Kannada Subjects,Vocabulary
What is Girish Karnad?,"a celebrated Kannada poet and writer, the first Kannada writer to receive the Jnanpith Award","an early and celebrated Kannada poet, often referred to as the 'father of Kannada poetry', known for 'Vikramarjuna Vijaya'","a well-known Kannada playwright, actor, and film director, recipient of the Jnanpith Award","a prose composition in Kannada literature, as opposed to poetry (padya)",C,"Girish Karnad is: a well-known Kannada playwright, actor, and film director, recipient of the Jnanpith Award",Kannada Subjects,Kannada Literature
"Fill in the blank: ______ refers to ""the Indian elephant, officially recognised as the state animal of Karnataka"".",the Hampi ruins,the Kannada state anthem 'Jaya Bharata Jananiya Tanujate',Kannada cinema,Karnataka's state animal,D,"Karnataka's state animal refers to: the Indian elephant, officially recognised as the state animal of Karnataka",Kannada Subjects,Kannada Culture
What is the English meaning of the Kannada word 'ಹೊಸ'?,new,slow,work/job,before/first,A,'ಹೊಸ' means 'new' in English.,Kannada Subjects,Adjectives
What is a Tripadi (in Kannada poetry)?,"a 12th-century Kannada poet and mystic, known for her devotional Vachana poetry dedicated to Lord Shiva",a well-known philosophical Kannada poetic work written by D V Gundappa,"a 12th-century Kannada poet, philosopher, and social reformer who founded the Lingayat movement and wrote Vachana poetry","a traditional three-line verse form used in Kannada poetry, notably by the poet Sarvajna",D,"a Tripadi (in Kannada poetry) is: a traditional three-line verse form used in Kannada poetry, notably by the poet Sarvajna",Kannada Subjects,Kannada Literature
What is the English meaning of the Kannada word 'ಮಳೆ'?,rain,difficult,question,strong,A,'ಮಳೆ' means 'rain' in English.,Kannada Subjects,Weather
Which Kannada word means 'elephant'?,ನೀರು,ತಮ್ಮ,ಹಳದಿ,ಆನೆ,D,'ಆನೆ' means 'elephant' in English.,Kannada Subjects,Vocabulary
What is the English meaning of the Kannada word 'ದಕ್ಷಿಣ'?,hot,south,tall/height,grapes,B,'ದಕ್ಷಿಣ' means 'south' in English.,Kannada Subjects,Vocabulary
What is the English meaning of the Kannada word 'ಹದಿಮೂರು'?,cow,village/town,game/play,thirteen,D,'ಹದಿಮೂರು' means 'thirteen' in English.,Kannada Subjects,Numbers
"Fill in the blank: ______ refers to ""a traditional Hindu festival celebrated in Karnataka, particularly in Bengaluru, involving a ceremonial procession"".",Karnataka's state flower,Dollu Kunitha,the Kannada calendar system,Karaga,D,"Karaga refers to: a traditional Hindu festival celebrated in Karnataka, particularly in Bengaluru, involving a ceremonial procession",Kannada Subjects,Kannada Culture
What is the English meaning of the Kannada word 'ನಗುವುದು'?,onion,carrot,rice (cooked),to laugh,D,'ನಗುವುದು' means 'to laugh' in English.,Kannada Subjects,Verbs
"Which term matches this description: ""an honorary award given by Hampi University (Kannada University) for outstanding contributions to Kannada culture, arts, and society""?",Karaga,Kannada as a medium of instruction,Nadoja award,Karnataka's state bird,C,"The description matches Nadoja award: an honorary award given by Hampi University (Kannada University) for outstanding contributions to Kannada culture, arts, and society",Kannada Subjects,Kannada Culture
"Fill in the blank: ______ refers to ""a classical Kannada poet, one of the 'three gems' (ratnatraya) of early Kannada literature"".",a gadya (in Kannada literature),the Jnanpith Award,D V Gundappa (DVG),Ranna,D,"Ranna refers to: a classical Kannada poet, one of the 'three gems' (ratnatraya) of early Kannada literature",Kannada Subjects,Kannada Literature
"Fill in the blank: ______ refers to ""the receiver of the action in a Kannada sentence, typically the grammatical object"".",a Kannada karma (object),a Kannada pronoun (sarvanaama),a sandhi (in Kannada grammar),the honorific suffix '-avaru' in Kannada,A,"a Kannada karma (object) refers to: the receiver of the action in a Kannada sentence, typically the grammatical object",Kannada Subjects,Kannada Grammar
What is the English meaning of the Kannada word 'ಶುಚಿ'?,Tuesday,clean,morning,leaf,B,'ಶುಚಿ' means 'clean' in English.,Kannada Subjects,Adjectives
What is the English meaning of the Kannada word 'ಎರಡು'?,younger brother,two,table,white,B,'ಎರಡು' means 'two' in English.,Kannada Subjects,Numbers
What is the English meaning of the Kannada word 'ಬೆಳ್ಳುಳ್ಳಿ'?,garlic,September,ear,Thursday,A,'ಬೆಳ್ಳುಳ್ಳಿ' means 'garlic' in English.,Kannada Subjects,Vocabulary
What is the English meaning of the Kannada word 'ಬಿಸಿಲು'?,February,sunshine/heat,how,victory,B,'ಬಿಸಿಲು' means 'sunshine/heat' in English.,Kannada Subjects,Weather
"Fill in the blank: ______ refers to ""a classical Kannada poet, also counted among the 'three gems' of early Kannada literature"".",U R Ananthamurthy,D V Gundappa (DVG),Ponna,Pampa,C,"Ponna refers to: a classical Kannada poet, also counted among the 'three gems' of early Kannada literature",Kannada Subjects,Kannada Literature
Which statement correctly describes the Kannada term 'lipi'?,"an abugida writing system used to write the Kannada language, derived from the ancient Brahmi script","the state of Karnataka in southern India, along with parts of neighbouring states","meaning 'script', referring to the writing system used to write the Kannada language","a term of pride meaning 'prosperous/glorious Kannada', often used in cultural and literary contexts",C,"By definition, the Kannada term 'lipi' is: meaning 'script', referring to the writing system used to write the Kannada language",Kannada Subjects,Kannada Language
What is the English meaning of the Kannada word 'ಕಷ್ಟ'?,difficult,to run,holiday/leave,clock/watch,A,'ಕಷ್ಟ' means 'difficult' in English.,Kannada Subjects,Adjectives
"Which term matches this description: ""a celebrated Kannada novelist and critic, known for his novel 'Samskara'""?",U R Ananthamurthy,Basavanna,a gadya (in Kannada literature),Niranjana (K Jinaraja Hegde),A,"The description matches U R Ananthamurthy: a celebrated Kannada novelist and critic, known for his novel 'Samskara'",Kannada Subjects,Kannada Literature
Which statement correctly describes Bengaluru?,"the lotus (Kamala), officially recognised as the state flower of Karnataka",a celebration observed on 1 November marking the formation of the state of Karnataka in 1956,"the capital city of Karnataka, often referred to as the 'Silicon Valley of India'","a major festival celebrated in Mysuru, Karnataka, marking the victory of good over evil and the state's royal heritage",C,"By definition, Bengaluru is: the capital city of Karnataka, often referred to as the 'Silicon Valley of India'",Kannada Subjects,Kannada Culture
What is the English meaning of the Kannada word 'ಹೋಗುವುದು'?,tomorrow,cow,to go,sorrow,C,'ಹೋಗುವುದು' means 'to go' in English.,Kannada Subjects,Verbs
Which Kannada word means 'village/town'?,ಒಂದು,ಊರು,ಗಾಳಿ,ಶಾಲೆ,B,'ಊರು' means 'village/town' in English.,Kannada Subjects,Vocabulary
"Which term matches this description: ""a word in Kannada grammar that names a person, place, thing, or idea""?",a Kannada noun (naama pada),the Kannada alphabet's vowels (swaragalu),the Kannada word 'nanna',swara (in Kannada grammar),A,"The description matches a Kannada noun (naama pada): a word in Kannada grammar that names a person, place, thing, or idea",Kannada Subjects,Kannada Grammar
Which Kannada word means 'eleven'?,ಸಂಜೆ,ಟೊಮ್ಯಾಟೊ,ಹನ್ನೊಂದು,ಸುಂದರ,C,'ಹನ್ನೊಂದು' means 'eleven' in English.,Kannada Subjects,Numbers
Which statement correctly describes vyanjana (in Kannada grammar)?,consonant sounds in the Kannada alphabet,a nasal sound represented by a dot (ಂ) placed above a letter in Kannada writing,"the set of independent vowel sounds in Kannada, including ಅ (a), ಆ (aa), ಇ (i), ಈ (ii), ಉ (u), and others","a respectful suffix added to a person's name or title in Kannada to show respect, similar to 'Mr./Mrs.' or 'Sir/Madam'",A,"By definition, vyanjana (in Kannada grammar) is: consonant sounds in the Kannada alphabet",Kannada Subjects,Kannada Grammar
"Which term matches this description: ""an early and celebrated Kannada poet, often referred to as the 'father of Kannada poetry', known for 'Vikramarjuna Vijaya'""?",Shivarama Karanth,Pampa,the Kavirajamarga,D V Gundappa (DVG),B,"The description matches Pampa: an early and celebrated Kannada poet, often referred to as the 'father of Kannada poetry', known for 'Vikramarjuna Vijaya'",Kannada Subjects,Kannada Literature
"Fill in the blank: ______ refers to ""India's highest literary honour, awarded to a writer for outstanding contribution to Indian literature"".",Ponna,the Jnanpith Award,a gadya (in Kannada literature),the Kavirajamarga,B,"the Jnanpith Award refers to: India's highest literary honour, awarded to a writer for outstanding contribution to Indian literature",Kannada Subjects,Kannada Literature
What is the English meaning of the Kannada word 'ಇಲ್ಲ'?,dance,new,train,no,D,'ಇಲ್ಲ' means 'no' in English.,Kannada Subjects,Vocabulary
What is the English meaning of the Kannada word 'ಅನ್ನ'?,rice (cooked),sentence,rice (uncooked),snow/frost,A,'ಅನ್ನ' means 'rice (cooked)' in English.,Kannada Subjects,Vocabulary
Which statement correctly describes the official language of Karnataka?,"the language family to which Kannada belongs, along with Tamil, Telugu, and Malayalam","the state of Karnataka in southern India, along with parts of neighbouring states","Kannada, which is also one of the classical languages recognised by the Government of India",Kannada was officially recognised as a Classical Language of India by the Government of India in 2008,C,"By definition, the official language of Karnataka is: Kannada, which is also one of the classical languages recognised by the Government of India",Kannada Subjects,Kannada Language
Which Kannada word means 'bicycle'?,ಆಡುವುದು,ಭಾಷೆ,ಮಾವು,ಸೈಕಲ್,D,'ಸೈಕಲ್' means 'bicycle' in English.,Kannada Subjects,Vocabulary
What is the English meaning of the Kannada word 'ಹೂವು'?,one,flower,Sunday,nine,B,'ಹೂವು' means 'flower' in English.,Kannada Subjects,Vocabulary
"Fill in the blank: ______ refers to ""vowel sounds in the Kannada alphabet"".",a Kannada noun (naama pada),the honorific suffix '-avaru' in Kannada,swara (in Kannada grammar),the visarga in Kannada script,C,swara (in Kannada grammar) refers to: vowel sounds in the Kannada alphabet,Kannada Subjects,Kannada Grammar
Which statement correctly describes the historic city of Badami?,"Kittur, a small kingdom in present-day Karnataka, known for Rani Chennamma's early resistance against British rule","a town in Karnataka renowned for the Chennakeshava Temple, built during the Hoysala period","a town in Karnataka known for its rock-cut cave temples, once the capital of the Chalukya dynasty","widely believed to derive from 'karu nadu', meaning 'lofty/black land' or 'elevated land', referring to the region's terrain",C,"By definition, the historic city of Badami is: a town in Karnataka known for its rock-cut cave temples, once the capital of the Chalukya dynasty",Kannada Subjects,Kannada History
What is the English meaning of the Kannada word 'ಸುಲಭ'?,easy,religion/duty,thousand,stomach,A,'ಸುಲಭ' means 'easy' in English.,Kannada Subjects,Adjectives
Which statement correctly describes a gadya (in Kannada literature)?,"a prose composition in Kannada literature, as opposed to poetry (padya)","a poetic composition in Kannada literature, written in verse form","meaning 'Kannada literature', referring to the body of written works composed in the Kannada language","a popular Kannada poet known for his romantic and lyrical poetry, notably the collection 'Mysore Mallige'",A,"By definition, a gadya (in Kannada literature) is: a prose composition in Kannada literature, as opposed to poetry (padya)",Kannada Subjects,Kannada Literature
Which Kannada word means 'pencil'?,ಪೆನ್ಸಿಲ್,ಟೊಮ್ಯಾಟೊ,ಕಷ್ಟ,ಚಿತ್ರ,A,'ಪೆನ್ಸಿಲ್' means 'pencil' in English.,Kannada Subjects,Vocabulary
"Fill in the blank: ______ refers to ""meaning 'unification', referring to the movement that led to the formation of the unified state of Karnataka in 1956"".",the term 'Ekikarana',the Hoysala dynasty's contribution to Kannada,Kittur Chennamma,the Wadeyar dynasty's patronage of Kannada,A,"the term 'Ekikarana' refers to: meaning 'unification', referring to the movement that led to the formation of the unified state of Karnataka in 1956",Kannada Subjects,Kannada History
What is the English meaning of the Kannada word 'ಗೆಳತಿ'?,slow,south,friend (female),language,C,'ಗೆಳತಿ' means 'friend (female)' in English.,Kannada Subjects,Vocabulary
What is the English meaning of the Kannada word 'ಕೇಳುವುದು'?,to read/study,cap/hat,to listen/ask,milk,C,'ಕೇಳುವುದು' means 'to listen/ask' in English.,Kannada Subjects,Verbs
Which Kannada word means 'twelve'?,ತಣ್ಣಗೆ,ರೈಲು,ಚಪ್ಪಲಿ,ಹನ್ನೆರಡು,D,'ಹನ್ನೆರಡು' means 'twelve' in English.,Kannada Subjects,Numbers
Which Kannada word means 'mouth'?,ಕೆಂಪು,ಬೇಸಿಗೆ,ಬಾಯಿ,ಬಸ್ಸು,C,'ಬಾಯಿ' means 'mouth' in English.,Kannada Subjects,Body Parts
Which Kannada word means 'black'?,ದೇಶ,ಮಿಂಚು,ಕಪ್ಪು,ವಸಂತ ಋತು,C,'ಕಪ್ಪು' means 'black' in English.,Kannada Subjects,Vocabulary
What is the English meaning of the Kannada word 'ಅಳುವುದು'?,to cry,history,result,to speak,A,'ಅಳುವುದು' means 'to cry' in English.,Kannada Subjects,Verbs
"Which term matches this description: ""a legendary warrior and freedom fighter from Karnataka who fought against British rule alongside Kittur Chennamma""?",the Hoysala dynasty's contribution to Kannada,Sangolli Rayanna,the Wadeyar dynasty's patronage of Kannada,Kittur Chennamma,B,The description matches Sangolli Rayanna: a legendary warrior and freedom fighter from Karnataka who fought against British rule alongside Kittur Chennamma,Kannada Subjects,Kannada History
What is the English meaning of the Kannada word 'ಕಪ್ಪು'?,new,younger sister,black,village/town,C,'ಕಪ್ಪು' means 'black' in English.,Kannada Subjects,Vocabulary
Which Kannada word means 'to go'?,ಕೇಳುವುದು,ಹೋಗುವುದು,ರಾಜ,ಇತಿಹಾಸ,B,'ಹೋಗುವುದು' means 'to go' in English.,Kannada Subjects,Verbs
Which statement correctly describes Karnataka's state flower?,"the Indian elephant, officially recognised as the state animal of Karnataka","the Kannada New Year festival, celebrated in Karnataka to mark the beginning of a new year according to the lunisolar calendar","a Kannada poet, composer, and philosopher associated with the Bhakti movement, known for his devotional compositions","the lotus (Kamala), officially recognised as the state flower of Karnataka",D,"By definition, Karnataka's state flower is: the lotus (Kamala), officially recognised as the state flower of Karnataka",Kannada Subjects,Kannada Culture
"Which term matches this description: ""a town in Karnataka known for its rock-cut cave temples, once the capital of the Chalukya dynasty""?",Alur Venkata Rao,the historic city of Badami,Kittur Chennamma,the historic town of Halebidu,B,"The description matches the historic city of Badami: a town in Karnataka known for its rock-cut cave temples, once the capital of the Chalukya dynasty",Kannada Subjects,Kannada History
Which Kannada word means 'colour'?,ಬಣ್ಣ,ಸಮುದ್ರ,ತಮ್ಮ,ಸ್ನೇಹ,A,'ಬಣ್ಣ' means 'colour' in English.,Kannada Subjects,Vocabulary
What is the English meaning of the Kannada word 'ದುಃಖ'?,sorrow,to write,bicycle,what,A,'ದುಃಖ' means 'sorrow' in English.,Kannada Subjects,Vocabulary
What is the English meaning of the Kannada word 'ಕಿತ್ತಳೆ'?,February,day,leg/foot,orange,D,'ಕಿತ್ತಳೆ' means 'orange' in English.,Kannada Subjects,Vocabulary
What is the English meaning of the Kannada word 'ಉತ್ತರ'?,potato,Thursday,north / answer,slipper/sandal,C,'ಉತ್ತರ' means 'north / answer' in English.,Kannada Subjects,Vocabulary
What is the English meaning of the Kannada word 'ನೀಲಿ'?,monsoon/rainy season,flower,blue,to play,C,'ನೀಲಿ' means 'blue' in English.,Kannada Subjects,Vocabulary
What is the English meaning of the Kannada word 'ಸಂಜೆ'?,November,evening,horse,beautiful,B,'ಸಂಜೆ' means 'evening' in English.,Kannada Subjects,Vocabulary
What is the English meaning of the Kannada word 'ಸ್ವಾಗತ'?,welcome,November,bicycle,friend (female),A,'ಸ್ವಾಗತ' means 'welcome' in English.,Kannada Subjects,Vocabulary
Which Kannada word means 'to work'?,ವಿಮಾನ,ಡಿಸೆಂಬರ್,ಕುಟುಂಬ,ಕೆಲಸ ಮಾಡುವುದು,D,'ಕೆಲಸ ಮಾಡುವುದು' means 'to work' in English.,Kannada Subjects,Verbs
What is the English meaning of the Kannada word 'ಉಪ್ಪು'?,fire,sorry/excuse me,salt,air/wind,C,'ಉಪ್ಪು' means 'salt' in English.,Kannada Subjects,Vocabulary
Which Kannada word means 'clean'?,ಬಲಶಾಲಿ,ಒಳ್ಳೆಯ,ಹನ್ನೊಂದು,ಶುಚಿ,D,'ಶುಚಿ' means 'clean' in English.,Kannada Subjects,Adjectives
What is the English meaning of the Kannada word 'ಹದಿನಾಲ್ಕು'?,dew,fourteen,tree,city,B,'ಹದಿನಾಲ್ಕು' means 'fourteen' in English.,Kannada Subjects,Numbers
Which Kannada word means 'tree'?,ಸುಂದರ,ಮರ,ಅಪ್ಪ,ಹಿಮ,B,'ಮರ' means 'tree' in English.,Kannada Subjects,Vocabulary
What is the English meaning of the Kannada word 'ಪತ್ರ'?,language,fruit,letter,easy,C,'ಪತ್ರ' means 'letter' in English.,Kannada Subjects,Vocabulary
"Fill in the blank: ______ refers to ""a colloquial Kannada phrase used to acknowledge that something is fine or acceptable"".",the Kannada word 'holagide',Kannada's relationship to Tamil and Telugu,Kannada,the Kannada phrase 'hegiddira',A,the Kannada word 'holagide' refers to: a colloquial Kannada phrase used to acknowledge that something is fine or acceptable,Kannada Subjects,Kannada Language
"Fill in the blank: ______ refers to ""the ruins of Vijayanagara, a UNESCO World Heritage Site in Karnataka, showcasing historic architecture and Kannada heritage"".",the term 'Kannadambe',Bevu Bella (in Ugadi tradition),the Hampi ruins,the Kannada calendar system,C,"the Hampi ruins refers to: the ruins of Vijayanagara, a UNESCO World Heritage Site in Karnataka, showcasing historic architecture and Kannada heritage",Kannada Subjects,Kannada Culture
What is Kannada's classification as a classical language?,"the term for Old Kannada, the earlier form of the Kannada language used in ancient inscriptions and texts",a Dravidian language predominantly spoken in the Indian state of Karnataka,"the term for Modern Kannada, the contemporary form of the Kannada language used today",Kannada was officially recognised as a Classical Language of India by the Government of India in 2008,D,Kannada's classification as a classical language is: Kannada was officially recognised as a Classical Language of India by the Government of India in 2008,Kannada Subjects,Kannada Language
What is the English meaning of the Kannada word 'ಬೇಳೆ'?,teacher/guru,lightning,lentils/dal,three,C,'ಬೇಳೆ' means 'lentils/dal' in English.,Kannada Subjects,Vocabulary
Which Kannada word means 'cloth/clothes'?,ನಾಲ್ಕು,ಬಟ್ಟೆ,ಶಾಲೆ,ಸಂಗೀತ ಶಾಸ್ತ್ರ,B,'ಬಟ್ಟೆ' means 'cloth/clothes' in English.,Kannada Subjects,Vocabulary
Which Kannada word means 'five'?,ಕ್ರೀಡೆ,ಆಟ,ಐದು,ಸಾವಿರ,C,'ಐದು' means 'five' in English.,Kannada Subjects,Numbers
What is the English meaning of the Kannada word 'ಹಣ್ಣು'?,tiger,slow,fruit,snow/frost,C,'ಹಣ್ಣು' means 'fruit' in English.,Kannada Subjects,Vocabulary
Which statement correctly describes Rani Chennamma's kingdom?,"meaning 'unification', referring to the movement that led to the formation of the unified state of Karnataka in 1956","Kittur, a small kingdom in present-day Karnataka, known for Rani Chennamma's early resistance against British rule","the Wadeyars, rulers of the Mysore Kingdom, were notable patrons of Kannada language, literature, and the arts over several centuries","the historic Kingdom of Mysore was a major centre of Kannada culture, art, and literary patronage for centuries",B,"By definition, Rani Chennamma's kingdom is: Kittur, a small kingdom in present-day Karnataka, known for Rani Chennamma's early resistance against British rule",Kannada Subjects,Kannada History
What is the English meaning of the Kannada word 'ಮಾರ್ಚ್'?,March,history,to play,story,A,'ಮಾರ್ಚ್' means 'March' in English.,Kannada Subjects,Months
Which Kannada word means 'four'?,ಮಳೆಗಾಲ,ಸೈಕಲ್,ನಾಲ್ಕು,ಆಕಾಶ,C,'ನಾಲ್ಕು' means 'four' in English.,Kannada Subjects,Numbers
What is the English meaning of the Kannada word 'ಪಪ್ಪಾಯಿ'?,to go,brinjal/eggplant,defeat/loss,papaya,D,'ಪಪ್ಪಾಯಿ' means 'papaya' in English.,Kannada Subjects,Vocabulary
"Fill in the blank: ______ refers to ""a Kannada novelist and journalist known for his socially conscious literary works"".",Chandrashekhara Kambara,Ranna,Niranjana (K Jinaraja Hegde),Akka Mahadevi,C,Niranjana (K Jinaraja Hegde) refers to: a Kannada novelist and journalist known for his socially conscious literary works,Kannada Subjects,Kannada Literature
What is the English meaning of the Kannada word 'ಕೊಡುವುದು'?,day,to sing,to give,king,C,'ಕೊಡುವುದು' means 'to give' in English.,Kannada Subjects,Verbs
Which statement correctly describes a Tripadi (in Kannada poetry)?,"a well-known Kannada playwright, actor, and film director, recipient of the Jnanpith Award",a Kannada satirist and humour writer known for his witty prose,"a 12th-century Kannada poet and mystic, known for her devotional Vachana poetry dedicated to Lord Shiva","a traditional three-line verse form used in Kannada poetry, notably by the poet Sarvajna",D,"By definition, a Tripadi (in Kannada poetry) is: a traditional three-line verse form used in Kannada poetry, notably by the poet Sarvajna",Kannada Subjects,Kannada Literature
Which Kannada word means 'strong'?,ವಿಜ್ಞಾನ,ಇಬ್ಬನಿ,ಮೇಜು,ಬಲಶಾಲಿ,D,'ಬಲಶಾಲಿ' means 'strong' in English.,Kannada Subjects,Adjectives
Which Kannada word means 'to read/study'?,ಓದುವುದು,ಎತ್ತರ,ಜಯ,ಅನ್ನ,A,'ಓದುವುದು' means 'to read/study' in English.,Kannada Subjects,Verbs
Which Kannada word means 'white'?,ಬಿಳಿ,ಮಳೆಗಾಲ,ವಸಂತ ಋತು,ಬಾಳೆಹಣ್ಣು,A,'ಬಿಳಿ' means 'white' in English.,Kannada Subjects,Vocabulary
Which Kannada word means 'letter'?,ರಜೆ,ಹೂವು,ಪತ್ರ,ಬದನೆಕಾಯಿ,C,'ಪತ್ರ' means 'letter' in English.,Kannada Subjects,Vocabulary
"Fill in the blank: ______ refers to ""a Kannada satirist and humour writer known for his witty prose"".",V K Gokak,Beechi (R V Bhandari),the three gems (ratnatraya) of early Kannada literature,the Kavirajamarga,B,Beechi (R V Bhandari) refers to: a Kannada satirist and humour writer known for his witty prose,Kannada Subjects,Kannada Literature
"Which term matches this description: ""the Indian elephant, officially recognised as the state animal of Karnataka""?",Karnataka's state flower,the phrase 'Kannada Naadu',Karnataka's state animal,Karnataka's state tree,C,"The description matches Karnataka's state animal: the Indian elephant, officially recognised as the state animal of Karnataka",Kannada Subjects,Kannada Culture
Which Kannada word means 'week'?,ಹದಿನೈದು,ಸ್ನೇಹ,ಆಡುವುದು,ವಾರ,D,'ವಾರ' means 'week' in English.,Kannada Subjects,Vocabulary
What is the English meaning of the Kannada word 'ತಣ್ಣಗೆ'?,to learn,cold,queen,sorrow,B,'ತಣ್ಣಗೆ' means 'cold' in English.,Kannada Subjects,Adjectives
What is the English meaning of the Kannada word 'ಟೊಪ್ಪಿಗೆ'?,hundred,cap/hat,north / answer,meal/food,B,'ಟೊಪ್ಪಿಗೆ' means 'cap/hat' in English.,Kannada Subjects,Vocabulary
Which Kannada word means 'sunshine/heat'?,ಬಿಸಿಲು,ನೋಡುವುದು,ಸಮುದ್ರ,ಟೊಮ್ಯಾಟೊ,A,'ಬಿಸಿಲು' means 'sunshine/heat' in English.,Kannada Subjects,Weather
Which Kannada word means 'horse'?,ವಾರ,ಶಾಲೆ,ಅಕ್ಕಿ,ಕುದುರೆ,D,'ಕುದುರೆ' means 'horse' in English.,Kannada Subjects,Vocabulary
"Fill in the blank: ______ refers to ""Pampa, Ponna, and Ranna, three celebrated poets of the classical period of Kannada literature"".",V K Gokak,Sarvajna,a Tripadi (in Kannada poetry),the three gems (ratnatraya) of early Kannada literature,D,"the three gems (ratnatraya) of early Kannada literature refers to: Pampa, Ponna, and Ranna, three celebrated poets of the classical period of Kannada literature",Kannada Subjects,Kannada Literature
"Which term matches this description: ""a word in Kannada grammar used to describe or qualify a noun""?",a Kannada karma (object),a Kannada adjective (gunavaachaka),Kannada case markers (vibhakti pratyaya),vyanjana (in Kannada grammar),B,The description matches a Kannada adjective (gunavaachaka): a word in Kannada grammar used to describe or qualify a noun,Kannada Subjects,Kannada Grammar
Which Kannada word means 'easy'?,ಗಣಿತ,ಚಳಿಗಾಲ,ಸುಲಭ,ಸಂಗೀತ ಶಾಸ್ತ್ರ,C,'ಸುಲಭ' means 'easy' in English.,Kannada Subjects,Adjectives
What is Dollu Kunitha?,"Karnataka traditionally follows a lunisolar calendar for festivals, with Ugadi marking the start of the new year","a saint-composer regarded as the 'father of Carnatic music', who composed devotional songs in Kannada","a traditional Kannada folk dance performed with drums, popular in northern Karnataka",a traditional saying in the Kannada language that conveys wisdom or a moral lesson,C,"Dollu Kunitha is: a traditional Kannada folk dance performed with drums, popular in northern Karnataka",Kannada Subjects,Kannada Culture
"Which term matches this description: ""a word in Kannada grammar that expresses an action or state of being""?",a sandhi (in Kannada grammar),a Kannada verb (kriya pada),vyanjana (in Kannada grammar),the honorific suffix '-avaru' in Kannada,B,The description matches a Kannada verb (kriya pada): a word in Kannada grammar that expresses an action or state of being,Kannada Subjects,Kannada Grammar
Which statement correctly describes the term 'Kannadambe'?,"meaning 'Mother Kannada', a personification of the Kannada language as a revered mother figure, celebrated in Kannada songs and poems","the film industry based in Karnataka, producing films primarily in the Kannada language, also known as 'Sandalwood'","the Indian roller (Neelakanthi Hakki), officially recognised as the state bird of Karnataka","sandalwood (Shrigandha), officially recognised as the state tree of Karnataka",A,"By definition, the term 'Kannadambe' is: meaning 'Mother Kannada', a personification of the Kannada language as a revered mother figure, celebrated in Kannada songs and poems",Kannada Subjects,Kannada Culture
Which Kannada word means 'six'?,ಆರು,ಹದಿನಾಲ್ಕು,ಗೆಳತಿ,ಭಾನುವಾರ,A,'ಆರು' means 'six' in English.,Kannada Subjects,Numbers
Which statement correctly describes the Karnataka Sangha?,a celebration observed on 1 November marking the formation of the state of Karnataka in 1956,"the Kannada New Year festival, celebrated in Karnataka to mark the beginning of a new year according to the lunisolar calendar","Kannada is widely used as the medium of instruction in schools across Karnataka, alongside English and other languages","organisations historically formed to promote Kannada language, literature, and culture, both in India and among the diaspora",D,"By definition, the Karnataka Sangha is: organisations historically formed to promote Kannada language, literature, and culture, both in India and among the diaspora",Kannada Subjects,Kannada Culture
Which statement correctly describes Kannada case markers (vibhakti pratyaya)?,a word in Kannada grammar used to describe or qualify a noun,"suffixes added to Kannada nouns to indicate their grammatical role in a sentence, such as subject, object, or possession","the doer of the action in a Kannada sentence, typically the grammatical subject","the phonetic combination of two words or morphemes, joining them according to grammatical rules",B,"By definition, Kannada case markers (vibhakti pratyaya) is: suffixes added to Kannada nouns to indicate their grammatical role in a sentence, such as subject, object, or possession",Kannada Subjects,Kannada Grammar
Which Kannada word means 'tiger'?,ಟೊಮ್ಯಾಟೊ,ಸಂಜೆ,ಹುಲಿ,ಹೇಗೆ,C,'ಹುಲಿ' means 'tiger' in English.,Kannada Subjects,Vocabulary
Which Kannada word means 'fire'?,ಪ್ರಯಾಣ,ಪ್ರಶ್ನೆ,ಬೆಂಕಿ,ಊರು,C,'ಬೆಂಕಿ' means 'fire' in English.,Kannada Subjects,Vocabulary
Which statement correctly describes the anuswara in Kannada script?,"meaning 'his/her/their' (respectful), used as a possessive pronoun in Kannada",a nasal sound represented by a dot (ಂ) placed above a letter in Kannada writing,a word in Kannada grammar used to describe or qualify a noun,"the set of consonant sounds in Kannada, such as ಕ (ka), ಖ (kha), ಗ (ga), and others, which combine with vowels to form syllables",B,"By definition, the anuswara in Kannada script is: a nasal sound represented by a dot (ಂ) placed above a letter in Kannada writing",Kannada Subjects,Kannada Grammar
What is Ranna?,"a Kannada poet, scholar, and Jnanpith Award recipient known for his contribution to Kannada literature and education","a poetic composition in Kannada literature, written in verse form",a Kannada novelist and journalist known for his socially conscious literary works,"a classical Kannada poet, one of the 'three gems' (ratnatraya) of early Kannada literature",D,"Ranna is: a classical Kannada poet, one of the 'three gems' (ratnatraya) of early Kannada literature",Kannada Subjects,Kannada Literature
Which Kannada word means 'ten'?,ಪಶ್ಚಿಮ,ಆಕಾಶ,ಹತ್ತು,ಮಾತನಾಡುವುದು,C,'ಹತ್ತು' means 'ten' in English.,Kannada Subjects,Numbers
"Fill in the blank: ______ refers to ""a word in Kannada grammar used to describe or qualify a noun"".",the Kannada word 'avara',a Kannada adjective (gunavaachaka),a Kannada verb (kriya pada),compound letters (ottakshara) in Kannada,B,a Kannada adjective (gunavaachaka) refers to: a word in Kannada grammar used to describe or qualify a noun,Kannada Subjects,Kannada Grammar
What is the English meaning of the Kannada word 'ಸೇಬು'?,sports/athletics,cold,Wednesday,apple,D,'ಸೇಬು' means 'apple' in English.,Kannada Subjects,Vocabulary
Which statement correctly describes the Kannada word for 'teacher'?,"'ಗುರು' (guru) or 'ಶಿಕ್ಷಕ' (shikshaka), both used to refer to a teacher in Kannada","Kannada, which is also one of the classical languages recognised by the Government of India","a respected Kannada writer and philosopher, best known for his work 'Mankutimmana Kagga'","a well-known medieval Kannada poet famous for his short, wise sayings called 'Vachanas' or 'Tripadis' (three-line verses)",A,"By definition, the Kannada word for 'teacher' is: 'ಗುರು' (guru) or 'ಶಿಕ್ಷಕ' (shikshaka), both used to refer to a teacher in Kannada",Kannada Subjects,Kannada Vocabulary Notes
Which statement correctly describes the direction of Kannada writing?,Kannada was officially recognised as a Classical Language of India by the Government of India in 2008,"Kannada is written from left to right, like most modern Indian scripts","a common Kannada greeting meaning 'hello' or 'salutations', used to greet someone respectfully",a colloquial Kannada phrase used to acknowledge that something is fine or acceptable,B,"By definition, the direction of Kannada writing is: Kannada is written from left to right, like most modern Indian scripts",Kannada Subjects,Kannada Language
"Which term matches this description: ""a Kannada novelist and journalist known for his socially conscious literary works""?",Pampa,Da Ra Bendre,Niranjana (K Jinaraja Hegde),U R Ananthamurthy,C,The description matches Niranjana (K Jinaraja Hegde): a Kannada novelist and journalist known for his socially conscious literary works,Kannada Subjects,Kannada Literature
Which Kannada word means 'to wake up'?,ಓಡುವುದು,ಹೇಗೆ,ಎಚ್ಚರಗೊಳ್ಳುವುದು,ಕಥೆ,C,'ಎಚ್ಚರಗೊಳ್ಳುವುದು' means 'to wake up' in English.,Kannada Subjects,Verbs
What is the English meaning of the Kannada word 'ಗಿಡ್ಡ'?,short,garlic,mouth,word,A,'ಗಿಡ್ಡ' means 'short' in English.,Kannada Subjects,Adjectives
Which Kannada word means 'red'?,ಕೆಂಪು,ನೋಡುವುದು,ಬಿಸಿಲು,ಪೆನ್ಸಿಲ್,A,'ಕೆಂಪು' means 'red' in English.,Kannada Subjects,Vocabulary
"Fill in the blank: ______ refers to ""the phonetic combination of two words or morphemes, joining them according to grammatical rules"".",a Kannada karma (object),the honorific suffix '-avaru' in Kannada,plural formation in Kannada nouns,a sandhi (in Kannada grammar),D,"a sandhi (in Kannada grammar) refers to: the phonetic combination of two words or morphemes, joining them according to grammatical rules",Kannada Subjects,Kannada Grammar
"Which term matches this description: ""Kannada was officially recognised as a Classical Language of India by the Government of India in 2008""?",Kannada,Kannada's classification as a classical language,Nadagannada,Kannada's relationship to Tamil and Telugu,B,The description matches Kannada's classification as a classical language: Kannada was officially recognised as a Classical Language of India by the Government of India in 2008,Kannada Subjects,Kannada Language
What is Halegannada?,"the term for Middle Kannada, an intermediate stage in the historical development of the Kannada language","'ವಂದನೆಗಳು' (vandanegalu) or 'ಧನ್ಯವಾದಗಳು' (dhanyavaadagalu), commonly used to express gratitude","the term for Old Kannada, the earlier form of the Kannada language used in ancient inscriptions and texts","a common Kannada phrase meaning 'how are you', used respectfully",C,"Halegannada is: the term for Old Kannada, the earlier form of the Kannada language used in ancient inscriptions and texts",Kannada Subjects,Kannada Language
Which Kannada word means 'knowledge'?,ಜ್ಞಾನ,ಪಶ್ಚಿಮ,ಪ್ರಶ್ನೆ,ಪಟ್ಟಣ,A,'ಜ್ಞಾನ' means 'knowledge' in English.,Kannada Subjects,Vocabulary
Which Kannada word means 'sport'?,ಕ್ರೀಡೆ,ಸಮುದ್ರ,ಹಸಿರು,ಭೂಗೋಳ,A,'ಕ್ರೀಡೆ' means 'sport' in English.,Kannada Subjects,Vocabulary
What is Mankutimmana Kagga?,"meaning 'Kannada literature', referring to the body of written works composed in the Kannada language",a prominent organisation established to promote and develop Kannada language and literature,a well-known philosophical Kannada poetic work written by D V Gundappa,"a celebrated Kannada poet and writer, the first Kannada writer to receive the Jnanpith Award",C,Mankutimmana Kagga is: a well-known philosophical Kannada poetic work written by D V Gundappa,Kannada Subjects,Kannada Literature
What is Vachana literature?,"a 12th-century Kannada poet and mystic, known for her devotional Vachana poetry dedicated to Lord Shiva","an early and celebrated Kannada poet, often referred to as the 'father of Kannada poetry', known for 'Vikramarjuna Vijaya'",a Kannada satirist and humour writer known for his witty prose,"a form of Kannada devotional poetry written in prose-like verses, popularised by the Lingayat saints of the 12th century",D,"Vachana literature is: a form of Kannada devotional poetry written in prose-like verses, popularised by the Lingayat saints of the 12th century",Kannada Subjects,Kannada Literature
What is the English meaning of the Kannada word 'ಶಾಂತಿ'?,month,sorry/excuse me,science,peace,D,'ಶಾಂತಿ' means 'peace' in English.,Kannada Subjects,Vocabulary
Which Kannada word means 'snow/frost'?,ಹಿಮ,ನೋಡುವುದು,ಸೈಕಲ್,ದ್ರಾಕ್ಷಿ,A,'ಹಿಮ' means 'snow/frost' in English.,Kannada Subjects,Weather
What is the English meaning of the Kannada word 'ಹಸು'?,victory,December,good,cow,D,'ಹಸು' means 'cow' in English.,Kannada Subjects,Vocabulary
What is the English meaning of the Kannada word 'ಮೂರು'?,cold weather,before/first,Friday,three,D,'ಮೂರು' means 'three' in English.,Kannada Subjects,Numbers
What is typical Kannada sentence word order?,a nasal sound represented by a dot (ಂ) placed above a letter in Kannada writing,"a respectful suffix added to a person's name or title in Kannada to show respect, similar to 'Mr./Mrs.' or 'Sir/Madam'",vowel sounds in the Kannada alphabet,Kannada generally follows a Subject-Object-Verb (SOV) word order,D,typical Kannada sentence word order is: Kannada generally follows a Subject-Object-Verb (SOV) word order,Kannada Subjects,Kannada Grammar
Which Kannada word means 'orange'?,ಆಲೂಗಡ್ಡೆ,ಕಿತ್ತಳೆ,ಕುದುರೆ,ಪಪ್ಪಾಯಿ,B,'ಕಿತ್ತಳೆ' means 'orange' in English.,Kannada Subjects,Vocabulary
"Fill in the blank: ______ refers to ""a legendary warrior and freedom fighter from Karnataka who fought against British rule alongside Kittur Chennamma"".",the historic town of Halebidu,the historic city of Badami,the Mysore Kingdom's role in Kannada heritage,Sangolli Rayanna,D,Sangolli Rayanna refers to: a legendary warrior and freedom fighter from Karnataka who fought against British rule alongside Kittur Chennamma,Kannada Subjects,Kannada History
What is the English meaning of the Kannada word 'ಸಕ್ಕರೆ'?,morning,north / answer,sugar,eye,C,'ಸಕ್ಕರೆ' means 'sugar' in English.,Kannada Subjects,Vocabulary
What is the English meaning of the Kannada word 'ಗಡಿಯಾರ'?,brinjal/eggplant,clock/watch,yellow,December,B,'ಗಡಿಯಾರ' means 'clock/watch' in English.,Kannada Subjects,Vocabulary
Which statement correctly describes the Kannada word for 'book'?,"'ಪುಸ್ತಕ' (pustaka), commonly used to refer to a book in Kannada","a traditional Kannada folk dance performed with drums, popular in northern Karnataka","a form of Kannada devotional poetry written in prose-like verses, popularised by the Lingayat saints of the 12th century","organisations historically formed to promote Kannada language, literature, and culture, both in India and among the diaspora",A,"By definition, the Kannada word for 'book' is: 'ಪುಸ್ತಕ' (pustaka), commonly used to refer to a book in Kannada",Kannada Subjects,Kannada Vocabulary Notes
What is the English meaning of the Kannada word 'ಕಾರು'?,car,peace,elephant,February,A,'ಕಾರು' means 'car' in English.,Kannada Subjects,Vocabulary
Which statement correctly describes the historic town of Halebidu?,"the Vijayanagara period saw significant growth in Kannada literature, alongside patronage of other regional languages","a town in Karnataka known for the Hoysaleswara Temple, showcasing intricate Hoysala-era stone carving","considered the oldest available inscription in the Kannada language, dated to around the 5th century CE","a queen of Kittur who led an armed resistance against the British East India Company in the early 19th century, celebrated in Kannada history and literature",B,"By definition, the historic town of Halebidu is: a town in Karnataka known for the Hoysaleswara Temple, showcasing intricate Hoysala-era stone carving",Kannada Subjects,Kannada History
"Which term matches this description: ""organisations historically formed to promote Kannada language, literature, and culture, both in India and among the diaspora""?",Mysuru Dasara,the Karnataka Sangha,Yakshagana,Karnataka's state bird,B,"The description matches the Karnataka Sangha: organisations historically formed to promote Kannada language, literature, and culture, both in India and among the diaspora",Kannada Subjects,Kannada Culture
What is the English meaning of the Kannada word 'ಅಪ್ಪ'?,father,to listen/ask,hand,water,A,'ಅಪ್ಪ' means 'father' in English.,Kannada Subjects,Vocabulary
"Fill in the blank: ______ refers to ""Kannada nouns are typically pluralised by adding suffixes such as '-galu' or '-aru' depending on the noun type"".",plural formation in Kannada nouns,the Kannada word 'nanna',a Kannada pronoun (sarvanaama),the honorific suffix '-avaru' in Kannada,A,plural formation in Kannada nouns refers to: Kannada nouns are typically pluralised by adding suffixes such as '-galu' or '-aru' depending on the noun type,Kannada Subjects,Kannada Grammar
What is the English meaning of the Kannada word 'ಬಲಶಾಲಿ'?,strong,four,night,Tuesday,A,'ಬಲಶಾಲಿ' means 'strong' in English.,Kannada Subjects,Adjectives
Which statement correctly describes swara (in Kannada grammar)?,"the set of consonant sounds in Kannada, such as ಕ (ka), ಖ (kha), ಗ (ga), and others, which combine with vowels to form syllables","a sound represented by two dots (ಃ) after a letter, indicating a light aspirated 'h' sound",consonant sounds in the Kannada alphabet,vowel sounds in the Kannada alphabet,D,"By definition, swara (in Kannada grammar) is: vowel sounds in the Kannada alphabet",Kannada Subjects,Kannada Grammar
What is the English meaning of the Kannada word 'ರಜೆ'?,holiday/leave,poor,chair,truth,A,'ರಜೆ' means 'holiday/leave' in English.,Kannada Subjects,Vocabulary
What is the English meaning of the Kannada word 'ಪ್ರಯಾಣ'?,journey/travel,pencil,science,flower,A,'ಪ್ರಯಾಣ' means 'journey/travel' in English.,Kannada Subjects,Vocabulary
What is the English meaning of the Kannada word 'ಏಳು'?,slipper/sandal,beautiful,banana,seven,D,'ಏಳು' means 'seven' in English.,Kannada Subjects,Numbers
"Fill in the blank: ______ refers to ""the Kannada New Year festival, celebrated in Karnataka to mark the beginning of a new year according to the lunisolar calendar"".",Yakshagana,Mysuru Dasara,Karnataka's state flower,Ugadi,D,"Ugadi refers to: the Kannada New Year festival, celebrated in Karnataka to mark the beginning of a new year according to the lunisolar calendar",Kannada Subjects,Kannada Culture
"Fill in the blank: ______ refers to ""the language family to which Kannada belongs, along with Tamil, Telugu, and Malayalam"".",the Dravidian language family,the Kannada term 'lipi',the Kannada word for 'thank you',the term 'Kasturi Kannada',A,"the Dravidian language family refers to: the language family to which Kannada belongs, along with Tamil, Telugu, and Malayalam",Kannada Subjects,Kannada Language
What is Sangolli Rayanna?,a legendary warrior and freedom fighter from Karnataka who fought against British rule alongside Kittur Chennamma,"a town in Karnataka known for the Hoysaleswara Temple, showcasing intricate Hoysala-era stone carving",the Hoysalas were notable patrons of Kannada literature and are also known for their distinctive temple architecture in Karnataka,"considered the oldest available inscription in the Kannada language, dated to around the 5th century CE",A,Sangolli Rayanna is: a legendary warrior and freedom fighter from Karnataka who fought against British rule alongside Kittur Chennamma,Kannada Subjects,Kannada History
"Fill in the blank: ______ refers to ""a phrase meaning 'fragrant Kannada', often used affectionately to refer to the beauty of the Kannada language"".",the term 'Kasturi Kannada',the Kannada word 'holagide',Kannada's UNESCO/classical recognition year,the Kannada slogan 'Sirigannada',A,"the term 'Kasturi Kannada' refers to: a phrase meaning 'fragrant Kannada', often used affectionately to refer to the beauty of the Kannada language",Kannada Subjects,Kannada Language
What is the English meaning of the Kannada word 'ಪೆನ್ಸಿಲ್'?,why,pencil,to listen/ask,October,B,'ಪೆನ್ಸಿಲ್' means 'pencil' in English.,Kannada Subjects,Vocabulary
Which Kannada word means 'music'?,ಸಂಗೀತ,ಇಪ್ಪತ್ತು,ಕುಟುಂಬ,ಬಾಳೆಹಣ್ಣು,A,'ಸಂಗೀತ' means 'music' in English.,Kannada Subjects,Vocabulary
"Fill in the blank: ______ refers to ""a celebrated Kannada novelist and critic, known for his novel 'Samskara'"".",Vachana literature,Masti Venkatesha Iyengar,Da Ra Bendre,U R Ananthamurthy,D,"U R Ananthamurthy refers to: a celebrated Kannada novelist and critic, known for his novel 'Samskara'",Kannada Subjects,Kannada Literature
Which Kannada word means 'three'?,ಕನ್ನಡಿ,ಮೂರು,ಸತ್ಯ,ಬುಧವಾರ,B,'ಮೂರು' means 'three' in English.,Kannada Subjects,Numbers
Which Kannada word means 'father'?,ಸಂಗೀತ ಶಾಸ್ತ್ರ,ಹೂವು,ಅಪ್ಪ,ಒಳ್ಳೆಯ,C,'ಅಪ್ಪ' means 'father' in English.,Kannada Subjects,Vocabulary
Which Kannada word means 'table'?,ಮೇಜು,ಒಂದು,ಕ್ಷಮಿಸಿ,ಮೀನು,A,'ಮೇಜು' means 'table' in English.,Kannada Subjects,Vocabulary
"Fill in the blank: ______ refers to ""a word in Kannada grammar used in place of a noun, such as ನಾನು (I) or ಅವನು (he)"".",the honorific suffix '-avaru' in Kannada,vyanjana (in Kannada grammar),a Kannada pronoun (sarvanaama),typical Kannada sentence word order,C,"a Kannada pronoun (sarvanaama) refers to: a word in Kannada grammar used in place of a noun, such as ನಾನು (I) or ಅವನು (he)",Kannada Subjects,Kannada Grammar
What is the English meaning of the Kannada word 'ಸುಂದರ'?,bicycle,June,snow/frost,beautiful,D,'ಸುಂದರ' means 'beautiful' in English.,Kannada Subjects,Adjectives
What is the English meaning of the Kannada word 'ಹಾಡುವುದು'?,father,please,to sing,train,C,'ಹಾಡುವುದು' means 'to sing' in English.,Kannada Subjects,Verbs
Which statement correctly describes Basavanna?,"a poetic composition in Kannada literature, written in verse form","Pampa, Ponna, and Ranna, three celebrated poets of the classical period of Kannada literature","a classical Kannada poet, one of the 'three gems' (ratnatraya) of early Kannada literature","a 12th-century Kannada poet, philosopher, and social reformer who founded the Lingayat movement and wrote Vachana poetry",D,"By definition, Basavanna is: a 12th-century Kannada poet, philosopher, and social reformer who founded the Lingayat movement and wrote Vachana poetry",Kannada Subjects,Kannada Literature
Which Kannada word means 'grapes'?,ಸೂರ್ಯ,ದ್ರಾಕ್ಷಿ,ವರ್ಷ,ಬೆಳಿಗ್ಗೆ,B,'ದ್ರಾಕ್ಷಿ' means 'grapes' in English.,Kannada Subjects,Vocabulary
Which statement correctly describes Chandrashekhara Kambara?,"a Kannada poet, playwright, and Jnanpith Award recipient known for blending folk traditions with modern literature","a Kannada poet, scholar, and Jnanpith Award recipient known for his contribution to Kannada literature and education","an early treatise on Kannada poetics and rhetoric, considered one of the earliest available works on Kannada literary criticism","a renowned Kannada poet known for his lyrical poetry, awarded the Jnanpith Award",A,"By definition, Chandrashekhara Kambara is: a Kannada poet, playwright, and Jnanpith Award recipient known for blending folk traditions with modern literature",Kannada Subjects,Kannada Literature
What is the English meaning of the Kannada word 'ಏನು'?,soil/earth,what,bicycle,boat,B,'ಏನು' means 'what' in English.,Kannada Subjects,Question Words
"Which term matches this description: ""the language family to which Kannada belongs, along with Tamil, Telugu, and Malayalam""?",the Kannada script,the geographic region where Kannada is predominantly spoken,the Dravidian language family,the term 'Kasturi Kannada',C,"The description matches the Dravidian language family: the language family to which Kannada belongs, along with Tamil, Telugu, and Malayalam",Kannada Subjects,Kannada Language
What is the direction of Kannada writing?,"a term of pride meaning 'prosperous/glorious Kannada', often used in cultural and literary contexts","Kannada is written from left to right, like most modern Indian scripts","the state of Karnataka in southern India, along with parts of neighbouring states","Kannada, Tamil, and Telugu are all Dravidian languages, though each has distinct scripts, grammar, and vocabulary",B,"the direction of Kannada writing is: Kannada is written from left to right, like most modern Indian scripts",Kannada Subjects,Kannada Language
Which statement correctly describes the Kannada word 'avara'?,"the set of independent vowel sounds in Kannada, including ಅ (a), ಆ (aa), ಇ (i), ಈ (ii), ಉ (u), and others","meaning 'his/her/their' (respectful), used as a possessive pronoun in Kannada",a word in Kannada grammar used to describe or qualify a noun,"a sound represented by two dots (ಃ) after a letter, indicating a light aspirated 'h' sound",B,"By definition, the Kannada word 'avara' is: meaning 'his/her/their' (respectful), used as a possessive pronoun in Kannada",Kannada Subjects,Kannada Grammar
What is the English meaning of the Kannada word 'ಅಕ್ಷರ'?,sport,letter (alphabet)/character,moon,pencil,B,'ಅಕ್ಷರ' means 'letter (alphabet)/character' in English.,Kannada Subjects,Vocabulary
Which Kannada word means 'head'?,ನೂರು,ಸಂಜೆ,ಊಟ,ತಲೆ,D,'ತಲೆ' means 'head' in English.,Kannada Subjects,Body Parts
"Fill in the blank: ______ refers to ""a popular Kannada poet known for his romantic and lyrical poetry, notably the collection 'Mysore Mallige'"".",Shivarama Karanth,Ha Ma Nayak,a gadya (in Kannada literature),K S Narasimhaswamy,D,"K S Narasimhaswamy refers to: a popular Kannada poet known for his romantic and lyrical poetry, notably the collection 'Mysore Mallige'",Kannada Subjects,Kannada Literature
Which statement correctly describes K S Narasimhaswamy?,"a traditional three-line verse form used in Kannada poetry, notably by the poet Sarvajna","a renowned Kannada poet known for his lyrical poetry, awarded the Jnanpith Award","a popular Kannada poet known for his romantic and lyrical poetry, notably the collection 'Mysore Mallige'","a respected Kannada writer and philosopher, best known for his work 'Mankutimmana Kagga'",C,"By definition, K S Narasimhaswamy is: a popular Kannada poet known for his romantic and lyrical poetry, notably the collection 'Mysore Mallige'",Kannada Subjects,Kannada Literature
"Fill in the blank: ______ refers to ""a celebration observed on 1 November marking the formation of the state of Karnataka in 1956"".",Karnataka's state tree,Kannada Rajyotsava,Bevu Bella (in Ugadi tradition),the phrase 'Kannada Naadu',B,Kannada Rajyotsava refers to: a celebration observed on 1 November marking the formation of the state of Karnataka in 1956,Kannada Subjects,Kannada Culture
What is the English meaning of the Kannada word 'ನಕ್ಷತ್ರ'?,result,coffee,mirror,star,D,'ನಕ್ಷತ್ರ' means 'star' in English.,Kannada Subjects,Vocabulary
"Which term matches this description: ""a prolific Kannada writer, social reformer, and Jnanpith Award recipient known for his novels""?",Shivarama Karanth,Ranna,the term 'Kannada Sahitya',Basavanna,A,"The description matches Shivarama Karanth: a prolific Kannada writer, social reformer, and Jnanpith Award recipient known for his novels",Kannada Subjects,Kannada Literature
"Which term matches this description: ""Kannada generally follows a Subject-Object-Verb (SOV) word order""?",the visarga in Kannada script,Kannada case markers (vibhakti pratyaya),the Kannada word 'nanna',typical Kannada sentence word order,D,The description matches typical Kannada sentence word order: Kannada generally follows a Subject-Object-Verb (SOV) word order,Kannada Subjects,Kannada Grammar
Which statement correctly describes compound letters (ottakshara) in Kannada?,"meaning 'his/her/their' (respectful), used as a possessive pronoun in Kannada",a word in Kannada grammar that expresses an action or state of being,conjunct consonant clusters formed by combining two or more consonants without an intervening vowel,"a word in Kannada grammar that names a person, place, thing, or idea",C,"By definition, compound letters (ottakshara) in Kannada is: conjunct consonant clusters formed by combining two or more consonants without an intervening vowel",Kannada Subjects,Kannada Grammar
"Fill in the blank: ______ refers to ""the historic Kingdom of Mysore was a major centre of Kannada culture, art, and literary patronage for centuries"".",the Chalukya dynasty's contribution to Kannada,Rani Chennamma's kingdom,the Mysore Kingdom's role in Kannada heritage,Sangolli Rayanna,C,"the Mysore Kingdom's role in Kannada heritage refers to: the historic Kingdom of Mysore was a major centre of Kannada culture, art, and literary patronage for centuries",Kannada Subjects,Kannada History
What is the Kannada alphabet's vowels (swaragalu)?,"the set of independent vowel sounds in Kannada, including ಅ (a), ಆ (aa), ಇ (i), ಈ (ii), ಉ (u), and others","the doer of the action in a Kannada sentence, typically the grammatical subject",vowel sounds in the Kannada alphabet,"a word in Kannada grammar used in place of a noun, such as ನಾನು (I) or ಅವನು (he)",A,"the Kannada alphabet's vowels (swaragalu) is: the set of independent vowel sounds in Kannada, including ಅ (a), ಆ (aa), ಇ (i), ಈ (ii), ಉ (u), and others",Kannada Subjects,Kannada Grammar
Which Kannada word means 'bird'?,ಎಚ್ಚರಗೊಳ್ಳುವುದು,ಹಾಲು,ಆರು,ಹಕ್ಕಿ,D,'ಹಕ್ಕಿ' means 'bird' in English.,Kannada Subjects,Vocabulary
Which Kannada word means 'Saturday'?,ನಾಯಿ,ಶನಿವಾರ,ಆಡುವುದು,ಮೀನು,B,'ಶನಿವಾರ' means 'Saturday' in English.,Kannada Subjects,Days of the Week
What is Ha Ma Nayak?,"a Kannada scholar, poet, and educator known for his contributions to Kannada language teaching and children's literature","a celebrated Kannada novelist and critic, known for his novel 'Samskara'","a well-known medieval Kannada poet famous for his short, wise sayings called 'Vachanas' or 'Tripadis' (three-line verses)","an early treatise on Kannada poetics and rhetoric, considered one of the earliest available works on Kannada literary criticism",A,"Ha Ma Nayak is: a Kannada scholar, poet, and educator known for his contributions to Kannada language teaching and children's literature",Kannada Subjects,Kannada Literature
What is the English meaning of the Kannada word 'ಆರು'?,short,north / answer,six,hill/mountain,C,'ಆರು' means 'six' in English.,Kannada Subjects,Numbers
What is the English meaning of the Kannada word 'ರಾತ್ರಿ'?,day,night,year,July,B,'ರಾತ್ರಿ' means 'night' in English.,Kannada Subjects,Vocabulary
Which Kannada word means 'February'?,ವರ್ಷ,ಪ್ರಶ್ನೆ,ಗುರುವಾರ,ಫೆಬ್ರವರಿ,D,'ಫೆಬ್ರವರಿ' means 'February' in English.,Kannada Subjects,Months
"Which term matches this description: ""a classical Kannada poet, also counted among the 'three gems' of early Kannada literature""?",the Jnanpith Award,the term 'Kannada Sahitya',Ponna,Kuvempu,C,"The description matches Ponna: a classical Kannada poet, also counted among the 'three gems' of early Kannada literature",Kannada Subjects,Kannada Literature
Which Kannada word means 'thunder'?,ಹದಿನೈದು,ಗುಡುಗು,ನಿದ್ರಿಸುವುದು,ಇತಿಹಾಸ,B,'ಗುಡುಗು' means 'thunder' in English.,Kannada Subjects,Weather
What is the English meaning of the Kannada word 'ವಿಮಾನ'?,result,aeroplane,to write,Friday,B,'ವಿಮಾನ' means 'aeroplane' in English.,Kannada Subjects,Vocabulary
"Which term matches this description: ""a traditional Hindu festival celebrated in Karnataka, particularly in Bengaluru, involving a ceremonial procession""?",Nadoja award,the term 'Kannadambe',the Karnataka Sangha,Karaga,D,"The description matches Karaga: a traditional Hindu festival celebrated in Karnataka, particularly in Bengaluru, involving a ceremonial procession",Kannada Subjects,Kannada Culture
What is the English meaning of the Kannada word 'ಮೂವತ್ತು'?,thirty,six,window,to write,A,'ಮೂವತ್ತು' means 'thirty' in English.,Kannada Subjects,Numbers
What is the English meaning of the Kannada word 'ರಾಜ'?,family,king,to learn,sentence,B,'ರಾಜ' means 'king' in English.,Kannada Subjects,Vocabulary
Which statement correctly describes Ponna?,"a 12th-century Kannada poet, philosopher, and social reformer who founded the Lingayat movement and wrote Vachana poetry","a classical Kannada poet, also counted among the 'three gems' of early Kannada literature","India's highest literary honour, awarded to a writer for outstanding contribution to Indian literature","a 12th-century Kannada poet and mystic, known for her devotional Vachana poetry dedicated to Lord Shiva",B,"By definition, Ponna is: a classical Kannada poet, also counted among the 'three gems' of early Kannada literature",Kannada Subjects,Kannada Literature
What is the English meaning of the Kannada word 'ವಸಂತ ಋತು'?,spring season,friend (male),tomato,to learn,A,'ವಸಂತ ಋತು' means 'spring season' in English.,Kannada Subjects,Seasons
Which statement correctly describes the Karnataka Ekikarana movement?,"widely believed to derive from 'karu nadu', meaning 'lofty/black land' or 'elevated land', referring to the region's terrain",the Hoysalas were notable patrons of Kannada literature and are also known for their distinctive temple architecture in Karnataka,"the movement advocating for the unification of Kannada-speaking regions into a single state, which led to the formation of Karnataka in 1956","the historic Kingdom of Mysore was a major centre of Kannada culture, art, and literary patronage for centuries",C,"By definition, the Karnataka Ekikarana movement is: the movement advocating for the unification of Kannada-speaking regions into a single state, which led to the formation of Karnataka in 1956",Kannada Subjects,Kannada History
What is the geographic region where Kannada is predominantly spoken?,a colloquial Kannada phrase used to acknowledge that something is fine or acceptable,"Kannada is written from left to right, like most modern Indian scripts","a common Kannada phrase meaning 'how are you', used respectfully","the state of Karnataka in southern India, along with parts of neighbouring states",D,"the geographic region where Kannada is predominantly spoken is: the state of Karnataka in southern India, along with parts of neighbouring states",Kannada Subjects,Kannada Language
What is the English meaning of the Kannada word 'ಮರ'?,tree,history,bad,teacher/guru,A,'ಮರ' means 'tree' in English.,Kannada Subjects,Vocabulary
Which Kannada word means 'train'?,ಬೆಂಕಿ,ಹಾಡುವುದು,ರೈಲು,ಬಲಹೀನ,C,'ರೈಲು' means 'train' in English.,Kannada Subjects,Vocabulary
What is Sarvajna?,"a poetic composition in Kannada literature, written in verse form","Pampa, Ponna, and Ranna, three celebrated poets of the classical period of Kannada literature","a classical Kannada poet, also counted among the 'three gems' of early Kannada literature","a well-known medieval Kannada poet famous for his short, wise sayings called 'Vachanas' or 'Tripadis' (three-line verses)",D,"Sarvajna is: a well-known medieval Kannada poet famous for his short, wise sayings called 'Vachanas' or 'Tripadis' (three-line verses)",Kannada Subjects,Kannada Literature
"Fill in the blank: ______ refers to ""an early treatise on Kannada poetics and rhetoric, considered one of the earliest available works on Kannada literary criticism"".",Pampa,the Jnanpith Award,Ranna,the Kavirajamarga,D,"the Kavirajamarga refers to: an early treatise on Kannada poetics and rhetoric, considered one of the earliest available works on Kannada literary criticism",Kannada Subjects,Kannada Literature
Which Kannada word means 'poem'?,ಮೊದಲು,ಕವನ,ಸ್ನೇಹ,ಅಪ್ಪ,B,'ಕವನ' means 'poem' in English.,Kannada Subjects,Vocabulary
Which statement correctly describes Vachana literature?,"meaning 'Kannada literature', referring to the body of written works composed in the Kannada language","a form of Kannada devotional poetry written in prose-like verses, popularised by the Lingayat saints of the 12th century",a notable Kannada novelist known for her works exploring psychological and social themes,"a prolific Kannada writer, social reformer, and Jnanpith Award recipient known for his novels",B,"By definition, Vachana literature is: a form of Kannada devotional poetry written in prose-like verses, popularised by the Lingayat saints of the 12th century",Kannada Subjects,Kannada Literature
What is the English meaning of the Kannada word 'ಬೆಂಕಿ'?,boat,monsoon/rainy season,fire,younger brother,C,'ಬೆಂಕಿ' means 'fire' in English.,Kannada Subjects,Vocabulary
Which Kannada word means 'rich'?,ಶ್ರೀಮಂತ,ಬೇಸಿಗೆ,ಕುಡಿಯುವುದು,ಕುದುರೆ,A,'ಶ್ರೀಮಂತ' means 'rich' in English.,Kannada Subjects,Adjectives
What is the English meaning of the Kannada word 'ಈಗ'?,papaya,five,flower,now,D,'ಈಗ' means 'now' in English.,Kannada Subjects,Vocabulary
Which statement correctly describes the Kannada word 'holagide'?,"meaning 'speech' or 'language', often used poetically to refer to the Kannada language itself","Kannada, Tamil, and Telugu are all Dravidian languages, though each has distinct scripts, grammar, and vocabulary","the state of Karnataka in southern India, along with parts of neighbouring states",a colloquial Kannada phrase used to acknowledge that something is fine or acceptable,D,"By definition, the Kannada word 'holagide' is: a colloquial Kannada phrase used to acknowledge that something is fine or acceptable",Kannada Subjects,Kannada Language
Which statement correctly describes the term 'Ekikarana'?,"the movement advocating for the unification of Kannada-speaking regions into a single state, which led to the formation of Karnataka in 1956","considered the oldest available inscription in the Kannada language, dated to around the 5th century CE","meaning 'unification', referring to the movement that led to the formation of the unified state of Karnataka in 1956","a queen of Kittur who led an armed resistance against the British East India Company in the early 19th century, celebrated in Kannada history and literature",C,"By definition, the term 'Ekikarana' is: meaning 'unification', referring to the movement that led to the formation of the unified state of Karnataka in 1956",Kannada Subjects,Kannada History
What is the English meaning of the Kannada word 'ಬಸ್ಸು'?,hundred,bus,seven,to speak,B,'ಬಸ್ಸು' means 'bus' in English.,Kannada Subjects,Vocabulary
What is the official language of Karnataka?,"a common Kannada greeting meaning 'hello' or 'salutations', used to greet someone respectfully","Kannada, which is also one of the classical languages recognised by the Government of India","a common Kannada phrase meaning 'how are you', used respectfully","the term for Old Kannada, the earlier form of the Kannada language used in ancient inscriptions and texts",B,"the official language of Karnataka is: Kannada, which is also one of the classical languages recognised by the Government of India",Kannada Subjects,Kannada Language
What is the English meaning of the Kannada word 'ಬಿಸಿ'?,to take,hot,cold,teacher/guru,B,'ಬಿಸಿ' means 'hot' in English.,Kannada Subjects,Adjectives
Which statement correctly describes plural formation in Kannada nouns?,"suffixes added to Kannada nouns to indicate their grammatical role in a sentence, such as subject, object, or possession","the set of independent vowel sounds in Kannada, including ಅ (a), ಆ (aa), ಇ (i), ಈ (ii), ಉ (u), and others",Kannada nouns are typically pluralised by adding suffixes such as '-galu' or '-aru' depending on the noun type,"a sound represented by two dots (ಃ) after a letter, indicating a light aspirated 'h' sound",C,"By definition, plural formation in Kannada nouns is: Kannada nouns are typically pluralised by adding suffixes such as '-galu' or '-aru' depending on the noun type",Kannada Subjects,Kannada Grammar
What is the English meaning of the Kannada word 'ಸಂತೋಷ'?,to go,happiness,truth,potato,B,'ಸಂತೋಷ' means 'happiness' in English.,Kannada Subjects,Vocabulary
What is the English meaning of the Kannada word 'ದೀಪ'?,rice (uncooked),lamp,Saturday,to cry,B,'ದೀಪ' means 'lamp' in English.,Kannada Subjects,Vocabulary
"Which term matches this description: ""Kittur, a small kingdom in present-day Karnataka, known for Rani Chennamma's early resistance against British rule""?",the term 'Karnataka' etymology,the historic town of Halebidu,Rani Chennamma's kingdom,the historic city of Badami,C,"The description matches Rani Chennamma's kingdom: Kittur, a small kingdom in present-day Karnataka, known for Rani Chennamma's early resistance against British rule",Kannada Subjects,Kannada History
Which Kannada word means 'window'?,ಪೆನ್ನು,ಕಿಟಕಿ,ಜಯ,ಹಕ್ಕಿ,B,'ಕಿಟಕಿ' means 'window' in English.,Kannada Subjects,Vocabulary
"Fill in the blank: ______ refers to ""a 12th-century Kannada poet, philosopher, and social reformer who founded the Lingayat movement and wrote Vachana poetry"".",Vachana literature,the Jnanpith Award,Basavanna,D V Gundappa (DVG),C,"Basavanna refers to: a 12th-century Kannada poet, philosopher, and social reformer who founded the Lingayat movement and wrote Vachana poetry",Kannada Subjects,Kannada Literature
What is the English meaning of the Kannada word 'ಮಾವು'?,why,mango,Monday,art,B,'ಮಾವು' means 'mango' in English.,Kannada Subjects,Vocabulary
What is the English meaning of the Kannada word 'ಬಡ'?,poor,thousand,result,lightning,A,'ಬಡ' means 'poor' in English.,Kannada Subjects,Adjectives
What is the English meaning of the Kannada word 'ಹತ್ತು'?,mango,friend,twenty,ten,D,'ಹತ್ತು' means 'ten' in English.,Kannada Subjects,Numbers
"Which term matches this description: ""a nasal sound represented by a dot (ಂ) placed above a letter in Kannada writing""?",the anuswara in Kannada script,a Kannada adjective (gunavaachaka),Kannada case markers (vibhakti pratyaya),a Kannada noun (naama pada),A,The description matches the anuswara in Kannada script: a nasal sound represented by a dot (ಂ) placed above a letter in Kannada writing,Kannada Subjects,Kannada Grammar
What is the historic city of Belur?,"a town in Karnataka renowned for the Chennakeshava Temple, built during the Hoysala period","the Chalukyas patronised Kannada literature and inscriptions, contributing to its early development","Kittur, a small kingdom in present-day Karnataka, known for Rani Chennamma's early resistance against British rule","the historic Kingdom of Mysore was a major centre of Kannada culture, art, and literary patronage for centuries",A,"the historic city of Belur is: a town in Karnataka renowned for the Chennakeshava Temple, built during the Hoysala period",Kannada Subjects,Kannada History
What is Karnataka's state bird?,"the Indian elephant, officially recognised as the state animal of Karnataka","a major festival celebrated in Mysuru, Karnataka, marking the victory of good over evil and the state's royal heritage","an honorary award given by Hampi University (Kannada University) for outstanding contributions to Kannada culture, arts, and society","the Indian roller (Neelakanthi Hakki), officially recognised as the state bird of Karnataka",D,"Karnataka's state bird is: the Indian roller (Neelakanthi Hakki), officially recognised as the state bird of Karnataka",Kannada Subjects,Kannada Culture
"Which term matches this description: ""Kannada, Tamil, and Telugu are all Dravidian languages, though each has distinct scripts, grammar, and vocabulary""?",the direction of Kannada writing,the Kannada slogan 'Sirigannada',Kannada's UNESCO/classical recognition year,Kannada's relationship to Tamil and Telugu,D,"The description matches Kannada's relationship to Tamil and Telugu: Kannada, Tamil, and Telugu are all Dravidian languages, though each has distinct scripts, grammar, and vocabulary",Kannada Subjects,Kannada Language
Which statement correctly describes the term 'Kannadiga'?,"the film industry based in Karnataka, producing films primarily in the Kannada language, also known as 'Sandalwood'","a person who natively speaks Kannada or belongs to the Kannada-speaking community, typically from Karnataka","meaning 'the land of Kannada', a poetic reference to the state of Karnataka and its Kannada-speaking people","a Kannada poet, composer, and philosopher associated with the Bhakti movement, known for his devotional compositions",B,"By definition, the term 'Kannadiga' is: a person who natively speaks Kannada or belongs to the Kannada-speaking community, typically from Karnataka",Kannada Subjects,Kannada Culture
"Fill in the blank: ______ refers to ""a song written by Kuvempu, officially adopted as the state anthem (Nadageethe) of Karnataka"".",Yakshagana,Kannada cinema,the Kannada state anthem 'Jaya Bharata Jananiya Tanujate',Karnataka's state emblem,C,"the Kannada state anthem 'Jaya Bharata Jananiya Tanujate' refers to: a song written by Kuvempu, officially adopted as the state anthem (Nadageethe) of Karnataka",Kannada Subjects,Kannada Culture
"Which term matches this description: ""a Kannada poet, scholar, and Jnanpith Award recipient known for his contribution to Kannada literature and education""?",V K Gokak,Ponna,U R Ananthamurthy,K S Narasimhaswamy,A,"The description matches V K Gokak: a Kannada poet, scholar, and Jnanpith Award recipient known for his contribution to Kannada literature and education",Kannada Subjects,Kannada Literature
"Which term matches this description: ""the term for Middle Kannada, an intermediate stage in the historical development of the Kannada language""?",Hosagannada,Nadagannada,the official language of Karnataka,the Kannada term 'lipi',B,"The description matches Nadagannada: the term for Middle Kannada, an intermediate stage in the historical development of the Kannada language",Kannada Subjects,Kannada Language
Which Kannada word means 'two'?,ಪ್ರಯಾಣ,ವಿಮಾನ,ನೂರು,ಎರಡು,D,'ಎರಡು' means 'two' in English.,Kannada Subjects,Numbers
What is the English meaning of the Kannada word 'ಹೌದು'?,sunshine/heat,yes,winter,new,B,'ಹೌದು' means 'yes' in English.,Kannada Subjects,Vocabulary
Which Kannada word means 'today'?,ವಿದ್ಯಾರ್ಥಿ,ಇಂದು,ಅಮ್ಮ,ಚಪ್ಪಲಿ,B,'ಇಂದು' means 'today' in English.,Kannada Subjects,Vocabulary
"Fill in the blank: ______ refers to ""Karnataka traditionally follows a lunisolar calendar for festivals, with Ugadi marking the start of the new year"".",Dollu Kunitha,Nadoja award,the Kannada calendar system,Karnataka's state bird,C,"the Kannada calendar system refers to: Karnataka traditionally follows a lunisolar calendar for festivals, with Ugadi marking the start of the new year",Kannada Subjects,Kannada Culture
"Which term matches this description: ""a poetic composition in Kannada literature, written in verse form""?",Niranjana (K Jinaraja Hegde),the Kavirajamarga,a padya (in Kannada literature),Akka Mahadevi,C,"The description matches a padya (in Kannada literature): a poetic composition in Kannada literature, written in verse form",Kannada Subjects,Kannada Literature
What is the English meaning of the Kannada word 'ಹಾವು'?,tall/height,fast/speed,younger brother,snake,D,'ಹಾವು' means 'snake' in English.,Kannada Subjects,Vocabulary
What is the English meaning of the Kannada word 'ಎಚ್ಚರಗೊಳ್ಳುವುದು'?,friendship,to wake up,please,month,B,'ಎಚ್ಚರಗೊಳ್ಳುವುದು' means 'to wake up' in English.,Kannada Subjects,Verbs
What is the English meaning of the Kannada word 'ಹದಿನೈದು'?,Tuesday,window,fifteen,tomorrow,C,'ಹದಿನೈದು' means 'fifteen' in English.,Kannada Subjects,Numbers
What is a gaadhe (proverb) in Kannada?,a body established by the Government of Karnataka to promote the use and development of the Kannada language,a traditional saying in the Kannada language that conveys wisdom or a moral lesson,"Kannada is widely used as the medium of instruction in schools across Karnataka, alongside English and other languages","the Indian elephant, officially recognised as the state animal of Karnataka",B,a gaadhe (proverb) in Kannada is: a traditional saying in the Kannada language that conveys wisdom or a moral lesson,Kannada Subjects,Kannada Culture
Which Kannada word means 'wheat'?,ಪತ್ರ,ಗೋಧಿ,ಮೇ,ಹುಲಿ,B,'ಗೋಧಿ' means 'wheat' in English.,Kannada Subjects,Vocabulary
What is the English meaning of the Kannada word 'ಮಾತನಾಡುವುದು'?,to speak,snow/frost,Thursday,chair,A,'ಮಾತನಾಡುವುದು' means 'to speak' in English.,Kannada Subjects,Verbs
"Which term matches this description: ""a major festival celebrated in Mysuru, Karnataka, marking the victory of good over evil and the state's royal heritage""?",Mysuru Dasara,Purandara Dasa,Karnataka's state tree,the Kannada Development Authority,A,"The description matches Mysuru Dasara: a major festival celebrated in Mysuru, Karnataka, marking the victory of good over evil and the state's royal heritage",Kannada Subjects,Kannada Culture
"Which term matches this description: ""a celebration observed on 1 November marking the formation of the state of Karnataka in 1956""?",Karnataka's state animal,Karnataka's state flower,Kannada Rajyotsava,the term 'Kannadiga',C,The description matches Kannada Rajyotsava: a celebration observed on 1 November marking the formation of the state of Karnataka in 1956,Kannada Subjects,Kannada Culture
