Question,Option A,Option B,Option C,Option D,Correct Answer,Solution,Category,Subcategory
Which word is a synonym of 'rich'?,secure,wealthy,accurate,display,B,'wealthy' is similar in meaning to 'rich'.,English Subjects,Synonyms
What is a homonym?,a word that is spelled and/or pronounced the same as another word but has a different meaning,"a sentence that reports the exact words spoken by someone, usually in quotation marks",a sentence with one independent clause and at least one dependent clause,"a verb tense used for actions that were ongoing in the past, e.g. 'She was walking to school.'",A,a homonym is: a word that is spelled and/or pronounced the same as another word but has a different meaning,English Subjects,Vocabulary
Choose the word that is similar in meaning to 'ask':,inquire,silent,ordinary,vend,A,'inquire' is similar in meaning to 'ask'.,English Subjects,Synonyms
Choose the word that is similar in meaning to 'useful':,chuckle,beneficial,furious,gorgeous,B,'beneficial' is similar in meaning to 'useful'.,English Subjects,Synonyms
Choose the correct article to fill the blank: '___ zebra',no article,an,a,the,C,"'zebra' starts with a consonant sound, so the correct article is 'a'.",English Subjects,Articles
Which statement correctly describes an article?,"a verb that requires a direct object to complete its meaning, e.g. 'She reads a book.'","a word (a, an, the) used before a noun to specify definiteness","a word or phrase that expresses strong emotion, such as 'Wow!' or 'Ouch!'","a noun that names a specific person, place, or thing and begins with a capital letter",B,"By definition, an article is: a word (a, an, the) used before a noun to specify definiteness",English Subjects,Parts of Speech
Choose the word that is similar in meaning to 'brave':,feeble,create,cunning,courageous,D,'courageous' is similar in meaning to 'brave'.,English Subjects,Synonyms
Choose the word that is similar in meaning to 'important':,significant,dense,untrue,impoverished,A,'significant' is similar in meaning to 'important'.,English Subjects,Synonyms
"Which term matches this description: ""a word that connects words, phrases, or clauses, such as and, but, or because""?",a verb,an interjection,a conjunction,a collective noun,C,"The description matches a conjunction: a word that connects words, phrases, or clauses, such as and, but, or because",English Subjects,Parts of Speech
Which word is a antonym of 'fast'?,pessimist,complex,slow,pull,C,'slow' is opposite in meaning to 'fast'.,English Subjects,Antonyms
Which article correctly precedes the word 'bicycle'?,an,a,the,no article,B,"'bicycle' starts with a consonant sound, so the correct article is 'a'.",English Subjects,Articles
Which word is similar in meaning to 'correct'?,new,big,right,funny,C,'right' is similar in meaning to 'correct'.,English Subjects,Synonyms
"Complete the sentence correctly: ""We ___ to the beach tomorrow.""",had gone,go,went,are going,D,"The sentence requires the Present Continuous (future use) form: 'are going'. Full sentence: ""We are going to the beach tomorrow.""",English Subjects,Tenses
Which article correctly precedes the word 'zebra'?,the,no article,an,a,D,"'zebra' starts with a consonant sound, so the correct article is 'a'.",English Subjects,Articles
'right' is a antonym of which word?,left,include,day,light,A,'right' is opposite in meaning to 'left'.,English Subjects,Antonyms
Which word is similar in meaning to 'observe'?,look,start,hot,useful,A,'look' is similar in meaning to 'observe'.,English Subjects,Synonyms
Which article correctly precedes the word 'mango'?,an,the,a,no article,C,"'mango' starts with a consonant sound, so the correct article is 'a'.",English Subjects,Articles
Choose the word that is opposite in meaning to 'day':,fail,night,thin,pull,B,'night' is opposite in meaning to 'day'.,English Subjects,Antonyms
"Fill in the blank: ______ refers to ""the repetition of the same initial consonant sound in nearby words, e.g. 'she sells seashells'"".",a conjunction,a homophone,alliteration,a complex sentence,C,"alliteration refers to: the repetition of the same initial consonant sound in nearby words, e.g. 'she sells seashells'",English Subjects,Literary Devices
Which article correctly precedes the word 'queen'?,no article,the,a,an,C,"'queen' starts with a consonant sound, so the correct article is 'a'.",English Subjects,Articles
"Which term matches this description: ""a word that names a person, place, thing, or idea""?",a noun,an adverb,a transitive verb,an interjection,A,"The description matches a noun: a word that names a person, place, thing, or idea",English Subjects,Parts of Speech
'late' is a antonym of which word?,laugh,safe,early,brave,C,'late' is opposite in meaning to 'early'.,English Subjects,Antonyms
Which word is a antonym of 'guilty'?,innocent,criticise,rough,minor,A,'innocent' is opposite in meaning to 'guilty'.,English Subjects,Antonyms
Choose the word that is similar in meaning to 'new':,enjoy,vend,modern,slim,C,'modern' is similar in meaning to 'new'.,English Subjects,Synonyms
Which word is opposite in meaning to 'pessimist'?,permit,optimist,attack,wet,B,'optimist' is opposite in meaning to 'pessimist'.,English Subjects,Antonyms
Choose the correct article to fill the blank: '___ SUV',an,a,the,no article,A,"'SUV' starts with a vowel sound, so the correct article is 'an'.",English Subjects,Articles
Which word is a antonym of 'generous'?,stingy,private,closed,depart,A,'stingy' is opposite in meaning to 'generous'.,English Subjects,Antonyms
Which word is a antonym of 'humble'?,lower,arrogant,false,end,B,'arrogant' is opposite in meaning to 'humble'.,English Subjects,Antonyms
Choose the word that is opposite in meaning to 'import':,innocent,late,export,sad,C,'export' is opposite in meaning to 'import'.,English Subjects,Antonyms
"Complete the sentence correctly: ""She ___ the letter before he arrived.""",had written,writes,is writing,wrote,A,"The sentence requires the Past Perfect form: 'had written'. Full sentence: ""She had written the letter before he arrived.""",English Subjects,Tenses
What is a phrase?,the part of a sentence that contains the verb and gives information about the subject,a group of related words that does not contain a subject and verb pair,a sentence with only one independent clause,"the person, place, or thing that performs the action of the verb",B,a phrase is: a group of related words that does not contain a subject and verb pair,English Subjects,Sentence Structure
Which word is similar in meaning to 'truthful'?,honest,false,funny,clever,A,'honest' is similar in meaning to 'truthful'.,English Subjects,Synonyms
Choose the word that is similar in meaning to 'lose':,distant,sluggish,shatter,misplace,D,'misplace' is similar in meaning to 'lose'.,English Subjects,Synonyms
What is a conjunction?,"a word that expresses an action, occurrence, or state of being","a word that connects words, phrases, or clauses, such as and, but, or because","an auxiliary verb that expresses necessity, possibility, or ability, such as can, could, must, or should","a noun that names a general person, place, or thing",B,"a conjunction is: a word that connects words, phrases, or clauses, such as and, but, or because",English Subjects,Parts of Speech
Which word is similar in meaning to 'enjoy'?,beautiful,like,angry,polite,B,'like' is similar in meaning to 'enjoy'.,English Subjects,Synonyms
Which word is a antonym of 'polite'?,criticise,sell,rude,weak,C,'rude' is opposite in meaning to 'polite'.,English Subjects,Antonyms
'ordinary' is a synonym of which word?,ask,heavy,common,like,C,'ordinary' is similar in meaning to 'common'.,English Subjects,Synonyms
Which word is a antonym of 'win'?,old,false,lose,forbid,C,'lose' is opposite in meaning to 'win'.,English Subjects,Antonyms
Which word is opposite in meaning to 'destroy'?,succeed,accept,permit,create,D,'create' is opposite in meaning to 'destroy'.,English Subjects,Antonyms
Choose the correct article to fill the blank: '___ owl',no article,the,an,a,C,"'owl' starts with a vowel sound, so the correct article is 'an'.",English Subjects,Articles
What is a complex sentence?,the part of a sentence that contains the verb and gives information about the subject,"the person, place, or thing that performs the action of the verb",a sentence with one independent clause and at least one dependent clause,a group of related words that does not contain a subject and verb pair,C,a complex sentence is: a sentence with one independent clause and at least one dependent clause,English Subjects,Sentence Structure
'spotless' is a synonym of which word?,common,narrow,loud,clean,D,'spotless' is similar in meaning to 'clean'.,English Subjects,Synonyms
Choose the word that is opposite in meaning to 'guilty':,narrow,innocent,lower,rough,B,'innocent' is opposite in meaning to 'guilty'.,English Subjects,Antonyms
"Which term matches this description: ""a phrase whose meaning cannot be understood from the individual words, e.g. 'break the ice'""?",a subject in a sentence,the present continuous tense,the simple past tense,an idiom,D,"The description matches an idiom: a phrase whose meaning cannot be understood from the individual words, e.g. 'break the ice'",English Subjects,Vocabulary
'lose' is a antonym of which word?,win,heavy,remember,expand,A,'lose' is opposite in meaning to 'win'.,English Subjects,Antonyms
Choose the word that is similar in meaning to 'cold':,frigid,scorching,grab,courteous,A,'frigid' is similar in meaning to 'cold'.,English Subjects,Synonyms
Choose the word that is opposite in meaning to 'happy':,sad,arrogant,weak,criticise,A,'sad' is opposite in meaning to 'happy'.,English Subjects,Antonyms
Which article correctly precedes the word 'egg'?,no article,a,an,the,C,"'egg' starts with a vowel sound, so the correct article is 'an'.",English Subjects,Articles
Which article correctly precedes the word 'factory'?,an,the,no article,a,D,"'factory' starts with a consonant sound, so the correct article is 'a'.",English Subjects,Articles
Which word is opposite in meaning to 'minor'?,happy,strong,major,create,C,'major' is opposite in meaning to 'minor'.,English Subjects,Antonyms
Which word is a synonym of 'smart'?,intelligent,massive,gentle,furious,A,'intelligent' is similar in meaning to 'smart'.,English Subjects,Synonyms
'detest' is a synonym of which word?,hate,talk,easy,perfect,A,'detest' is similar in meaning to 'hate'.,English Subjects,Synonyms
"Which term matches this description: ""a verb that does not require a direct object, e.g. 'She sleeps.'""?",a preposition,an adjective,a pronoun,an intransitive verb,D,"The description matches an intransitive verb: a verb that does not require a direct object, e.g. 'She sleeps.'",English Subjects,Parts of Speech
Which word is a antonym of 'expand'?,arrogant,quiet,contract,night,C,'contract' is opposite in meaning to 'expand'.,English Subjects,Antonyms
Choose the word that is opposite in meaning to 'ancient':,reject,modern,dangerous,exclude,B,'modern' is opposite in meaning to 'ancient'.,English Subjects,Antonyms
'slim' is a synonym of which word?,narrow,dishonest,dangerous,jump,A,'slim' is similar in meaning to 'narrow'.,English Subjects,Synonyms
'closed' is a antonym of which word?,up,open,early,wide,B,'closed' is opposite in meaning to 'open'.,English Subjects,Antonyms
Which word is opposite in meaning to 'closed'?,light,up,open,thick,C,'open' is opposite in meaning to 'closed'.,English Subjects,Antonyms
Which word is a synonym of 'cheap'?,inexpensive,dense,peaceful,tiny,A,'inexpensive' is similar in meaning to 'cheap'.,English Subjects,Synonyms
Which word is a synonym of 'high'?,silent,elevated,dash,impolite,B,'elevated' is similar in meaning to 'high'.,English Subjects,Synonyms
Choose the word that is similar in meaning to 'dirty':,filthy,reckless,shatter,vacant,A,'filthy' is similar in meaning to 'dirty'.,English Subjects,Synonyms
What is the simple past tense?,"a verb tense used to describe habitual actions or general facts, e.g. 'She walks to school.'","a verb tense used to describe completed actions in the past, e.g. 'She walked to school.'","a verb tense used for actions completed at an unspecified time before now, e.g. 'She has walked to school.'","a verb tense used for actions that were ongoing in the past, e.g. 'She was walking to school.'",B,"the simple past tense is: a verb tense used to describe completed actions in the past, e.g. 'She walked to school.'",English Subjects,Tenses
Which word is similar in meaning to 'secure'?,dirty,ancient,safe,hot,C,'safe' is similar in meaning to 'secure'.,English Subjects,Synonyms
'converse' is a synonym of which word?,talk,old,funny,new,A,'converse' is similar in meaning to 'talk'.,English Subjects,Synonyms
Choose the word that is opposite in meaning to 'create':,pull,minor,end,destroy,D,'destroy' is opposite in meaning to 'create'.,English Subjects,Antonyms
Which article correctly precedes the word 'book'?,an,the,no article,a,D,"'book' starts with a consonant sound, so the correct article is 'a'.",English Subjects,Articles
"Fill in the blank: ______ refers to ""a figure of speech that describes something by stating it is something else, e.g. 'Time is money'"".",a metaphor,a modal verb,a subject in a sentence,the simple present tense,A,"a metaphor refers to: a figure of speech that describes something by stating it is something else, e.g. 'Time is money'",English Subjects,Literary Devices
Choose the word that is similar in meaning to 'fast':,feeble,quick,timid,display,B,'quick' is similar in meaning to 'fast'.,English Subjects,Synonyms
Choose the word that is opposite in meaning to 'young':,old,dark,contract,criticise,A,'old' is opposite in meaning to 'young'.,English Subjects,Antonyms
"Which term matches this description: ""a sentence that reports what someone said without using their exact words""?",a common noun,a transitive verb,an indirect (reported) speech sentence,a proper noun,C,The description matches an indirect (reported) speech sentence: a sentence that reports what someone said without using their exact words,English Subjects,Speech
Which word is similar in meaning to 'inexpensive'?,love,careful,clean,cheap,D,'cheap' is similar in meaning to 'inexpensive'.,English Subjects,Synonyms
Which statement correctly describes a passive voice sentence?,"a verb tense used for actions that were ongoing in the past, e.g. 'She was walking to school.'","a sentence in which the subject receives the action, e.g. 'The mouse was chased by the cat.'",a word that has the same or nearly the same meaning as another word,"the person, place, or thing that performs the action of the verb",B,"By definition, a passive voice sentence is: a sentence in which the subject receives the action, e.g. 'The mouse was chased by the cat.'",English Subjects,Voice
Which article correctly precedes the word 'window'?,a,an,no article,the,A,"'window' starts with a consonant sound, so the correct article is 'a'.",English Subjects,Articles
'feeble' is a synonym of which word?,heavy,dirty,weak,thin,C,'feeble' is similar in meaning to 'weak'.,English Subjects,Synonyms
'untrue' is a synonym of which word?,make,slow,false,kind,C,'untrue' is similar in meaning to 'false'.,English Subjects,Synonyms
Which word is opposite in meaning to 'fake'?,polite,optimist,left,genuine,D,'genuine' is opposite in meaning to 'fake'.,English Subjects,Antonyms
'modern' is a antonym of which word?,interior,ancient,humble,up,B,'modern' is opposite in meaning to 'ancient'.,English Subjects,Antonyms
Which word is a synonym of 'easy'?,simple,foolish,joyful,truthful,A,'simple' is similar in meaning to 'easy'.,English Subjects,Synonyms
"Fill in the blank: ______ refers to ""the person, place, or thing that performs the action of the verb"".",a subject in a sentence,a compound sentence,a phrase,a clause,A,"a subject in a sentence refers to: the person, place, or thing that performs the action of the verb",English Subjects,Sentence Structure
Choose the correct article to fill the blank: '___ igloo',the,an,no article,a,B,"'igloo' starts with a vowel sound, so the correct article is 'an'.",English Subjects,Articles
Which word is similar in meaning to 'contemporary'?,modern,false,lose,talk,A,'modern' is similar in meaning to 'contemporary'.,English Subjects,Synonyms
Which word is a antonym of 'wise'?,narrow,foolish,thin,forget,B,'foolish' is opposite in meaning to 'wise'.,English Subjects,Antonyms
Which article correctly precedes the word 'European city'?,an,the,no article,a,D,"'European city' starts with a consonant sound, so the correct article is 'a'.",English Subjects,Articles
Which word is a antonym of 'early'?,decrease,late,defend,complex,B,'late' is opposite in meaning to 'early'.,English Subjects,Antonyms
Which statement correctly describes a countable noun?,"a noun that names a general person, place, or thing","a noun that refers to a group of people or things, such as 'team' or 'flock'","a word that shows the relationship between a noun/pronoun and other words in a sentence, such as in, on, or under",a noun that can be counted and has both singular and plural forms,D,"By definition, a countable noun is: a noun that can be counted and has both singular and plural forms",English Subjects,Parts of Speech
Choose the word that is opposite in meaning to 'full':,empty,disagree,complex,hate,A,'empty' is opposite in meaning to 'full'.,English Subjects,Antonyms
Which word is opposite in meaning to 'rude'?,create,polite,young,full,B,'polite' is opposite in meaning to 'rude'.,English Subjects,Antonyms
Choose the word that is opposite in meaning to 'smooth':,late,dirty,innocent,rough,D,'rough' is opposite in meaning to 'smooth'.,English Subjects,Antonyms
"Complete the sentence correctly: ""The sun ___ in the east.""",is rising,will rise,rises,rose,C,"The sentence requires the Simple Present form: 'rises'. Full sentence: ""The sun rises in the east.""",English Subjects,Tenses
Which word is opposite in meaning to 'reject'?,young,accept,humble,hot,B,'accept' is opposite in meaning to 'reject'.,English Subjects,Antonyms
Which article correctly precedes the word 'tree'?,an,the,a,no article,C,"'tree' starts with a consonant sound, so the correct article is 'a'.",English Subjects,Articles
Choose the word that is opposite in meaning to 'laugh':,fail,dangerous,modern,cry,D,'cry' is opposite in meaning to 'laugh'.,English Subjects,Antonyms
Which word is similar in meaning to 'spotless'?,fast,thin,start,clean,D,'clean' is similar in meaning to 'spotless'.,English Subjects,Synonyms
Which word is a synonym of 'hurt'?,ancient,joyful,injure,peaceful,C,'injure' is similar in meaning to 'hurt'.,English Subjects,Synonyms
"Fill in the blank: ______ refers to ""a sentence in which the subject performs the action, e.g. 'The cat chased the mouse.'"".",the past continuous tense,a conjunction,a direct speech sentence,an active voice sentence,D,"an active voice sentence refers to: a sentence in which the subject performs the action, e.g. 'The cat chased the mouse.'",English Subjects,Voice
Which word is similar in meaning to 'timid'?,poor,find,shy,dirty,C,'shy' is similar in meaning to 'timid'.,English Subjects,Synonyms
Choose the correct article to fill the blank: '___ insect',no article,a,an,the,C,"'insect' starts with a vowel sound, so the correct article is 'an'.",English Subjects,Articles
Which article correctly precedes the word 'owl'?,the,no article,an,a,C,"'owl' starts with a vowel sound, so the correct article is 'an'.",English Subjects,Articles
Which word is similar in meaning to 'incorrect'?,wrong,rude,empty,safe,A,'wrong' is similar in meaning to 'incorrect'.,English Subjects,Synonyms
Choose the word that is opposite in meaning to 'wise':,private,arrogant,foolish,cowardly,C,'foolish' is opposite in meaning to 'wise'.,English Subjects,Antonyms
Which word is similar in meaning to 'weightless'?,stop,old,light,true,C,'light' is similar in meaning to 'weightless'.,English Subjects,Synonyms
Choose the word that is opposite in meaning to 'brave':,cowardly,cold,stingy,false,A,'cowardly' is opposite in meaning to 'brave'.,English Subjects,Antonyms
Which statement correctly describes a common noun?,a word that describes or modifies a noun,"a word that connects words, phrases, or clauses, such as and, but, or because","a noun that names a general person, place, or thing",a noun that can be counted and has both singular and plural forms,C,"By definition, a common noun is: a noun that names a general person, place, or thing",English Subjects,Parts of Speech
"Which term matches this description: ""a word or phrase that expresses strong emotion, such as 'Wow!' or 'Ouch!'""?",a common noun,an interjection,an intransitive verb,an adjective,B,"The description matches an interjection: a word or phrase that expresses strong emotion, such as 'Wow!' or 'Ouch!'",English Subjects,Parts of Speech
Which word is a synonym of 'angry'?,simple,converse,costly,furious,D,'furious' is similar in meaning to 'angry'.,English Subjects,Synonyms
Which word is a synonym of 'rare'?,truthful,wealthy,uncommon,slender,C,'uncommon' is similar in meaning to 'rare'.,English Subjects,Synonyms
Which word is similar in meaning to 'hazardous'?,fast,true,dangerous,find,C,'dangerous' is similar in meaning to 'hazardous'.,English Subjects,Synonyms
Which word is a antonym of 'simple'?,late,retreat,poor,complex,D,'complex' is opposite in meaning to 'simple'.,English Subjects,Antonyms
Which statement correctly describes a metaphor?,"a figure of speech that describes something by stating it is something else, e.g. 'Time is money'","a sentence that reports the exact words spoken by someone, usually in quotation marks",a word that has the same or nearly the same meaning as another word,"a word that is pronounced the same as another word but has a different meaning or spelling, e.g. 'flower' and 'flour'",A,"By definition, a metaphor is: a figure of speech that describes something by stating it is something else, e.g. 'Time is money'",English Subjects,Literary Devices
Choose the word that is similar in meaning to 'dislike':,large,initiate,significant,disapprove,D,'disapprove' is similar in meaning to 'dislike'.,English Subjects,Synonyms
Which word is similar in meaning to 'renowned'?,famous,full,end,perfect,A,'famous' is similar in meaning to 'renowned'.,English Subjects,Synonyms
Which word is a synonym of 'help'?,cautious,challenging,assist,silent,C,'assist' is similar in meaning to 'help'.,English Subjects,Synonyms
'near' is a synonym of which word?,close,rich,common,full,A,'near' is similar in meaning to 'close'.,English Subjects,Synonyms
'weep' is a synonym of which word?,buy,wrong,cry,empty,C,'weep' is similar in meaning to 'cry'.,English Subjects,Synonyms
"Which verb form correctly completes the sentence: ""She ___ to the market every day.""?",will walk,walks,is walking,walked,B,"The sentence requires the Simple Present form: 'walks'. Full sentence: ""She walks to the market every day.""",English Subjects,Tenses
Choose the correct article to fill the blank: '___ book',an,a,no article,the,B,"'book' starts with a consonant sound, so the correct article is 'a'.",English Subjects,Articles
Which word is a antonym of 'advance'?,retreat,scatter,low,false,A,'retreat' is opposite in meaning to 'advance'.,English Subjects,Antonyms
Which word is similar in meaning to 'beneficial'?,useful,answer,kind,false,A,'useful' is similar in meaning to 'beneficial'.,English Subjects,Synonyms
Which word is a synonym of 'hate'?,contemporary,radiant,detest,near,C,'detest' is similar in meaning to 'hate'.,English Subjects,Synonyms
What is a predicate in a sentence?,the part of a sentence that contains the verb and gives information about the subject,a sentence with one independent clause and at least one dependent clause,a group of words containing a subject and a verb,a group of related words that does not contain a subject and verb pair,A,a predicate in a sentence is: the part of a sentence that contains the verb and gives information about the subject,English Subjects,Sentence Structure
Which word is a synonym of 'modern'?,courteous,contemporary,powerful,gorgeous,B,'contemporary' is similar in meaning to 'modern'.,English Subjects,Synonyms
Which article correctly precedes the word 'hour-long meeting'?,a,an,the,no article,B,"'hour-long meeting' starts with a vowel sound, so the correct article is 'an'.",English Subjects,Articles
Which word is similar in meaning to 'anxious'?,useless,run,hot,nervous,D,'nervous' is similar in meaning to 'anxious'.,English Subjects,Synonyms
Which word is a synonym of 'nervous'?,noisy,anxious,dim,powerful,B,'anxious' is similar in meaning to 'nervous'.,English Subjects,Synonyms
Choose the word that is opposite in meaning to 'win':,lose,pessimist,dry,destroy,A,'lose' is opposite in meaning to 'win'.,English Subjects,Antonyms
Which word is a synonym of 'rude'?,purchase,impolite,broad,obscure,B,'impolite' is similar in meaning to 'rude'.,English Subjects,Synonyms
'cold' is a antonym of which word?,hot,buy,fast,early,A,'cold' is opposite in meaning to 'hot'.,English Subjects,Antonyms
What is a proper noun?,"a word or phrase that expresses strong emotion, such as 'Wow!' or 'Ouch!'","a word used in place of a noun, such as he, she, it, or they","a noun that names a general person, place, or thing","a noun that names a specific person, place, or thing and begins with a capital letter",D,"a proper noun is: a noun that names a specific person, place, or thing and begins with a capital letter",English Subjects,Parts of Speech
Which word is a synonym of 'polite'?,courageous,hazardous,courteous,peaceful,C,'courteous' is similar in meaning to 'polite'.,English Subjects,Synonyms
'large' is a synonym of which word?,useless,big,dishonest,perfect,B,'large' is similar in meaning to 'big'.,English Subjects,Synonyms
Choose the word that is opposite in meaning to 'fast':,slow,minor,pull,innocent,A,'slow' is opposite in meaning to 'fast'.,English Subjects,Antonyms
Which word is a synonym of 'quiet'?,ancient,secure,silent,wealthy,C,'silent' is similar in meaning to 'quiet'.,English Subjects,Synonyms
'radiant' is a synonym of which word?,buy,light,nervous,bright,D,'radiant' is similar in meaning to 'bright'.,English Subjects,Synonyms
Which word is opposite in meaning to 'decrease'?,clean,humble,simple,increase,D,'increase' is opposite in meaning to 'decrease'.,English Subjects,Antonyms
Which statement correctly describes a compound sentence?,a group of related words that does not contain a subject and verb pair,a group of words containing a subject and a verb,a sentence made of two or more independent clauses joined by a conjunction,the part of a sentence that contains the verb and gives information about the subject,C,"By definition, a compound sentence is: a sentence made of two or more independent clauses joined by a conjunction",English Subjects,Sentence Structure
Which word is opposite in meaning to 'stingy'?,generous,left,up,light,A,'generous' is opposite in meaning to 'stingy'.,English Subjects,Antonyms
Which word is opposite in meaning to 'dangerous'?,laugh,raise,safe,happy,C,'safe' is opposite in meaning to 'dangerous'.,English Subjects,Antonyms
"Identify the correctly completed sentence's tense: ""By the time we arrived, the movie had started."" — which tense is used?",Past Continuous,Simple Past,Present Perfect,Past Perfect,D,"The sentence ""By the time we arrived, the movie had started."" is written in the Past Perfect tense.",English Subjects,Tenses
"Complete the sentence correctly: ""By next year, she ___ her degree.""",completes,is completing,completed,will have completed,D,"The sentence requires the Future Perfect form: 'will have completed'. Full sentence: ""By next year, she will have completed her degree.""",English Subjects,Tenses
Which word is a antonym of 'wet'?,hate,end,dry,criticise,C,'dry' is opposite in meaning to 'wet'.,English Subjects,Antonyms
'sad' is a antonym of which word?,happy,public,loud,light,A,'sad' is opposite in meaning to 'happy'.,English Subjects,Antonyms
Choose the correct article to fill the blank: '___ hospital',a,an,the,no article,A,"'hospital' starts with a consonant sound, so the correct article is 'a'.",English Subjects,Articles
Which word is similar in meaning to 'gentle'?,thick,kind,big,cheap,B,'kind' is similar in meaning to 'gentle'.,English Subjects,Synonyms
Choose the word that is similar in meaning to 'sad':,fearless,quick,renowned,sorrowful,D,'sorrowful' is similar in meaning to 'sad'.,English Subjects,Synonyms
Choose the word that is opposite in meaning to 'generous':,fail,soft,stingy,disagree,C,'stingy' is opposite in meaning to 'generous'.,English Subjects,Antonyms
Choose the word that is opposite in meaning to 'open':,dark,closed,dangerous,disagree,B,'closed' is opposite in meaning to 'open'.,English Subjects,Antonyms
'conceal' is a synonym of which word?,important,sad,hurt,hide,D,'conceal' is similar in meaning to 'hide'.,English Subjects,Synonyms
Which word is a synonym of 'walk'?,slender,stroll,inquire,obscure,B,'stroll' is similar in meaning to 'walk'.,English Subjects,Synonyms
Which statement correctly describes an antonym?,"a word that modifies a verb, adjective, or another adverb, often describing how, when, or where",a word that has the opposite meaning to another word,a word that is spelled and/or pronounced the same as another word but has a different meaning,"a verb tense used for actions completed at an unspecified time before now, e.g. 'She has walked to school.'",B,"By definition, an antonym is: a word that has the opposite meaning to another word",English Subjects,Vocabulary
Choose the word that is similar in meaning to 'walk':,cunning,stroll,discover,observe,B,'stroll' is similar in meaning to 'walk'.,English Subjects,Synonyms
"Which term matches this description: ""a word that describes or modifies a noun""?",a proper noun,an adjective,a preposition,a collective noun,B,The description matches an adjective: a word that describes or modifies a noun,English Subjects,Parts of Speech
Which word is a synonym of 'give'?,donate,large,retain,near,A,'donate' is similar in meaning to 'give'.,English Subjects,Synonyms
'gorgeous' is a synonym of which word?,common,cruel,beautiful,light,C,'gorgeous' is similar in meaning to 'beautiful'.,English Subjects,Synonyms
"Which verb form correctly completes the sentence: ""We ___ to the beach tomorrow.""?",are going,go,had gone,went,A,"The sentence requires the Present Continuous (future use) form: 'are going'. Full sentence: ""We are going to the beach tomorrow.""",English Subjects,Tenses
Which statement correctly describes a direct speech sentence?,"a verb that does not require a direct object, e.g. 'She sleeps.'","a noun that names a specific person, place, or thing and begins with a capital letter","a verb tense used to describe actions that will happen, e.g. 'She will walk to school.'","a sentence that reports the exact words spoken by someone, usually in quotation marks",D,"By definition, a direct speech sentence is: a sentence that reports the exact words spoken by someone, usually in quotation marks",English Subjects,Speech
Choose the word that is similar in meaning to 'unknown':,filthy,inquire,obscure,impolite,C,'obscure' is similar in meaning to 'unknown'.,English Subjects,Synonyms
"Which verb form correctly completes the sentence: ""I ___ this book twice already.""?",will read,was reading,have read,read,C,"The sentence requires the Present Perfect form: 'have read'. Full sentence: ""I have read this book twice already.""",English Subjects,Tenses
'truthful' is a synonym of which word?,fake,make,hide,honest,D,'truthful' is similar in meaning to 'honest'.,English Subjects,Synonyms
Choose the correct article to fill the blank: '___ umbrella stand',a,an,the,no article,B,"'umbrella stand' starts with a vowel sound, so the correct article is 'an'.",English Subjects,Articles
Which word is a synonym of 'sell'?,cautious,inquire,vend,quick,C,'vend' is similar in meaning to 'sell'.,English Subjects,Synonyms
'courteous' is a synonym of which word?,find,sell,polite,stop,C,'courteous' is similar in meaning to 'polite'.,English Subjects,Synonyms
Which word is opposite in meaning to 'retreat'?,advance,buy,begin,kind,A,'advance' is opposite in meaning to 'retreat'.,English Subjects,Antonyms
Choose the word that is opposite in meaning to 'permit':,rude,disagree,innocent,forbid,D,'forbid' is opposite in meaning to 'permit'.,English Subjects,Antonyms
Which word is a antonym of 'hot'?,cold,defend,exclude,dry,A,'cold' is opposite in meaning to 'hot'.,English Subjects,Antonyms
'sluggish' is a synonym of which word?,slow,find,beautiful,show,A,'sluggish' is similar in meaning to 'slow'.,English Subjects,Synonyms
Which word is similar in meaning to 'gorgeous'?,big,beautiful,empty,keep,B,'beautiful' is similar in meaning to 'gorgeous'.,English Subjects,Synonyms
Which word is similar in meaning to 'feeble'?,lose,weak,angry,buy,B,'weak' is similar in meaning to 'feeble'.,English Subjects,Synonyms
Which word is similar in meaning to 'dim'?,rich,dark,stupid,calm,B,'dark' is similar in meaning to 'dim'.,English Subjects,Synonyms
"Which verb form correctly completes the sentence: ""By next year, she ___ her degree.""?",is completing,will have completed,completes,completed,B,"The sentence requires the Future Perfect form: 'will have completed'. Full sentence: ""By next year, she will have completed her degree.""",English Subjects,Tenses
Which word is a synonym of 'buy'?,impoverished,hilarious,purchase,ordinary,C,'purchase' is similar in meaning to 'buy'.,English Subjects,Synonyms
'ancient' is a synonym of which word?,bright,old,run,lose,B,'ancient' is similar in meaning to 'old'.,English Subjects,Synonyms
Which article correctly precedes the word 'x-ray'?,a,the,no article,an,D,"'x-ray' starts with a vowel sound, so the correct article is 'an'.",English Subjects,Articles
Choose the correct article to fill the blank: '___ dog',no article,an,the,a,D,"'dog' starts with a consonant sound, so the correct article is 'a'.",English Subjects,Articles
Which word is opposite in meaning to 'light'?,heavy,happy,day,expand,A,'heavy' is opposite in meaning to 'light'.,English Subjects,Antonyms
"Fill in the blank: ______ refers to ""a word that modifies a verb, adjective, or another adverb, often describing how, when, or where"".",a verb,an adverb,an intransitive verb,a conjunction,B,"an adverb refers to: a word that modifies a verb, adjective, or another adverb, often describing how, when, or where",English Subjects,Parts of Speech
Choose the word that is similar in meaning to 'close':,construct,sorrowful,reply,near,D,'near' is similar in meaning to 'close'.,English Subjects,Synonyms
Which statement correctly describes a synonym?,a word that describes or modifies a noun,"a verb that does not require a direct object, e.g. 'She sleeps.'","a figure of speech that describes something by stating it is something else, e.g. 'Time is money'",a word that has the same or nearly the same meaning as another word,D,"By definition, a synonym is: a word that has the same or nearly the same meaning as another word",English Subjects,Vocabulary
"Which verb form correctly completes the sentence: ""He ___ his homework right now.""?",did,is doing,does,will do,B,"The sentence requires the Present Continuous form: 'is doing'. Full sentence: ""He is doing his homework right now.""",English Subjects,Tenses
Which word is similar in meaning to 'ancient'?,rare,old,expensive,strong,B,'old' is similar in meaning to 'ancient'.,English Subjects,Synonyms
Which word is a antonym of 'import'?,export,light,dry,pull,A,'export' is opposite in meaning to 'import'.,English Subjects,Antonyms
What is an intransitive verb?,"an auxiliary verb that expresses necessity, possibility, or ability, such as can, could, must, or should","a noun that names a specific person, place, or thing and begins with a capital letter","a word that expresses an action, occurrence, or state of being","a verb that does not require a direct object, e.g. 'She sleeps.'",D,"an intransitive verb is: a verb that does not require a direct object, e.g. 'She sleeps.'",English Subjects,Parts of Speech
'frigid' is a synonym of which word?,buy,fast,cold,wrong,C,'frigid' is similar in meaning to 'cold'.,English Subjects,Synonyms
Choose the word that is similar in meaning to 'sell':,vend,enjoy,dash,donate,A,'vend' is similar in meaning to 'sell'.,English Subjects,Synonyms
'filthy' is a synonym of which word?,like,lose,dirty,love,C,'filthy' is similar in meaning to 'dirty'.,English Subjects,Synonyms
"Which term matches this description: ""a noun that names a specific person, place, or thing and begins with a capital letter""?",a common noun,a proper noun,a transitive verb,an intransitive verb,B,"The description matches a proper noun: a noun that names a specific person, place, or thing and begins with a capital letter",English Subjects,Parts of Speech
"Which term matches this description: ""a word used in place of a noun, such as he, she, it, or they""?",a conjunction,a pronoun,a noun,a proper noun,B,"The description matches a pronoun: a word used in place of a noun, such as he, she, it, or they",English Subjects,Parts of Speech
'criticise' is a antonym of which word?,praise,heavy,left,agree,A,'criticise' is opposite in meaning to 'praise'.,English Subjects,Antonyms
Which word is similar in meaning to 'hilarious'?,thick,funny,jump,big,B,'funny' is similar in meaning to 'hilarious'.,English Subjects,Synonyms
Which statement correctly describes the past perfect tense?,"a verb tense used for actions that were ongoing in the past, e.g. 'She was walking to school.'","a verb tense used for actions happening right now, e.g. 'She is walking to school.'","a verb tense used for actions completed before another past action, e.g. 'She had walked to school before it rained.'","a verb tense used to describe habitual actions or general facts, e.g. 'She walks to school.'",C,"By definition, the past perfect tense is: a verb tense used for actions completed before another past action, e.g. 'She had walked to school before it rained.'",English Subjects,Tenses
Choose the word that is similar in meaning to 'real':,create,genuine,correct,conclude,B,'genuine' is similar in meaning to 'real'.,English Subjects,Synonyms
'defend' is a antonym of which word?,wise,attack,clean,humble,B,'defend' is opposite in meaning to 'attack'.,English Subjects,Antonyms
Which word is a antonym of 'happy'?,light,empty,hate,sad,D,'sad' is opposite in meaning to 'happy'.,English Subjects,Antonyms
"Fill in the blank: ______ refers to ""a word or phrase that expresses strong emotion, such as 'Wow!' or 'Ouch!'"".",an intransitive verb,a modal verb,a proper noun,an interjection,D,"an interjection refers to: a word or phrase that expresses strong emotion, such as 'Wow!' or 'Ouch!'",English Subjects,Parts of Speech
Choose the correct article to fill the blank: '___ actor',the,no article,a,an,D,"'actor' starts with a vowel sound, so the correct article is 'an'.",English Subjects,Articles
Choose the word that is opposite in meaning to 'push':,shrink,pull,pessimist,dirty,B,'pull' is opposite in meaning to 'push'.,English Subjects,Antonyms
'retain' is a synonym of which word?,keep,difficult,cruel,loud,A,'retain' is similar in meaning to 'keep'.,English Subjects,Synonyms
Choose the word that is similar in meaning to 'polite':,courteous,injure,beneficial,renowned,A,'courteous' is similar in meaning to 'polite'.,English Subjects,Synonyms
Which word is a antonym of 'love'?,defeat,hate,cold,narrow,B,'hate' is opposite in meaning to 'love'.,English Subjects,Antonyms
Choose the correct article to fill the blank: '___ island',a,no article,the,an,D,"'island' starts with a vowel sound, so the correct article is 'an'.",English Subjects,Articles
"Fill in the blank: ______ refers to ""a word used in place of a noun, such as he, she, it, or they"".",a proper noun,a modal verb,a pronoun,a collective noun,C,"a pronoun refers to: a word used in place of a noun, such as he, she, it, or they",English Subjects,Parts of Speech
Which statement correctly describes a simile?,"a figure of speech that compares two things using 'like' or 'as', e.g. 'as brave as a lion'","a word that connects words, phrases, or clauses, such as and, but, or because","a word (a, an, the) used before a noun to specify definiteness","the person, place, or thing that performs the action of the verb",A,"By definition, a simile is: a figure of speech that compares two things using 'like' or 'as', e.g. 'as brave as a lion'",English Subjects,Literary Devices
Choose the word that is opposite in meaning to 'advance':,sell,retreat,innocent,take,B,'retreat' is opposite in meaning to 'advance'.,English Subjects,Antonyms
Which statement correctly describes a modal verb?,"an auxiliary verb that expresses necessity, possibility, or ability, such as can, could, must, or should","a verb that requires a direct object to complete its meaning, e.g. 'She reads a book.'","a word that shows the relationship between a noun/pronoun and other words in a sentence, such as in, on, or under","a word that expresses an action, occurrence, or state of being",A,"By definition, a modal verb is: an auxiliary verb that expresses necessity, possibility, or ability, such as can, could, must, or should",English Subjects,Parts of Speech
Choose the word that is similar in meaning to 'expensive':,costly,courteous,detest,construct,A,'costly' is similar in meaning to 'expensive'.,English Subjects,Synonyms
Which statement correctly describes the present perfect tense?,"a verb tense used to describe actions that will happen, e.g. 'She will walk to school.'","a verb tense used for actions completed at an unspecified time before now, e.g. 'She has walked to school.'","a verb tense used for actions that were ongoing in the past, e.g. 'She was walking to school.'","a verb tense used for actions happening right now, e.g. 'She is walking to school.'",B,"By definition, the present perfect tense is: a verb tense used for actions completed at an unspecified time before now, e.g. 'She has walked to school.'",English Subjects,Tenses
Which word is opposite in meaning to 'right'?,give,public,left,strong,C,'left' is opposite in meaning to 'right'.,English Subjects,Antonyms
"Which term matches this description: ""a sentence with one independent clause and at least one dependent clause""?",a complex sentence,a subject in a sentence,a predicate in a sentence,a phrase,A,The description matches a complex sentence: a sentence with one independent clause and at least one dependent clause,English Subjects,Sentence Structure
Choose the correct article to fill the blank: '___ European city',no article,the,a,an,C,"'European city' starts with a consonant sound, so the correct article is 'a'.",English Subjects,Articles
'narrow' is a antonym of which word?,arrive,light,wide,buy,C,'narrow' is opposite in meaning to 'wide'.,English Subjects,Antonyms
Which article correctly precedes the word 'nest'?,the,a,no article,an,B,"'nest' starts with a consonant sound, so the correct article is 'a'.",English Subjects,Articles
Which word is similar in meaning to 'disapprove'?,useful,dislike,famous,small,B,'dislike' is similar in meaning to 'disapprove'.,English Subjects,Synonyms
Which word is a antonym of 'public'?,dark,modern,disagree,private,D,'private' is opposite in meaning to 'public'.,English Subjects,Antonyms
Which word is a synonym of 'slow'?,sluggish,scorching,display,converse,A,'sluggish' is similar in meaning to 'slow'.,English Subjects,Synonyms
Which statement correctly describes the simple present tense?,"a verb tense used for actions happening right now, e.g. 'She is walking to school.'","a verb tense used to describe completed actions in the past, e.g. 'She walked to school.'","a verb tense used to describe habitual actions or general facts, e.g. 'She walks to school.'","a verb tense used for actions completed at an unspecified time before now, e.g. 'She has walked to school.'",C,"By definition, the simple present tense is: a verb tense used to describe habitual actions or general facts, e.g. 'She walks to school.'",English Subjects,Tenses
Which word is opposite in meaning to 'complex'?,high,simple,early,full,B,'simple' is opposite in meaning to 'complex'.,English Subjects,Antonyms
Choose the correct article to fill the blank: '___ ant',no article,a,an,the,C,"'ant' starts with a vowel sound, so the correct article is 'an'.",English Subjects,Articles
Which word is opposite in meaning to 'foolish'?,brave,arrive,attack,wise,D,'wise' is opposite in meaning to 'foolish'.,English Subjects,Antonyms
Which word is a synonym of 'make'?,distant,cunning,anxious,create,D,'create' is similar in meaning to 'make'.,English Subjects,Synonyms
Which word is similar in meaning to 'near'?,expensive,rare,useful,close,D,'close' is similar in meaning to 'near'.,English Subjects,Synonyms
'shrink' is a antonym of which word?,arrive,expand,begin,buy,B,'shrink' is opposite in meaning to 'expand'.,English Subjects,Antonyms
Which word is a synonym of 'common'?,courteous,noisy,impoverished,ordinary,D,'ordinary' is similar in meaning to 'common'.,English Subjects,Synonyms
"Which term matches this description: ""a verb tense used for actions completed at an unspecified time before now, e.g. 'She has walked to school.'""?",the present perfect tense,the past continuous tense,the past perfect tense,the simple present tense,A,"The description matches the present perfect tense: a verb tense used for actions completed at an unspecified time before now, e.g. 'She has walked to school.'",English Subjects,Tenses
Which statement correctly describes the simple future tense?,"a verb tense used for actions happening right now, e.g. 'She is walking to school.'","a verb tense used to describe habitual actions or general facts, e.g. 'She walks to school.'","a verb tense used to describe actions that will happen, e.g. 'She will walk to school.'","a verb tense used to describe completed actions in the past, e.g. 'She walked to school.'",C,"By definition, the simple future tense is: a verb tense used to describe actions that will happen, e.g. 'She will walk to school.'",English Subjects,Tenses
Choose the correct article to fill the blank: '___ hour',an,the,a,no article,A,"'hour' starts with a vowel sound, so the correct article is 'an'.",English Subjects,Articles
'weak' is a antonym of which word?,accept,succeed,strong,remember,C,'weak' is opposite in meaning to 'strong'.,English Subjects,Antonyms
'obscure' is a synonym of which word?,unknown,light,hot,cold,A,'obscure' is similar in meaning to 'unknown'.,English Subjects,Synonyms
What is an interjection?,"a verb that requires a direct object to complete its meaning, e.g. 'She reads a book.'",a word that describes or modifies a noun,"a word or phrase that expresses strong emotion, such as 'Wow!' or 'Ouch!'","a verb that does not require a direct object, e.g. 'She sleeps.'",C,"an interjection is: a word or phrase that expresses strong emotion, such as 'Wow!' or 'Ouch!'",English Subjects,Parts of Speech
"Identify the correctly completed sentence's tense: ""We will travel to Paris next summer."" — which tense is used?",Simple Future,Past Perfect,Simple Present,Future Perfect,A,"The sentence ""We will travel to Paris next summer."" is written in the Simple Future tense.",English Subjects,Tenses
Which statement correctly describes the simple past tense?,"a verb tense used to describe actions that will happen, e.g. 'She will walk to school.'","a verb tense used for actions completed at an unspecified time before now, e.g. 'She has walked to school.'","a verb tense used to describe completed actions in the past, e.g. 'She walked to school.'","a verb tense used for actions that were ongoing in the past, e.g. 'She was walking to school.'",C,"By definition, the simple past tense is: a verb tense used to describe completed actions in the past, e.g. 'She walked to school.'",English Subjects,Tenses
"Fill in the blank: ______ refers to ""a word that connects words, phrases, or clauses, such as and, but, or because"".",a countable noun,a modal verb,a conjunction,an article,C,"a conjunction refers to: a word that connects words, phrases, or clauses, such as and, but, or because",English Subjects,Parts of Speech
Which word is opposite in meaning to 'late'?,agree,laugh,early,strong,C,'early' is opposite in meaning to 'late'.,English Subjects,Antonyms
'costly' is a synonym of which word?,expensive,take,safe,difficult,A,'costly' is similar in meaning to 'expensive'.,English Subjects,Synonyms
Choose the word that is similar in meaning to 'smart':,ordinary,intelligent,accurate,timid,B,'intelligent' is similar in meaning to 'smart'.,English Subjects,Synonyms
Which word is opposite in meaning to 'thin'?,full,smooth,thick,hard,C,'thick' is opposite in meaning to 'thin'.,English Subjects,Antonyms
Choose the correct article to fill the blank: '___ umbrella',no article,the,an,a,C,"'umbrella' starts with a vowel sound, so the correct article is 'an'.",English Subjects,Articles
Which article correctly precedes the word 'one-eyed pirate'?,a,no article,the,an,A,"'one-eyed pirate' starts with a consonant sound, so the correct article is 'a'.",English Subjects,Articles
Choose the word that is similar in meaning to 'answer':,grave,hazardous,reply,radiant,C,'reply' is similar in meaning to 'answer'.,English Subjects,Synonyms
'create' is a synonym of which word?,careful,make,perfect,right,B,'create' is similar in meaning to 'make'.,English Subjects,Synonyms
Which word is a antonym of 'gather'?,slow,scatter,foolish,defend,B,'scatter' is opposite in meaning to 'gather'.,English Subjects,Antonyms
'leap' is a synonym of which word?,jump,beautiful,expensive,clean,A,'leap' is similar in meaning to 'jump'.,English Subjects,Synonyms
Which word is opposite in meaning to 'false'?,true,push,arrive,full,A,'true' is opposite in meaning to 'false'.,English Subjects,Antonyms
Choose the correct article to fill the blank: '___ vase',an,the,no article,a,D,"'vase' starts with a consonant sound, so the correct article is 'a'.",English Subjects,Articles
Choose the word that is similar in meaning to 'rude':,fearless,observe,impolite,assist,C,'impolite' is similar in meaning to 'rude'.,English Subjects,Synonyms
Which word is similar in meaning to 'impolite'?,find,serious,rude,big,C,'rude' is similar in meaning to 'impolite'.,English Subjects,Synonyms
Which word is a synonym of 'talk'?,display,weightless,converse,disapprove,C,'converse' is similar in meaning to 'talk'.,English Subjects,Synonyms
Choose the word that is similar in meaning to 'beautiful':,slender,gorgeous,display,fearless,B,'gorgeous' is similar in meaning to 'beautiful'.,English Subjects,Synonyms
'renowned' is a synonym of which word?,famous,common,expensive,sad,A,'renowned' is similar in meaning to 'famous'.,English Subjects,Synonyms
Choose the word that is opposite in meaning to 'remember':,decrease,forget,false,exclude,B,'forget' is opposite in meaning to 'remember'.,English Subjects,Antonyms
'rude' is a antonym of which word?,polite,permit,praise,brave,A,'rude' is opposite in meaning to 'polite'.,English Subjects,Antonyms
Which statement correctly describes a transitive verb?,"a verb that requires a direct object to complete its meaning, e.g. 'She reads a book.'","a word that names a person, place, thing, or idea","a word that shows the relationship between a noun/pronoun and other words in a sentence, such as in, on, or under","a word or phrase that expresses strong emotion, such as 'Wow!' or 'Ouch!'",A,"By definition, a transitive verb is: a verb that requires a direct object to complete its meaning, e.g. 'She reads a book.'",English Subjects,Parts of Speech
Which word is opposite in meaning to 'end'?,up,full,begin,agree,C,'begin' is opposite in meaning to 'end'.,English Subjects,Antonyms
"Fill in the blank: ______ refers to ""a verb tense used for actions completed at an unspecified time before now, e.g. 'She has walked to school.'"".",the present continuous tense,the simple present tense,the present perfect tense,the past perfect tense,C,"the present perfect tense refers to: a verb tense used for actions completed at an unspecified time before now, e.g. 'She has walked to school.'",English Subjects,Tenses
What is the present continuous tense?,"a verb tense used to describe completed actions in the past, e.g. 'She walked to school.'","a verb tense used for actions that were ongoing in the past, e.g. 'She was walking to school.'","a verb tense used to describe habitual actions or general facts, e.g. 'She walks to school.'","a verb tense used for actions happening right now, e.g. 'She is walking to school.'",D,"the present continuous tense is: a verb tense used for actions happening right now, e.g. 'She is walking to school.'",English Subjects,Tenses
Choose the word that is similar in meaning to 'give':,discover,donate,incorrect,enjoy,B,'donate' is similar in meaning to 'give'.,English Subjects,Synonyms
Choose the correct article to fill the blank: '___ factory',no article,the,an,a,D,"'factory' starts with a consonant sound, so the correct article is 'a'.",English Subjects,Articles
Which word is opposite in meaning to 'disagree'?,brave,win,agree,safe,C,'agree' is opposite in meaning to 'disagree'.,English Subjects,Antonyms
Choose the word that is similar in meaning to 'hate':,incorrect,courteous,detest,flawless,C,'detest' is similar in meaning to 'hate'.,English Subjects,Synonyms
'harsh' is a synonym of which word?,ask,perfect,angry,cruel,D,'harsh' is similar in meaning to 'cruel'.,English Subjects,Synonyms
Choose the correct article to fill the blank: '___ nest',a,the,an,no article,A,"'nest' starts with a consonant sound, so the correct article is 'a'.",English Subjects,Articles
Which word is similar in meaning to 'grave'?,serious,narrow,build,slow,A,'serious' is similar in meaning to 'grave'.,English Subjects,Synonyms
"Fill in the blank: ______ refers to ""a word that is pronounced the same as another word but has a different meaning or spelling, e.g. 'flower' and 'flour'"".",an interjection,the past perfect tense,alliteration,a homophone,D,"a homophone refers to: a word that is pronounced the same as another word but has a different meaning or spelling, e.g. 'flower' and 'flour'",English Subjects,Vocabulary
Choose the word that is similar in meaning to 'start':,weightless,inquire,discover,initiate,D,'initiate' is similar in meaning to 'start'.,English Subjects,Synonyms
Which word is a synonym of 'dishonest'?,slender,deceitful,quick,injure,B,'deceitful' is similar in meaning to 'dishonest'.,English Subjects,Synonyms
"Fill in the blank: ______ refers to ""a sentence made of two or more independent clauses joined by a conjunction"".",a simple sentence,a complex sentence,a clause,a compound sentence,D,a compound sentence refers to: a sentence made of two or more independent clauses joined by a conjunction,English Subjects,Sentence Structure
'down' is a antonym of which word?,laugh,heavy,safe,up,D,'down' is opposite in meaning to 'up'.,English Subjects,Antonyms
What is a verb?,"a word that expresses an action, occurrence, or state of being","a noun that names a specific person, place, or thing and begins with a capital letter","a noun that cannot be counted and typically has no plural form, such as 'water' or 'information'","a word that names a person, place, thing, or idea",A,"a verb is: a word that expresses an action, occurrence, or state of being",English Subjects,Parts of Speech
'rough' is a antonym of which word?,optimist,smooth,generous,day,B,'rough' is opposite in meaning to 'smooth'.,English Subjects,Antonyms
Which article correctly precedes the word 'mountain'?,no article,the,a,an,C,"'mountain' starts with a consonant sound, so the correct article is 'a'.",English Subjects,Articles
'courageous' is a synonym of which word?,brave,careless,low,thin,A,'courageous' is similar in meaning to 'brave'.,English Subjects,Synonyms
Choose the word that is opposite in meaning to 'left':,fake,dangerous,right,poor,C,'right' is opposite in meaning to 'left'.,English Subjects,Antonyms
Which word is similar in meaning to 'assist'?,rare,calm,help,polite,C,'help' is similar in meaning to 'assist'.,English Subjects,Synonyms
Choose the word that is similar in meaning to 'nervous':,anxious,hazardous,frigid,wealthy,A,'anxious' is similar in meaning to 'nervous'.,English Subjects,Synonyms
Choose the word that is opposite in meaning to 'polite':,rude,defend,cowardly,destroy,A,'rude' is opposite in meaning to 'polite'.,English Subjects,Antonyms
Choose the correct article to fill the blank: '___ event',the,an,a,no article,B,"'event' starts with a vowel sound, so the correct article is 'an'.",English Subjects,Articles
Choose the word that is similar in meaning to 'clean':,distant,powerful,spotless,conclude,C,'spotless' is similar in meaning to 'clean'.,English Subjects,Synonyms
Which word is a antonym of 'day'?,modern,night,rude,right,B,'night' is opposite in meaning to 'day'.,English Subjects,Antonyms
Which word is a synonym of 'famous'?,scorching,peaceful,feeble,renowned,D,'renowned' is similar in meaning to 'famous'.,English Subjects,Synonyms
Which statement correctly describes a phrase?,a sentence with one independent clause and at least one dependent clause,a group of related words that does not contain a subject and verb pair,a sentence with only one independent clause,"the person, place, or thing that performs the action of the verb",B,"By definition, a phrase is: a group of related words that does not contain a subject and verb pair",English Subjects,Sentence Structure
Choose the word that is similar in meaning to 'funny':,halt,impoverished,sluggish,hilarious,D,'hilarious' is similar in meaning to 'funny'.,English Subjects,Synonyms
Choose the word that is opposite in meaning to 'love':,hate,narrow,reject,light,A,'hate' is opposite in meaning to 'love'.,English Subjects,Antonyms
Which word is similar in meaning to 'flawless'?,help,loud,perfect,high,C,'perfect' is similar in meaning to 'flawless'.,English Subjects,Synonyms
Choose the word that is opposite in meaning to 'arrive':,right,empty,depart,pull,C,'depart' is opposite in meaning to 'arrive'.,English Subjects,Antonyms
'halt' is a synonym of which word?,slow,old,stop,strong,C,'halt' is similar in meaning to 'stop'.,English Subjects,Synonyms
"Which verb form correctly completes the sentence: ""I ___ lunch when you called.""?",will eat,have eaten,was eating,eat,C,"The sentence requires the Past Continuous form: 'was eating'. Full sentence: ""I was eating lunch when you called.""",English Subjects,Tenses
"Fill in the blank: ______ refers to ""a verb that requires a direct object to complete its meaning, e.g. 'She reads a book.'"".",a transitive verb,a collective noun,an adjective,an uncountable noun,A,"a transitive verb refers to: a verb that requires a direct object to complete its meaning, e.g. 'She reads a book.'",English Subjects,Parts of Speech
Which word is a antonym of 'give'?,pull,poor,take,exclude,C,'take' is opposite in meaning to 'give'.,English Subjects,Antonyms
Choose the correct article to fill the blank: '___ one-eyed pirate',a,no article,an,the,A,"'one-eyed pirate' starts with a consonant sound, so the correct article is 'a'.",English Subjects,Articles
Choose the word that is similar in meaning to 'slow':,sluggish,quick,weep,flawless,A,'sluggish' is similar in meaning to 'slow'.,English Subjects,Synonyms
'forbid' is a antonym of which word?,wet,loud,permit,accept,C,'forbid' is opposite in meaning to 'permit'.,English Subjects,Antonyms
Choose the word that is similar in meaning to 'laugh':,near,genuine,chuckle,disapprove,C,'chuckle' is similar in meaning to 'laugh'.,English Subjects,Synonyms
Which word is a synonym of 'useless'?,deceitful,worthless,joyful,commence,B,'worthless' is similar in meaning to 'useless'.,English Subjects,Synonyms
'timid' is a synonym of which word?,real,shy,show,thick,B,'timid' is similar in meaning to 'shy'.,English Subjects,Synonyms
'joyful' is a synonym of which word?,important,keep,nervous,happy,D,'joyful' is similar in meaning to 'happy'.,English Subjects,Synonyms
Which word is a synonym of 'strong'?,silent,harsh,retain,powerful,D,'powerful' is similar in meaning to 'strong'.,English Subjects,Synonyms
Choose the correct article to fill the blank: '___ idea',a,an,the,no article,B,"'idea' starts with a vowel sound, so the correct article is 'an'.",English Subjects,Articles
What is an adjective?,"a word used in place of a noun, such as he, she, it, or they","a noun that names a specific person, place, or thing and begins with a capital letter","a noun that names a general person, place, or thing",a word that describes or modifies a noun,D,an adjective is: a word that describes or modifies a noun,English Subjects,Parts of Speech
Which word is similar in meaning to 'cautious'?,expensive,serious,slow,careful,D,'careful' is similar in meaning to 'cautious'.,English Subjects,Synonyms
'reply' is a synonym of which word?,answer,cheap,old,far,A,'reply' is similar in meaning to 'answer'.,English Subjects,Synonyms
'furious' is a synonym of which word?,hot,rare,angry,begin,C,'furious' is similar in meaning to 'angry'.,English Subjects,Synonyms
'shallow' is a synonym of which word?,dirty,quiet,careless,low,D,'shallow' is similar in meaning to 'low'.,English Subjects,Synonyms
Choose the word that is opposite in meaning to 'optimist':,innocent,export,low,pessimist,D,'pessimist' is opposite in meaning to 'optimist'.,English Subjects,Antonyms
Choose the word that is opposite in meaning to 'light':,sad,hate,forget,dark,D,'dark' is opposite in meaning to 'light'.,English Subjects,Antonyms
"Which term matches this description: ""a verb tense used to describe habitual actions or general facts, e.g. 'She walks to school.'""?",the past perfect tense,the simple past tense,the simple present tense,the past continuous tense,C,"The description matches the simple present tense: a verb tense used to describe habitual actions or general facts, e.g. 'She walks to school.'",English Subjects,Tenses
Which word is a synonym of 'lose'?,misplace,wealthy,renowned,courageous,A,'misplace' is similar in meaning to 'lose'.,English Subjects,Synonyms
'defeat' is a antonym of which word?,victory,push,rich,ancient,A,'defeat' is opposite in meaning to 'victory'.,English Subjects,Antonyms
Which word is similar in meaning to 'grab'?,fake,slow,happy,take,D,'take' is similar in meaning to 'grab'.,English Subjects,Synonyms
Choose the correct article to fill the blank: '___ mango',an,a,no article,the,B,"'mango' starts with a consonant sound, so the correct article is 'a'.",English Subjects,Articles
Choose the word that is similar in meaning to 'hurt':,sorrowful,frigid,quick,injure,D,'injure' is similar in meaning to 'hurt'.,English Subjects,Synonyms
Choose the word that is opposite in meaning to 'gather':,fail,scatter,stingy,shrink,B,'scatter' is opposite in meaning to 'gather'.,English Subjects,Antonyms
Which word is a synonym of 'new'?,correct,modern,hazardous,slender,B,'modern' is similar in meaning to 'new'.,English Subjects,Synonyms
Which word is a synonym of 'stupid'?,foolish,peaceful,vacant,slim,A,'foolish' is similar in meaning to 'stupid'.,English Subjects,Synonyms
Which word is a synonym of 'dangerous'?,discover,shallow,distant,hazardous,D,'hazardous' is similar in meaning to 'dangerous'.,English Subjects,Synonyms
'arrogant' is a antonym of which word?,clean,humble,accept,generous,B,'arrogant' is opposite in meaning to 'humble'.,English Subjects,Antonyms
Choose the word that is similar in meaning to 'careful':,counterfeit,joyful,cautious,weightless,C,'cautious' is similar in meaning to 'careful'.,English Subjects,Synonyms
Choose the word that is opposite in meaning to 'begin':,innocent,end,fake,decrease,B,'end' is opposite in meaning to 'begin'.,English Subjects,Antonyms
Choose the word that is similar in meaning to 'jump':,foolish,leap,broad,shatter,B,'leap' is similar in meaning to 'jump'.,English Subjects,Synonyms
Choose the word that is similar in meaning to 'build':,construct,discover,filthy,stroll,A,'construct' is similar in meaning to 'build'.,English Subjects,Synonyms
Which word is similar in meaning to 'scorching'?,easy,hot,help,small,B,'hot' is similar in meaning to 'scorching'.,English Subjects,Synonyms
"Fill in the blank: ______ refers to ""a word that expresses an action, occurrence, or state of being"".",a verb,a countable noun,a conjunction,an article,A,"a verb refers to: a word that expresses an action, occurrence, or state of being",English Subjects,Parts of Speech
Which statement correctly describes a subject in a sentence?,a sentence with one independent clause and at least one dependent clause,the part of a sentence that contains the verb and gives information about the subject,"the person, place, or thing that performs the action of the verb",a group of related words that does not contain a subject and verb pair,C,"By definition, a subject in a sentence is: the person, place, or thing that performs the action of the verb",English Subjects,Sentence Structure
'minor' is a antonym of which word?,open,early,interior,major,D,'minor' is opposite in meaning to 'major'.,English Subjects,Antonyms
'discover' is a synonym of which word?,find,wrong,look,dislike,A,'discover' is similar in meaning to 'find'.,English Subjects,Synonyms
Which statement correctly describes an uncountable noun?,"a word that shows the relationship between a noun/pronoun and other words in a sentence, such as in, on, or under","a noun that cannot be counted and typically has no plural form, such as 'water' or 'information'",a word that describes or modifies a noun,"a noun that names a general person, place, or thing",B,"By definition, an uncountable noun is: a noun that cannot be counted and typically has no plural form, such as 'water' or 'information'",English Subjects,Parts of Speech
Which word is a antonym of 'remember'?,dark,forget,modern,dirty,B,'forget' is opposite in meaning to 'remember'.,English Subjects,Antonyms
Which article correctly precedes the word 'MBA graduate'?,an,a,no article,the,A,"'MBA graduate' starts with a vowel sound, so the correct article is 'an'.",English Subjects,Articles
Which word is opposite in meaning to 'depart'?,arrive,big,raise,full,A,'arrive' is opposite in meaning to 'depart'.,English Subjects,Antonyms
'significant' is a synonym of which word?,stop,important,like,rare,B,'significant' is similar in meaning to 'important'.,English Subjects,Synonyms
Choose the word that is similar in meaning to 'make':,create,large,uncommon,slim,A,'create' is similar in meaning to 'make'.,English Subjects,Synonyms
"Identify the correctly completed sentence's tense: ""She walks to the market every day."" — which tense is used?",Simple Present,Present Continuous,Past Perfect,Present Perfect,A,"The sentence ""She walks to the market every day."" is written in the Simple Present tense.",English Subjects,Tenses
Choose the word that is opposite in meaning to 'wet':,dry,modern,arrogant,soft,A,'dry' is opposite in meaning to 'wet'.,English Subjects,Antonyms
'impolite' is a synonym of which word?,hot,strong,rude,begin,C,'impolite' is similar in meaning to 'rude'.,English Subjects,Synonyms
Which article correctly precedes the word 'table'?,the,no article,an,a,D,"'table' starts with a consonant sound, so the correct article is 'a'.",English Subjects,Articles
What is the simple present tense?,"a verb tense used for actions completed before another past action, e.g. 'She had walked to school before it rained.'","a verb tense used for actions that were ongoing in the past, e.g. 'She was walking to school.'","a verb tense used to describe actions that will happen, e.g. 'She will walk to school.'","a verb tense used to describe habitual actions or general facts, e.g. 'She walks to school.'",D,"the simple present tense is: a verb tense used to describe habitual actions or general facts, e.g. 'She walks to school.'",English Subjects,Tenses
What is an indirect (reported) speech sentence?,"a verb that does not require a direct object, e.g. 'She sleeps.'","a word that expresses an action, occurrence, or state of being","a phrase whose meaning cannot be understood from the individual words, e.g. 'break the ice'",a sentence that reports what someone said without using their exact words,D,an indirect (reported) speech sentence is: a sentence that reports what someone said without using their exact words,English Subjects,Speech
Choose the word that is similar in meaning to 'common':,ordinary,weep,distant,shatter,A,'ordinary' is similar in meaning to 'common'.,English Subjects,Synonyms
"Which verb form correctly completes the sentence: ""By the time we arrived, the movie ___.""?",has started,starts,had started,started,C,"The sentence requires the Past Perfect form: 'had started'. Full sentence: ""By the time we arrived, the movie had started.""",English Subjects,Tenses
Which statement correctly describes alliteration?,a word that is spelled and/or pronounced the same as another word but has a different meaning,a word that has the same or nearly the same meaning as another word,"a noun that names a specific person, place, or thing and begins with a capital letter","the repetition of the same initial consonant sound in nearby words, e.g. 'she sells seashells'",D,"By definition, alliteration is: the repetition of the same initial consonant sound in nearby words, e.g. 'she sells seashells'",English Subjects,Literary Devices
'dark' is a antonym of which word?,early,raise,include,light,D,'dark' is opposite in meaning to 'light'.,English Subjects,Antonyms
Which word is similar in meaning to 'accurate'?,true,difficult,far,cruel,A,'true' is similar in meaning to 'accurate'.,English Subjects,Synonyms
Choose the word that is opposite in meaning to 'safe':,dangerous,light,sell,hate,A,'dangerous' is opposite in meaning to 'safe'.,English Subjects,Antonyms
Which word is a antonym of 'increase'?,quiet,sad,decrease,night,C,'decrease' is opposite in meaning to 'increase'.,English Subjects,Antonyms
Which word is a antonym of 'rich'?,dark,end,soft,poor,D,'poor' is opposite in meaning to 'rich'.,English Subjects,Antonyms
Choose the correct article to fill the blank: '___ computer',no article,an,the,a,D,"'computer' starts with a consonant sound, so the correct article is 'a'.",English Subjects,Articles
Choose the word that is similar in meaning to 'strong':,shallow,powerful,sorrowful,flawless,B,'powerful' is similar in meaning to 'strong'.,English Subjects,Synonyms
"Which term matches this description: ""a word that shows the relationship between a noun/pronoun and other words in a sentence, such as in, on, or under""?",a common noun,an adjective,a preposition,a pronoun,C,"The description matches a preposition: a word that shows the relationship between a noun/pronoun and other words in a sentence, such as in, on, or under",English Subjects,Parts of Speech
Which word is a synonym of 'empty'?,observe,stroll,vacant,initiate,C,'vacant' is similar in meaning to 'empty'.,English Subjects,Synonyms
Choose the word that is similar in meaning to 'begin':,leap,correct,feeble,commence,D,'commence' is similar in meaning to 'begin'.,English Subjects,Synonyms
Which article correctly precedes the word 'apple'?,the,an,no article,a,B,"'apple' starts with a vowel sound, so the correct article is 'an'.",English Subjects,Articles
What is a modal verb?,"a word or phrase that expresses strong emotion, such as 'Wow!' or 'Ouch!'","an auxiliary verb that expresses necessity, possibility, or ability, such as can, could, must, or should","a verb that does not require a direct object, e.g. 'She sleeps.'",a noun that can be counted and has both singular and plural forms,B,"a modal verb is: an auxiliary verb that expresses necessity, possibility, or ability, such as can, could, must, or should",English Subjects,Parts of Speech
Choose the word that is similar in meaning to 'empty':,conclude,vacant,deceitful,powerful,B,'vacant' is similar in meaning to 'empty'.,English Subjects,Synonyms
"Which term matches this description: ""a word that modifies a verb, adjective, or another adverb, often describing how, when, or where""?",an adverb,a countable noun,an interjection,a conjunction,A,"The description matches an adverb: a word that modifies a verb, adjective, or another adverb, often describing how, when, or where",English Subjects,Parts of Speech
Choose the word that is similar in meaning to 'low':,shallow,observe,incorrect,broad,A,'shallow' is similar in meaning to 'low'.,English Subjects,Synonyms
Choose the word that is similar in meaning to 'easy':,stroll,antique,untrue,simple,D,'simple' is similar in meaning to 'easy'.,English Subjects,Synonyms
Which word is a synonym of 'dirty'?,distant,filthy,dash,gentle,B,'filthy' is similar in meaning to 'dirty'.,English Subjects,Synonyms
"Fill in the blank: ______ refers to ""a verb tense used to describe habitual actions or general facts, e.g. 'She walks to school.'"".",the simple past tense,the present perfect tense,the simple present tense,the past perfect tense,C,"the simple present tense refers to: a verb tense used to describe habitual actions or general facts, e.g. 'She walks to school.'",English Subjects,Tenses
"Complete the sentence correctly: ""They ___ football yesterday.""",are playing,will play,played,play,C,"The sentence requires the Simple Past form: 'played'. Full sentence: ""They played football yesterday.""",English Subjects,Tenses
What is a collective noun?,"a word used in place of a noun, such as he, she, it, or they","a noun that cannot be counted and typically has no plural form, such as 'water' or 'information'","a noun that refers to a group of people or things, such as 'team' or 'flock'","a verb that requires a direct object to complete its meaning, e.g. 'She reads a book.'",C,"a collective noun is: a noun that refers to a group of people or things, such as 'team' or 'flock'",English Subjects,Parts of Speech
"Which term matches this description: ""a word (a, an, the) used before a noun to specify definiteness""?",a common noun,a modal verb,a preposition,an article,D,"The description matches an article: a word (a, an, the) used before a noun to specify definiteness",English Subjects,Parts of Speech
Choose the word that is similar in meaning to 'wide':,broad,beneficial,worthless,deceitful,A,'broad' is similar in meaning to 'wide'.,English Subjects,Synonyms
Choose the word that is similar in meaning to 'cruel':,large,challenging,harsh,commence,C,'harsh' is similar in meaning to 'cruel'.,English Subjects,Synonyms
Which word is similar in meaning to 'massive'?,heavy,slow,honest,thick,A,'heavy' is similar in meaning to 'massive'.,English Subjects,Synonyms
Which word is similar in meaning to 'donate'?,give,start,dirty,walk,A,'give' is similar in meaning to 'donate'.,English Subjects,Synonyms
Choose the word that is opposite in meaning to 'increase':,old,dry,decrease,fake,C,'decrease' is opposite in meaning to 'increase'.,English Subjects,Antonyms
What is a countable noun?,a noun that can be counted and has both singular and plural forms,"a verb that does not require a direct object, e.g. 'She sleeps.'","a word that expresses an action, occurrence, or state of being","a noun that names a specific person, place, or thing and begins with a capital letter",A,a countable noun is: a noun that can be counted and has both singular and plural forms,English Subjects,Parts of Speech
'challenging' is a synonym of which word?,dangerous,difficult,show,ancient,B,'challenging' is similar in meaning to 'difficult'.,English Subjects,Synonyms
"Which verb form correctly completes the sentence: ""They ___ dinner when the power went out.""?",have,will have,had,were having,D,"The sentence requires the Past Continuous form: 'were having'. Full sentence: ""They were having dinner when the power went out.""",English Subjects,Tenses
"Identify the correctly completed sentence's tense: ""She had written the letter before he arrived."" — which tense is used?",Present Continuous,Simple Present,Past Continuous,Past Perfect,D,"The sentence ""She had written the letter before he arrived."" is written in the Past Perfect tense.",English Subjects,Tenses
'genuine' is a synonym of which word?,real,nervous,serious,smart,A,'genuine' is similar in meaning to 'real'.,English Subjects,Synonyms
'take' is a antonym of which word?,open,advance,brave,give,D,'take' is opposite in meaning to 'give'.,English Subjects,Antonyms
Which word is opposite in meaning to 'pull'?,push,attack,major,day,A,'push' is opposite in meaning to 'pull'.,English Subjects,Antonyms
Which word is a antonym of 'strong'?,complex,weak,right,dry,B,'weak' is opposite in meaning to 'strong'.,English Subjects,Antonyms
Which word is similar in meaning to 'counterfeit'?,common,fake,stupid,slow,B,'fake' is similar in meaning to 'counterfeit'.,English Subjects,Synonyms
What is a homophone?,"a word that is pronounced the same as another word but has a different meaning or spelling, e.g. 'flower' and 'flour'","a verb tense used to describe completed actions in the past, e.g. 'She walked to school.'","a noun that refers to a group of people or things, such as 'team' or 'flock'","an auxiliary verb that expresses necessity, possibility, or ability, such as can, could, must, or should",A,"a homophone is: a word that is pronounced the same as another word but has a different meaning or spelling, e.g. 'flower' and 'flour'",English Subjects,Vocabulary
Choose the word that is similar in meaning to 'shy':,ordinary,timid,silent,deceitful,B,'timid' is similar in meaning to 'shy'.,English Subjects,Synonyms
"Which term matches this description: ""a sentence in which the subject receives the action, e.g. 'The mouse was chased by the cat.'""?",a passive voice sentence,a homonym,the present continuous tense,a noun,A,"The description matches a passive voice sentence: a sentence in which the subject receives the action, e.g. 'The mouse was chased by the cat.'",English Subjects,Voice
What is personification?,"a figure of speech giving human qualities to non-human things, e.g. 'The wind whispered'",the part of a sentence that contains the verb and gives information about the subject,"a word or phrase that expresses strong emotion, such as 'Wow!' or 'Ouch!'","a sentence in which the subject performs the action, e.g. 'The cat chased the mouse.'",A,"personification is: a figure of speech giving human qualities to non-human things, e.g. 'The wind whispered'",English Subjects,Literary Devices
'intelligent' is a synonym of which word?,easy,stupid,useless,smart,D,'intelligent' is similar in meaning to 'smart'.,English Subjects,Synonyms
"Fill in the blank: ______ refers to ""a figure of speech that compares two things using 'like' or 'as', e.g. 'as brave as a lion'"".",a modal verb,a countable noun,the present continuous tense,a simile,D,"a simile refers to: a figure of speech that compares two things using 'like' or 'as', e.g. 'as brave as a lion'",English Subjects,Literary Devices
What is alliteration?,"the person, place, or thing that performs the action of the verb","a noun that names a general person, place, or thing","a verb tense used for actions happening right now, e.g. 'She is walking to school.'","the repetition of the same initial consonant sound in nearby words, e.g. 'she sells seashells'",D,"alliteration is: the repetition of the same initial consonant sound in nearby words, e.g. 'she sells seashells'",English Subjects,Literary Devices
Which word is a synonym of 'full'?,complete,construct,ancient,quick,A,'complete' is similar in meaning to 'full'.,English Subjects,Synonyms
Which word is opposite in meaning to 'private'?,strong,day,public,wide,C,'public' is opposite in meaning to 'private'.,English Subjects,Antonyms
Which article correctly precedes the word 'kite'?,the,no article,an,a,D,"'kite' starts with a consonant sound, so the correct article is 'a'.",English Subjects,Articles
Which word is a synonym of 'show'?,noisy,feeble,halt,display,D,'display' is similar in meaning to 'show'.,English Subjects,Synonyms
Which word is a synonym of 'beautiful'?,harsh,chuckle,foolish,gorgeous,D,'gorgeous' is similar in meaning to 'beautiful'.,English Subjects,Synonyms
'purchase' is a synonym of which word?,useful,run,difficult,buy,D,'purchase' is similar in meaning to 'buy'.,English Subjects,Synonyms
"Which term matches this description: ""a verb tense used to describe completed actions in the past, e.g. 'She walked to school.'""?",the simple past tense,the present perfect tense,the past continuous tense,the present continuous tense,A,"The description matches the simple past tense: a verb tense used to describe completed actions in the past, e.g. 'She walked to school.'",English Subjects,Tenses
Which article correctly precedes the word 'elephant'?,a,the,an,no article,C,"'elephant' starts with a vowel sound, so the correct article is 'an'.",English Subjects,Articles
Which word is opposite in meaning to 'sad'?,genuine,young,happy,optimist,C,'happy' is opposite in meaning to 'sad'.,English Subjects,Antonyms
Choose the word that is similar in meaning to 'find':,peaceful,hazardous,discover,weep,C,'discover' is similar in meaning to 'find'.,English Subjects,Synonyms
Which word is a synonym of 'wrong'?,sluggish,dim,incorrect,shatter,C,'incorrect' is similar in meaning to 'wrong'.,English Subjects,Synonyms
Choose the word that is opposite in meaning to 'major':,defend,minor,dry,down,B,'minor' is opposite in meaning to 'major'.,English Subjects,Antonyms
Choose the word that is opposite in meaning to 'big':,small,closed,dirty,decrease,A,'small' is opposite in meaning to 'big'.,English Subjects,Antonyms
Choose the word that is similar in meaning to 'narrow':,slim,frigid,cunning,assist,A,'slim' is similar in meaning to 'narrow'.,English Subjects,Synonyms
Which statement correctly describes a homonym?,"a noun that cannot be counted and typically has no plural form, such as 'water' or 'information'",a sentence with only one independent clause,"a noun that names a specific person, place, or thing and begins with a capital letter",a word that is spelled and/or pronounced the same as another word but has a different meaning,D,"By definition, a homonym is: a word that is spelled and/or pronounced the same as another word but has a different meaning",English Subjects,Vocabulary
Which word is a antonym of 'up'?,down,retreat,forget,take,A,'down' is opposite in meaning to 'up'.,English Subjects,Antonyms
Which word is similar in meaning to 'broad'?,wide,dislike,narrow,dark,A,'wide' is similar in meaning to 'broad'.,English Subjects,Synonyms
Which word is a synonym of 'clever'?,sorrowful,reply,cunning,display,C,'cunning' is similar in meaning to 'clever'.,English Subjects,Synonyms
'scorching' is a synonym of which word?,high,expensive,hot,make,C,'scorching' is similar in meaning to 'hot'.,English Subjects,Synonyms
'deceitful' is a synonym of which word?,dishonest,clean,talk,build,A,'deceitful' is similar in meaning to 'dishonest'.,English Subjects,Synonyms
'anxious' is a synonym of which word?,real,nervous,polite,fast,B,'anxious' is similar in meaning to 'nervous'.,English Subjects,Synonyms
"Fill in the blank: ______ refers to ""a group of related words that does not contain a subject and verb pair"".",a subject in a sentence,a clause,a complex sentence,a phrase,D,a phrase refers to: a group of related words that does not contain a subject and verb pair,English Subjects,Sentence Structure
Which word is a synonym of 'cruel'?,filthy,retain,harsh,cunning,C,'harsh' is similar in meaning to 'cruel'.,English Subjects,Synonyms
"Fill in the blank: ______ refers to ""a sentence that reports what someone said without using their exact words"".",the simple past tense,a conjunction,an indirect (reported) speech sentence,a common noun,C,an indirect (reported) speech sentence refers to: a sentence that reports what someone said without using their exact words,English Subjects,Speech
Which word is similar in meaning to 'inquire'?,useful,ask,cry,poor,B,'ask' is similar in meaning to 'inquire'.,English Subjects,Synonyms
'tiny' is a synonym of which word?,end,nervous,serious,small,D,'tiny' is similar in meaning to 'small'.,English Subjects,Synonyms
Choose the correct article to fill the blank: '___ window',a,the,an,no article,A,"'window' starts with a consonant sound, so the correct article is 'a'.",English Subjects,Articles
"Fill in the blank: ______ refers to ""a word that has the same or nearly the same meaning as another word"".",a synonym,a preposition,a complex sentence,the past perfect tense,A,a synonym refers to: a word that has the same or nearly the same meaning as another word,English Subjects,Vocabulary
Which word is a synonym of 'loud'?,noisy,radiant,worthless,inquire,A,'noisy' is similar in meaning to 'loud'.,English Subjects,Synonyms
Which article correctly precedes the word 'computer'?,the,an,no article,a,D,"'computer' starts with a consonant sound, so the correct article is 'a'.",English Subjects,Articles
"Fill in the blank: ______ refers to ""a word that describes or modifies a noun"".",an uncountable noun,an adjective,a noun,an adverb,B,an adjective refers to: a word that describes or modifies a noun,English Subjects,Parts of Speech
'pull' is a antonym of which word?,push,full,win,remember,A,'pull' is opposite in meaning to 'push'.,English Subjects,Antonyms
"Which verb form correctly completes the sentence: ""She ___ the letter before he arrived.""?",is writing,writes,wrote,had written,D,"The sentence requires the Past Perfect form: 'had written'. Full sentence: ""She had written the letter before he arrived.""",English Subjects,Tenses
Which article correctly precedes the word 'architect'?,a,the,an,no article,C,"'architect' starts with a vowel sound, so the correct article is 'an'.",English Subjects,Articles
'flawless' is a synonym of which word?,serious,keep,perfect,small,C,'flawless' is similar in meaning to 'perfect'.,English Subjects,Synonyms
Which word is opposite in meaning to 'old'?,wise,thick,young,simple,C,'young' is opposite in meaning to 'old'.,English Subjects,Antonyms
Which word is a antonym of 'loud'?,dangerous,quiet,disagree,defeat,B,'quiet' is opposite in meaning to 'loud'.,English Subjects,Antonyms
What is a direct speech sentence?,"the repetition of the same initial consonant sound in nearby words, e.g. 'she sells seashells'","a noun that names a general person, place, or thing","a sentence that reports the exact words spoken by someone, usually in quotation marks","a noun that cannot be counted and typically has no plural form, such as 'water' or 'information'",C,"a direct speech sentence is: a sentence that reports the exact words spoken by someone, usually in quotation marks",English Subjects,Speech
Which article correctly precedes the word 'car'?,the,no article,an,a,D,"'car' starts with a consonant sound, so the correct article is 'a'.",English Subjects,Articles
Choose the word that is similar in meaning to 'hot':,scorching,modern,enjoy,joyful,A,'scorching' is similar in meaning to 'hot'.,English Subjects,Synonyms
'false' is a antonym of which word?,true,accept,brave,victory,A,'false' is opposite in meaning to 'true'.,English Subjects,Antonyms
"Fill in the blank: ______ refers to ""a verb that does not require a direct object, e.g. 'She sleeps.'"".",an intransitive verb,a collective noun,an adverb,a verb,A,"an intransitive verb refers to: a verb that does not require a direct object, e.g. 'She sleeps.'",English Subjects,Parts of Speech
Which article correctly precedes the word 'vase'?,a,an,no article,the,A,"'vase' starts with a consonant sound, so the correct article is 'a'.",English Subjects,Articles
Which word is similar in meaning to 'distant'?,stop,low,take,far,D,'far' is similar in meaning to 'distant'.,English Subjects,Synonyms
'uncommon' is a synonym of which word?,rare,brave,wrong,fast,A,'uncommon' is similar in meaning to 'rare'.,English Subjects,Synonyms
"Complete the sentence correctly: ""I ___ this book twice already.""",have read,read,will read,was reading,A,"The sentence requires the Present Perfect form: 'have read'. Full sentence: ""I have read this book twice already.""",English Subjects,Tenses
Which word is similar in meaning to 'weep'?,narrow,modern,cry,hurt,C,'cry' is similar in meaning to 'weep'.,English Subjects,Synonyms
'dangerous' is a antonym of which word?,safe,high,day,succeed,A,'dangerous' is opposite in meaning to 'safe'.,English Subjects,Antonyms
Which statement correctly describes a preposition?,"a noun that refers to a group of people or things, such as 'team' or 'flock'","a word (a, an, the) used before a noun to specify definiteness","a word that shows the relationship between a noun/pronoun and other words in a sentence, such as in, on, or under","a noun that names a specific person, place, or thing and begins with a capital letter",C,"By definition, a preposition is: a word that shows the relationship between a noun/pronoun and other words in a sentence, such as in, on, or under",English Subjects,Parts of Speech
Which word is a synonym of 'light'?,challenging,misplace,conclude,weightless,D,'weightless' is similar in meaning to 'light'.,English Subjects,Synonyms
'peaceful' is a synonym of which word?,calm,ask,brave,empty,A,'peaceful' is similar in meaning to 'calm'.,English Subjects,Synonyms
Which statement correctly describes a pronoun?,"a word that connects words, phrases, or clauses, such as and, but, or because","a word used in place of a noun, such as he, she, it, or they","a noun that refers to a group of people or things, such as 'team' or 'flock'","a noun that names a specific person, place, or thing and begins with a capital letter",B,"By definition, a pronoun is: a word used in place of a noun, such as he, she, it, or they",English Subjects,Parts of Speech
'dirty' is a antonym of which word?,agree,clean,safe,happy,B,'dirty' is opposite in meaning to 'clean'.,English Subjects,Antonyms
Which article correctly precedes the word 'pencil'?,no article,a,the,an,B,"'pencil' starts with a consonant sound, so the correct article is 'a'.",English Subjects,Articles
'exclude' is a antonym of which word?,attack,high,kind,include,D,'exclude' is opposite in meaning to 'include'.,English Subjects,Antonyms
Choose the word that is similar in meaning to 'help':,impolite,slim,weep,assist,D,'assist' is similar in meaning to 'help'.,English Subjects,Synonyms
What is a passive voice sentence?,"a verb tense used for actions completed at an unspecified time before now, e.g. 'She has walked to school.'","a word that is pronounced the same as another word but has a different meaning or spelling, e.g. 'flower' and 'flour'","a sentence in which the subject receives the action, e.g. 'The mouse was chased by the cat.'",a word that has the same or nearly the same meaning as another word,C,"a passive voice sentence is: a sentence in which the subject receives the action, e.g. 'The mouse was chased by the cat.'",English Subjects,Voice
Choose the correct article to fill the blank: '___ architect',the,a,an,no article,C,"'architect' starts with a vowel sound, so the correct article is 'an'.",English Subjects,Articles
'contract' is a antonym of which word?,wet,succeed,expand,early,C,'contract' is opposite in meaning to 'expand'.,English Subjects,Antonyms
"Complete the sentence correctly: ""By the time we arrived, the movie ___.""",starts,started,had started,has started,C,"The sentence requires the Past Perfect form: 'had started'. Full sentence: ""By the time we arrived, the movie had started.""",English Subjects,Tenses
"Which term matches this description: ""a word that is pronounced the same as another word but has a different meaning or spelling, e.g. 'flower' and 'flour'""?",a homophone,a pronoun,an adverb,the past continuous tense,A,"The description matches a homophone: a word that is pronounced the same as another word but has a different meaning or spelling, e.g. 'flower' and 'flour'",English Subjects,Vocabulary
"Which term matches this description: ""a group of words containing a subject and a verb""?",a subject in a sentence,a predicate in a sentence,a phrase,a clause,D,The description matches a clause: a group of words containing a subject and a verb,English Subjects,Sentence Structure
Choose the word that is similar in meaning to 'dangerous':,detest,significant,impolite,hazardous,D,'hazardous' is similar in meaning to 'dangerous'.,English Subjects,Synonyms
Choose the word that is similar in meaning to 'quiet':,silent,adore,dim,truthful,A,'silent' is similar in meaning to 'quiet'.,English Subjects,Synonyms
'cunning' is a synonym of which word?,clever,calm,kind,make,A,'cunning' is similar in meaning to 'clever'.,English Subjects,Synonyms
Which word is a antonym of 'wide'?,low,lose,narrow,dirty,C,'narrow' is opposite in meaning to 'wide'.,English Subjects,Antonyms
Which word is similar in meaning to 'leap'?,jump,sad,happy,thick,A,'jump' is similar in meaning to 'leap'.,English Subjects,Synonyms
'dense' is a synonym of which word?,thick,safe,true,famous,A,'dense' is similar in meaning to 'thick'.,English Subjects,Synonyms
Which word is a antonym of 'agree'?,disagree,complex,forget,innocent,A,'disagree' is opposite in meaning to 'agree'.,English Subjects,Antonyms
What is an active voice sentence?,"a word that is pronounced the same as another word but has a different meaning or spelling, e.g. 'flower' and 'flour'","an auxiliary verb that expresses necessity, possibility, or ability, such as can, could, must, or should","a sentence in which the subject performs the action, e.g. 'The cat chased the mouse.'","a word that names a person, place, thing, or idea",C,"an active voice sentence is: a sentence in which the subject performs the action, e.g. 'The cat chased the mouse.'",English Subjects,Voice
Which word is a antonym of 'major'?,minor,end,disagree,foolish,A,'minor' is opposite in meaning to 'major'.,English Subjects,Antonyms
Which word is similar in meaning to 'impoverished'?,poor,clean,empty,find,A,'poor' is similar in meaning to 'impoverished'.,English Subjects,Synonyms
'night' is a antonym of which word?,heavy,permit,day,left,C,'night' is opposite in meaning to 'day'.,English Subjects,Antonyms
"Fill in the blank: ______ refers to ""a verb tense used to describe actions that will happen, e.g. 'She will walk to school.'"".",the simple future tense,the present perfect tense,the past perfect tense,the simple present tense,A,"the simple future tense refers to: a verb tense used to describe actions that will happen, e.g. 'She will walk to school.'",English Subjects,Tenses
Which article correctly precedes the word 'igloo'?,no article,the,an,a,C,"'igloo' starts with a vowel sound, so the correct article is 'an'.",English Subjects,Articles
Which word is a synonym of 'end'?,conclude,challenging,donate,slender,A,'conclude' is similar in meaning to 'end'.,English Subjects,Synonyms
Which word is similar in meaning to 'obscure'?,full,unknown,angry,big,B,'unknown' is similar in meaning to 'obscure'.,English Subjects,Synonyms
Choose the correct article to fill the blank: '___ mountain',the,a,no article,an,B,"'mountain' starts with a consonant sound, so the correct article is 'a'.",English Subjects,Articles
"Fill in the blank: ______ refers to ""the part of a sentence that contains the verb and gives information about the subject"".",a compound sentence,a subject in a sentence,a predicate in a sentence,a simple sentence,C,a predicate in a sentence refers to: the part of a sentence that contains the verb and gives information about the subject,English Subjects,Sentence Structure
Which word is similar in meaning to 'uncommon'?,rare,beautiful,break,quiet,A,'rare' is similar in meaning to 'uncommon'.,English Subjects,Synonyms
Choose the word that is similar in meaning to 'end':,conclude,courteous,cunning,ordinary,A,'conclude' is similar in meaning to 'end'.,English Subjects,Synonyms
Which word is similar in meaning to 'retain'?,love,run,keep,small,C,'keep' is similar in meaning to 'retain'.,English Subjects,Synonyms
'vacant' is a synonym of which word?,heavy,empty,clever,perfect,B,'vacant' is similar in meaning to 'empty'.,English Subjects,Synonyms
"Which term matches this description: ""the part of a sentence that contains the verb and gives information about the subject""?",a phrase,a compound sentence,a simple sentence,a predicate in a sentence,D,The description matches a predicate in a sentence: the part of a sentence that contains the verb and gives information about the subject,English Subjects,Sentence Structure
Which word is similar in meaning to 'costly'?,love,perfect,sad,expensive,D,'expensive' is similar in meaning to 'costly'.,English Subjects,Synonyms
Which word is a antonym of 'left'?,decrease,empty,right,sad,C,'right' is opposite in meaning to 'left'.,English Subjects,Antonyms
Which word is opposite in meaning to 'empty'?,full,wise,push,thick,A,'full' is opposite in meaning to 'empty'.,English Subjects,Antonyms
"Identify the correctly completed sentence's tense: ""By next year, she will have completed her degree."" — which tense is used?",Future Perfect,Simple Past,Present Continuous,Past Perfect,A,"The sentence ""By next year, she will have completed her degree."" is written in the Future Perfect tense.",English Subjects,Tenses
Which word is opposite in meaning to 'sell'?,smooth,buy,import,major,B,'buy' is opposite in meaning to 'sell'.,English Subjects,Antonyms
Choose the word that is opposite in meaning to 'expand':,complex,contract,narrow,cruel,B,'contract' is opposite in meaning to 'expand'.,English Subjects,Antonyms
Which statement correctly describes a collective noun?,"a verb that requires a direct object to complete its meaning, e.g. 'She reads a book.'","a verb that does not require a direct object, e.g. 'She sleeps.'","a noun that refers to a group of people or things, such as 'team' or 'flock'","a noun that names a general person, place, or thing",C,"By definition, a collective noun is: a noun that refers to a group of people or things, such as 'team' or 'flock'",English Subjects,Parts of Speech
'slender' is a synonym of which word?,common,dirty,cry,thin,D,'slender' is similar in meaning to 'thin'.,English Subjects,Synonyms
What is a simple sentence?,the part of a sentence that contains the verb and gives information about the subject,"the person, place, or thing that performs the action of the verb",a group of words containing a subject and a verb,a sentence with only one independent clause,D,a simple sentence is: a sentence with only one independent clause,English Subjects,Sentence Structure
"Which term matches this description: ""a figure of speech that compares two things using 'like' or 'as', e.g. 'as brave as a lion'""?",alliteration,an interjection,a simile,a modal verb,C,"The description matches a simile: a figure of speech that compares two things using 'like' or 'as', e.g. 'as brave as a lion'",English Subjects,Literary Devices
Which statement correctly describes a clause?,a group of related words that does not contain a subject and verb pair,"the person, place, or thing that performs the action of the verb",the part of a sentence that contains the verb and gives information about the subject,a group of words containing a subject and a verb,D,"By definition, a clause is: a group of words containing a subject and a verb",English Subjects,Sentence Structure
Which statement correctly describes an interjection?,"a word that shows the relationship between a noun/pronoun and other words in a sentence, such as in, on, or under","a noun that names a general person, place, or thing","a word or phrase that expresses strong emotion, such as 'Wow!' or 'Ouch!'","a verb that does not require a direct object, e.g. 'She sleeps.'",C,"By definition, an interjection is: a word or phrase that expresses strong emotion, such as 'Wow!' or 'Ouch!'",English Subjects,Parts of Speech
Choose the correct article to fill the blank: '___ orange',the,an,no article,a,B,"'orange' starts with a vowel sound, so the correct article is 'an'.",English Subjects,Articles
Which word is a synonym of 'clean'?,purchase,spotless,sorrowful,gorgeous,B,'spotless' is similar in meaning to 'clean'.,English Subjects,Synonyms
'reject' is a antonym of which word?,accept,ancient,big,guilty,A,'reject' is opposite in meaning to 'accept'.,English Subjects,Antonyms
Which word is a synonym of 'hide'?,foolish,conceal,near,noisy,B,'conceal' is similar in meaning to 'hide'.,English Subjects,Synonyms
Choose the word that is opposite in meaning to 'high':,night,low,export,defend,B,'low' is opposite in meaning to 'high'.,English Subjects,Antonyms
Choose the correct article to fill the blank: '___ garden',no article,an,the,a,D,"'garden' starts with a consonant sound, so the correct article is 'a'.",English Subjects,Articles
'sell' is a antonym of which word?,arrive,increase,safe,buy,D,'sell' is opposite in meaning to 'buy'.,English Subjects,Antonyms
Choose the word that is similar in meaning to 'stupid':,timid,shallow,foolish,reply,C,'foolish' is similar in meaning to 'stupid'.,English Subjects,Synonyms
'cowardly' is a antonym of which word?,include,loud,simple,brave,D,'cowardly' is opposite in meaning to 'brave'.,English Subjects,Antonyms
"Which term matches this description: ""a noun that can be counted and has both singular and plural forms""?",a countable noun,an intransitive verb,an interjection,a collective noun,A,The description matches a countable noun: a noun that can be counted and has both singular and plural forms,English Subjects,Parts of Speech
Which word is opposite in meaning to 'dirty'?,true,fast,clean,attack,C,'clean' is opposite in meaning to 'dirty'.,English Subjects,Antonyms
Which word is similar in meaning to 'slim'?,narrow,build,quiet,low,A,'narrow' is similar in meaning to 'slim'.,English Subjects,Synonyms
"Identify the correctly completed sentence's tense: ""They played football yesterday."" — which tense is used?",Simple Past,Future Perfect,Present Continuous,Present Perfect,A,"The sentence ""They played football yesterday."" is written in the Simple Past tense.",English Subjects,Tenses
Which article correctly precedes the word 'hospital'?,no article,an,a,the,C,"'hospital' starts with a consonant sound, so the correct article is 'a'.",English Subjects,Articles
Which word is similar in meaning to 'peaceful'?,calm,hot,begin,useful,A,'calm' is similar in meaning to 'peaceful'.,English Subjects,Synonyms
Which word is a antonym of 'light'?,dark,dangerous,slow,defeat,A,'dark' is opposite in meaning to 'light'.,English Subjects,Antonyms
Choose the word that is opposite in meaning to 'accept':,arrogant,cruel,depart,reject,D,'reject' is opposite in meaning to 'accept'.,English Subjects,Antonyms
Which word is a synonym of 'find'?,commence,incorrect,discover,complete,C,'discover' is similar in meaning to 'find'.,English Subjects,Synonyms
Which word is a synonym of 'jump'?,leap,counterfeit,flawless,reckless,A,'leap' is similar in meaning to 'jump'.,English Subjects,Synonyms
Choose the word that is opposite in meaning to 'wide':,narrow,pessimist,criticise,right,A,'narrow' is opposite in meaning to 'wide'.,English Subjects,Antonyms
"Fill in the blank: ______ refers to ""a sentence with only one independent clause"".",a simple sentence,a compound sentence,a predicate in a sentence,a complex sentence,A,a simple sentence refers to: a sentence with only one independent clause,English Subjects,Sentence Structure
Which word is similar in meaning to 'chuckle'?,laugh,unknown,end,fake,A,'laugh' is similar in meaning to 'chuckle'.,English Subjects,Synonyms
What is the present perfect tense?,"a verb tense used for actions completed at an unspecified time before now, e.g. 'She has walked to school.'","a verb tense used to describe habitual actions or general facts, e.g. 'She walks to school.'","a verb tense used for actions happening right now, e.g. 'She is walking to school.'","a verb tense used to describe completed actions in the past, e.g. 'She walked to school.'",A,"the present perfect tense is: a verb tense used for actions completed at an unspecified time before now, e.g. 'She has walked to school.'",English Subjects,Tenses
'foolish' is a antonym of which word?,wise,generous,succeed,include,A,'foolish' is opposite in meaning to 'wise'.,English Subjects,Antonyms
Which statement correctly describes an active voice sentence?,"an auxiliary verb that expresses necessity, possibility, or ability, such as can, could, must, or should","a verb that does not require a direct object, e.g. 'She sleeps.'","a sentence in which the subject performs the action, e.g. 'The cat chased the mouse.'","a word that connects words, phrases, or clauses, such as and, but, or because",C,"By definition, an active voice sentence is: a sentence in which the subject performs the action, e.g. 'The cat chased the mouse.'",English Subjects,Voice
'disapprove' is a synonym of which word?,far,dislike,difficult,famous,B,'disapprove' is similar in meaning to 'dislike'.,English Subjects,Synonyms
Which statement correctly describes a homophone?,"a word that is pronounced the same as another word but has a different meaning or spelling, e.g. 'flower' and 'flour'",the part of a sentence that contains the verb and gives information about the subject,"a noun that names a general person, place, or thing","a figure of speech that compares two things using 'like' or 'as', e.g. 'as brave as a lion'",A,"By definition, a homophone is: a word that is pronounced the same as another word but has a different meaning or spelling, e.g. 'flower' and 'flour'",English Subjects,Vocabulary
Which statement correctly describes a predicate in a sentence?,the part of a sentence that contains the verb and gives information about the subject,"the person, place, or thing that performs the action of the verb",a group of related words that does not contain a subject and verb pair,a sentence with only one independent clause,A,"By definition, a predicate in a sentence is: the part of a sentence that contains the verb and gives information about the subject",English Subjects,Sentence Structure
Which word is a antonym of 'clean'?,end,lower,dry,dirty,D,'dirty' is opposite in meaning to 'clean'.,English Subjects,Antonyms
Choose the word that is similar in meaning to 'show':,ancient,slender,display,courageous,C,'display' is similar in meaning to 'show'.,English Subjects,Synonyms
Which word is similar in meaning to 'furious'?,perfect,angry,big,begin,B,'angry' is similar in meaning to 'furious'.,English Subjects,Synonyms
"Complete the sentence correctly: ""She ___ to the market every day.""",will walk,walks,walked,is walking,B,"The sentence requires the Simple Present form: 'walks'. Full sentence: ""She walks to the market every day.""",English Subjects,Tenses
Which word is a antonym of 'hard'?,lose,soft,slow,closed,B,'soft' is opposite in meaning to 'hard'.,English Subjects,Antonyms
Which word is opposite in meaning to 'dark'?,happy,interior,ancient,light,D,'light' is opposite in meaning to 'dark'.,English Subjects,Antonyms
Which statement correctly describes a complex sentence?,"the person, place, or thing that performs the action of the verb",a sentence made of two or more independent clauses joined by a conjunction,a group of words containing a subject and a verb,a sentence with one independent clause and at least one dependent clause,D,"By definition, a complex sentence is: a sentence with one independent clause and at least one dependent clause",English Subjects,Sentence Structure
Which statement correctly describes a verb?,"a word used in place of a noun, such as he, she, it, or they","a noun that names a general person, place, or thing","a word that expresses an action, occurrence, or state of being","a verb that requires a direct object to complete its meaning, e.g. 'She reads a book.'",C,"By definition, a verb is: a word that expresses an action, occurrence, or state of being",English Subjects,Parts of Speech
Choose the word that is similar in meaning to 'kind':,genuine,donate,misplace,gentle,D,'gentle' is similar in meaning to 'kind'.,English Subjects,Synonyms
"Fill in the blank: ______ refers to ""a word that names a person, place, thing, or idea"".",a noun,a modal verb,an intransitive verb,a common noun,A,"a noun refers to: a word that names a person, place, thing, or idea",English Subjects,Parts of Speech
Choose the word that is opposite in meaning to 'early':,low,pessimist,cruel,late,D,'late' is opposite in meaning to 'early'.,English Subjects,Antonyms
Which word is opposite in meaning to 'poor'?,include,rich,remember,buy,B,'rich' is opposite in meaning to 'poor'.,English Subjects,Antonyms
Which word is opposite in meaning to 'weak'?,advance,strong,optimist,simple,B,'strong' is opposite in meaning to 'weak'.,English Subjects,Antonyms
Which word is a antonym of 'begin'?,narrow,end,cry,reject,B,'end' is opposite in meaning to 'begin'.,English Subjects,Antonyms
"Complete the sentence correctly: ""He ___ to London next week.""",flew,is flying,flies,had flown,B,"The sentence requires the Present Continuous form: 'is flying'. Full sentence: ""He is flying to London next week.""",English Subjects,Tenses
Which word is opposite in meaning to 'down'?,safe,up,hard,ancient,B,'up' is opposite in meaning to 'down'.,English Subjects,Antonyms
Which article correctly precedes the word 'university'?,a,the,an,no article,A,"'university' starts with a consonant sound, so the correct article is 'a'.",English Subjects,Articles
Choose the word that is opposite in meaning to 'simple':,poor,complex,sad,defeat,B,'complex' is opposite in meaning to 'simple'.,English Subjects,Antonyms
Which word is a synonym of 'fake'?,distant,counterfeit,tiny,obscure,B,'counterfeit' is similar in meaning to 'fake'.,English Subjects,Synonyms
'inquire' is a synonym of which word?,slow,useful,build,ask,D,'inquire' is similar in meaning to 'ask'.,English Subjects,Synonyms
'impoverished' is a synonym of which word?,honest,small,help,poor,D,'impoverished' is similar in meaning to 'poor'.,English Subjects,Synonyms
Which word is a antonym of 'brave'?,export,end,defend,cowardly,D,'cowardly' is opposite in meaning to 'brave'.,English Subjects,Antonyms
'exterior' is a antonym of which word?,import,create,succeed,interior,D,'exterior' is opposite in meaning to 'interior'.,English Subjects,Antonyms
Choose the word that is similar in meaning to 'dark':,dim,accurate,wealthy,vacant,A,'dim' is similar in meaning to 'dark'.,English Subjects,Synonyms
Which word is similar in meaning to 'harsh'?,like,cruel,rude,perfect,B,'cruel' is similar in meaning to 'harsh'.,English Subjects,Synonyms
Choose the correct article to fill the blank: '___ email',the,a,an,no article,C,"'email' starts with a vowel sound, so the correct article is 'an'.",English Subjects,Articles
What is a metaphor?,"a verb tense used for actions completed at an unspecified time before now, e.g. 'She has walked to school.'","a word that expresses an action, occurrence, or state of being","a figure of speech that describes something by stating it is something else, e.g. 'Time is money'","a verb tense used to describe habitual actions or general facts, e.g. 'She walks to school.'",C,"a metaphor is: a figure of speech that describes something by stating it is something else, e.g. 'Time is money'",English Subjects,Literary Devices
Which article correctly precedes the word 'ocean'?,the,a,an,no article,C,"'ocean' starts with a vowel sound, so the correct article is 'an'.",English Subjects,Articles
'incorrect' is a synonym of which word?,shy,rare,dishonest,wrong,D,'incorrect' is similar in meaning to 'wrong'.,English Subjects,Synonyms
Which word is opposite in meaning to 'exterior'?,interior,fast,kind,clean,A,'interior' is opposite in meaning to 'exterior'.,English Subjects,Antonyms
"Which term matches this description: ""a figure of speech giving human qualities to non-human things, e.g. 'The wind whispered'""?",a synonym,a conjunction,the present continuous tense,personification,D,"The description matches personification: a figure of speech giving human qualities to non-human things, e.g. 'The wind whispered'",English Subjects,Literary Devices
Which statement correctly describes an indirect (reported) speech sentence?,a group of related words that does not contain a subject and verb pair,a sentence that reports what someone said without using their exact words,"a word that modifies a verb, adjective, or another adverb, often describing how, when, or where","a verb tense used to describe completed actions in the past, e.g. 'She walked to school.'",B,"By definition, an indirect (reported) speech sentence is: a sentence that reports what someone said without using their exact words",English Subjects,Speech
Which word is similar in meaning to 'adore'?,useful,build,love,safe,C,'love' is similar in meaning to 'adore'.,English Subjects,Synonyms
"Identify the correctly completed sentence's tense: ""The sun rises in the east."" — which tense is used?",Simple Past,Present Continuous,Past Perfect,Simple Present,D,"The sentence ""The sun rises in the east."" is written in the Simple Present tense.",English Subjects,Tenses
Which word is similar in meaning to 'stroll'?,walk,thick,famous,find,A,'walk' is similar in meaning to 'stroll'.,English Subjects,Synonyms
Which word is similar in meaning to 'vend'?,sell,talk,difficult,happy,A,'sell' is similar in meaning to 'vend'.,English Subjects,Synonyms
Which word is a synonym of 'begin'?,stroll,commence,foolish,massive,B,'commence' is similar in meaning to 'begin'.,English Subjects,Synonyms
Choose the word that is opposite in meaning to 'kind':,foolish,dark,complex,cruel,D,'cruel' is opposite in meaning to 'kind'.,English Subjects,Antonyms
Which word is a synonym of 'big'?,large,sorrowful,frigid,simple,A,'large' is similar in meaning to 'big'.,English Subjects,Synonyms
Choose the word that is similar in meaning to 'false':,untrue,timid,spotless,uncommon,A,'untrue' is similar in meaning to 'false'.,English Subjects,Synonyms
Which article correctly precedes the word 'event'?,an,a,no article,the,A,"'event' starts with a vowel sound, so the correct article is 'an'.",English Subjects,Articles
Which word is a antonym of 'accept'?,reject,fake,disagree,scatter,A,'reject' is opposite in meaning to 'accept'.,English Subjects,Antonyms
'chuckle' is a synonym of which word?,ancient,laugh,poor,cruel,B,'chuckle' is similar in meaning to 'laugh'.,English Subjects,Synonyms
Choose the word that is similar in meaning to 'far':,enjoy,distant,impoverished,elevated,B,'distant' is similar in meaning to 'far'.,English Subjects,Synonyms
Choose the word that is similar in meaning to 'perfect':,courageous,worthless,broad,flawless,D,'flawless' is similar in meaning to 'perfect'.,English Subjects,Synonyms
Which word is a synonym of 'important'?,significant,worthless,detest,observe,A,'significant' is similar in meaning to 'important'.,English Subjects,Synonyms
Which word is a antonym of 'push'?,innocent,old,export,pull,D,'pull' is opposite in meaning to 'push'.,English Subjects,Antonyms
"Which term matches this description: ""a group of related words that does not contain a subject and verb pair""?",a predicate in a sentence,a compound sentence,a subject in a sentence,a phrase,D,The description matches a phrase: a group of related words that does not contain a subject and verb pair,English Subjects,Sentence Structure
Choose the correct article to fill the blank: '___ hour-long meeting',a,the,no article,an,D,"'hour-long meeting' starts with a vowel sound, so the correct article is 'an'.",English Subjects,Articles
What is a transitive verb?,"a noun that refers to a group of people or things, such as 'team' or 'flock'","a word (a, an, the) used before a noun to specify definiteness","a word that connects words, phrases, or clauses, such as and, but, or because","a verb that requires a direct object to complete its meaning, e.g. 'She reads a book.'",D,"a transitive verb is: a verb that requires a direct object to complete its meaning, e.g. 'She reads a book.'",English Subjects,Parts of Speech
Which word is similar in meaning to 'noisy'?,buy,loud,honest,rich,B,'loud' is similar in meaning to 'noisy'.,English Subjects,Synonyms
Which article correctly precedes the word 'SUV'?,no article,the,an,a,C,"'SUV' starts with a vowel sound, so the correct article is 'an'.",English Subjects,Articles
Which word is similar in meaning to 'halt'?,heavy,stop,dangerous,build,B,'stop' is similar in meaning to 'halt'.,English Subjects,Synonyms
'decrease' is a antonym of which word?,strong,increase,agree,big,B,'decrease' is opposite in meaning to 'increase'.,English Subjects,Antonyms
"Complete the sentence correctly: ""She ___ her keys somewhere in the house.""",loses,lost,will lose,has lost,D,"The sentence requires the Present Perfect form: 'has lost'. Full sentence: ""She has lost her keys somewhere in the house.""",English Subjects,Tenses
'worthless' is a synonym of which word?,talk,useless,serious,strong,B,'worthless' is similar in meaning to 'useless'.,English Subjects,Synonyms
Which word is similar in meaning to 'wealthy'?,big,serious,rich,clever,C,'rich' is similar in meaning to 'wealthy'.,English Subjects,Synonyms
Which word is a antonym of 'young'?,destroy,old,fail,pessimist,B,'old' is opposite in meaning to 'young'.,English Subjects,Antonyms
Which word is similar in meaning to 'detest'?,begin,stop,hate,famous,C,'hate' is similar in meaning to 'detest'.,English Subjects,Synonyms
Which word is opposite in meaning to 'cruel'?,attack,kind,interior,wide,B,'kind' is opposite in meaning to 'cruel'.,English Subjects,Antonyms
Which word is a synonym of 'right'?,converse,correct,scorching,worthless,B,'correct' is similar in meaning to 'right'.,English Subjects,Synonyms
Which word is a synonym of 'honest'?,truthful,modern,contemporary,incorrect,A,'truthful' is similar in meaning to 'honest'.,English Subjects,Synonyms
"Which term matches this description: ""a figure of speech that describes something by stating it is something else, e.g. 'Time is money'""?",the past continuous tense,a complex sentence,a transitive verb,a metaphor,D,"The description matches a metaphor: a figure of speech that describes something by stating it is something else, e.g. 'Time is money'",English Subjects,Literary Devices
'modern' is a synonym of which word?,talk,cruel,new,like,C,'modern' is similar in meaning to 'new'.,English Subjects,Synonyms
'grave' is a synonym of which word?,calm,serious,love,real,B,'grave' is similar in meaning to 'serious'.,English Subjects,Synonyms
Which word is a antonym of 'open'?,small,narrow,closed,minor,C,'closed' is opposite in meaning to 'open'.,English Subjects,Antonyms
What is an antonym?,a word that has the opposite meaning to another word,a word that is spelled and/or pronounced the same as another word but has a different meaning,"a verb tense used for actions happening right now, e.g. 'She is walking to school.'","a word that is pronounced the same as another word but has a different meaning or spelling, e.g. 'flower' and 'flour'",A,an antonym is: a word that has the opposite meaning to another word,English Subjects,Vocabulary
Which article correctly precedes the word 'dog'?,an,a,the,no article,B,"'dog' starts with a consonant sound, so the correct article is 'a'.",English Subjects,Articles
Which word is a synonym of 'stop'?,scorching,halt,modern,display,B,'halt' is similar in meaning to 'stop'.,English Subjects,Synonyms
Choose the correct article to fill the blank: '___ tree',an,the,no article,a,D,"'tree' starts with a consonant sound, so the correct article is 'a'.",English Subjects,Articles
Which word is a synonym of 'serious'?,secure,grave,misplace,reckless,B,'grave' is similar in meaning to 'serious'.,English Subjects,Synonyms
Which word is opposite in meaning to 'night'?,smooth,day,love,increase,B,'day' is opposite in meaning to 'night'.,English Subjects,Antonyms
"Fill in the blank: ______ refers to ""a sentence that reports the exact words spoken by someone, usually in quotation marks"".",a direct speech sentence,a compound sentence,an antonym,a complex sentence,A,"a direct speech sentence refers to: a sentence that reports the exact words spoken by someone, usually in quotation marks",English Subjects,Speech
Which article correctly precedes the word 'hour'?,an,the,a,no article,A,"'hour' starts with a vowel sound, so the correct article is 'an'.",English Subjects,Articles
Choose the correct article to fill the blank: '___ pencil',a,the,no article,an,A,"'pencil' starts with a consonant sound, so the correct article is 'a'.",English Subjects,Articles
Which word is a synonym of 'look'?,incorrect,observe,retain,quick,B,'observe' is similar in meaning to 'look'.,English Subjects,Synonyms
What is the simple future tense?,"a verb tense used for actions completed at an unspecified time before now, e.g. 'She has walked to school.'","a verb tense used to describe actions that will happen, e.g. 'She will walk to school.'","a verb tense used for actions completed before another past action, e.g. 'She had walked to school before it rained.'","a verb tense used to describe completed actions in the past, e.g. 'She walked to school.'",B,"the simple future tense is: a verb tense used to describe actions that will happen, e.g. 'She will walk to school.'",English Subjects,Tenses
Choose the correct article to fill the blank: '___ bicycle',a,an,no article,the,A,"'bicycle' starts with a consonant sound, so the correct article is 'a'.",English Subjects,Articles
What is a noun?,"a word that names a person, place, thing, or idea","a word that connects words, phrases, or clauses, such as and, but, or because","a word or phrase that expresses strong emotion, such as 'Wow!' or 'Ouch!'","a word (a, an, the) used before a noun to specify definiteness",A,"a noun is: a word that names a person, place, thing, or idea",English Subjects,Parts of Speech
Which article correctly precedes the word 'apartment'?,an,no article,the,a,A,"'apartment' starts with a vowel sound, so the correct article is 'an'.",English Subjects,Articles
'conclude' is a synonym of which word?,start,easy,end,big,C,'conclude' is similar in meaning to 'end'.,English Subjects,Synonyms
Which word is similar in meaning to 'elevated'?,fake,clever,wide,high,D,'high' is similar in meaning to 'elevated'.,English Subjects,Synonyms
"Identify the correctly completed sentence's tense: ""He is doing his homework right now."" — which tense is used?",Past Continuous,Simple Past,Past Perfect,Present Continuous,D,"The sentence ""He is doing his homework right now."" is written in the Present Continuous tense.",English Subjects,Tenses
Which statement correctly describes personification?,"a word that modifies a verb, adjective, or another adverb, often describing how, when, or where","a verb tense used for actions happening right now, e.g. 'She is walking to school.'",a sentence with only one independent clause,"a figure of speech giving human qualities to non-human things, e.g. 'The wind whispered'",D,"By definition, personification is: a figure of speech giving human qualities to non-human things, e.g. 'The wind whispered'",English Subjects,Literary Devices
'hazardous' is a synonym of which word?,dangerous,stop,cheap,build,A,'hazardous' is similar in meaning to 'dangerous'.,English Subjects,Synonyms
'cautious' is a synonym of which word?,difficult,big,smart,careful,D,'cautious' is similar in meaning to 'careful'.,English Subjects,Synonyms
Choose the word that is similar in meaning to 'true':,initiate,accurate,deceitful,shatter,B,'accurate' is similar in meaning to 'true'.,English Subjects,Synonyms
Which word is similar in meaning to 'ordinary'?,common,take,shy,modern,A,'common' is similar in meaning to 'ordinary'.,English Subjects,Synonyms
Which word is similar in meaning to 'misplace'?,take,lose,sad,clever,B,'lose' is similar in meaning to 'misplace'.,English Subjects,Synonyms
Choose the word that is similar in meaning to 'stop':,inexpensive,halt,disapprove,courageous,B,'halt' is similar in meaning to 'stop'.,English Subjects,Synonyms
Choose the word that is opposite in meaning to 'attack':,late,right,defend,disagree,C,'defend' is opposite in meaning to 'attack'.,English Subjects,Antonyms
Choose the word that is similar in meaning to 'modern':,uncommon,harsh,joyful,contemporary,D,'contemporary' is similar in meaning to 'modern'.,English Subjects,Synonyms
Which word is opposite in meaning to 'narrow'?,ancient,wise,expand,wide,D,'wide' is opposite in meaning to 'narrow'.,English Subjects,Antonyms
Which article correctly precedes the word 'island'?,a,an,no article,the,B,"'island' starts with a vowel sound, so the correct article is 'an'.",English Subjects,Articles
Which article correctly precedes the word 'insect'?,an,no article,the,a,A,"'insect' starts with a vowel sound, so the correct article is 'an'.",English Subjects,Articles
Choose the correct article to fill the blank: '___ honest man',no article,an,the,a,B,"'honest man' starts with a vowel sound, so the correct article is 'an'.",English Subjects,Articles
Choose the word that is similar in meaning to 'rich':,wealthy,intelligent,leap,complete,A,'wealthy' is similar in meaning to 'rich'.,English Subjects,Synonyms
Which word is a synonym of 'safe'?,grab,inexpensive,dim,secure,D,'secure' is similar in meaning to 'safe'.,English Subjects,Synonyms
'complex' is a antonym of which word?,smooth,simple,love,hard,B,'complex' is opposite in meaning to 'simple'.,English Subjects,Antonyms
Choose the word that is similar in meaning to 'difficult':,challenging,intelligent,shatter,purchase,A,'challenging' is similar in meaning to 'difficult'.,English Subjects,Synonyms
'initiate' is a synonym of which word?,wrong,weak,rare,start,D,'initiate' is similar in meaning to 'start'.,English Subjects,Synonyms
"Which verb form correctly completes the sentence: ""They ___ football yesterday.""?",will play,played,are playing,play,B,"The sentence requires the Simple Past form: 'played'. Full sentence: ""They played football yesterday.""",English Subjects,Tenses
'commence' is a synonym of which word?,honest,begin,small,bright,B,'commence' is similar in meaning to 'begin'.,English Subjects,Synonyms
Choose the correct article to fill the blank: '___ European',an,the,a,no article,C,"'European' starts with a consonant sound, so the correct article is 'a'.",English Subjects,Articles
Which word is opposite in meaning to 'shrink'?,happy,permit,expand,clean,C,'expand' is opposite in meaning to 'shrink'.,English Subjects,Antonyms
'light' is a antonym of which word?,day,gather,heavy,advance,C,'light' is opposite in meaning to 'heavy'.,English Subjects,Antonyms
Choose the word that is similar in meaning to 'calm':,donate,peaceful,fearless,massive,B,'peaceful' is similar in meaning to 'calm'.,English Subjects,Synonyms
Which word is similar in meaning to 'discover'?,dishonest,cry,find,clever,C,'find' is similar in meaning to 'discover'.,English Subjects,Synonyms
What is an adverb?,"a word that expresses an action, occurrence, or state of being","a noun that names a specific person, place, or thing and begins with a capital letter","a word used in place of a noun, such as he, she, it, or they","a word that modifies a verb, adjective, or another adverb, often describing how, when, or where",D,"an adverb is: a word that modifies a verb, adjective, or another adverb, often describing how, when, or where",English Subjects,Parts of Speech
Choose the word that is opposite in meaning to 'hard':,arrogant,depart,soft,foolish,C,'soft' is opposite in meaning to 'hard'.,English Subjects,Antonyms
Choose the word that is opposite in meaning to 'humble':,right,late,arrogant,contract,C,'arrogant' is opposite in meaning to 'humble'.,English Subjects,Antonyms
Which word is opposite in meaning to 'modern'?,left,genuine,wet,ancient,D,'ancient' is opposite in meaning to 'modern'.,English Subjects,Antonyms
Which word is a synonym of 'kind'?,gentle,display,spotless,complete,A,'gentle' is similar in meaning to 'kind'.,English Subjects,Synonyms
"Complete the sentence correctly: ""I ___ lunch when you called.""",have eaten,was eating,eat,will eat,B,"The sentence requires the Past Continuous form: 'was eating'. Full sentence: ""I was eating lunch when you called.""",English Subjects,Tenses
Which word is similar in meaning to 'joyful'?,clean,happy,brave,weak,B,'happy' is similar in meaning to 'joyful'.,English Subjects,Synonyms
What is a simile?,"an auxiliary verb that expresses necessity, possibility, or ability, such as can, could, must, or should",a sentence that reports what someone said without using their exact words,"a figure of speech that compares two things using 'like' or 'as', e.g. 'as brave as a lion'",a group of words containing a subject and a verb,C,"a simile is: a figure of speech that compares two things using 'like' or 'as', e.g. 'as brave as a lion'",English Subjects,Literary Devices
Which word is a synonym of 'thick'?,create,elevated,dense,simple,C,'dense' is similar in meaning to 'thick'.,English Subjects,Synonyms
Which word is a synonym of 'take'?,shatter,untrue,ordinary,grab,D,'grab' is similar in meaning to 'take'.,English Subjects,Synonyms
Which article correctly precedes the word 'ant'?,no article,an,a,the,B,"'ant' starts with a vowel sound, so the correct article is 'an'.",English Subjects,Articles
"Which term matches this description: ""a word that has the opposite meaning to another word""?",a predicate in a sentence,an antonym,a verb,an interjection,B,The description matches an antonym: a word that has the opposite meaning to another word,English Subjects,Vocabulary
Which word is a synonym of 'run'?,enjoy,dash,genuine,purchase,B,'dash' is similar in meaning to 'run'.,English Subjects,Synonyms
Which word is a antonym of 'ancient'?,modern,down,reject,contract,A,'modern' is opposite in meaning to 'ancient'.,English Subjects,Antonyms
Choose the word that is opposite in meaning to 'rich':,modern,cowardly,lower,poor,D,'poor' is opposite in meaning to 'rich'.,English Subjects,Antonyms
Choose the correct article to fill the blank: '___ apple',the,a,an,no article,C,"'apple' starts with a vowel sound, so the correct article is 'an'.",English Subjects,Articles
'private' is a antonym of which word?,major,light,arrive,public,D,'private' is opposite in meaning to 'public'.,English Subjects,Antonyms
"Which term matches this description: ""a verb that requires a direct object to complete its meaning, e.g. 'She reads a book.'""?",an adverb,a transitive verb,a countable noun,a preposition,B,"The description matches a transitive verb: a verb that requires a direct object to complete its meaning, e.g. 'She reads a book.'",English Subjects,Parts of Speech
Choose the word that is opposite in meaning to 'agree':,late,lower,rough,disagree,D,'disagree' is opposite in meaning to 'agree'.,English Subjects,Antonyms
'complete' is a synonym of which word?,wide,small,shy,full,D,'complete' is similar in meaning to 'full'.,English Subjects,Synonyms
Choose the correct article to fill the blank: '___ author',a,the,an,no article,C,"'author' starts with a vowel sound, so the correct article is 'an'.",English Subjects,Articles
Which word is similar in meaning to 'conclude'?,start,end,important,kind,B,'end' is similar in meaning to 'conclude'.,English Subjects,Synonyms
Which word is a antonym of 'laugh'?,cry,private,minor,empty,A,'cry' is opposite in meaning to 'laugh'.,English Subjects,Antonyms
"Which term matches this description: ""a word that is spelled and/or pronounced the same as another word but has a different meaning""?",an article,the past perfect tense,a preposition,a homonym,D,The description matches a homonym: a word that is spelled and/or pronounced the same as another word but has a different meaning,English Subjects,Vocabulary
'thin' is a antonym of which word?,polite,thick,fast,begin,B,'thin' is opposite in meaning to 'thick'.,English Subjects,Antonyms
'empty' is a antonym of which word?,brave,generous,full,buy,C,'empty' is opposite in meaning to 'full'.,English Subjects,Antonyms
Which word is a synonym of 'ask'?,renowned,correct,inquire,incorrect,C,'inquire' is similar in meaning to 'ask'.,English Subjects,Synonyms
Which article correctly precedes the word 'star'?,no article,an,a,the,C,"'star' starts with a consonant sound, so the correct article is 'a'.",English Subjects,Articles
"Which term matches this description: ""a verb tense used for actions that were ongoing in the past, e.g. 'She was walking to school.'""?",the simple future tense,the past continuous tense,the simple past tense,the present perfect tense,B,"The description matches the past continuous tense: a verb tense used for actions that were ongoing in the past, e.g. 'She was walking to school.'",English Subjects,Tenses
Which article correctly precedes the word 'yacht'?,a,an,no article,the,A,"'yacht' starts with a consonant sound, so the correct article is 'a'.",English Subjects,Articles
Which statement correctly describes an intransitive verb?,"a word used in place of a noun, such as he, she, it, or they","a word (a, an, the) used before a noun to specify definiteness","a verb that does not require a direct object, e.g. 'She sleeps.'","a word that connects words, phrases, or clauses, such as and, but, or because",C,"By definition, an intransitive verb is: a verb that does not require a direct object, e.g. 'She sleeps.'",English Subjects,Parts of Speech
"Identify the correctly completed sentence's tense: ""He is flying to London next week."" — which tense is used?",Past Perfect,Present Continuous,Past Continuous,Simple Past,B,"The sentence ""He is flying to London next week."" is written in the Present Continuous tense.",English Subjects,Tenses
"Fill in the blank: ______ refers to ""a noun that names a specific person, place, or thing and begins with a capital letter"".",a pronoun,a countable noun,a conjunction,a proper noun,D,"a proper noun refers to: a noun that names a specific person, place, or thing and begins with a capital letter",English Subjects,Parts of Speech
Choose the correct article to fill the blank: '___ car',a,the,an,no article,A,"'car' starts with a consonant sound, so the correct article is 'a'.",English Subjects,Articles
"Identify the correctly completed sentence's tense: ""Water boils at 100 degrees Celsius."" — which tense is used?",Simple Future,Past Continuous,Simple Present,Future Perfect,C,"The sentence ""Water boils at 100 degrees Celsius."" is written in the Simple Present tense.",English Subjects,Tenses
'adore' is a synonym of which word?,serious,true,build,love,D,'adore' is similar in meaning to 'love'.,English Subjects,Synonyms
Which article correctly precedes the word 'European'?,a,the,no article,an,A,"'European' starts with a consonant sound, so the correct article is 'a'.",English Subjects,Articles
Which article correctly precedes the word 'jacket'?,the,a,no article,an,B,"'jacket' starts with a consonant sound, so the correct article is 'a'.",English Subjects,Articles
Which word is opposite in meaning to 'lose'?,win,left,wet,gather,A,'win' is opposite in meaning to 'lose'.,English Subjects,Antonyms
Which word is a antonym of 'high'?,dark,low,narrow,weak,B,'low' is opposite in meaning to 'high'.,English Subjects,Antonyms
'massive' is a synonym of which word?,help,rude,full,heavy,D,'massive' is similar in meaning to 'heavy'.,English Subjects,Synonyms
Which word is opposite in meaning to 'slow'?,fast,public,succeed,up,A,'fast' is opposite in meaning to 'slow'.,English Subjects,Antonyms
'scatter' is a antonym of which word?,rich,gather,light,high,B,'scatter' is opposite in meaning to 'gather'.,English Subjects,Antonyms
'fearless' is a synonym of which word?,cruel,brave,careful,loud,B,'fearless' is similar in meaning to 'brave'.,English Subjects,Synonyms
Which word is similar in meaning to 'dash'?,narrow,begin,strong,run,D,'run' is similar in meaning to 'dash'.,English Subjects,Synonyms
'sorrowful' is a synonym of which word?,sad,kind,cry,answer,A,'sorrowful' is similar in meaning to 'sad'.,English Subjects,Synonyms
Choose the word that is similar in meaning to 'small':,simple,impoverished,harsh,tiny,D,'tiny' is similar in meaning to 'small'.,English Subjects,Synonyms
What is a common noun?,"a word that expresses an action, occurrence, or state of being","a word (a, an, the) used before a noun to specify definiteness","a verb that does not require a direct object, e.g. 'She sleeps.'","a noun that names a general person, place, or thing",D,"a common noun is: a noun that names a general person, place, or thing",English Subjects,Parts of Speech
Which word is similar in meaning to 'display'?,close,unknown,rude,show,D,'show' is similar in meaning to 'display'.,English Subjects,Synonyms
Which word is opposite in meaning to 'cold'?,laugh,true,hot,high,C,'hot' is opposite in meaning to 'cold'.,English Subjects,Antonyms
"Identify the correctly completed sentence's tense: ""She has lost her keys somewhere in the house."" — which tense is used?",Simple Past,Simple Future,Present Continuous,Present Perfect,D,"The sentence ""She has lost her keys somewhere in the house."" is written in the Present Perfect tense.",English Subjects,Tenses
"Fill in the blank: ______ refers to ""a noun that can be counted and has both singular and plural forms"".",an interjection,an uncountable noun,a noun,a countable noun,D,a countable noun refers to: a noun that can be counted and has both singular and plural forms,English Subjects,Parts of Speech
"Fill in the blank: ______ refers to ""a noun that names a general person, place, or thing"".",a proper noun,a verb,a common noun,a collective noun,C,"a common noun refers to: a noun that names a general person, place, or thing",English Subjects,Parts of Speech
Which word is a antonym of 'genuine'?,dirty,narrow,cruel,fake,D,'fake' is opposite in meaning to 'genuine'.,English Subjects,Antonyms
'low' is a antonym of which word?,high,big,begin,push,A,'low' is opposite in meaning to 'high'.,English Subjects,Antonyms
'enjoy' is a synonym of which word?,small,unknown,safe,like,D,'enjoy' is similar in meaning to 'like'.,English Subjects,Synonyms
Choose the correct article to fill the blank: '___ table',the,a,no article,an,B,"'table' starts with a consonant sound, so the correct article is 'a'.",English Subjects,Articles
Choose the word that is opposite in meaning to 'clean':,export,rude,shrink,dirty,D,'dirty' is opposite in meaning to 'clean'.,English Subjects,Antonyms
Choose the correct article to fill the blank: '___ unicorn',no article,an,the,a,D,"'unicorn' starts with a consonant sound, so the correct article is 'a'.",English Subjects,Articles
Which word is a synonym of 'real'?,weep,genuine,discover,uncommon,B,'genuine' is similar in meaning to 'real'.,English Subjects,Synonyms
Which word is a antonym of 'true'?,false,pull,sad,stingy,A,'false' is opposite in meaning to 'true'.,English Subjects,Antonyms
'disagree' is a antonym of which word?,genuine,major,win,agree,D,'disagree' is opposite in meaning to 'agree'.,English Subjects,Antonyms
What is the past perfect tense?,"a verb tense used to describe actions that will happen, e.g. 'She will walk to school.'","a verb tense used for actions completed before another past action, e.g. 'She had walked to school before it rained.'","a verb tense used for actions happening right now, e.g. 'She is walking to school.'","a verb tense used for actions completed at an unspecified time before now, e.g. 'She has walked to school.'",B,"the past perfect tense is: a verb tense used for actions completed before another past action, e.g. 'She had walked to school before it rained.'",English Subjects,Tenses
"Identify the correctly completed sentence's tense: ""I have read this book twice already."" — which tense is used?",Present Perfect,Simple Future,Simple Present,Present Continuous,A,"The sentence ""I have read this book twice already."" is written in the Present Perfect tense.",English Subjects,Tenses
'display' is a synonym of which word?,dislike,take,rare,show,D,'display' is similar in meaning to 'show'.,English Subjects,Synonyms
Which word is similar in meaning to 'genuine'?,difficult,rich,safe,real,D,'real' is similar in meaning to 'genuine'.,English Subjects,Synonyms
'pessimist' is a antonym of which word?,permit,optimist,high,expand,B,'pessimist' is opposite in meaning to 'optimist'.,English Subjects,Antonyms
'shatter' is a synonym of which word?,cheap,give,take,break,D,'shatter' is similar in meaning to 'break'.,English Subjects,Synonyms
Choose the word that is similar in meaning to 'cry':,large,weep,shatter,genuine,B,'weep' is similar in meaning to 'cry'.,English Subjects,Synonyms
Choose the word that is opposite in meaning to 'include':,exclude,hate,rough,cry,A,'exclude' is opposite in meaning to 'include'.,English Subjects,Antonyms
Which word is a synonym of 'close'?,halt,slim,disapprove,near,D,'near' is similar in meaning to 'close'.,English Subjects,Synonyms
Which word is similar in meaning to 'sluggish'?,rich,give,slow,high,C,'slow' is similar in meaning to 'sluggish'.,English Subjects,Synonyms
"Which term matches this description: ""the person, place, or thing that performs the action of the verb""?",a subject in a sentence,a clause,a predicate in a sentence,a simple sentence,A,"The description matches a subject in a sentence: the person, place, or thing that performs the action of the verb",English Subjects,Sentence Structure
"Which verb form correctly completes the sentence: ""We ___ to Paris next summer.""?",will travel,are travelling,travel,travelled,A,"The sentence requires the Simple Future form: 'will travel'. Full sentence: ""We will travel to Paris next summer.""",English Subjects,Tenses
Which word is opposite in meaning to 'cry'?,gather,laugh,expand,humble,B,'laugh' is opposite in meaning to 'cry'.,English Subjects,Antonyms
Which statement correctly describes a proper noun?,"a word (a, an, the) used before a noun to specify definiteness","a word that connects words, phrases, or clauses, such as and, but, or because","a noun that names a specific person, place, or thing and begins with a capital letter","a word or phrase that expresses strong emotion, such as 'Wow!' or 'Ouch!'",C,"By definition, a proper noun is: a noun that names a specific person, place, or thing and begins with a capital letter",English Subjects,Parts of Speech
Which word is opposite in meaning to 'low'?,heavy,major,high,begin,C,'high' is opposite in meaning to 'low'.,English Subjects,Antonyms
Which word is a antonym of 'interior'?,light,exterior,retreat,reject,B,'exterior' is opposite in meaning to 'interior'.,English Subjects,Antonyms
'beneficial' is a synonym of which word?,useful,break,brave,light,A,'beneficial' is similar in meaning to 'useful'.,English Subjects,Synonyms
Choose the word that is similar in meaning to 'dishonest':,weightless,leap,near,deceitful,D,'deceitful' is similar in meaning to 'dishonest'.,English Subjects,Synonyms
What is a preposition?,"a word that connects words, phrases, or clauses, such as and, but, or because","a word that shows the relationship between a noun/pronoun and other words in a sentence, such as in, on, or under","a verb that does not require a direct object, e.g. 'She sleeps.'","a word used in place of a noun, such as he, she, it, or they",B,"a preposition is: a word that shows the relationship between a noun/pronoun and other words in a sentence, such as in, on, or under",English Subjects,Parts of Speech
'silent' is a synonym of which word?,important,fast,quiet,hate,C,'silent' is similar in meaning to 'quiet'.,English Subjects,Synonyms
Choose the word that is similar in meaning to 'big':,correct,broad,weightless,large,D,'large' is similar in meaning to 'big'.,English Subjects,Synonyms
'export' is a antonym of which word?,full,hot,true,import,D,'export' is opposite in meaning to 'import'.,English Subjects,Antonyms
What is a pronoun?,"an auxiliary verb that expresses necessity, possibility, or ability, such as can, could, must, or should","a word used in place of a noun, such as he, she, it, or they",a noun that can be counted and has both singular and plural forms,"a noun that names a specific person, place, or thing and begins with a capital letter",B,"a pronoun is: a word used in place of a noun, such as he, she, it, or they",English Subjects,Parts of Speech
"Fill in the blank: ______ refers to ""a word that is spelled and/or pronounced the same as another word but has a different meaning"".",a synonym,a subject in a sentence,a homonym,an uncountable noun,C,a homonym refers to: a word that is spelled and/or pronounced the same as another word but has a different meaning,English Subjects,Vocabulary
Choose the word that is opposite in meaning to 'interior':,false,disagree,exterior,shrink,C,'exterior' is opposite in meaning to 'interior'.,English Subjects,Antonyms
Choose the word that is similar in meaning to 'cheap':,inexpensive,worthless,genuine,detest,A,'inexpensive' is similar in meaning to 'cheap'.,English Subjects,Synonyms
Choose the word that is opposite in meaning to 'buy':,export,sad,sell,forget,C,'sell' is opposite in meaning to 'buy'.,English Subjects,Antonyms
"Fill in the blank: ______ refers to ""a figure of speech giving human qualities to non-human things, e.g. 'The wind whispered'"".",a simple sentence,personification,a pronoun,the simple past tense,B,"personification refers to: a figure of speech giving human qualities to non-human things, e.g. 'The wind whispered'",English Subjects,Literary Devices
Which article correctly precedes the word 'lamp'?,no article,a,an,the,B,"'lamp' starts with a consonant sound, so the correct article is 'a'.",English Subjects,Articles
Which word is opposite in meaning to 'cowardly'?,brave,loud,smooth,agree,A,'brave' is opposite in meaning to 'cowardly'.,English Subjects,Antonyms
Choose the word that is similar in meaning to 'safe':,vacant,secure,hilarious,display,B,'secure' is similar in meaning to 'safe'.,English Subjects,Synonyms
"Which term matches this description: ""a noun that names a general person, place, or thing""?",a noun,an article,a common noun,an adjective,C,"The description matches a common noun: a noun that names a general person, place, or thing",English Subjects,Parts of Speech
Which word is opposite in meaning to 'small'?,big,up,arrive,early,A,'big' is opposite in meaning to 'small'.,English Subjects,Antonyms
Which word is similar in meaning to 'simple'?,give,run,dirty,easy,D,'easy' is similar in meaning to 'simple'.,English Subjects,Synonyms
Choose the word that is similar in meaning to 'high':,noisy,anxious,dim,elevated,D,'elevated' is similar in meaning to 'high'.,English Subjects,Synonyms
Choose the word that is similar in meaning to 'honest':,truthful,courageous,ancient,ordinary,A,'truthful' is similar in meaning to 'honest'.,English Subjects,Synonyms
Which word is opposite in meaning to 'forget'?,remember,succeed,loud,interior,A,'remember' is opposite in meaning to 'forget'.,English Subjects,Antonyms
Choose the word that is similar in meaning to 'like':,courageous,weep,correct,enjoy,D,'enjoy' is similar in meaning to 'like'.,English Subjects,Synonyms
'accurate' is a synonym of which word?,true,right,weak,keep,A,'accurate' is similar in meaning to 'true'.,English Subjects,Synonyms
Which word is a synonym of 'like'?,sluggish,noisy,enjoy,secure,C,'enjoy' is similar in meaning to 'like'.,English Subjects,Synonyms
Which word is a antonym of 'heavy'?,rude,cruel,cry,light,D,'light' is opposite in meaning to 'heavy'.,English Subjects,Antonyms
Which word is opposite in meaning to 'rough'?,push,day,permit,smooth,D,'smooth' is opposite in meaning to 'rough'.,English Subjects,Antonyms
Which word is similar in meaning to 'quick'?,find,fast,true,answer,B,'fast' is similar in meaning to 'quick'.,English Subjects,Synonyms
Choose the word that is similar in meaning to 'wrong':,incorrect,assist,chuckle,weightless,A,'incorrect' is similar in meaning to 'wrong'.,English Subjects,Synonyms
Which word is similar in meaning to 'initiate'?,wrong,start,shy,rich,B,'start' is similar in meaning to 'initiate'.,English Subjects,Synonyms
Which word is similar in meaning to 'shatter'?,break,bright,sell,calm,A,'break' is similar in meaning to 'shatter'.,English Subjects,Synonyms
What is an uncountable noun?,"a word used in place of a noun, such as he, she, it, or they","a noun that cannot be counted and typically has no plural form, such as 'water' or 'information'","a word that modifies a verb, adjective, or another adverb, often describing how, when, or where","a word that shows the relationship between a noun/pronoun and other words in a sentence, such as in, on, or under",B,"an uncountable noun is: a noun that cannot be counted and typically has no plural form, such as 'water' or 'information'",English Subjects,Parts of Speech
"Which verb form correctly completes the sentence: ""Water ___ at 100 degrees Celsius.""?",is boiling,will boil,boils,boiled,C,"The sentence requires the Simple Present form: 'boils'. Full sentence: ""Water boils at 100 degrees Celsius.""",English Subjects,Tenses
Which article correctly precedes the word 'unicorn'?,a,the,no article,an,A,"'unicorn' starts with a consonant sound, so the correct article is 'a'.",English Subjects,Articles
'foolish' is a synonym of which word?,nervous,stupid,serious,modern,B,'foolish' is similar in meaning to 'stupid'.,English Subjects,Synonyms
Which word is similar in meaning to 'reckless'?,talk,careless,dishonest,give,B,'careless' is similar in meaning to 'reckless'.,English Subjects,Synonyms
Which word is opposite in meaning to 'exclude'?,include,hot,begin,optimist,A,'include' is opposite in meaning to 'exclude'.,English Subjects,Antonyms
Which word is a antonym of 'permit'?,poor,disagree,forbid,take,C,'forbid' is opposite in meaning to 'permit'.,English Subjects,Antonyms
'innocent' is a antonym of which word?,fast,guilty,rich,buy,B,'innocent' is opposite in meaning to 'guilty'.,English Subjects,Antonyms
Choose the word that is similar in meaning to 'look':,beneficial,initiate,scorching,observe,D,'observe' is similar in meaning to 'look'.,English Subjects,Synonyms
"Which term matches this description: ""a verb tense used for actions happening right now, e.g. 'She is walking to school.'""?",the present continuous tense,the past perfect tense,the present perfect tense,the past continuous tense,A,"The description matches the present continuous tense: a verb tense used for actions happening right now, e.g. 'She is walking to school.'",English Subjects,Tenses
Which word is opposite in meaning to 'hate'?,push,laugh,love,strong,C,'love' is opposite in meaning to 'hate'.,English Subjects,Antonyms
Which article correctly precedes the word 'uncle'?,a,the,no article,an,D,"'uncle' starts with a vowel sound, so the correct article is 'an'.",English Subjects,Articles
Which statement correctly describes an adjective?,"a word that names a person, place, thing, or idea","a noun that refers to a group of people or things, such as 'team' or 'flock'",a word that describes or modifies a noun,"a word used in place of a noun, such as he, she, it, or they",C,"By definition, an adjective is: a word that describes or modifies a noun",English Subjects,Parts of Speech
Which statement correctly describes a simple sentence?,a sentence made of two or more independent clauses joined by a conjunction,a group of related words that does not contain a subject and verb pair,a group of words containing a subject and a verb,a sentence with only one independent clause,D,"By definition, a simple sentence is: a sentence with only one independent clause",English Subjects,Sentence Structure
Choose the word that is similar in meaning to 'loud':,significant,vacant,elevated,noisy,D,'noisy' is similar in meaning to 'loud'.,English Subjects,Synonyms
Which word is a synonym of 'far'?,vacant,enjoy,weightless,distant,D,'distant' is similar in meaning to 'far'.,English Subjects,Synonyms
Choose the word that is similar in meaning to 'famous':,impoverished,injure,renowned,antique,C,'renowned' is similar in meaning to 'famous'.,English Subjects,Synonyms
Which word is opposite in meaning to 'criticise'?,early,push,praise,succeed,C,'praise' is opposite in meaning to 'criticise'.,English Subjects,Antonyms
Which word is a synonym of 'fast'?,dash,quick,hazardous,spotless,B,'quick' is similar in meaning to 'fast'.,English Subjects,Synonyms
"Fill in the blank: ______ refers to ""a group of words containing a subject and a verb"".",a compound sentence,a complex sentence,a clause,a phrase,C,a clause refers to: a group of words containing a subject and a verb,English Subjects,Sentence Structure
Which word is similar in meaning to 'commence'?,easy,weak,smart,begin,D,'begin' is similar in meaning to 'commence'.,English Subjects,Synonyms
Which article correctly precedes the word 'idea'?,the,an,a,no article,B,"'idea' starts with a vowel sound, so the correct article is 'an'.",English Subjects,Articles
Which word is similar in meaning to 'large'?,bright,famous,big,stop,C,'big' is similar in meaning to 'large'.,English Subjects,Synonyms
'stroll' is a synonym of which word?,walk,buy,beautiful,rare,A,'stroll' is similar in meaning to 'walk'.,English Subjects,Synonyms
Which word is a synonym of 'heavy'?,massive,near,discover,genuine,A,'massive' is similar in meaning to 'heavy'.,English Subjects,Synonyms
Choose the word that is opposite in meaning to 'true':,pessimist,soft,false,sad,C,'false' is opposite in meaning to 'true'.,English Subjects,Antonyms
Which article correctly precedes the word 'chair'?,the,a,an,no article,B,"'chair' starts with a consonant sound, so the correct article is 'a'.",English Subjects,Articles
Which word is a synonym of 'brave'?,courageous,near,purchase,weightless,A,'courageous' is similar in meaning to 'brave'.,English Subjects,Synonyms
Choose the correct article to fill the blank: '___ star',an,the,no article,a,D,"'star' starts with a consonant sound, so the correct article is 'a'.",English Subjects,Articles
'reckless' is a synonym of which word?,make,fake,perfect,careless,D,'reckless' is similar in meaning to 'careless'.,English Subjects,Synonyms
"Complete the sentence correctly: ""Water ___ at 100 degrees Celsius.""",is boiling,boiled,boils,will boil,C,"The sentence requires the Simple Present form: 'boils'. Full sentence: ""Water boils at 100 degrees Celsius.""",English Subjects,Tenses
What is a clause?,a group of words containing a subject and a verb,a sentence with only one independent clause,a group of related words that does not contain a subject and verb pair,"the person, place, or thing that performs the action of the verb",A,a clause is: a group of words containing a subject and a verb,English Subjects,Sentence Structure
"Fill in the blank: ______ refers to ""a noun that refers to a group of people or things, such as 'team' or 'flock'"".",a preposition,a pronoun,an interjection,a collective noun,D,"a collective noun refers to: a noun that refers to a group of people or things, such as 'team' or 'flock'",English Subjects,Parts of Speech
Which word is opposite in meaning to 'contract'?,humble,import,expand,buy,C,'expand' is opposite in meaning to 'contract'.,English Subjects,Antonyms
"Identify the correctly completed sentence's tense: ""They were having dinner when the power went out."" — which tense is used?",Simple Future,Future Perfect,Past Perfect,Past Continuous,D,"The sentence ""They were having dinner when the power went out."" is written in the Past Continuous tense.",English Subjects,Tenses
'misplace' is a synonym of which word?,dark,perfect,lose,honest,C,'misplace' is similar in meaning to 'lose'.,English Subjects,Synonyms
What is an article?,"a word or phrase that expresses strong emotion, such as 'Wow!' or 'Ouch!'","an auxiliary verb that expresses necessity, possibility, or ability, such as can, could, must, or should","a word (a, an, the) used before a noun to specify definiteness","a noun that names a general person, place, or thing",C,"an article is: a word (a, an, the) used before a noun to specify definiteness",English Subjects,Parts of Speech
"Which term matches this description: ""a sentence with only one independent clause""?",a subject in a sentence,a simple sentence,a predicate in a sentence,a clause,B,The description matches a simple sentence: a sentence with only one independent clause,English Subjects,Sentence Structure
Which word is similar in meaning to 'radiant'?,old,build,bright,help,C,'bright' is similar in meaning to 'radiant'.,English Subjects,Synonyms
Which article correctly precedes the word 'actor'?,no article,an,the,a,B,"'actor' starts with a vowel sound, so the correct article is 'an'.",English Subjects,Articles
"Which term matches this description: ""an auxiliary verb that expresses necessity, possibility, or ability, such as can, could, must, or should""?",a modal verb,an intransitive verb,a preposition,a common noun,A,"The description matches a modal verb: an auxiliary verb that expresses necessity, possibility, or ability, such as can, could, must, or should",English Subjects,Parts of Speech
Which word is similar in meaning to 'cunning'?,true,break,clever,run,C,'clever' is similar in meaning to 'cunning'.,English Subjects,Synonyms
Which word is a synonym of 'thin'?,slender,reply,peaceful,timid,A,'slender' is similar in meaning to 'thin'.,English Subjects,Synonyms
'retreat' is a antonym of which word?,wise,smooth,advance,laugh,C,'retreat' is opposite in meaning to 'advance'.,English Subjects,Antonyms
Which word is a synonym of 'sad'?,sorrowful,grave,create,reply,A,'sorrowful' is similar in meaning to 'sad'.,English Subjects,Synonyms
Choose the word that is similar in meaning to 'right':,correct,detest,uncommon,retain,A,'correct' is similar in meaning to 'right'.,English Subjects,Synonyms
"Fill in the blank: ______ refers to ""a word (a, an, the) used before a noun to specify definiteness"".",a common noun,a modal verb,an article,an uncountable noun,C,"an article refers to: a word (a, an, the) used before a noun to specify definiteness",English Subjects,Parts of Speech
'secure' is a synonym of which word?,like,start,high,safe,D,'secure' is similar in meaning to 'safe'.,English Subjects,Synonyms
Which word is similar in meaning to 'dense'?,ancient,stop,thick,real,C,'thick' is similar in meaning to 'dense'.,English Subjects,Synonyms
Choose the word that is similar in meaning to 'hide':,inquire,gentle,conceal,courageous,C,'conceal' is similar in meaning to 'hide'.,English Subjects,Synonyms
'dim' is a synonym of which word?,build,fast,perfect,dark,D,'dim' is similar in meaning to 'dark'.,English Subjects,Synonyms
What is an idiom?,"a verb tense used for actions completed before another past action, e.g. 'She had walked to school before it rained.'","a verb tense used to describe actions that will happen, e.g. 'She will walk to school.'","a phrase whose meaning cannot be understood from the individual words, e.g. 'break the ice'","a noun that refers to a group of people or things, such as 'team' or 'flock'",C,"an idiom is: a phrase whose meaning cannot be understood from the individual words, e.g. 'break the ice'",English Subjects,Vocabulary
Which word is a antonym of 'praise'?,fail,shrink,criticise,light,C,'criticise' is opposite in meaning to 'praise'.,English Subjects,Antonyms
'hate' is a antonym of which word?,love,clean,include,victory,A,'hate' is opposite in meaning to 'love'.,English Subjects,Antonyms
'cruel' is a antonym of which word?,love,light,wet,kind,D,'cruel' is opposite in meaning to 'kind'.,English Subjects,Antonyms
Choose the word that is similar in meaning to 'fake':,counterfeit,joyful,impoverished,vend,A,'counterfeit' is similar in meaning to 'fake'.,English Subjects,Synonyms
Which word is opposite in meaning to 'export'?,import,guilty,generous,attack,A,'import' is opposite in meaning to 'export'.,English Subjects,Antonyms
Choose the word that is similar in meaning to 'serious':,stroll,display,harsh,grave,D,'grave' is similar in meaning to 'serious'.,English Subjects,Synonyms
Which word is opposite in meaning to 'forbid'?,advance,open,laugh,permit,D,'permit' is opposite in meaning to 'forbid'.,English Subjects,Antonyms
'antique' is a synonym of which word?,cry,ancient,break,old,B,'antique' is similar in meaning to 'ancient'.,English Subjects,Synonyms
Choose the word that is similar in meaning to 'useless':,dim,near,worthless,modern,C,'worthless' is similar in meaning to 'useless'.,English Subjects,Synonyms
Choose the correct article to fill the blank: '___ kite',the,an,a,no article,C,"'kite' starts with a consonant sound, so the correct article is 'a'.",English Subjects,Articles
Which word is similar in meaning to 'shallow'?,rare,cold,low,polite,C,'low' is similar in meaning to 'shallow'.,English Subjects,Synonyms
"Complete the sentence correctly: ""We ___ to Paris next summer.""",will travel,travelled,are travelling,travel,A,"The sentence requires the Simple Future form: 'will travel'. Full sentence: ""We will travel to Paris next summer.""",English Subjects,Tenses
"Fill in the blank: ______ refers to ""a sentence in which the subject receives the action, e.g. 'The mouse was chased by the cat.'"".",a noun,a subject in a sentence,a passive voice sentence,a homophone,C,"a passive voice sentence refers to: a sentence in which the subject receives the action, e.g. 'The mouse was chased by the cat.'",English Subjects,Voice
What is a synonym?,"a word that modifies a verb, adjective, or another adverb, often describing how, when, or where",a sentence with only one independent clause,a sentence with one independent clause and at least one dependent clause,a word that has the same or nearly the same meaning as another word,D,a synonym is: a word that has the same or nearly the same meaning as another word,English Subjects,Vocabulary
Which statement correctly describes an adverb?,"a word that expresses an action, occurrence, or state of being","a word or phrase that expresses strong emotion, such as 'Wow!' or 'Ouch!'","a word that modifies a verb, adjective, or another adverb, often describing how, when, or where","a word (a, an, the) used before a noun to specify definiteness",C,"By definition, an adverb is: a word that modifies a verb, adjective, or another adverb, often describing how, when, or where",English Subjects,Parts of Speech
Which word is similar in meaning to 'courageous'?,brave,strong,cold,dirty,A,'brave' is similar in meaning to 'courageous'.,English Subjects,Synonyms
"Fill in the blank: ______ refers to ""a word that has the opposite meaning to another word"".",a countable noun,a clause,an antonym,the present perfect tense,C,an antonym refers to: a word that has the opposite meaning to another word,English Subjects,Vocabulary
Which statement correctly describes a noun?,"a verb that does not require a direct object, e.g. 'She sleeps.'","a word that names a person, place, thing, or idea","a word that expresses an action, occurrence, or state of being","an auxiliary verb that expresses necessity, possibility, or ability, such as can, could, must, or should",B,"By definition, a noun is: a word that names a person, place, thing, or idea",English Subjects,Parts of Speech
Choose the word that is similar in meaning to 'happy':,joyful,reckless,impoverished,simple,A,'joyful' is similar in meaning to 'happy'.,English Subjects,Synonyms
'inexpensive' is a synonym of which word?,wrong,cheap,brave,bright,B,'inexpensive' is similar in meaning to 'cheap'.,English Subjects,Synonyms
Choose the word that is similar in meaning to 'buy':,observe,purchase,silent,challenging,B,'purchase' is similar in meaning to 'buy'.,English Subjects,Synonyms
Choose the word that is similar in meaning to 'careless':,purchase,reckless,slim,intelligent,B,'reckless' is similar in meaning to 'careless'.,English Subjects,Synonyms
Which article correctly precedes the word 'garden'?,the,an,a,no article,C,"'garden' starts with a consonant sound, so the correct article is 'a'.",English Subjects,Articles
Which word is similar in meaning to 'fearless'?,easy,brave,hate,calm,B,'brave' is similar in meaning to 'fearless'.,English Subjects,Synonyms
Which word is similar in meaning to 'intelligent'?,give,break,smart,true,C,'smart' is similar in meaning to 'intelligent'.,English Subjects,Synonyms
Which word is opposite in meaning to 'fail'?,wet,praise,clean,succeed,D,'succeed' is opposite in meaning to 'fail'.,English Subjects,Antonyms
Which word is similar in meaning to 'silent'?,angry,quiet,thin,strong,B,'quiet' is similar in meaning to 'silent'.,English Subjects,Synonyms
Which word is a antonym of 'optimist'?,pessimist,complex,destroy,lower,A,'pessimist' is opposite in meaning to 'optimist'.,English Subjects,Antonyms
Choose the word that is similar in meaning to 'run':,dash,incorrect,inquire,weep,A,'dash' is similar in meaning to 'run'.,English Subjects,Synonyms
Which article correctly precedes the word 'banana'?,no article,a,an,the,B,"'banana' starts with a consonant sound, so the correct article is 'a'.",English Subjects,Articles
Choose the word that is opposite in meaning to 'thick':,thin,quiet,scatter,poor,A,'thin' is opposite in meaning to 'thick'.,English Subjects,Antonyms
'end' is a antonym of which word?,raise,rich,begin,genuine,C,'end' is opposite in meaning to 'begin'.,English Subjects,Antonyms
Which word is similar in meaning to 'frigid'?,cold,cry,jump,true,A,'cold' is similar in meaning to 'frigid'.,English Subjects,Synonyms
Which word is similar in meaning to 'converse'?,light,talk,brave,run,B,'talk' is similar in meaning to 'converse'.,English Subjects,Synonyms
Choose the word that is similar in meaning to 'break':,shallow,conceal,renowned,shatter,D,'shatter' is similar in meaning to 'break'.,English Subjects,Synonyms
Choose the word that is similar in meaning to 'clever':,assist,cunning,retain,reply,B,'cunning' is similar in meaning to 'clever'.,English Subjects,Synonyms
"Which verb form correctly completes the sentence: ""She ___ her keys somewhere in the house.""?",has lost,lost,loses,will lose,A,"The sentence requires the Present Perfect form: 'has lost'. Full sentence: ""She has lost her keys somewhere in the house.""",English Subjects,Tenses
'construct' is a synonym of which word?,dirty,strong,build,wide,C,'construct' is similar in meaning to 'build'.,English Subjects,Synonyms
Which word is opposite in meaning to 'soft'?,hot,hard,heavy,up,B,'hard' is opposite in meaning to 'soft'.,English Subjects,Antonyms
Which word is opposite in meaning to 'defeat'?,import,day,victory,safe,C,'victory' is opposite in meaning to 'defeat'.,English Subjects,Antonyms
Which article correctly precedes the word 'author'?,no article,an,the,a,B,"'author' starts with a vowel sound, so the correct article is 'an'.",English Subjects,Articles
Which word is similar in meaning to 'purchase'?,false,slow,buy,end,C,'buy' is similar in meaning to 'purchase'.,English Subjects,Synonyms
Choose the word that is similar in meaning to 'heavy':,counterfeit,large,massive,conceal,C,'massive' is similar in meaning to 'heavy'.,English Subjects,Synonyms
Which word is similar in meaning to 'modern'?,new,buy,jump,important,A,'new' is similar in meaning to 'modern'.,English Subjects,Synonyms
Which word is opposite in meaning to 'defend'?,interior,attack,wise,early,B,'attack' is opposite in meaning to 'defend'.,English Subjects,Antonyms
Choose the correct article to fill the blank: '___ ocean',no article,a,an,the,C,"'ocean' starts with a vowel sound, so the correct article is 'an'.",English Subjects,Articles
Which word is a synonym of 'build'?,cautious,construct,dense,inquire,B,'construct' is similar in meaning to 'build'.,English Subjects,Synonyms
'cry' is a antonym of which word?,laugh,accept,clean,up,A,'cry' is opposite in meaning to 'laugh'.,English Subjects,Antonyms
Which word is a synonym of 'useful'?,truthful,shatter,beneficial,dash,C,'beneficial' is similar in meaning to 'useful'.,English Subjects,Synonyms
Which statement correctly describes a conjunction?,"a verb that requires a direct object to complete its meaning, e.g. 'She reads a book.'","a word that connects words, phrases, or clauses, such as and, but, or because","a word or phrase that expresses strong emotion, such as 'Wow!' or 'Ouch!'",a word that describes or modifies a noun,B,"By definition, a conjunction is: a word that connects words, phrases, or clauses, such as and, but, or because",English Subjects,Parts of Speech
Which word is a synonym of 'unknown'?,obscure,commence,shallow,flawless,A,'obscure' is similar in meaning to 'unknown'.,English Subjects,Synonyms
Which word is a synonym of 'cold'?,frigid,incorrect,truthful,conceal,A,'frigid' is similar in meaning to 'cold'.,English Subjects,Synonyms
Which statement correctly describes the past continuous tense?,"a verb tense used to describe actions that will happen, e.g. 'She will walk to school.'","a verb tense used for actions that were ongoing in the past, e.g. 'She was walking to school.'","a verb tense used for actions completed before another past action, e.g. 'She had walked to school before it rained.'","a verb tense used for actions happening right now, e.g. 'She is walking to school.'",B,"By definition, the past continuous tense is: a verb tense used for actions that were ongoing in the past, e.g. 'She was walking to school.'",English Subjects,Tenses
'counterfeit' is a synonym of which word?,fake,shy,cry,true,A,'counterfeit' is similar in meaning to 'fake'.,English Subjects,Synonyms
"Fill in the blank: ______ refers to ""a phrase whose meaning cannot be understood from the individual words, e.g. 'break the ice'"".",an antonym,a preposition,an idiom,the present continuous tense,C,"an idiom refers to: a phrase whose meaning cannot be understood from the individual words, e.g. 'break the ice'",English Subjects,Vocabulary
Which word is opposite in meaning to 'arrogant'?,polite,humble,begin,victory,B,'humble' is opposite in meaning to 'arrogant'.,English Subjects,Antonyms
Which word is similar in meaning to 'construct'?,famous,build,serious,lose,B,'build' is similar in meaning to 'construct'.,English Subjects,Synonyms
"Fill in the blank: ______ refers to ""a sentence with one independent clause and at least one dependent clause"".",a complex sentence,a compound sentence,a phrase,a predicate in a sentence,A,a complex sentence refers to: a sentence with one independent clause and at least one dependent clause,English Subjects,Sentence Structure
Choose the correct article to fill the blank: '___ river',a,no article,the,an,A,"'river' starts with a consonant sound, so the correct article is 'a'.",English Subjects,Articles
'assist' is a synonym of which word?,fake,help,narrow,sell,B,'assist' is similar in meaning to 'help'.,English Subjects,Synonyms
Choose the correct article to fill the blank: '___ elephant',a,the,no article,an,D,"'elephant' starts with a vowel sound, so the correct article is 'an'.",English Subjects,Articles
'gentle' is a synonym of which word?,kind,serious,useful,dangerous,A,'gentle' is similar in meaning to 'kind'.,English Subjects,Synonyms
Choose the word that is similar in meaning to 'angry':,reply,conceal,furious,obscure,C,'furious' is similar in meaning to 'angry'.,English Subjects,Synonyms
'correct' is a synonym of which word?,dangerous,start,loud,right,D,'correct' is similar in meaning to 'right'.,English Subjects,Synonyms
Which word is a synonym of 'true'?,accurate,weep,enjoy,large,A,'accurate' is similar in meaning to 'true'.,English Subjects,Synonyms
Which word is a synonym of 'start'?,anxious,grab,initiate,costly,C,'initiate' is similar in meaning to 'start'.,English Subjects,Synonyms
Which word is opposite in meaning to 'lower'?,raise,young,wet,victory,A,'raise' is opposite in meaning to 'lower'.,English Subjects,Antonyms
Choose the correct article to fill the blank: '___ engineer',the,a,an,no article,C,"'engineer' starts with a vowel sound, so the correct article is 'an'.",English Subjects,Articles
Which word is opposite in meaning to 'dry'?,major,wet,raise,generous,B,'wet' is opposite in meaning to 'dry'.,English Subjects,Antonyms
Which word is a synonym of 'shy'?,harsh,timid,retain,massive,B,'timid' is similar in meaning to 'shy'.,English Subjects,Synonyms
Which word is similar in meaning to 'reply'?,ancient,answer,calm,beautiful,B,'answer' is similar in meaning to 'reply'.,English Subjects,Synonyms
Choose the word that is similar in meaning to 'keep':,sluggish,hazardous,inexpensive,retain,D,'retain' is similar in meaning to 'keep'.,English Subjects,Synonyms
Choose the correct article to fill the blank: '___ MBA graduate',the,no article,an,a,C,"'MBA graduate' starts with a vowel sound, so the correct article is 'an'.",English Subjects,Articles
Choose the word that is similar in meaning to 'ancient':,deceitful,conclude,noisy,antique,D,'antique' is similar in meaning to 'ancient'.,English Subjects,Synonyms
'injure' is a synonym of which word?,make,hurt,slow,loud,B,'injure' is similar in meaning to 'hurt'.,English Subjects,Synonyms
Which word is a antonym of 'thick'?,cruel,low,thin,reject,C,'thin' is opposite in meaning to 'thick'.,English Subjects,Antonyms
Choose the word that is opposite in meaning to 'heavy':,empty,sell,down,light,D,'light' is opposite in meaning to 'heavy'.,English Subjects,Antonyms
'distant' is a synonym of which word?,calm,wide,empty,far,D,'distant' is similar in meaning to 'far'.,English Subjects,Synonyms
"Which term matches this description: ""a verb tense used for actions completed before another past action, e.g. 'She had walked to school before it rained.'""?",the simple past tense,the past perfect tense,the present perfect tense,the simple future tense,B,"The description matches the past perfect tense: a verb tense used for actions completed before another past action, e.g. 'She had walked to school before it rained.'",English Subjects,Tenses
Which word is similar in meaning to 'create'?,jump,make,take,weak,B,'make' is similar in meaning to 'create'.,English Subjects,Synonyms
"Fill in the blank: ______ refers to ""a verb tense used for actions happening right now, e.g. 'She is walking to school.'"".",the simple past tense,the simple present tense,the past continuous tense,the present continuous tense,D,"the present continuous tense refers to: a verb tense used for actions happening right now, e.g. 'She is walking to school.'",English Subjects,Tenses
Which word is a synonym of 'calm'?,purchase,peaceful,spotless,scorching,B,'peaceful' is similar in meaning to 'calm'.,English Subjects,Synonyms
Which article correctly precedes the word 'umbrella'?,a,an,no article,the,B,"'umbrella' starts with a vowel sound, so the correct article is 'an'.",English Subjects,Articles
Choose the word that is similar in meaning to 'love':,frigid,adore,harsh,ancient,B,'adore' is similar in meaning to 'love'.,English Subjects,Synonyms
'hilarious' is a synonym of which word?,rich,nervous,cheap,funny,D,'hilarious' is similar in meaning to 'funny'.,English Subjects,Synonyms
'donate' is a synonym of which word?,give,show,cry,ask,A,'donate' is similar in meaning to 'give'.,English Subjects,Synonyms
Which word is a antonym of 'smooth'?,decrease,rough,disagree,false,B,'rough' is opposite in meaning to 'smooth'.,English Subjects,Antonyms
"Complete the sentence correctly: ""He ___ his homework right now.""",will do,did,does,is doing,D,"The sentence requires the Present Continuous form: 'is doing'. Full sentence: ""He is doing his homework right now.""",English Subjects,Tenses
Which word is a synonym of 'weak'?,obscure,feeble,stroll,antique,B,'feeble' is similar in meaning to 'weak'.,English Subjects,Synonyms
Which article correctly precedes the word 'email'?,no article,an,the,a,B,"'email' starts with a vowel sound, so the correct article is 'an'.",English Subjects,Articles
Choose the word that is similar in meaning to 'weak':,feeble,halt,ordinary,truthful,A,'feeble' is similar in meaning to 'weak'.,English Subjects,Synonyms
'stingy' is a antonym of which word?,full,loud,polite,generous,D,'stingy' is opposite in meaning to 'generous'.,English Subjects,Antonyms
'dry' is a antonym of which word?,heavy,permit,simple,wet,D,'dry' is opposite in meaning to 'wet'.,English Subjects,Antonyms
Which word is a synonym of 'false'?,untrue,conceal,noisy,intelligent,A,'untrue' is similar in meaning to 'false'.,English Subjects,Synonyms
Choose the word that is opposite in meaning to 'raise':,dangerous,lower,cowardly,disagree,B,'lower' is opposite in meaning to 'raise'.,English Subjects,Antonyms
Which word is similar in meaning to 'untrue'?,stop,false,help,calm,B,'false' is similar in meaning to 'untrue'.,English Subjects,Synonyms
Which word is similar in meaning to 'deceitful'?,dishonest,fast,honest,lose,A,'dishonest' is similar in meaning to 'deceitful'.,English Subjects,Synonyms
Which word is a synonym of 'low'?,shallow,courteous,weightless,incorrect,A,'shallow' is similar in meaning to 'low'.,English Subjects,Synonyms
'contemporary' is a synonym of which word?,full,modern,strong,unknown,B,'contemporary' is similar in meaning to 'modern'.,English Subjects,Synonyms
"Which term matches this description: ""a word that has the same or nearly the same meaning as another word""?",a verb,a direct speech sentence,a synonym,an active voice sentence,C,The description matches a synonym: a word that has the same or nearly the same meaning as another word,English Subjects,Vocabulary
Which word is a antonym of 'succeed'?,dark,fail,decrease,stingy,B,'fail' is opposite in meaning to 'succeed'.,English Subjects,Antonyms
Which word is a antonym of 'victory'?,defeat,light,fake,innocent,A,'defeat' is opposite in meaning to 'victory'.,English Subjects,Antonyms
Which word is similar in meaning to 'injure'?,hurt,cold,weak,heavy,A,'hurt' is similar in meaning to 'injure'.,English Subjects,Synonyms
Choose the word that is opposite in meaning to 'give':,rough,arrogant,pull,take,D,'take' is opposite in meaning to 'give'.,English Subjects,Antonyms
What is a subject in a sentence?,a group of related words that does not contain a subject and verb pair,a sentence with only one independent clause,"the person, place, or thing that performs the action of the verb",a sentence made of two or more independent clauses joined by a conjunction,C,"a subject in a sentence is: the person, place, or thing that performs the action of the verb",English Subjects,Sentence Structure
Choose the word that is similar in meaning to 'thick':,conceal,hazardous,near,dense,D,'dense' is similar in meaning to 'thick'.,English Subjects,Synonyms
Which word is a antonym of 'create'?,destroy,innocent,dark,lower,A,'destroy' is opposite in meaning to 'create'.,English Subjects,Antonyms
Which word is similar in meaning to 'powerful'?,strong,rare,kind,ancient,A,'strong' is similar in meaning to 'powerful'.,English Subjects,Synonyms
Choose the word that is similar in meaning to 'talk':,inquire,chuckle,converse,antique,C,'converse' is similar in meaning to 'talk'.,English Subjects,Synonyms
Which word is a synonym of 'dislike'?,fearless,grab,commence,disapprove,D,'disapprove' is similar in meaning to 'dislike'.,English Subjects,Synonyms
Which word is opposite in meaning to 'quiet'?,remember,increase,advance,loud,D,'loud' is opposite in meaning to 'quiet'.,English Subjects,Antonyms
Which word is similar in meaning to 'vacant'?,help,love,fast,empty,D,'empty' is similar in meaning to 'vacant'.,English Subjects,Synonyms
Which statement correctly describes the present continuous tense?,"a verb tense used to describe actions that will happen, e.g. 'She will walk to school.'","a verb tense used for actions completed before another past action, e.g. 'She had walked to school before it rained.'","a verb tense used for actions happening right now, e.g. 'She is walking to school.'","a verb tense used to describe habitual actions or general facts, e.g. 'She walks to school.'",C,"By definition, the present continuous tense is: a verb tense used for actions happening right now, e.g. 'She is walking to school.'",English Subjects,Tenses
What is a compound sentence?,a group of words containing a subject and a verb,a group of related words that does not contain a subject and verb pair,the part of a sentence that contains the verb and gives information about the subject,a sentence made of two or more independent clauses joined by a conjunction,D,a compound sentence is: a sentence made of two or more independent clauses joined by a conjunction,English Subjects,Sentence Structure
Choose the word that is opposite in meaning to 'up':,false,lose,soft,down,D,'down' is opposite in meaning to 'up'.,English Subjects,Antonyms
Which article correctly precedes the word 'engineer'?,no article,the,an,a,C,"'engineer' starts with a vowel sound, so the correct article is 'an'.",English Subjects,Articles
'fail' is a antonym of which word?,full,early,victory,succeed,D,'fail' is opposite in meaning to 'succeed'.,English Subjects,Antonyms
Choose the correct article to fill the blank: '___ onion',an,a,the,no article,A,"'onion' starts with a vowel sound, so the correct article is 'an'.",English Subjects,Articles
Which word is a synonym of 'happy'?,enjoy,beneficial,elevated,joyful,D,'joyful' is similar in meaning to 'happy'.,English Subjects,Synonyms
Choose the correct article to fill the blank: '___ lamp',no article,an,a,the,C,"'lamp' starts with a consonant sound, so the correct article is 'a'.",English Subjects,Articles
"Which term matches this description: ""a sentence that reports the exact words spoken by someone, usually in quotation marks""?",the simple future tense,a direct speech sentence,a clause,the past continuous tense,B,"The description matches a direct speech sentence: a sentence that reports the exact words spoken by someone, usually in quotation marks",English Subjects,Speech
Choose the word that is similar in meaning to 'rare':,uncommon,inquire,impolite,wealthy,A,'uncommon' is similar in meaning to 'rare'.,English Subjects,Synonyms
Choose the word that is opposite in meaning to 'loud':,exclude,criticise,quiet,closed,C,'quiet' is opposite in meaning to 'loud'.,English Subjects,Antonyms
Choose the correct article to fill the blank: '___ cat',an,the,a,no article,C,"'cat' starts with a consonant sound, so the correct article is 'a'.",English Subjects,Articles
Which word is a synonym of 'dark'?,ancient,dim,anxious,fearless,B,'dim' is similar in meaning to 'dark'.,English Subjects,Synonyms
"Fill in the blank: ______ refers to ""a word that shows the relationship between a noun/pronoun and other words in a sentence, such as in, on, or under"".",a common noun,a preposition,an adjective,an uncountable noun,B,"a preposition refers to: a word that shows the relationship between a noun/pronoun and other words in a sentence, such as in, on, or under",English Subjects,Parts of Speech
Choose the correct article to fill the blank: '___ uncle',a,the,no article,an,D,"'uncle' starts with a vowel sound, so the correct article is 'an'.",English Subjects,Articles
Which word is a synonym of 'love'?,adore,slender,elevated,untrue,A,'adore' is similar in meaning to 'love'.,English Subjects,Synonyms
"Which term matches this description: ""a sentence in which the subject performs the action, e.g. 'The cat chased the mouse.'""?",the simple future tense,an active voice sentence,a metaphor,a homophone,B,"The description matches an active voice sentence: a sentence in which the subject performs the action, e.g. 'The cat chased the mouse.'",English Subjects,Voice
'old' is a antonym of which word?,young,win,major,wise,A,'old' is opposite in meaning to 'young'.,English Subjects,Antonyms
"Which term matches this description: ""the repetition of the same initial consonant sound in nearby words, e.g. 'she sells seashells'""?",a noun,the present perfect tense,alliteration,a conjunction,C,"The description matches alliteration: the repetition of the same initial consonant sound in nearby words, e.g. 'she sells seashells'",English Subjects,Literary Devices
'observe' is a synonym of which word?,big,run,look,narrow,C,'observe' is similar in meaning to 'look'.,English Subjects,Synonyms
Which word is a synonym of 'ancient'?,hazardous,vend,beneficial,antique,D,'antique' is similar in meaning to 'ancient'.,English Subjects,Synonyms
Which word is a synonym of 'break'?,silent,distant,significant,shatter,D,'shatter' is similar in meaning to 'break'.,English Subjects,Synonyms
Which word is a synonym of 'wide'?,chuckle,scorching,construct,broad,D,'broad' is similar in meaning to 'wide'.,English Subjects,Synonyms
Which word is similar in meaning to 'slender'?,fast,thin,clever,take,B,'thin' is similar in meaning to 'slender'.,English Subjects,Synonyms
Choose the correct article to fill the blank: '___ chair',no article,an,a,the,C,"'chair' starts with a consonant sound, so the correct article is 'a'.",English Subjects,Articles
Which word is a antonym of 'big'?,rude,thin,small,foolish,C,'small' is opposite in meaning to 'big'.,English Subjects,Antonyms
Choose the correct article to fill the blank: '___ egg',an,the,a,no article,A,"'egg' starts with a vowel sound, so the correct article is 'an'.",English Subjects,Articles
'simple' is a synonym of which word?,rare,easy,thick,rude,B,'simple' is similar in meaning to 'easy'.,English Subjects,Synonyms
'quiet' is a antonym of which word?,attack,create,raise,loud,D,'quiet' is opposite in meaning to 'loud'.,English Subjects,Antonyms
'dash' is a synonym of which word?,right,big,stupid,run,D,'dash' is similar in meaning to 'run'.,English Subjects,Synonyms
"Fill in the blank: ______ refers to ""an auxiliary verb that expresses necessity, possibility, or ability, such as can, could, must, or should"".",a conjunction,a transitive verb,a modal verb,a verb,C,"a modal verb refers to: an auxiliary verb that expresses necessity, possibility, or ability, such as can, could, must, or should",English Subjects,Parts of Speech
Choose the word that is opposite in meaning to 'succeed':,cruel,fail,reject,retreat,B,'fail' is opposite in meaning to 'succeed'.,English Subjects,Antonyms
Choose the word that is opposite in meaning to 'strong':,weak,end,old,cowardly,A,'weak' is opposite in meaning to 'strong'.,English Subjects,Antonyms
Choose the word that is opposite in meaning to 'public':,shrink,light,fail,private,D,'private' is opposite in meaning to 'public'.,English Subjects,Antonyms
'soft' is a antonym of which word?,include,light,up,hard,D,'soft' is opposite in meaning to 'hard'.,English Subjects,Antonyms
Which word is a antonym of 'full'?,empty,lose,export,lower,A,'empty' is opposite in meaning to 'full'.,English Subjects,Antonyms
Which word is similar in meaning to 'conceal'?,give,bright,hide,expensive,C,'hide' is similar in meaning to 'conceal'.,English Subjects,Synonyms
Which word is a synonym of 'cry'?,contemporary,incorrect,weep,impoverished,C,'weep' is similar in meaning to 'cry'.,English Subjects,Synonyms
Which word is a antonym of 'kind'?,private,cruel,take,quiet,B,'cruel' is opposite in meaning to 'kind'.,English Subjects,Antonyms
'small' is a antonym of which word?,arrive,big,attack,simple,B,'small' is opposite in meaning to 'big'.,English Subjects,Antonyms
Which article correctly precedes the word 'river'?,a,an,no article,the,A,"'river' starts with a consonant sound, so the correct article is 'a'.",English Subjects,Articles
'broad' is a synonym of which word?,serious,rare,wide,loud,C,'broad' is similar in meaning to 'wide'.,English Subjects,Synonyms
Which word is opposite in meaning to 'innocent'?,hard,arrive,guilty,wise,C,'guilty' is opposite in meaning to 'innocent'.,English Subjects,Antonyms
Which word is a antonym of 'arrive'?,depart,fake,cold,foolish,A,'depart' is opposite in meaning to 'arrive'.,English Subjects,Antonyms
'depart' is a antonym of which word?,genuine,wide,push,arrive,D,'depart' is opposite in meaning to 'arrive'.,English Subjects,Antonyms
"Which term matches this description: ""a noun that cannot be counted and typically has no plural form, such as 'water' or 'information'""?",an intransitive verb,a collective noun,an uncountable noun,a conjunction,C,"The description matches an uncountable noun: a noun that cannot be counted and typically has no plural form, such as 'water' or 'information'",English Subjects,Parts of Speech
Which article correctly precedes the word 'umbrella stand'?,no article,a,an,the,C,"'umbrella stand' starts with a vowel sound, so the correct article is 'an'.",English Subjects,Articles
Choose the word that is opposite in meaning to 'victory':,defeat,rough,soft,depart,A,'defeat' is opposite in meaning to 'victory'.,English Subjects,Antonyms
Choose the word that is opposite in meaning to 'praise':,weak,closed,dry,criticise,D,'criticise' is opposite in meaning to 'praise'.,English Subjects,Antonyms
Choose the correct article to fill the blank: '___ x-ray',a,no article,the,an,D,"'x-ray' starts with a vowel sound, so the correct article is 'an'.",English Subjects,Articles
Choose the word that is similar in meaning to 'full':,adore,complete,challenging,scorching,B,'complete' is similar in meaning to 'full'.,English Subjects,Synonyms
'powerful' is a synonym of which word?,walk,strong,new,clever,B,'powerful' is similar in meaning to 'strong'.,English Subjects,Synonyms
Which word is a synonym of 'funny'?,significant,conclude,hilarious,injure,C,'hilarious' is similar in meaning to 'funny'.,English Subjects,Synonyms
'lower' is a antonym of which word?,raise,win,simple,light,A,'lower' is opposite in meaning to 'raise'.,English Subjects,Antonyms
Which word is similar in meaning to 'worthless'?,shy,show,useless,look,C,'useless' is similar in meaning to 'worthless'.,English Subjects,Synonyms
Which word is similar in meaning to 'sorrowful'?,small,perfect,sad,slow,C,'sad' is similar in meaning to 'sorrowful'.,English Subjects,Synonyms
Which word is a synonym of 'poor'?,enjoy,massive,impoverished,create,C,'impoverished' is similar in meaning to 'poor'.,English Subjects,Synonyms
Which word is a antonym of 'attack'?,defend,hate,retreat,rude,A,'defend' is opposite in meaning to 'attack'.,English Subjects,Antonyms
Which word is a synonym of 'old'?,costly,large,ancient,dash,C,'ancient' is similar in meaning to 'old'.,English Subjects,Synonyms
Which word is a synonym of 'difficult'?,construct,challenging,leap,noisy,B,'challenging' is similar in meaning to 'difficult'.,English Subjects,Synonyms
Which word is opposite in meaning to 'take'?,light,guilty,give,happy,C,'give' is opposite in meaning to 'take'.,English Subjects,Antonyms
Choose the word that is opposite in meaning to 'hot':,end,cold,criticise,arrogant,B,'cold' is opposite in meaning to 'hot'.,English Subjects,Antonyms
'weightless' is a synonym of which word?,narrow,rich,cruel,light,D,'weightless' is similar in meaning to 'light'.,English Subjects,Synonyms
Which word is a synonym of 'careless'?,noisy,detest,reckless,construct,C,'reckless' is similar in meaning to 'careless'.,English Subjects,Synonyms
Which word is a synonym of 'small'?,obscure,purchase,peaceful,tiny,D,'tiny' is similar in meaning to 'small'.,English Subjects,Synonyms
"Which term matches this description: ""a verb tense used to describe actions that will happen, e.g. 'She will walk to school.'""?",the simple past tense,the simple future tense,the past continuous tense,the present perfect tense,B,"The description matches the simple future tense: a verb tense used to describe actions that will happen, e.g. 'She will walk to school.'",English Subjects,Tenses
'destroy' is a antonym of which word?,buy,give,arrive,create,D,'destroy' is opposite in meaning to 'create'.,English Subjects,Antonyms
Which article correctly precedes the word 'honest man'?,an,a,no article,the,A,"'honest man' starts with a vowel sound, so the correct article is 'an'.",English Subjects,Articles
Which word is a synonym of 'answer'?,reply,radiant,near,discover,A,'reply' is similar in meaning to 'answer'.,English Subjects,Synonyms
Choose the word that is similar in meaning to 'light':,dim,powerful,weightless,create,C,'weightless' is similar in meaning to 'light'.,English Subjects,Synonyms
Choose the word that is opposite in meaning to 'genuine':,criticise,rough,narrow,fake,D,'fake' is opposite in meaning to 'genuine'.,English Subjects,Antonyms
'slow' is a antonym of which word?,advance,fast,include,hard,B,'slow' is opposite in meaning to 'fast'.,English Subjects,Antonyms
Which word is similar in meaning to 'significant'?,hot,like,important,hide,C,'important' is similar in meaning to 'significant'.,English Subjects,Synonyms
Choose the correct article to fill the blank: '___ university',a,the,no article,an,A,"'university' starts with a consonant sound, so the correct article is 'a'.",English Subjects,Articles
"Identify the correctly completed sentence's tense: ""We are going to the beach tomorrow."" — which tense is used?",Present Perfect,Past Perfect,Present Continuous (future use),Simple Future,C,"The sentence ""We are going to the beach tomorrow."" is written in the Present Continuous (future use) tense.",English Subjects,Tenses
Which word is similar in meaning to 'filthy'?,useful,begin,rare,dirty,D,'dirty' is similar in meaning to 'filthy'.,English Subjects,Synonyms
Which article correctly precedes the word 'onion'?,the,an,a,no article,B,"'onion' starts with a vowel sound, so the correct article is 'an'.",English Subjects,Articles
Choose the correct article to fill the blank: '___ yacht',a,the,no article,an,A,"'yacht' starts with a consonant sound, so the correct article is 'a'.",English Subjects,Articles
'noisy' is a synonym of which word?,rich,sad,smart,loud,D,'noisy' is similar in meaning to 'loud'.,English Subjects,Synonyms
Which word is similar in meaning to 'complete'?,smart,cheap,give,full,D,'full' is similar in meaning to 'complete'.,English Subjects,Synonyms
Which word is a synonym of 'laugh'?,chuckle,hazardous,construct,sluggish,A,'chuckle' is similar in meaning to 'laugh'.,English Subjects,Synonyms
'wealthy' is a synonym of which word?,ancient,safe,rich,common,C,'wealthy' is similar in meaning to 'rich'.,English Subjects,Synonyms
"Fill in the blank: ______ refers to ""a verb tense used for actions completed before another past action, e.g. 'She had walked to school before it rained.'"".",the past perfect tense,the simple past tense,the present perfect tense,the simple future tense,A,"the past perfect tense refers to: a verb tense used for actions completed before another past action, e.g. 'She had walked to school before it rained.'",English Subjects,Tenses
Which word is a antonym of 'safe'?,sad,criticise,scatter,dangerous,D,'dangerous' is opposite in meaning to 'safe'.,English Subjects,Antonyms
Which word is a synonym of 'careful'?,observe,genuine,cautious,beneficial,C,'cautious' is similar in meaning to 'careful'.,English Subjects,Synonyms
"Identify the correctly completed sentence's tense: ""I was eating lunch when you called."" — which tense is used?",Simple Present,Past Continuous,Present Continuous,Past Perfect,B,"The sentence ""I was eating lunch when you called."" is written in the Past Continuous tense.",English Subjects,Tenses
Which word is a antonym of 'raise'?,thin,lower,arrogant,light,B,'lower' is opposite in meaning to 'raise'.,English Subjects,Antonyms
Which word is a synonym of 'perfect'?,cunning,silent,elevated,flawless,D,'flawless' is similar in meaning to 'perfect'.,English Subjects,Synonyms
'poor' is a antonym of which word?,high,rich,permit,smooth,B,'poor' is opposite in meaning to 'rich'.,English Subjects,Antonyms
Choose the correct article to fill the blank: '___ queen',an,the,a,no article,C,"'queen' starts with a consonant sound, so the correct article is 'a'.",English Subjects,Articles
Choose the word that is similar in meaning to 'thin':,slender,tiny,hilarious,deceitful,A,'slender' is similar in meaning to 'thin'.,English Subjects,Synonyms
'elevated' is a synonym of which word?,dangerous,brave,high,dislike,C,'elevated' is similar in meaning to 'high'.,English Subjects,Synonyms
Which word is similar in meaning to 'tiny'?,cry,real,lose,small,D,'small' is similar in meaning to 'tiny'.,English Subjects,Synonyms
"Which term matches this description: ""a word that expresses an action, occurrence, or state of being""?",a pronoun,a verb,a proper noun,an intransitive verb,B,"The description matches a verb: a word that expresses an action, occurrence, or state of being",English Subjects,Parts of Speech
"Which verb form correctly completes the sentence: ""The sun ___ in the east.""?",rose,rises,will rise,is rising,B,"The sentence requires the Simple Present form: 'rises'. Full sentence: ""The sun rises in the east.""",English Subjects,Tenses
Which article correctly precedes the word 'cat'?,an,a,no article,the,B,"'cat' starts with a consonant sound, so the correct article is 'a'.",English Subjects,Articles
'quick' is a synonym of which word?,dirty,strong,thick,fast,D,'quick' is similar in meaning to 'fast'.,English Subjects,Synonyms
"Which term matches this description: ""a sentence made of two or more independent clauses joined by a conjunction""?",a simple sentence,a compound sentence,a subject in a sentence,a complex sentence,B,The description matches a compound sentence: a sentence made of two or more independent clauses joined by a conjunction,English Subjects,Sentence Structure
Which word is a synonym of 'narrow'?,uncommon,slim,near,observe,B,'slim' is similar in meaning to 'narrow'.,English Subjects,Synonyms
Choose the word that is similar in meaning to 'old':,sluggish,adore,ancient,untrue,C,'ancient' is similar in meaning to 'old'.,English Subjects,Synonyms
"Which verb form correctly completes the sentence: ""He ___ to London next week.""?",is flying,flew,flies,had flown,A,"The sentence requires the Present Continuous form: 'is flying'. Full sentence: ""He is flying to London next week.""",English Subjects,Tenses
Which word is similar in meaning to 'challenging'?,jump,end,difficult,rude,C,'difficult' is similar in meaning to 'challenging'.,English Subjects,Synonyms
"Fill in the blank: ______ refers to ""a verb tense used for actions that were ongoing in the past, e.g. 'She was walking to school.'"".",the past continuous tense,the present perfect tense,the simple present tense,the simple past tense,A,"the past continuous tense refers to: a verb tense used for actions that were ongoing in the past, e.g. 'She was walking to school.'",English Subjects,Tenses
Which word is a synonym of 'bright'?,sorrowful,shatter,grave,radiant,D,'radiant' is similar in meaning to 'bright'.,English Subjects,Synonyms
"Which term matches this description: ""a noun that refers to a group of people or things, such as 'team' or 'flock'""?",an interjection,a transitive verb,an adverb,a collective noun,D,"The description matches a collective noun: a noun that refers to a group of people or things, such as 'team' or 'flock'",English Subjects,Parts of Speech
Choose the correct article to fill the blank: '___ apartment',a,an,the,no article,B,"'apartment' starts with a vowel sound, so the correct article is 'an'.",English Subjects,Articles
Which word is a synonym of 'expensive'?,modern,conceal,correct,costly,D,'costly' is similar in meaning to 'expensive'.,English Subjects,Synonyms
Choose the correct article to fill the blank: '___ banana',an,no article,the,a,D,"'banana' starts with a consonant sound, so the correct article is 'a'.",English Subjects,Articles
'grab' is a synonym of which word?,unknown,like,take,close,C,'grab' is similar in meaning to 'take'.,English Subjects,Synonyms
Choose the correct article to fill the blank: '___ jacket',an,a,the,no article,B,"'jacket' starts with a consonant sound, so the correct article is 'a'.",English Subjects,Articles
What is the past continuous tense?,"a verb tense used to describe actions that will happen, e.g. 'She will walk to school.'","a verb tense used for actions completed before another past action, e.g. 'She had walked to school before it rained.'","a verb tense used to describe habitual actions or general facts, e.g. 'She walks to school.'","a verb tense used for actions that were ongoing in the past, e.g. 'She was walking to school.'",D,"the past continuous tense is: a verb tense used for actions that were ongoing in the past, e.g. 'She was walking to school.'",English Subjects,Tenses
"Fill in the blank: ______ refers to ""a noun that cannot be counted and typically has no plural form, such as 'water' or 'information'"".",a pronoun,a transitive verb,a noun,an uncountable noun,D,"an uncountable noun refers to: a noun that cannot be counted and typically has no plural form, such as 'water' or 'information'",English Subjects,Parts of Speech
Which article correctly precedes the word 'orange'?,the,no article,an,a,C,"'orange' starts with a vowel sound, so the correct article is 'an'.",English Subjects,Articles
"Complete the sentence correctly: ""They ___ dinner when the power went out.""",had,have,will have,were having,D,"The sentence requires the Past Continuous form: 'were having'. Full sentence: ""They were having dinner when the power went out.""",English Subjects,Tenses
Which word is similar in meaning to 'foolish'?,stupid,expensive,careful,nervous,A,'stupid' is similar in meaning to 'foolish'.,English Subjects,Synonyms
Which word is a synonym of 'keep'?,retain,commence,assist,distant,A,'retain' is similar in meaning to 'keep'.,English Subjects,Synonyms
Which word is similar in meaning to 'antique'?,ancient,false,useless,love,A,'ancient' is similar in meaning to 'antique'.,English Subjects,Synonyms
Which word is similar in meaning to 'courteous'?,far,careful,polite,like,C,'polite' is similar in meaning to 'courteous'.,English Subjects,Synonyms
'fake' is a antonym of which word?,hot,genuine,succeed,heavy,B,'fake' is opposite in meaning to 'genuine'.,English Subjects,Antonyms
Which word is opposite in meaning to 'scatter'?,gather,up,advance,buy,A,'gather' is opposite in meaning to 'scatter'.,English Subjects,Antonyms
'vend' is a synonym of which word?,rich,make,run,sell,D,'vend' is similar in meaning to 'sell'.,English Subjects,Synonyms
Which word is a antonym of 'include'?,pessimist,exclude,defeat,rude,B,'exclude' is opposite in meaning to 'include'.,English Subjects,Antonyms
Which statement correctly describes an idiom?,"a phrase whose meaning cannot be understood from the individual words, e.g. 'break the ice'","a verb that requires a direct object to complete its meaning, e.g. 'She reads a book.'",a sentence that reports what someone said without using their exact words,"a word (a, an, the) used before a noun to specify definiteness",A,"By definition, an idiom is: a phrase whose meaning cannot be understood from the individual words, e.g. 'break the ice'",English Subjects,Vocabulary
'forget' is a antonym of which word?,full,remember,public,polite,B,'forget' is opposite in meaning to 'remember'.,English Subjects,Antonyms
Choose the word that is similar in meaning to 'poor':,impoverished,cunning,counterfeit,powerful,A,'impoverished' is similar in meaning to 'poor'.,English Subjects,Synonyms
"Fill in the blank: ______ refers to ""a verb tense used to describe completed actions in the past, e.g. 'She walked to school.'"".",the simple past tense,the past perfect tense,the present perfect tense,the past continuous tense,A,"the simple past tense refers to: a verb tense used to describe completed actions in the past, e.g. 'She walked to school.'",English Subjects,Tenses
Which word is a antonym of 'buy'?,sell,soft,criticise,exclude,A,'sell' is opposite in meaning to 'buy'.,English Subjects,Antonyms
Choose the word that is similar in meaning to 'bright':,display,joyful,weightless,radiant,D,'radiant' is similar in meaning to 'bright'.,English Subjects,Synonyms
Which word is a synonym of 'hot'?,slim,scorching,challenging,donate,B,'scorching' is similar in meaning to 'hot'.,English Subjects,Synonyms
Choose the word that is similar in meaning to 'take':,broad,dim,grab,conceal,C,'grab' is similar in meaning to 'take'.,English Subjects,Synonyms
