Question,Option A,Option B,Option C,Option D,Correct Answer,Solution,Category,Subcategory
"Which Indian state/union territory has its capital at Mumbai, located in West India?",Odisha,Ladakh,Sikkim,Maharashtra,D,"Mumbai, the capital of Maharashtra, is located in West India.",Social Science,Indian States and Capitals
"Which term matches this description: ""a sudden shaking of the ground caused by movements within the Earth's crust, often along fault lines""?",a wetland,an earthquake,plate tectonics,biosphere reserves,B,"The description matches an earthquake: a sudden shaking of the ground caused by movements within the Earth's crust, often along fault lines",Social Science,Geography
"Fill in the blank: ______ refers to ""imaginary vertical lines on Earth's surface used to measure distance east or west of the Prime Meridian"".",a tsunami,remote sensing,longitude,the Prime Meridian,C,longitude refers to: imaginary vertical lines on Earth's surface used to measure distance east or west of the Prime Meridian,Social Science,Geography
"Which term matches this description: ""the quantity of a good or service that producers are willing and able to offer for sale at a given price""?",a cooperative society,consumer rights,supply in economics,direct tax,C,The description matches supply in economics: the quantity of a good or service that producers are willing and able to offer for sale at a given price,Social Science,Economics
Which statement correctly describes a market economy?,the quantity of a good or service that consumers are willing and able to purchase at a given price,investment made by a company or individual in one country into business interests located in another country,an economic system in which decisions about production and pricing are guided by supply and demand,policies aimed at redistributing agricultural land and abolishing intermediary landlordism after independence,C,"By definition, a market economy is: an economic system in which decisions about production and pricing are guided by supply and demand",Social Science,Economics
"Which term matches this description: ""the process by which a government collects money from individuals and businesses to fund public services""?",barter system,a market economy,inflation,taxation,D,The description matches taxation: the process by which a government collects money from individuals and businesses to fund public services,Social Science,Economics
Dispur is the capital of which Indian state/union territory?,Uttarakhand,Assam,Punjab,Andaman and Nicobar Islands,B,Dispur is the capital of Assam.,Social Science,Indian States and Capitals
"Which Indian state/union territory has its capital at Gangtok, located in Northeast India?",Haryana,Chandigarh,Manipur,Sikkim,D,"Gangtok, the capital of Sikkim, is located in Northeast India.",Social Science,Indian States and Capitals
"Which term matches this description: ""an Indian law that allows citizens to request information from public authorities""?",the Right to Information (RTI) Act,a monarchy,the Union Public Service Commission (UPSC),a coalition government,A,The description matches the Right to Information (RTI) Act: an Indian law that allows citizens to request information from public authorities,Social Science,Civics
"Which term matches this description: ""the decline in the quality or productivity of land due to human activities or natural processes""?",the Himalayas,the Deccan Plateau,land degradation,a delta,C,The description matches land degradation: the decline in the quality or productivity of land due to human activities or natural processes,Social Science,Geography
What is the concept of 'welfare state'?,the chief legal advisor to the Government of India,a proposed law that must be passed by the legislature before it can become an act,"a law promulgated by the President or Governor when the legislature is not in session, subject to later approval",a governing concept in which the state plays a key role in protecting the economic and social well-being of its citizens,D,the concept of 'welfare state' is: a governing concept in which the state plays a key role in protecting the economic and social well-being of its citizens,Social Science,Civics
Which statement correctly describes the term 'developing country'?,a situation where a country's imports exceed its exports in value,"the process by which the government sells its stake in public sector enterprises, partially or fully","a nation with a lower standard of living, less industrial development, and lower income compared to developed nations",policies aimed at redistributing agricultural land and abolishing intermediary landlordism after independence,C,"By definition, the term 'developing country' is: a nation with a lower standard of living, less industrial development, and lower income compared to developed nations",Social Science,Economics
What is secularism?,"a period in Indian parliamentary proceedings, immediately after Question Hour, when members can raise urgent matters","an electoral system in which the candidate with the most votes in a constituency wins, used in India's Lok Sabha elections","the principle of separation between religion and the state, ensuring the state does not favour any particular religion","basic rights guaranteed to citizens by a country's constitution, such as freedom of speech and equality before the law",C,"secularism is: the principle of separation between religion and the state, ensuring the state does not favour any particular religion",Social Science,Civics
Which statement correctly describes population density?,"the number of people living per unit area of land, such as per square kilometre","an imaginary line on Earth roughly following the 180° meridian, marking the change of calendar day","a town located at a higher elevation, often popular as a retreat from heat in warmer regions","the wearing away of the topsoil layer, often due to water, wind, or human activity",A,"By definition, population density is: the number of people living per unit area of land, such as per square kilometre",Social Science,Geography
"Fill in the blank: ______ refers to ""a direct vote by the electorate on a particular political question or proposed law"".",a referendum,the Rajya Sabha,the anti-defection law,a municipal corporation,A,a referendum refers to: a direct vote by the electorate on a particular political question or proposed law,Social Science,Civics
"Fill in the blank: ______ refers to ""a composite statistic used to rank countries based on life expectancy, education, and per capita income"".",the Right to Education (RTE) Act,social mobility,a UNESCO World Heritage Site,the Human Development Index (HDI),D,"the Human Development Index (HDI) refers to: a composite statistic used to rank countries based on life expectancy, education, and per capita income",Social Science,Society
What is the savanna biome?,"the line of 0° longitude, from which east and west are measured, passing through Greenwich, England",the process by which soil and rock are removed from the Earth's surface by natural forces like water and wind,"a large-scale rotating storm system, known as a hurricane in the Atlantic and typhoon in the Pacific","a grassland biome with scattered trees, typically found in tropical and subtropical regions with a dry season",D,"the savanna biome is: a grassland biome with scattered trees, typically found in tropical and subtropical regions with a dry season",Social Science,Geography
"Fill in the blank: ______ refers to ""a large arid region in northwestern India and southeastern Pakistan"".",soil erosion,erosion,the Thar Desert,the Tropic of Cancer,C,the Thar Desert refers to: a large arid region in northwestern India and southeastern Pakistan,Social Science,Geography
What is a volcano?,"the number of people living per unit area of land, such as per square kilometre",a country that does not have direct access to an ocean or sea coastline,"an opening in the Earth's crust through which molten rock, ash, and gases can escape","an area of land saturated with water, either permanently or seasonally, supporting unique plant and animal life",C,"a volcano is: an opening in the Earth's crust through which molten rock, ash, and gases can escape",Social Science,Geography
"Which term matches this description: ""a protected area established for the conservation of wildlife and their habitats""?",urbanisation,the International Date Line,a wildlife sanctuary,the term 'exclave',C,The description matches a wildlife sanctuary: a protected area established for the conservation of wildlife and their habitats,Social Science,Geography
Which statement correctly describes land degradation?,a seasonal wind pattern that brings heavy rainfall to regions such as South Asia during certain months,water held underground in the soil or in pores and crevices in rock,"a large naturally occurring community of flora and fauna adapted to a specific climate, such as a rainforest or tundra",the decline in the quality or productivity of land due to human activities or natural processes,D,"By definition, land degradation is: the decline in the quality or productivity of land due to human activities or natural processes",Social Science,Geography
"Which term matches this description: ""a legal action initiated in a court to protect public interest, often filed by individuals or organisations rather than affected parties""?",a republic,public interest litigation (PIL),an ordinance,the term 'plebiscite',B,"The description matches public interest litigation (PIL): a legal action initiated in a court to protect public interest, often filed by individuals or organisations rather than affected parties",Social Science,Civics
"Which term matches this description: ""a period in Indian parliamentary proceedings, immediately after Question Hour, when members can raise urgent matters""?",the term 'zero hour',the term 'plebiscite',a Panchayati Raj institution,the term 'vote bank',A,"The description matches the term 'zero hour': a period in Indian parliamentary proceedings, immediately after Question Hour, when members can raise urgent matters",Social Science,Civics
"Which Indian state/union territory has its capital at Port Blair, located in South India?",Meghalaya,Andaman and Nicobar Islands,Mizoram,Uttarakhand,B,"Port Blair, the capital of Andaman and Nicobar Islands, is located in South India.",Social Science,Indian States and Capitals
Which statement correctly describes biosphere reserves?,"an imaginary line around the middle of Earth, equidistant from the North and South Poles",a seasonal wind pattern that brings heavy rainfall to regions such as South Asia during certain months,a country that does not have direct access to an ocean or sea coastline,protected areas established to conserve biodiversity while promoting sustainable development,D,"By definition, biosphere reserves is: protected areas established to conserve biodiversity while promoting sustainable development",Social Science,Geography
What is the term 'martial law'?,"the status of being a legally recognised member of a country, entailing rights and responsibilities","the imposition of direct military control over civilian functions, typically during emergencies",an election held to fill a political office that has become vacant between general elections,"the lower house of India's Parliament, whose members are directly elected by the people",B,"the term 'martial law' is: the imposition of direct military control over civilian functions, typically during emergencies",Social Science,Civics
"Fill in the blank: ______ refers to ""the right of women to vote in elections, achieved at different times in different countries"".",human rights,a refugee,women's suffrage,social stratification,C,"women's suffrage refers to: the right of women to vote in elections, achieved at different times in different countries",Social Science,Society
Chhattisgarh is located in which region of India?,West India,North India,Central India,Northeast India,C,Chhattisgarh is located in Central India.,Social Science,Indian Geography
"Fill in the blank: ______ refers to ""an income threshold below which a person or household is considered to be living in poverty"".",social stratification,the poverty line,civil society,social mobility,B,the poverty line refers to: an income threshold below which a person or household is considered to be living in poverty,Social Science,Society
"Fill in the blank: ______ refers to ""a situation where a country's imports exceed its exports in value"".",subsidies,a trade deficit,a market economy,a mixed economy,B,a trade deficit refers to: a situation where a country's imports exceed its exports in value,Social Science,Economics
"Which Indian state/union territory has its capital at Agartala, located in Northeast India?",Tripura,Haryana,Manipur,Uttarakhand,A,"Agartala, the capital of Tripura, is located in Northeast India.",Social Science,Indian States and Capitals
Which statement correctly describes a GIS (Geographic Information System)?,"a mountain range in Asia that separates the Indian subcontinent from the Tibetan Plateau, home to Mount Everest",a seasonal wind pattern that brings heavy rainfall to regions such as South Asia during certain months,"the northernmost latitude at which the Sun can appear directly overhead, at approximately 23.5°N","a system designed to capture, store, analyse, and present spatial or geographic data",D,"By definition, a GIS (Geographic Information System) is: a system designed to capture, store, analyse, and present spatial or geographic data",Social Science,Geography
"Fill in the blank: ______ refers to ""a governing concept in which the state plays a key role in protecting the economic and social well-being of its citizens"".",a monarchy,the term 'martial law',intellectual property rights,the concept of 'welfare state',D,the concept of 'welfare state' refers to: a governing concept in which the state plays a key role in protecting the economic and social well-being of its citizens,Social Science,Civics
"Fill in the blank: ______ refers to ""a landmark or area with legal protection under an international convention, recognised for cultural or natural significance"".",the poverty line,reservation policy in India,literacy rate,a UNESCO World Heritage Site,D,"a UNESCO World Heritage Site refers to: a landmark or area with legal protection under an international convention, recognised for cultural or natural significance",Social Science,Society
"Which term matches this description: ""the principle that all individuals and institutions are subject to and accountable under the law""?",the Prime Minister of India,the term 'ombudsman',the first-past-the-post system,the rule of law,D,The description matches the rule of law: the principle that all individuals and institutions are subject to and accountable under the law,Social Science,Civics
Which statement correctly describes civic sense?,"a village-level body consisting of all registered voters in a Panchayat area, forming the base of local self-government in India","an individual's awareness of and responsibility toward maintaining public order, cleanliness, and community welfare","the imposition of direct military control over civilian functions, typically during emergencies",the fundamental set of principles or established precedents according to which a state is governed,B,"By definition, civic sense is: an individual's awareness of and responsibility toward maintaining public order, cleanliness, and community welfare",Social Science,Civics
What is the term 'plebiscite'?,a local self-government body responsible for administering urban areas,"a direct vote by citizens on a significant political question, such as territorial or constitutional changes",the principle that all individuals and institutions are subject to and accountable under the law,an official of a political party responsible for ensuring party members attend and vote according to the party line,B,"the term 'plebiscite' is: a direct vote by citizens on a significant political question, such as territorial or constitutional changes",Social Science,Civics
"Fill in the blank: ______ refers to ""the state of equal access to rights, opportunities, and resources regardless of gender"".",gender equality,secular education,digital divide,child labour,A,"gender equality refers to: the state of equal access to rights, opportunities, and resources regardless of gender",Social Science,Society
"Fill in the blank: ______ refers to ""imaginary horizontal lines on Earth's surface used to measure distance north or south of the equator"".",a GIS (Geographic Information System),a natural resource,latitude,afforestation,C,latitude refers to: imaginary horizontal lines on Earth's surface used to measure distance north or south of the equator,Social Science,Geography
Which major river flows through Russia and is called the 'Volga'?,Volga,Thames,Nile,Tigris,A,The Volga is a major river of Russia.,Social Science,Rivers of the World
The Ganga river primarily flows through which country/region?,India,Australia,United States,Middle East,A,The Ganga flows primarily through India.,Social Science,Rivers of the World
Mizoram is located in which region of India?,East India,Northeast India,Central India,North India,B,Mizoram is located in Northeast India.,Social Science,Indian Geography
Which statement correctly describes the Human Development Index (HDI)?,densely populated urban areas characterised by substandard housing and poor living conditions,"a composite statistic used to rank countries based on life expectancy, education, and per capita income","a person who has fled their country due to war, persecution, or natural disaster and seeks safety elsewhere",an Indian law guaranteeing free and compulsory education to children aged 6 to 14,B,"By definition, the Human Development Index (HDI) is: a composite statistic used to rank countries based on life expectancy, education, and per capita income",Social Science,Society
What is the executive branch?,"governance by elected bodies at the village, town, or district level, closer to the people",the branch of government responsible for enforcing laws and administering government policy,"a legislative body consisting of two separate chambers or houses, such as India's Parliament",a system of government in which power is divided between a central authority and constituent political units,B,the executive branch is: the branch of government responsible for enforcing laws and administering government policy,Social Science,Civics
"Fill in the blank: ______ refers to ""the ability of individuals or groups to move between different social or economic positions within a society"".",multiculturalism,social mobility,the caste system,a nuclear family,B,social mobility refers to: the ability of individuals or groups to move between different social or economic positions within a society,Social Science,Society
"Fill in the blank: ______ refers to ""a method of economic planning involving setting targets over a five-year period, historically used in India"".",SEZ (Special Economic Zone),inflation,a five-year plan,the term 'developing country',C,"a five-year plan refers to: a method of economic planning involving setting targets over a five-year period, historically used in India",Social Science,Economics
Which statement correctly describes a map's scale?,the ratio between distance on a map and the corresponding actual distance on the ground,lines on a topographic map that connect points of equal elevation,the process of planting trees in an area where there was previously no forest,"a large-scale rotating storm system, known as a hurricane in the Atlantic and typhoon in the Pacific",A,"By definition, a map's scale is: the ratio between distance on a map and the corresponding actual distance on the ground",Social Science,Geography
What is the term 'vote bank'?,an independent constitutional body responsible for administering elections in India,"an official appointed to investigate individuals' complaints against maladministration, especially in government institutions","a group of voters who consistently support a particular political party or candidate, often along caste, religious, or regional lines",an independent constitutional authority responsible for auditing government accounts in India,C,"the term 'vote bank' is: a group of voters who consistently support a particular political party or candidate, often along caste, religious, or regional lines",Social Science,Civics
What is the Right to Information (RTI) Act?,"the first hour of a parliamentary sitting, during which members ask questions to ministers about government policy",the branch of government responsible for making laws,a law in India that disqualifies elected members who defect from their political party,an Indian law that allows citizens to request information from public authorities,D,the Right to Information (RTI) Act is: an Indian law that allows citizens to request information from public authorities,Social Science,Civics
"Which term matches this description: ""the branch of economics that studies the behaviour of individual consumers and firms""?",inflation,unemployment,a cooperative society,microeconomics,D,The description matches microeconomics: the branch of economics that studies the behaviour of individual consumers and firms,Social Science,Economics
Which statement correctly describes the Thar Desert?,a country that does not have direct access to an ocean or sea coastline,a large arid region in northwestern India and southeastern Pakistan,"the southernmost latitude at which the Sun can appear directly overhead, at approximately 23.5°S",the long-term average weather conditions of a particular region,B,"By definition, the Thar Desert is: a large arid region in northwestern India and southeastern Pakistan",Social Science,Geography
"Fill in the blank: ______ refers to ""economic activities that are not regulated or taxed by the government, often lacking formal contracts"".",globalisation,the informal sector of the economy,supply in economics,a five-year plan,B,"the informal sector of the economy refers to: economic activities that are not regulated or taxed by the government, often lacking formal contracts",Social Science,Economics
Which statement correctly describes the savanna biome?,"a large naturally occurring community of flora and fauna adapted to a specific climate, such as a rainforest or tundra","a large-scale rotating storm system, known as a hurricane in the Atlantic and typhoon in the Pacific","a system designed to capture, store, analyse, and present spatial or geographic data","a grassland biome with scattered trees, typically found in tropical and subtropical regions with a dry season",D,"By definition, the savanna biome is: a grassland biome with scattered trees, typically found in tropical and subtropical regions with a dry season",Social Science,Geography
"Which term matches this description: ""the southernmost latitude at which the Sun can appear directly overhead, at approximately 23.5°S""?",soil erosion,the Tropic of Capricorn,a peninsula,a delta,B,"The description matches the Tropic of Capricorn: the southernmost latitude at which the Sun can appear directly overhead, at approximately 23.5°S",Social Science,Geography
Which statement correctly describes literacy rate?,the collection of non-governmental organisations and institutions that represent citizens' interests and voluntary participation,the percentage of a population that can read and write,an income threshold below which a person or household is considered to be living in poverty,"a landmark or area with legal protection under an international convention, recognised for cultural or natural significance",B,"By definition, literacy rate is: the percentage of a population that can read and write",Social Science,Society
Shimla is the capital of which Indian state/union territory?,Maharashtra,Tripura,Mizoram,Himachal Pradesh,D,Shimla is the capital of Himachal Pradesh.,Social Science,Indian States and Capitals
What is liberalisation?,the process of reducing government restrictions and control over economic activities,the process of transferring ownership of businesses or industries from the government to private entities,the quantity of a good or service that consumers are willing and able to purchase at a given price,"the process of increasing interconnectedness and interdependence among countries through trade, investment, and communication",A,liberalisation is: the process of reducing government restrictions and control over economic activities,Social Science,Economics
"Which term matches this description: ""a law in India that disqualifies elected members who defect from their political party""?",checks and balances,the anti-defection law,the concept of separation of powers,a municipal corporation,B,The description matches the anti-defection law: a law in India that disqualifies elected members who defect from their political party,Social Science,Civics
Port Blair is the capital of which Indian state/union territory?,Andaman and Nicobar Islands,Haryana,Odisha,Uttarakhand,A,Port Blair is the capital of Andaman and Nicobar Islands.,Social Science,Indian States and Capitals
What is democracy?,an organised group that seeks to influence public policy without seeking to hold political office themselves,the power of courts to examine and invalidate laws or government actions that are unconstitutional,"a system of government in which power is vested in the people, typically exercised through elected representatives","a direct vote by citizens on a significant political question, such as territorial or constitutional changes",C,"democracy is: a system of government in which power is vested in the people, typically exercised through elected representatives",Social Science,Civics
Which statement correctly describes the Preamble to the Indian Constitution?,"fundamental individual rights protected by law from government interference, such as freedom of speech","an introductory statement outlining the guiding principles of the Constitution, including justice, liberty, equality, and fraternity",a parliamentary motion testing whether the government still holds majority support in the legislature,an independent constitutional body responsible for administering elections in India,B,"By definition, the Preamble to the Indian Constitution is: an introductory statement outlining the guiding principles of the Constitution, including justice, liberty, equality, and fraternity",Social Science,Civics
Which statement correctly describes the Ring of Fire?,"a sudden event caused by natural processes, such as an earthquake, flood, or cyclone, causing significant damage","the area where a river meets the sea, where freshwater and saltwater mix",a landform created by the deposition of sediment at the mouth of a river as it enters a larger body of water,a horseshoe-shaped zone around the Pacific Ocean known for frequent earthquakes and volcanic activity,D,"By definition, the Ring of Fire is: a horseshoe-shaped zone around the Pacific Ocean known for frequent earthquakes and volcanic activity",Social Science,Geography
"Which term matches this description: ""a parliamentary motion testing whether the government still holds majority support in the legislature""?",public interest litigation (PIL),local self-government,the term 'no-confidence motion',habeas corpus,C,The description matches the term 'no-confidence motion': a parliamentary motion testing whether the government still holds majority support in the legislature,Social Science,Civics
What is gender equality?,"the marriage of individuals below the legal age, which is prohibited by law in most countries including India",the collection of non-governmental organisations and institutions that represent citizens' interests and voluntary participation,"the right of women to vote in elections, achieved at different times in different countries","the state of equal access to rights, opportunities, and resources regardless of gender",D,"gender equality is: the state of equal access to rights, opportunities, and resources regardless of gender",Social Science,Society
"Fill in the blank: ______ refers to ""the process by which soil and rock are removed from the Earth's surface by natural forces like water and wind"".",erosion,contour lines on a map,a peninsula,the Ring of Fire,A,erosion refers to: the process by which soil and rock are removed from the Earth's surface by natural forces like water and wind,Social Science,Geography
"Which term matches this description: ""an income threshold below which a person or household is considered to be living in poverty""?",social stratification,the poverty line,migration in social terms,child labour,B,The description matches the poverty line: an income threshold below which a person or household is considered to be living in poverty,Social Science,Society
What is privatisation?,a situation where people who are willing and able to work cannot find employment,investment made by a company or individual in one country into business interests located in another country,a situation where a country's imports exceed its exports in value,the process of transferring ownership of businesses or industries from the government to private entities,D,privatisation is: the process of transferring ownership of businesses or industries from the government to private entities,Social Science,Economics
Which statement correctly describes a hill station?,"a system designed to capture, store, analyse, and present spatial or geographic data",imaginary horizontal lines on Earth's surface used to measure distance north or south of the equator,"a town located at a higher elevation, often popular as a retreat from heat in warmer regions",the process of collecting information about the Earth's surface using satellites or aircraft without direct contact,C,"By definition, a hill station is: a town located at a higher elevation, often popular as a retreat from heat in warmer regions",Social Science,Geography
Which statement correctly describes afforestation?,the process of planting trees in an area where there was previously no forest,lines on a topographic map that connect points of equal elevation,"a piece of land almost surrounded by water, connected to the mainland on one side","a large plateau in southern India, bordered by the Western and Eastern Ghats",A,"By definition, afforestation is: the process of planting trees in an area where there was previously no forest",Social Science,Geography
What is desertification?,"the process by which fertile land becomes desert, often due to drought, deforestation, or unsuitable agriculture",the science and practice of drawing maps,a portion of a country's territory that is geographically separated from the main part by surrounding foreign territory,"the area where a river meets the sea, where freshwater and saltwater mix",A,"desertification is: the process by which fertile land becomes desert, often due to drought, deforestation, or unsuitable agriculture",Social Science,Geography
"Fill in the blank: ______ refers to ""a policy or perspective that promotes the coexistence of diverse cultures within a single society"".",a UNESCO World Heritage Site,the Beti Bachao Beti Padhao scheme,multiculturalism,the Human Development Index (HDI),C,multiculturalism refers to: a policy or perspective that promotes the coexistence of diverse cultures within a single society,Social Science,Society
"Which term matches this description: ""basic rights guaranteed to citizens by a country's constitution, such as freedom of speech and equality before the law""?",democracy,civil liberties,fundamental rights,secularism,C,"The description matches fundamental rights: basic rights guaranteed to citizens by a country's constitution, such as freedom of speech and equality before the law",Social Science,Civics
"Which term matches this description: ""the movement of people from one place to another, often for work, education, or safety""?",the caste system,urban slums,human rights,migration in social terms,D,"The description matches migration in social terms: the movement of people from one place to another, often for work, education, or safety",Social Science,Society
"Fill in the blank: ______ refers to ""the world's largest mangrove forest, spanning India and Bangladesh, home to the Bengal tiger"".",an earthquake,the Sundarbans,a wetland,the Western Ghats,B,"the Sundarbans refers to: the world's largest mangrove forest, spanning India and Bangladesh, home to the Bengal tiger",Social Science,Geography
What is microeconomics?,Indian legislation designed to protect the interests of consumers against unfair trade practices,the value of the next best alternative that is given up when a choice is made,the branch of economics that studies the behaviour of individual consumers and firms,the quantity of a good or service that producers are willing and able to offer for sale at a given price,C,microeconomics is: the branch of economics that studies the behaviour of individual consumers and firms,Social Science,Economics
What is the Union Public Service Commission (UPSC)?,an electoral system in which parties gain seats in proportion to the number of votes they receive,the central agency responsible for recruiting officers for India's civil services,a legislative body with only one chamber or house,an organisation that seeks to gain political power by contesting elections and forming government,B,the Union Public Service Commission (UPSC) is: the central agency responsible for recruiting officers for India's civil services,Social Science,Civics
Which statement correctly describes the rule of law?,the principle that all individuals and institutions are subject to and accountable under the law,the chief legal advisor to the Government of India,a proposed law that must be passed by the legislature before it can become an act,"a law promulgated by the President or Governor when the legislature is not in session, subject to later approval",A,"By definition, the rule of law is: the principle that all individuals and institutions are subject to and accountable under the law",Social Science,Civics
Which major river flows through England and is called the 'Thames'?,Thames,Yellow River (Huang He),Kaveri,Colorado River,A,The Thames is a major river of England.,Social Science,Rivers of the World
What is directive principles of state policy?,"basic rights guaranteed to citizens by a country's constitution, such as freedom of speech and equality before the law","an individual's awareness of and responsibility toward maintaining public order, cleanliness, and community welfare","guidelines in the Indian Constitution intended to guide the government in creating a just society, though not legally enforceable",the fundamental set of principles or established precedents according to which a state is governed,C,"directive principles of state policy is: guidelines in the Indian Constitution intended to guide the government in creating a just society, though not legally enforceable",Social Science,Civics
The Yangtze river primarily flows through which country/region?,England,China,Russia,Africa,B,The Yangtze flows primarily through China.,Social Science,Rivers of the World
Which statement correctly describes proportional representation?,a proposed law that must be passed by the legislature before it can become an act,an electoral system in which parties gain seats in proportion to the number of votes they receive,"a formal written order issued by a court, such as habeas corpus, used to enforce rights","a form of government with a king or queen as head of state, either as a ceremonial figure or with substantial powers",B,"By definition, proportional representation is: an electoral system in which parties gain seats in proportion to the number of votes they receive",Social Science,Civics
"Which term matches this description: ""an economic system in which decisions about production and pricing are guided by supply and demand""?",deflation,subsidies,a market economy,the Consumer Protection Act,C,The description matches a market economy: an economic system in which decisions about production and pricing are guided by supply and demand,Social Science,Economics
"Fill in the blank: ______ refers to ""the highest judicial authority in India, responsible for interpreting the Constitution and delivering final judgments"".",the term 'no-confidence motion',civil liberties,the Supreme Court of India,the President of India,C,"the Supreme Court of India refers to: the highest judicial authority in India, responsible for interpreting the Constitution and delivering final judgments",Social Science,Civics
Which statement correctly describes the poverty line?,an income threshold below which a person or household is considered to be living in poverty,an Indian law guaranteeing free and compulsory education to children aged 6 to 14,"the fair and just distribution of wealth, opportunities, and privileges within a society",the ability of individuals or groups to move between different social or economic positions within a society,A,"By definition, the poverty line is: an income threshold below which a person or household is considered to be living in poverty",Social Science,Society
"Fill in the blank: ______ refers to ""a legal action initiated in a court to protect public interest, often filed by individuals or organisations rather than affected parties"".",the term 'ombudsman',naturalisation,a constitution,public interest litigation (PIL),D,"public interest litigation (PIL) refers to: a legal action initiated in a court to protect public interest, often filed by individuals or organisations rather than affected parties",Social Science,Civics
"Which term matches this description: ""the right of women to vote in elections, achieved at different times in different countries""?",child labour,women's suffrage,sustainable development,affirmative action,B,"The description matches women's suffrage: the right of women to vote in elections, achieved at different times in different countries",Social Science,Society
Which statement correctly describes soil erosion?,"the area where a river meets the sea, where freshwater and saltwater mix","the wearing away of the topsoil layer, often due to water, wind, or human activity","an area of land saturated with water, either permanently or seasonally, supporting unique plant and animal life",the long-term average weather conditions of a particular region,B,"By definition, soil erosion is: the wearing away of the topsoil layer, often due to water, wind, or human activity",Social Science,Geography
"Which term matches this description: ""the branch of government responsible for interpreting and applying the law through courts""?",the judiciary,a coalition government,civic sense,an ordinance,A,The description matches the judiciary: the branch of government responsible for interpreting and applying the law through courts,Social Science,Civics
"Fill in the blank: ______ refers to ""the ceremonial head of state of India, elected indirectly by an electoral college"".",the Right to Information (RTI) Act,a by-election,the President of India,the Gram Sabha,C,"the President of India refers to: the ceremonial head of state of India, elected indirectly by an electoral college",Social Science,Civics
Which statement correctly describes an NGO (Non-Governmental Organisation)?,the existence of a variety of cultural or ethnic groups within a society,the employment of children in work that deprives them of their childhood and is harmful to their development,the percentage of a population that can read and write,"a non-profit, voluntary organisation that operates independently of government, often addressing social issues",D,"By definition, an NGO (Non-Governmental Organisation) is: a non-profit, voluntary organisation that operates independently of government, often addressing social issues",Social Science,Society
"Fill in the blank: ______ refers to ""the branch of government responsible for interpreting and applying the law through courts"".",the legislative branch,the term 'gerrymandering',secularism,the judiciary,D,the judiciary refers to: the branch of government responsible for interpreting and applying the law through courts,Social Science,Civics
Arunachal Pradesh is located in which region of India?,East India,North India,Central India,Northeast India,D,Arunachal Pradesh is located in Northeast India.,Social Science,Indian Geography
"Which term matches this description: ""an area of land saturated with water, either permanently or seasonally, supporting unique plant and animal life""?",a national park,biosphere reserves,the Sundarbans,a wetland,D,"The description matches a wetland: an area of land saturated with water, either permanently or seasonally, supporting unique plant and animal life",Social Science,Geography
"Which term matches this description: ""a traditional family structure in South Asia where multiple generations live together under one household""?",a joint family system,social justice,secular education,the Right to Education (RTE) Act,A,The description matches a joint family system: a traditional family structure in South Asia where multiple generations live together under one household,Social Science,Society
"Which term matches this description: ""a formal written order issued by a court, such as habeas corpus, used to enforce rights""?",the legislative branch,the term 'money bill',a unicameral legislature,a writ,D,"The description matches a writ: a formal written order issued by a court, such as habeas corpus, used to enforce rights",Social Science,Civics
"Which term matches this description: ""a general and sustained increase in the price level of goods and services in an economy over time""?",SEZ (Special Economic Zone),a mixed economy,consumer rights,inflation,D,The description matches inflation: a general and sustained increase in the price level of goods and services in an economy over time,Social Science,Economics
What is the capital of Rajasthan?,Bhubaneswar,Jaipur,Chennai,Panaji,B,The capital of Rajasthan is Jaipur.,Social Science,Indian States and Capitals
Which statement correctly describes a cooperative society?,a general decrease in the price level of goods and services in an economy,a situation where people who are willing and able to work cannot find employment,the quantity of a good or service that consumers are willing and able to purchase at a given price,an organisation owned and operated by a group of individuals for their mutual benefit,D,"By definition, a cooperative society is: an organisation owned and operated by a group of individuals for their mutual benefit",Social Science,Economics
"Fill in the blank: ______ refers to ""the status of being a legally recognised member of a country, entailing rights and responsibilities"".",directive principles of state policy,civic sense,the concept of citizenship,the term 'devolution of power',C,"the concept of citizenship refers to: the status of being a legally recognised member of a country, entailing rights and responsibilities",Social Science,Civics
What is deflation?,the economic growth potential that results from a shift in a population's age structure toward a larger working-age population,the process by which a government collects money from individuals and businesses to fund public services,"the process by which the government sells its stake in public sector enterprises, partially or fully",a general decrease in the price level of goods and services in an economy,D,deflation is: a general decrease in the price level of goods and services in an economy,Social Science,Economics
Which statement correctly describes an earthquake?,a protected area established for the conservation of wildlife and their habitats,the scientific theory describing the large-scale movement of Earth's lithospheric plates,the decline in the quality or productivity of land due to human activities or natural processes,"a sudden shaking of the ground caused by movements within the Earth's crust, often along fault lines",D,"By definition, an earthquake is: a sudden shaking of the ground caused by movements within the Earth's crust, often along fault lines",Social Science,Geography
Which statement correctly describes checks and balances?,"a law promulgated by the President or Governor when the legislature is not in session, subject to later approval","a system ensuring that no single branch of government becomes too powerful, through mutual oversight",a local self-government body responsible for administering urban areas,"fundamental individual rights protected by law from government interference, such as freedom of speech",B,"By definition, checks and balances is: a system ensuring that no single branch of government becomes too powerful, through mutual oversight",Social Science,Civics
"Which term matches this description: ""a local self-government body responsible for administering urban areas""?",Question Hour,a municipal corporation,a referendum,the Preamble to the Indian Constitution,B,The description matches a municipal corporation: a local self-government body responsible for administering urban areas,Social Science,Civics
Which statement correctly describes the Deccan Plateau?,"a large plateau in southern India, bordered by the Western and Eastern Ghats",imaginary vertical lines on Earth's surface used to measure distance east or west of the Prime Meridian,the process of collecting information about the Earth's surface using satellites or aircraft without direct contact,"a sudden event caused by natural processes, such as an earthquake, flood, or cyclone, causing significant damage",A,"By definition, the Deccan Plateau is: a large plateau in southern India, bordered by the Western and Eastern Ghats",Social Science,Geography
Which statement correctly describes social stratification?,"a system providing representation for historically disadvantaged groups in education, employment, and legislatures",the gap between individuals who have access to modern information technology and those who do not,"the hierarchical arrangement of individuals into social classes based on wealth, power, or status","the movement of people from one place to another, often for work, education, or safety",C,"By definition, social stratification is: the hierarchical arrangement of individuals into social classes based on wealth, power, or status",Social Science,Society
Agartala is the capital of which Indian state/union territory?,West Bengal,Uttar Pradesh,Arunachal Pradesh,Tripura,D,Agartala is the capital of Tripura.,Social Science,Indian States and Capitals
Which statement correctly describes fundamental rights?,"a system of government in which power is vested in the people, typically exercised through elected representatives","basic rights guaranteed to citizens by a country's constitution, such as freedom of speech and equality before the law","the right of all adult citizens to vote, regardless of gender, race, or social status",an Indian law that allows citizens to request information from public authorities,B,"By definition, fundamental rights is: basic rights guaranteed to citizens by a country's constitution, such as freedom of speech and equality before the law",Social Science,Civics
What is multiculturalism?,"the hierarchical arrangement of individuals into social classes based on wealth, power, or status",a policy or perspective that promotes the coexistence of diverse cultures within a single society,"a system providing representation for historically disadvantaged groups in education, employment, and legislatures",a traditional family structure in South Asia where multiple generations live together under one household,B,multiculturalism is: a policy or perspective that promotes the coexistence of diverse cultures within a single society,Social Science,Society
"Which term matches this description: ""a marketplace where shares of publicly listed companies are bought and sold""?",currency devaluation,the stock market,direct tax,a free trade agreement,B,The description matches the stock market: a marketplace where shares of publicly listed companies are bought and sold,Social Science,Economics
Haryana is located in which region of India?,Northeast India,West India,North India,Central India,C,Haryana is located in North India.,Social Science,Indian Geography
Which statement correctly describes a time zone?,"the northernmost latitude at which the Sun can appear directly overhead, at approximately 23.5°N",a large arid region in northwestern India and southeastern Pakistan,"the process by which fertile land becomes desert, often due to drought, deforestation, or unsuitable agriculture","a region of the globe that observes a uniform standard time for legal, commercial, and social purposes",D,"By definition, a time zone is: a region of the globe that observes a uniform standard time for legal, commercial, and social purposes",Social Science,Geography
"Which term matches this description: ""a mountain range along the western coast of India, recognised as a UNESCO World Heritage biodiversity hotspot""?",a wetland,the tundra biome,the Western Ghats,desertification,C,"The description matches the Western Ghats: a mountain range along the western coast of India, recognised as a UNESCO World Heritage biodiversity hotspot",Social Science,Geography
"Which term matches this description: ""the economic growth potential that results from a shift in a population's age structure toward a larger working-age population""?",the term 'demographic dividend',a trade deficit,the secondary sector of the economy,public distribution system (PDS),A,The description matches the term 'demographic dividend': the economic growth potential that results from a shift in a population's age structure toward a larger working-age population,Social Science,Economics
Which major river flows through United States and is called the 'Colorado River'?,Volga,Colorado River,Godavari,Zambezi,B,The Colorado River is a major river of United States.,Social Science,Rivers of the World
"Fill in the blank: ______ refers to ""a layer of the stratosphere containing high concentrations of ozone that absorbs most of the Sun's harmful UV radiation"".",the Tropic of Capricorn,erosion,a delta,the ozone layer's location,D,the ozone layer's location refers to: a layer of the stratosphere containing high concentrations of ozone that absorbs most of the Sun's harmful UV radiation,Social Science,Geography
What is the rule of law?,a legislative body with only one chamber or house,the principle that all individuals and institutions are subject to and accountable under the law,"a period in Indian parliamentary proceedings, immediately after Question Hour, when members can raise urgent matters","the lower house of India's Parliament, whose members are directly elected by the people",B,the rule of law is: the principle that all individuals and institutions are subject to and accountable under the law,Social Science,Civics
"Which term matches this description: ""a legal writ requiring a detained person to be brought before a court to determine if their detention is lawful""?",civic sense,fundamental duties,habeas corpus,the term 'martial law',C,The description matches habeas corpus: a legal writ requiring a detained person to be brought before a court to determine if their detention is lawful,Social Science,Civics
What is weather?,a landform created by the deposition of sediment at the mouth of a river as it enters a larger body of water,a large arid region in northwestern India and southeastern Pakistan,the short-term state of the atmosphere at a particular place and time,a series of large ocean waves caused by underwater disturbances such as earthquakes or volcanic eruptions,C,weather is: the short-term state of the atmosphere at a particular place and time,Social Science,Geography
Which statement correctly describes a referendum?,the manipulation of electoral district boundaries to favour a particular political party or group,"a formal written order issued by a court, such as habeas corpus, used to enforce rights",a direct vote by the electorate on a particular political question or proposed law,the principle that all individuals and institutions are subject to and accountable under the law,C,"By definition, a referendum is: a direct vote by the electorate on a particular political question or proposed law",Social Science,Civics
What is a nuclear family?,"a family unit consisting of two parents and their children, living separately from extended relatives","basic rights and freedoms that belong to every person, regardless of nationality or other status",a traditional family structure in South Asia where multiple generations live together under one household,"a landmark or area with legal protection under an international convention, recognised for cultural or natural significance",A,"a nuclear family is: a family unit consisting of two parents and their children, living separately from extended relatives",Social Science,Society
"Fill in the blank: ______ refers to ""an anti-corruption ombudsman institution in India that investigates complaints against public officials"".",a writ,the Lokpal,the judiciary,political manifesto,B,the Lokpal refers to: an anti-corruption ombudsman institution in India that investigates complaints against public officials,Social Science,Civics
The Krishna river primarily flows through which country/region?,Southeast Asia,India,Australia,United States,B,The Krishna flows primarily through India.,Social Science,Rivers of the World
Which statement correctly describes directive principles of state policy?,"an introductory statement outlining the guiding principles of the Constitution, including justice, liberty, equality, and fraternity","the ceremonial head of state of India, elected indirectly by an electoral college","guidelines in the Indian Constitution intended to guide the government in creating a just society, though not legally enforceable",the central agency responsible for recruiting officers for India's civil services,C,"By definition, directive principles of state policy is: guidelines in the Indian Constitution intended to guide the government in creating a just society, though not legally enforceable",Social Science,Civics
"Which term matches this description: ""a government formed by two or more political parties working together, typically when no single party has a majority""?",political manifesto,a coalition government,intellectual property rights,a monarchy,B,"The description matches a coalition government: a government formed by two or more political parties working together, typically when no single party has a majority",Social Science,Civics
What is foreign direct investment (FDI)?,an economic system that combines elements of both market and planned economies,the value of the next best alternative that is given up when a choice is made,"the sector involving the provision of services, such as banking, education, and healthcare",investment made by a company or individual in one country into business interests located in another country,D,foreign direct investment (FDI) is: investment made by a company or individual in one country into business interests located in another country,Social Science,Economics
"Fill in the blank: ______ refers to ""a protected area of land set aside for conservation and recreational use, managed by the government"".",a natural disaster,the Thar Desert,the Himalayas,a national park,D,"a national park refers to: a protected area of land set aside for conservation and recreational use, managed by the government",Social Science,Geography
Which statement correctly describes macroeconomics?,"the branch of economics that studies the economy as a whole, including national income, inflation, and unemployment",an international organisation that regulates and facilitates trade between nations,the quantity of a good or service that producers are willing and able to offer for sale at a given price,an economic system in which decisions about production and pricing are guided by supply and demand,A,"By definition, macroeconomics is: the branch of economics that studies the economy as a whole, including national income, inflation, and unemployment",Social Science,Economics
Which statement correctly describes globalisation?,"the process of increasing interconnectedness and interdependence among countries through trade, investment, and communication",the process by which a government collects money from individuals and businesses to fund public services,an agreement between two or more countries to reduce or eliminate trade barriers such as tariffs,legal rights granted to protect buyers of goods and services from unfair practices,A,"By definition, globalisation is: the process of increasing interconnectedness and interdependence among countries through trade, investment, and communication",Social Science,Economics
Which statement correctly describes weathering?,"the world's largest mangrove forest, spanning India and Bangladesh, home to the Bengal tiger","the breaking down of rocks, soil, and minerals through contact with the Earth's atmosphere, water, and biological organisms",the ratio between distance on a map and the corresponding actual distance on the ground,"the line of 0° longitude, from which east and west are measured, passing through Greenwich, England",B,"By definition, weathering is: the breaking down of rocks, soil, and minerals through contact with the Earth's atmosphere, water, and biological organisms",Social Science,Geography
"Fill in the blank: ______ refers to ""the right of all adult citizens to vote, regardless of gender, race, or social status"".",universal adult suffrage,fundamental duties,public interest litigation (PIL),a constitution,A,"universal adult suffrage refers to: the right of all adult citizens to vote, regardless of gender, race, or social status",Social Science,Civics
Which statement correctly describes the term 'plebiscite'?,an Indian law that allows citizens to request information from public authorities,"a direct vote by citizens on a significant political question, such as territorial or constitutional changes","a legal action initiated in a court to protect public interest, often filed by individuals or organisations rather than affected parties",a legislative body with only one chamber or house,B,"By definition, the term 'plebiscite' is: a direct vote by citizens on a significant political question, such as territorial or constitutional changes",Social Science,Civics
"Fill in the blank: ______ refers to ""an Indian government programme providing free lunches to schoolchildren to improve nutrition and school attendance"".",the Human Development Index (HDI),migration in social terms,the Mid-Day Meal Scheme,cultural diversity,C,the Mid-Day Meal Scheme refers to: an Indian government programme providing free lunches to schoolchildren to improve nutrition and school attendance,Social Science,Society
Which major river flows through India and is called the 'Krishna'?,Krishna,Thames,Murray,Indus,A,The Krishna is a major river of India.,Social Science,Rivers of the World
"Which term matches this description: ""a person who has fled their country due to war, persecution, or natural disaster and seeks safety elsewhere""?",women's suffrage,a refugee,a UNESCO World Heritage Site,social mobility,B,"The description matches a refugee: a person who has fled their country due to war, persecution, or natural disaster and seeks safety elsewhere",Social Science,Society
What is the capital of Odisha?,Ranchi,Amaravati,Srinagar (summer)/Jammu (winter),Bhubaneswar,D,The capital of Odisha is Bhubaneswar.,Social Science,Indian States and Capitals
Which statement correctly describes per capita income?,a general decrease in the price level of goods and services in an economy,"the average income earned per person in a given area, calculated by dividing total income by population","the process by which the government sells its stake in public sector enterprises, partially or fully",the quantity of a good or service that producers are willing and able to offer for sale at a given price,B,"By definition, per capita income is: the average income earned per person in a given area, calculated by dividing total income by population",Social Science,Economics
"Fill in the blank: ______ refers to ""the process by which a government collects money from individuals and businesses to fund public services"".",taxation,the stock market,macroeconomics,demand in economics,A,taxation refers to: the process by which a government collects money from individuals and businesses to fund public services,Social Science,Economics
"Which Indian state/union territory has its capital at Jaipur, located in North India?",Nagaland,Sikkim,Rajasthan,West Bengal,C,"Jaipur, the capital of Rajasthan, is located in North India.",Social Science,Indian States and Capitals
Which statement correctly describes a municipal corporation?,"a group of voters who consistently support a particular political party or candidate, often along caste, religious, or regional lines",a local self-government body responsible for administering urban areas,a parliamentary motion testing whether the government still holds majority support in the legislature,the fundamental set of principles or established precedents according to which a state is governed,B,"By definition, a municipal corporation is: a local self-government body responsible for administering urban areas",Social Science,Civics
What is the capital of Arunachal Pradesh?,Imphal,Itanagar,Chennai,Kolkata,B,The capital of Arunachal Pradesh is Itanagar.,Social Science,Indian States and Capitals
"Which Indian state/union territory has its capital at Panaji, located in West India?",Goa,Telangana,Kerala,West Bengal,A,"Panaji, the capital of Goa, is located in West India.",Social Science,Indian States and Capitals
"Which term matches this description: ""a bill dealing specifically with financial matters like taxation and government spending, which in India can only originate in the Lok Sabha""?",Question Hour,the term 'money bill',naturalisation,universal adult suffrage,B,"The description matches the term 'money bill': a bill dealing specifically with financial matters like taxation and government spending, which in India can only originate in the Lok Sabha",Social Science,Civics
"Fill in the blank: ______ refers to ""as inflation rises, the same amount of money buys fewer goods and services over time"".",subsidies,the World Trade Organization (WTO),unemployment,inflation's effect on purchasing power,D,"inflation's effect on purchasing power refers to: as inflation rises, the same amount of money buys fewer goods and services over time",Social Science,Economics
Leh is the capital of which Indian state/union territory?,Ladakh,Karnataka,Nagaland,Punjab,A,Leh is the capital of Ladakh.,Social Science,Indian States and Capitals
Kerala is located in which region of India?,Northeast India,South India,Central India,East India,B,Kerala is located in South India.,Social Science,Indian Geography
What is a five-year plan?,"a method of economic planning involving setting targets over a five-year period, historically used in India",the provision of small loans and financial services to individuals who lack access to traditional banking,the quantity of a good or service that consumers are willing and able to purchase at a given price,a deliberate downward adjustment of a country's currency value relative to other currencies,A,"a five-year plan is: a method of economic planning involving setting targets over a five-year period, historically used in India",Social Science,Economics
The Murray river primarily flows through which country/region?,England,Southeast Asia,Australia,Middle East,C,The Murray flows primarily through Australia.,Social Science,Rivers of the World
What is the Tropic of Cancer?,"the northernmost latitude at which the Sun can appear directly overhead, at approximately 23.5°N",the science and practice of drawing maps,"the wearing away of land along a coastline due to the action of waves, currents, and tides","a mountain range in Asia that separates the Indian subcontinent from the Tibetan Plateau, home to Mount Everest",A,"the Tropic of Cancer is: the northernmost latitude at which the Sun can appear directly overhead, at approximately 23.5°N",Social Science,Geography
"Which term matches this description: ""a grassland biome with scattered trees, typically found in tropical and subtropical regions with a dry season""?",a volcano,plate tectonics,the savanna biome,the Tropic of Cancer,C,"The description matches the savanna biome: a grassland biome with scattered trees, typically found in tropical and subtropical regions with a dry season",Social Science,Geography
"Fill in the blank: ______ refers to ""the transfer of authority and responsibility from a central government to regional or local governments"".",the Election Commission of India,directive principles of state policy,the term 'devolution of power',the concept of 'welfare state',C,the term 'devolution of power' refers to: the transfer of authority and responsibility from a central government to regional or local governments,Social Science,Civics
"Which term matches this description: ""the right of all adult citizens to vote, regardless of gender, race, or social status""?",the concept of citizenship,universal adult suffrage,a constitution,a by-election,B,"The description matches universal adult suffrage: the right of all adult citizens to vote, regardless of gender, race, or social status",Social Science,Civics
"Fill in the blank: ______ refers to ""development that meets present needs without compromising the ability of future generations to meet their own needs"".",urban slums,sustainable development,a nuclear family,secular education,B,sustainable development refers to: development that meets present needs without compromising the ability of future generations to meet their own needs,Social Science,Society
"Fill in the blank: ______ refers to ""the head of government of India, typically the leader of the majority party in the Lok Sabha"".",a constitution,universal adult suffrage,a bill in the legislative process,the Prime Minister of India,D,"the Prime Minister of India refers to: the head of government of India, typically the leader of the majority party in the Lok Sabha",Social Science,Civics
Which major river flows through Southeast Asia and is called the 'Mekong'?,Congo,Murray,Mekong,Amazon,C,The Mekong is a major river of Southeast Asia.,Social Science,Rivers of the World
"Which term matches this description: ""the first hour of a parliamentary sitting, during which members ask questions to ministers about government policy""?",the term 'coup d'état',Question Hour,a whip in politics,civil liberties,B,"The description matches Question Hour: the first hour of a parliamentary sitting, during which members ask questions to ministers about government policy",Social Science,Civics
"Fill in the blank: ______ refers to ""an ancient system of trade involving the direct exchange of goods and services without using money"".",the World Trade Organization (WTO),the tertiary sector of the economy,Gross Domestic Product (GDP),barter system,D,barter system refers to: an ancient system of trade involving the direct exchange of goods and services without using money,Social Science,Economics
"Fill in the blank: ______ refers to ""the science and practice of drawing maps"".",cartography,the savanna biome,the term 'landlocked country',the International Date Line,A,cartography refers to: the science and practice of drawing maps,Social Science,Geography
Which statement correctly describes latitude?,the short-term state of the atmosphere at a particular place and time,"an area of land saturated with water, either permanently or seasonally, supporting unique plant and animal life",imaginary horizontal lines on Earth's surface used to measure distance north or south of the equator,"a large plateau in southern India, bordered by the Western and Eastern Ghats",C,"By definition, latitude is: imaginary horizontal lines on Earth's surface used to measure distance north or south of the equator",Social Science,Geography
"Which term matches this description: ""the division of government responsibilities into distinct branches to prevent concentration of power""?",checks and balances,the concept of separation of powers,fundamental duties,the rule of law,B,The description matches the concept of separation of powers: the division of government responsibilities into distinct branches to prevent concentration of power,Social Science,Civics
"Fill in the blank: ______ refers to ""education that is free from religious instruction or bias, promoting equal treatment of all faiths"".",the Human Development Index (HDI),secular education,social mobility,social justice,B,"secular education refers to: education that is free from religious instruction or bias, promoting equal treatment of all faiths",Social Science,Society
"Fill in the blank: ______ refers to ""a village-level body consisting of all registered voters in a Panchayat area, forming the base of local self-government in India"".",habeas corpus,the Gram Sabha,the term 'plebiscite',political manifesto,B,"the Gram Sabha refers to: a village-level body consisting of all registered voters in a Panchayat area, forming the base of local self-government in India",Social Science,Civics
Which statement correctly describes a fiscal deficit?,a deliberate downward adjustment of a country's currency value relative to other currencies,the gap between a government's total expenditure and its total revenue (excluding borrowings) in a given year,the process by which a government collects money from individuals and businesses to fund public services,the branch of economics that studies the behaviour of individual consumers and firms,B,"By definition, a fiscal deficit is: the gap between a government's total expenditure and its total revenue (excluding borrowings) in a given year",Social Science,Economics
The Yellow River (Huang He) river primarily flows through which country/region?,China,Australia,India/Pakistan,South America,A,The Yellow River (Huang He) flows primarily through China.,Social Science,Rivers of the World
What is the President of India?,"the ceremonial head of state of India, elected indirectly by an electoral college","fundamental individual rights protected by law from government interference, such as freedom of speech",a law in India that disqualifies elected members who defect from their political party,an organised group that seeks to influence public policy without seeking to hold political office themselves,A,"the President of India is: the ceremonial head of state of India, elected indirectly by an electoral college",Social Science,Civics
Which statement correctly describes the Lokpal?,"basic rights guaranteed to citizens by a country's constitution, such as freedom of speech and equality before the law","a legislative body consisting of two separate chambers or houses, such as India's Parliament",an anti-corruption ombudsman institution in India that investigates complaints against public officials,"the principle of separation between religion and the state, ensuring the state does not favour any particular religion",C,"By definition, the Lokpal is: an anti-corruption ombudsman institution in India that investigates complaints against public officials",Social Science,Civics
"Fill in the blank: ______ refers to ""a system of government in which power is vested in the people, typically exercised through elected representatives"".",the judiciary,the Prime Minister of India,civil liberties,democracy,D,"democracy refers to: a system of government in which power is vested in the people, typically exercised through elected representatives",Social Science,Civics
Which statement correctly describes a mixed economy?,"the process by which the government sells its stake in public sector enterprises, partially or fully",legal rights granted to protect buyers of goods and services from unfair practices,an economic system that combines elements of both market and planned economies,an agreement between two or more countries to reduce or eliminate trade barriers such as tariffs,C,"By definition, a mixed economy is: an economic system that combines elements of both market and planned economies",Social Science,Economics
"Which term matches this description: ""the ratio between distance on a map and the corresponding actual distance on the ground""?",a map's scale,the equator,remote sensing,a watershed,A,The description matches a map's scale: the ratio between distance on a map and the corresponding actual distance on the ground,Social Science,Geography
Which statement correctly describes the Tropic of Capricorn?,"the southernmost latitude at which the Sun can appear directly overhead, at approximately 23.5°S",a landform created by the deposition of sediment at the mouth of a river as it enters a larger body of water,"a town located at a higher elevation, often popular as a retreat from heat in warmer regions","the wearing away of the topsoil layer, often due to water, wind, or human activity",A,"By definition, the Tropic of Capricorn is: the southernmost latitude at which the Sun can appear directly overhead, at approximately 23.5°S",Social Science,Geography
What is the Tropic of Capricorn?,water held underground in the soil or in pores and crevices in rock,"the southernmost latitude at which the Sun can appear directly overhead, at approximately 23.5°S",the decline in the quality or productivity of land due to human activities or natural processes,lines on a topographic map that connect points of equal elevation,B,"the Tropic of Capricorn is: the southernmost latitude at which the Sun can appear directly overhead, at approximately 23.5°S",Social Science,Geography
"Which term matches this description: ""a comprehensive indirect tax levied on the supply of goods and services in India""?",land reforms in India,the Reserve Bank of India (RBI),the Goods and Services Tax (GST),a mixed economy,C,The description matches the Goods and Services Tax (GST): a comprehensive indirect tax levied on the supply of goods and services in India,Social Science,Economics
What is cooperative farming?,"India's central banking institution, responsible for regulating the money supply and banking sector",the quantity of a good or service that consumers are willing and able to purchase at a given price,an agricultural system in which farmers pool resources and share profits collectively,an economic system in which decisions about production and pricing are guided by supply and demand,C,cooperative farming is: an agricultural system in which farmers pool resources and share profits collectively,Social Science,Economics
"Fill in the blank: ______ refers to ""the sector involving extraction of raw materials, such as agriculture, fishing, and mining"".",direct tax,unemployment,the primary sector of the economy,foreign direct investment (FDI),C,"the primary sector of the economy refers to: the sector involving extraction of raw materials, such as agriculture, fishing, and mining",Social Science,Economics
"Which Indian state/union territory has its capital at Thiruvananthapuram, located in South India?",Chandigarh,Haryana,Chhattisgarh,Kerala,D,"Thiruvananthapuram, the capital of Kerala, is located in South India.",Social Science,Indian States and Capitals
"Which term matches this description: ""a public declaration of a political party's policies and intentions, usually released before an election""?",civic sense,political manifesto,secularism,a Panchayati Raj institution,B,"The description matches political manifesto: a public declaration of a political party's policies and intentions, usually released before an election",Social Science,Civics
What is a coalition government?,"a government formed by two or more political parties working together, typically when no single party has a majority","a state in which supreme power is held by the people and their elected representatives, with an elected or nominated president","a law promulgated by the President or Governor when the legislature is not in session, subject to later approval","basic rights guaranteed to citizens by a country's constitution, such as freedom of speech and equality before the law",A,"a coalition government is: a government formed by two or more political parties working together, typically when no single party has a majority",Social Science,Civics
"Fill in the blank: ______ refers to ""the process by which fertile land becomes desert, often due to drought, deforestation, or unsuitable agriculture"".",remote sensing,latitude,desertification,a watershed,C,"desertification refers to: the process by which fertile land becomes desert, often due to drought, deforestation, or unsuitable agriculture",Social Science,Geography
Which statement correctly describes direct tax?,a situation where a country's imports exceed its exports in value,"as inflation rises, the same amount of money buys fewer goods and services over time",the gap between a government's total expenditure and its total revenue (excluding borrowings) in a given year,"a tax paid directly by an individual or organisation to the government, such as income tax",D,"By definition, direct tax is: a tax paid directly by an individual or organisation to the government, such as income tax",Social Science,Economics
"Which term matches this description: ""a system ensuring that no single branch of government becomes too powerful, through mutual oversight""?",the concept of 'welfare state',intellectual property rights,an ordinance,checks and balances,D,"The description matches checks and balances: a system ensuring that no single branch of government becomes too powerful, through mutual oversight",Social Science,Civics
Which major river flows through South America and is called the 'Amazon'?,Rhine,Amazon,Godavari,Murray,B,The Amazon is a major river of South America.,Social Science,Rivers of the World
Which statement correctly describes the first-past-the-post system?,an independent constitutional body responsible for administering elections in India,"a state in which supreme power is held by the people and their elected representatives, with an elected or nominated president","an electoral system in which the candidate with the most votes in a constituency wins, used in India's Lok Sabha elections",the legal process by which a foreign national acquires citizenship of another country,C,"By definition, the first-past-the-post system is: an electoral system in which the candidate with the most votes in a constituency wins, used in India's Lok Sabha elections",Social Science,Civics
Punjab is located in which region of India?,West India,Northeast India,North India,South India,C,Punjab is located in North India.,Social Science,Indian Geography
What is the Lokpal?,"a legal action initiated in a court to protect public interest, often filed by individuals or organisations rather than affected parties","a group of voters who consistently support a particular political party or candidate, often along caste, religious, or regional lines","an introductory statement outlining the guiding principles of the Constitution, including justice, liberty, equality, and fraternity",an anti-corruption ombudsman institution in India that investigates complaints against public officials,D,the Lokpal is: an anti-corruption ombudsman institution in India that investigates complaints against public officials,Social Science,Civics
Which statement correctly describes desertification?,an area that receives little rainfall because it lies on the leeward side of a mountain range,"the process by which fertile land becomes desert, often due to drought, deforestation, or unsuitable agriculture",a region characterised by specific types of plant life determined by climate and soil conditions,a country that does not have direct access to an ocean or sea coastline,B,"By definition, desertification is: the process by which fertile land becomes desert, often due to drought, deforestation, or unsuitable agriculture",Social Science,Geography
"Fill in the blank: ______ refers to ""the branch of economics that studies the economy as a whole, including national income, inflation, and unemployment"".",macroeconomics,a cooperative society,unemployment,indirect tax,A,"macroeconomics refers to: the branch of economics that studies the economy as a whole, including national income, inflation, and unemployment",Social Science,Economics
"Which term matches this description: ""a constitutional body that recommends how tax revenue should be distributed between the central and state governments""?",disinvestment,the Finance Commission of India,the Goods and Services Tax (GST),the Consumer Protection Act,B,The description matches the Finance Commission of India: a constitutional body that recommends how tax revenue should be distributed between the central and state governments,Social Science,Economics
What is the informal sector of the economy?,a general and sustained increase in the price level of goods and services in an economy over time,"economic activities that are not regulated or taxed by the government, often lacking formal contracts",a designated area within a country that offers different economic regulations to encourage investment and exports,the sector involving manufacturing and processing of raw materials into finished goods,B,"the informal sector of the economy is: economic activities that are not regulated or taxed by the government, often lacking formal contracts",Social Science,Economics
"Which term matches this description: ""governance by elected bodies at the village, town, or district level, closer to the people""?",the concept of separation of powers,federalism,local self-government,a whip in politics,C,"The description matches local self-government: governance by elected bodies at the village, town, or district level, closer to the people",Social Science,Civics
"Fill in the blank: ______ refers to ""a portion of a country's territory that is geographically separated from the main part by surrounding foreign territory"".",the term 'exclave',cartography,land degradation,weathering,A,the term 'exclave' refers to: a portion of a country's territory that is geographically separated from the main part by surrounding foreign territory,Social Science,Geography
"Which term matches this description: ""a protected area of land set aside for conservation and recreational use, managed by the government""?",the Himalayas,the term 'landlocked country',a national park,the term 'exclave',C,"The description matches a national park: a protected area of land set aside for conservation and recreational use, managed by the government",Social Science,Geography
"Which Indian state/union territory has its capital at Leh, located in North India?",Meghalaya,Rajasthan,Ladakh,Mizoram,C,"Leh, the capital of Ladakh, is located in North India.",Social Science,Indian States and Capitals
"Fill in the blank: ______ refers to ""a country that does not have direct access to an ocean or sea coastline"".",coastal erosion,afforestation,plate tectonics,the term 'landlocked country',D,the term 'landlocked country' refers to: a country that does not have direct access to an ocean or sea coastline,Social Science,Geography
"Which term matches this description: ""an organised group that seeks to influence public policy without seeking to hold political office themselves""?",a pressure group,the term 'money bill',a whip in politics,universal adult suffrage,A,The description matches a pressure group: an organised group that seeks to influence public policy without seeking to hold political office themselves,Social Science,Civics
What is the capital of Chandigarh?,Lucknow,Bhubaneswar,Puducherry,Chandigarh,D,The capital of Chandigarh is Chandigarh.,Social Science,Indian States and Capitals
What is public distribution system (PDS)?,a general decrease in the price level of goods and services in an economy,a government-managed system in India that distributes essential food grains and commodities at subsidised prices,"the branch of economics that studies the economy as a whole, including national income, inflation, and unemployment","a policy think tank of the Government of India that replaced the Planning Commission, promoting cooperative federalism",B,public distribution system (PDS) is: a government-managed system in India that distributes essential food grains and commodities at subsidised prices,Social Science,Economics
Goa is located in which region of India?,East India,North India,South India,West India,D,Goa is located in West India.,Social Science,Indian Geography
Which statement correctly describes gender equality?,"the marriage of individuals below the legal age, which is prohibited by law in most countries including India",an Indian law guaranteeing free and compulsory education to children aged 6 to 14,"the state of equal access to rights, opportunities, and resources regardless of gender","basic rights and freedoms that belong to every person, regardless of nationality or other status",C,"By definition, gender equality is: the state of equal access to rights, opportunities, and resources regardless of gender",Social Science,Society
"Which term matches this description: ""the chief legal advisor to the Government of India""?",a monarchy,the Attorney General of India,the Lok Sabha,the term 'gerrymandering',B,The description matches the Attorney General of India: the chief legal advisor to the Government of India,Social Science,Civics
What is direct tax?,"a tax paid directly by an individual or organisation to the government, such as income tax",the process of transferring ownership of businesses or industries from the government to private entities,the process of reducing government restrictions and control over economic activities,Indian legislation designed to protect the interests of consumers against unfair trade practices,A,"direct tax is: a tax paid directly by an individual or organisation to the government, such as income tax",Social Science,Economics
"Fill in the blank: ______ refers to ""basic rights guaranteed to citizens by a country's constitution, such as freedom of speech and equality before the law"".",the term 'coup d'état',the term 'gerrymandering',fundamental rights,naturalisation,C,"fundamental rights refers to: basic rights guaranteed to citizens by a country's constitution, such as freedom of speech and equality before the law",Social Science,Civics
"Fill in the blank: ______ refers to ""a tax paid directly by an individual or organisation to the government, such as income tax"".",the Reserve Bank of India (RBI),the Finance Commission of India,direct tax,unemployment,C,"direct tax refers to: a tax paid directly by an individual or organisation to the government, such as income tax",Social Science,Economics
"Which term matches this description: ""the highest judicial authority in India, responsible for interpreting the Constitution and delivering final judgments""?",secularism,the President of India,the Supreme Court of India,the Lok Sabha,C,"The description matches the Supreme Court of India: the highest judicial authority in India, responsible for interpreting the Constitution and delivering final judgments",Social Science,Civics
"Fill in the blank: ______ refers to ""the process by which the government sells its stake in public sector enterprises, partially or fully"".",a mixed economy,a market economy,disinvestment,the World Trade Organization (WTO),C,"disinvestment refers to: the process by which the government sells its stake in public sector enterprises, partially or fully",Social Science,Economics
What is the Beti Bachao Beti Padhao scheme?,an Indian government initiative aimed at improving the welfare and education of girl children,"a person who has fled their country due to war, persecution, or natural disaster and seeks safety elsewhere",development that meets present needs without compromising the ability of future generations to meet their own needs,"basic rights and freedoms that belong to every person, regardless of nationality or other status",A,the Beti Bachao Beti Padhao scheme is: an Indian government initiative aimed at improving the welfare and education of girl children,Social Science,Society
The Congo river primarily flows through which country/region?,South America,Middle East,Africa,Southeast Asia,C,The Congo flows primarily through Africa.,Social Science,Rivers of the World
Which statement correctly describes urban slums?,"the right of women to vote in elections, achieved at different times in different countries","the marriage of individuals below the legal age, which is prohibited by law in most countries including India",densely populated urban areas characterised by substandard housing and poor living conditions,"a historical social hierarchy in India that categorised people into groups, now legally abolished as a basis for discrimination",C,"By definition, urban slums is: densely populated urban areas characterised by substandard housing and poor living conditions",Social Science,Society
What is a time zone?,"an elevated area of relatively flat land, higher than the surrounding land",imaginary horizontal lines on Earth's surface used to measure distance north or south of the equator,"a region of the globe that observes a uniform standard time for legal, commercial, and social purposes",the scientific theory describing the large-scale movement of Earth's lithospheric plates,C,"a time zone is: a region of the globe that observes a uniform standard time for legal, commercial, and social purposes",Social Science,Geography
"Which term matches this description: ""a group or chain of islands""?",a watershed,a monsoon,an earthquake,an archipelago,D,The description matches an archipelago: a group or chain of islands,Social Science,Geography
"Which term matches this description: ""legal rights granted to protect buyers of goods and services from unfair practices""?",the Goods and Services Tax (GST),globalisation,consumer rights,the Consumer Protection Act,C,The description matches consumer rights: legal rights granted to protect buyers of goods and services from unfair practices,Social Science,Economics
What is a constitution?,the fundamental set of principles or established precedents according to which a state is governed,"guidelines in the Indian Constitution intended to guide the government in creating a just society, though not legally enforceable",an Indian law that allows citizens to request information from public authorities,"a legal action initiated in a court to protect public interest, often filed by individuals or organisations rather than affected parties",A,a constitution is: the fundamental set of principles or established precedents according to which a state is governed,Social Science,Civics
What is the term 'exclave'?,"the increasing movement of people from rural to urban areas, leading to the growth of cities",a portion of a country's territory that is geographically separated from the main part by surrounding foreign territory,the long-term average weather conditions of a particular region,the ratio between distance on a map and the corresponding actual distance on the ground,B,the term 'exclave' is: a portion of a country's territory that is geographically separated from the main part by surrounding foreign territory,Social Science,Geography
What is public interest litigation (PIL)?,"a public declaration of a political party's policies and intentions, usually released before an election","a legal action initiated in a court to protect public interest, often filed by individuals or organisations rather than affected parties","fundamental individual rights protected by law from government interference, such as freedom of speech","a system of government in which power is vested in the people, typically exercised through elected representatives",B,"public interest litigation (PIL) is: a legal action initiated in a court to protect public interest, often filed by individuals or organisations rather than affected parties",Social Science,Civics
What is a refugee?,the collection of non-governmental organisations and institutions that represent citizens' interests and voluntary participation,an income threshold below which a person or household is considered to be living in poverty,"the movement of people from one place to another, often for work, education, or safety","a person who has fled their country due to war, persecution, or natural disaster and seeks safety elsewhere",D,"a refugee is: a person who has fled their country due to war, persecution, or natural disaster and seeks safety elsewhere",Social Science,Society
"Which term matches this description: ""a family unit consisting of two parents and their children, living separately from extended relatives""?",reservation policy in India,sustainable development,a nuclear family,migration in social terms,C,"The description matches a nuclear family: a family unit consisting of two parents and their children, living separately from extended relatives",Social Science,Society
"Fill in the blank: ______ refers to ""the provision of small loans and financial services to individuals who lack access to traditional banking"".",indirect tax,a market economy,microfinance,subsidies,C,microfinance refers to: the provision of small loans and financial services to individuals who lack access to traditional banking,Social Science,Economics
What is consumer rights?,"the process of increasing interconnectedness and interdependence among countries through trade, investment, and communication",legal rights granted to protect buyers of goods and services from unfair practices,the value of the next best alternative that is given up when a choice is made,the total monetary value of all goods and services produced within a country in a given period,B,consumer rights is: legal rights granted to protect buyers of goods and services from unfair practices,Social Science,Economics
"Which term matches this description: ""the breaking down of rocks, soil, and minerals through contact with the Earth's atmosphere, water, and biological organisms""?",population density,weathering,a monsoon,urbanisation,B,"The description matches weathering: the breaking down of rocks, soil, and minerals through contact with the Earth's atmosphere, water, and biological organisms",Social Science,Geography
"Which term matches this description: ""a system of local self-government in rural India, operating at village, block, and district levels""?",the term 'money bill',a Panchayati Raj institution,a monarchy,a referendum,B,"The description matches a Panchayati Raj institution: a system of local self-government in rural India, operating at village, block, and district levels",Social Science,Civics
Imphal is the capital of which Indian state/union territory?,Chhattisgarh,Uttar Pradesh,Jammu and Kashmir,Manipur,D,Imphal is the capital of Manipur.,Social Science,Indian States and Capitals
What is the capital of Manipur?,Mumbai,Agartala,Imphal,Srinagar (summer)/Jammu (winter),C,The capital of Manipur is Imphal.,Social Science,Indian States and Capitals
Which statement correctly describes a joint family system?,"a historical and still-practiced custom in parts of South Asia involving payment from a bride's family, now illegal in India",the employment of children in work that deprives them of their childhood and is harmful to their development,"the hierarchical arrangement of individuals into social classes based on wealth, power, or status",a traditional family structure in South Asia where multiple generations live together under one household,D,"By definition, a joint family system is: a traditional family structure in South Asia where multiple generations live together under one household",Social Science,Society
"Fill in the blank: ______ refers to ""the principle that all individuals and institutions are subject to and accountable under the law"".",the Election Commission of India,the anti-defection law,a bicameral legislature,the rule of law,D,the rule of law refers to: the principle that all individuals and institutions are subject to and accountable under the law,Social Science,Civics
"Fill in the blank: ______ refers to ""an individual's awareness of and responsibility toward maintaining public order, cleanliness, and community welfare"".",the term 'ombudsman',Question Hour,civic sense,the judiciary,C,"civic sense refers to: an individual's awareness of and responsibility toward maintaining public order, cleanliness, and community welfare",Social Science,Civics
What is a writ?,"a formal written order issued by a court, such as habeas corpus, used to enforce rights",the central agency responsible for recruiting officers for India's civil services,an official of a political party responsible for ensuring party members attend and vote according to the party line,a local self-government body responsible for administering urban areas,A,"a writ is: a formal written order issued by a court, such as habeas corpus, used to enforce rights",Social Science,Civics
Which statement correctly describes remote sensing?,imaginary horizontal lines on Earth's surface used to measure distance north or south of the equator,"a mountain range along the western coast of India, recognised as a UNESCO World Heritage biodiversity hotspot",the process of collecting information about the Earth's surface using satellites or aircraft without direct contact,a group or chain of islands,C,"By definition, remote sensing is: the process of collecting information about the Earth's surface using satellites or aircraft without direct contact",Social Science,Geography
Puducherry is located in which region of India?,East India,West India,South India,Central India,C,Puducherry is located in South India.,Social Science,Indian Geography
"Which term matches this description: ""the branch of economics that studies the economy as a whole, including national income, inflation, and unemployment""?",unemployment,inflation's effect on purchasing power,privatisation,macroeconomics,D,"The description matches macroeconomics: the branch of economics that studies the economy as a whole, including national income, inflation, and unemployment",Social Science,Economics
Which statement correctly describes SEZ (Special Economic Zone)?,a designated area within a country that offers different economic regulations to encourage investment and exports,the provision of small loans and financial services to individuals who lack access to traditional banking,"the sector involving extraction of raw materials, such as agriculture, fishing, and mining",a comprehensive indirect tax levied on the supply of goods and services in India,A,"By definition, SEZ (Special Economic Zone) is: a designated area within a country that offers different economic regulations to encourage investment and exports",Social Science,Economics
"Fill in the blank: ______ refers to ""the process of reducing government restrictions and control over economic activities"".",a market economy,supply in economics,liberalisation,the term 'demographic dividend',C,liberalisation refers to: the process of reducing government restrictions and control over economic activities,Social Science,Economics
"Fill in the blank: ______ refers to ""a situation where people who are willing and able to work cannot find employment"".",liberalisation,unemployment,disinvestment,deflation,B,unemployment refers to: a situation where people who are willing and able to work cannot find employment,Social Science,Economics
Meghalaya is located in which region of India?,Central India,South India,East India,Northeast India,D,Meghalaya is located in Northeast India.,Social Science,Indian Geography
What is child labour?,densely populated urban areas characterised by substandard housing and poor living conditions,the employment of children in work that deprives them of their childhood and is harmful to their development,an Indian government initiative aimed at improving the welfare and education of girl children,"a historical social hierarchy in India that categorised people into groups, now legally abolished as a basis for discrimination",B,child labour is: the employment of children in work that deprives them of their childhood and is harmful to their development,Social Science,Society
"Fill in the blank: ______ refers to ""an elevated area of relatively flat land, higher than the surrounding land"".",the tundra biome,a plateau,a wetland,erosion,B,"a plateau refers to: an elevated area of relatively flat land, higher than the surrounding land",Social Science,Geography
Which statement correctly describes human rights?,the gap between individuals who have access to modern information technology and those who do not,"basic rights and freedoms that belong to every person, regardless of nationality or other status",a traditional family structure in South Asia where multiple generations live together under one household,"the state of equal access to rights, opportunities, and resources regardless of gender",B,"By definition, human rights is: basic rights and freedoms that belong to every person, regardless of nationality or other status",Social Science,Society
Which statement correctly describes inflation's effect on purchasing power?,an international organisation that regulates and facilitates trade between nations,an agreement between two or more countries to reduce or eliminate trade barriers such as tariffs,"as inflation rises, the same amount of money buys fewer goods and services over time",a general decrease in the price level of goods and services in an economy,C,"By definition, inflation's effect on purchasing power is: as inflation rises, the same amount of money buys fewer goods and services over time",Social Science,Economics
"Which term matches this description: ""an international organisation that regulates and facilitates trade between nations""?",taxation,demand in economics,the World Trade Organization (WTO),microeconomics,C,The description matches the World Trade Organization (WTO): an international organisation that regulates and facilitates trade between nations,Social Science,Economics
Panaji is the capital of which Indian state/union territory?,Puducherry,West Bengal,Goa,Himachal Pradesh,C,Panaji is the capital of Goa.,Social Science,Indian States and Capitals
"Which term matches this description: ""an organisation that seeks to gain political power by contesting elections and forming government""?",public interest litigation (PIL),a political party,intellectual property rights,the Prime Minister of India,B,The description matches a political party: an organisation that seeks to gain political power by contesting elections and forming government,Social Science,Civics
What is a mixed economy?,a general and sustained increase in the price level of goods and services in an economy over time,an economic system that combines elements of both market and planned economies,the process by which a government collects money from individuals and businesses to fund public services,a designated area within a country that offers different economic regulations to encourage investment and exports,B,a mixed economy is: an economic system that combines elements of both market and planned economies,Social Science,Economics
"Fill in the blank: ______ refers to ""an electoral system in which the candidate with the most votes in a constituency wins, used in India's Lok Sabha elections"".",the first-past-the-post system,a whip in politics,the Rajya Sabha,the term 'vote bank',A,"the first-past-the-post system refers to: an electoral system in which the candidate with the most votes in a constituency wins, used in India's Lok Sabha elections",Social Science,Civics
"Fill in the blank: ______ refers to ""governance by elected bodies at the village, town, or district level, closer to the people"".",a Panchayati Raj institution,local self-government,the term 'plebiscite',the Lok Sabha,B,"local self-government refers to: governance by elected bodies at the village, town, or district level, closer to the people",Social Science,Civics
"Fill in the blank: ______ refers to ""an agricultural system in which farmers pool resources and share profits collectively"".",subsidies,the secondary sector of the economy,cooperative farming,inflation's effect on purchasing power,C,cooperative farming refers to: an agricultural system in which farmers pool resources and share profits collectively,Social Science,Economics
What is social stratification?,an Indian law guaranteeing free and compulsory education to children aged 6 to 14,an income threshold below which a person or household is considered to be living in poverty,"a person who has fled their country due to war, persecution, or natural disaster and seeks safety elsewhere","the hierarchical arrangement of individuals into social classes based on wealth, power, or status",D,"social stratification is: the hierarchical arrangement of individuals into social classes based on wealth, power, or status",Social Science,Society
"Fill in the blank: ______ refers to ""the gap between a government's total expenditure and its total revenue (excluding borrowings) in a given year"".",supply in economics,public distribution system (PDS),taxation,a fiscal deficit,D,a fiscal deficit refers to: the gap between a government's total expenditure and its total revenue (excluding borrowings) in a given year,Social Science,Economics
"Which Indian state/union territory has its capital at Dispur, located in Northeast India?",Gujarat,Assam,Haryana,Telangana,B,"Dispur, the capital of Assam, is located in Northeast India.",Social Science,Indian States and Capitals
What is urban slums?,"a non-profit, voluntary organisation that operates independently of government, often addressing social issues",densely populated urban areas characterised by substandard housing and poor living conditions,the employment of children in work that deprives them of their childhood and is harmful to their development,"a historical social hierarchy in India that categorised people into groups, now legally abolished as a basis for discrimination",B,urban slums is: densely populated urban areas characterised by substandard housing and poor living conditions,Social Science,Society
Ranchi is the capital of which Indian state/union territory?,Himachal Pradesh,Gujarat,Jharkhand,Telangana,C,Ranchi is the capital of Jharkhand.,Social Science,Indian States and Capitals
"Which term matches this description: ""the head of government of India, typically the leader of the majority party in the Lok Sabha""?",the term 'zero hour',the President of India,the Prime Minister of India,an ordinance,C,"The description matches the Prime Minister of India: the head of government of India, typically the leader of the majority party in the Lok Sabha",Social Science,Civics
Which statement correctly describes the anti-defection law?,the manipulation of electoral district boundaries to favour a particular political party or group,a law in India that disqualifies elected members who defect from their political party,"the highest judicial authority in India, responsible for interpreting the Constitution and delivering final judgments","a direct vote by citizens on a significant political question, such as territorial or constitutional changes",B,"By definition, the anti-defection law is: a law in India that disqualifies elected members who defect from their political party",Social Science,Civics
Which statement correctly describes weather?,imaginary horizontal lines on Earth's surface used to measure distance north or south of the equator,the process of planting trees in an area where there was previously no forest,the short-term state of the atmosphere at a particular place and time,"the southernmost latitude at which the Sun can appear directly overhead, at approximately 23.5°S",C,"By definition, weather is: the short-term state of the atmosphere at a particular place and time",Social Science,Geography
What is the anti-defection law?,the branch of government responsible for making laws,a law in India that disqualifies elected members who defect from their political party,a system of government in which power is divided between a central authority and constituent political units,the manipulation of electoral district boundaries to favour a particular political party or group,B,the anti-defection law is: a law in India that disqualifies elected members who defect from their political party,Social Science,Civics
What is the capital of Andaman and Nicobar Islands?,Port Blair,Gangtok,Jaipur,Panaji,A,The capital of Andaman and Nicobar Islands is Port Blair.,Social Science,Indian States and Capitals
What is proportional representation?,"an introductory statement outlining the guiding principles of the Constitution, including justice, liberty, equality, and fraternity","the right of all adult citizens to vote, regardless of gender, race, or social status",an electoral system in which parties gain seats in proportion to the number of votes they receive,"the highest judicial authority in India, responsible for interpreting the Constitution and delivering final judgments",C,proportional representation is: an electoral system in which parties gain seats in proportion to the number of votes they receive,Social Science,Civics
"Which Indian state/union territory has its capital at Lucknow, located in North India?",Tamil Nadu,Odisha,Assam,Uttar Pradesh,D,"Lucknow, the capital of Uttar Pradesh, is located in North India.",Social Science,Indian States and Capitals
"Which term matches this description: ""the percentage of a population that can read and write""?",multiculturalism,gender equality,literacy rate,social mobility,C,The description matches literacy rate: the percentage of a population that can read and write,Social Science,Society
"Fill in the blank: ______ refers to ""the first hour of a parliamentary sitting, during which members ask questions to ministers about government policy"".",the Gram Sabha,the Supreme Court of India,the rule of law,Question Hour,D,"Question Hour refers to: the first hour of a parliamentary sitting, during which members ask questions to ministers about government policy",Social Science,Civics
What is cartography?,the science and practice of drawing maps,a protected area established for the conservation of wildlife and their habitats,"a town located at a higher elevation, often popular as a retreat from heat in warmer regions",the short-term state of the atmosphere at a particular place and time,A,cartography is: the science and practice of drawing maps,Social Science,Geography
"Which term matches this description: ""a tax paid directly by an individual or organisation to the government, such as income tax""?",the stock market,direct tax,a fiscal deficit,the Green Revolution's impact,B,"The description matches direct tax: a tax paid directly by an individual or organisation to the government, such as income tax",Social Science,Economics
What is the capital of Tamil Nadu?,Dehradun,Shillong,Dispur,Chennai,D,The capital of Tamil Nadu is Chennai.,Social Science,Indian States and Capitals
What is the Thar Desert?,a large arid region in northwestern India and southeastern Pakistan,a layer of the stratosphere containing high concentrations of ozone that absorbs most of the Sun's harmful UV radiation,"an area of land where all the water drains to a common outlet, such as a river or lake","the wearing away of land along a coastline due to the action of waves, currents, and tides",A,the Thar Desert is: a large arid region in northwestern India and southeastern Pakistan,Social Science,Geography
Which statement correctly describes a five-year plan?,"the branch of economics that studies the economy as a whole, including national income, inflation, and unemployment",financial assistance provided by the government to reduce the cost of goods or services for consumers or producers,"the sector involving extraction of raw materials, such as agriculture, fishing, and mining","a method of economic planning involving setting targets over a five-year period, historically used in India",D,"By definition, a five-year plan is: a method of economic planning involving setting targets over a five-year period, historically used in India",Social Science,Economics
"Which term matches this description: ""an imaginary line on Earth roughly following the 180° meridian, marking the change of calendar day""?",the International Date Line,soil erosion,the Tropic of Cancer,longitude,A,"The description matches the International Date Line: an imaginary line on Earth roughly following the 180° meridian, marking the change of calendar day",Social Science,Geography
"Fill in the blank: ______ refers to ""an independent constitutional authority responsible for auditing government accounts in India"".",the term 'gerrymandering',the Comptroller and Auditor General (CAG),a monarchy,the term 'plebiscite',B,the Comptroller and Auditor General (CAG) refers to: an independent constitutional authority responsible for auditing government accounts in India,Social Science,Civics
What is the Preamble to the Indian Constitution?,an independent constitutional authority responsible for auditing government accounts in India,the chief legal advisor to the Government of India,an official of a political party responsible for ensuring party members attend and vote according to the party line,"an introductory statement outlining the guiding principles of the Constitution, including justice, liberty, equality, and fraternity",D,"the Preamble to the Indian Constitution is: an introductory statement outlining the guiding principles of the Constitution, including justice, liberty, equality, and fraternity",Social Science,Civics
What is a natural disaster?,the decline in the quality or productivity of land due to human activities or natural processes,"the line of 0° longitude, from which east and west are measured, passing through Greenwich, England","the area where a river meets the sea, where freshwater and saltwater mix","a sudden event caused by natural processes, such as an earthquake, flood, or cyclone, causing significant damage",D,"a natural disaster is: a sudden event caused by natural processes, such as an earthquake, flood, or cyclone, causing significant damage",Social Science,Geography
Amaravati is the capital of which Indian state/union territory?,Uttar Pradesh,Andhra Pradesh,Delhi,Rajasthan,B,Amaravati is the capital of Andhra Pradesh.,Social Science,Indian States and Capitals
"Fill in the blank: ______ refers to ""a tax collected by an intermediary from the person who bears the ultimate economic burden, such as GST"".",disinvestment,cooperative farming,inflation,indirect tax,D,"indirect tax refers to: a tax collected by an intermediary from the person who bears the ultimate economic burden, such as GST",Social Science,Economics
What is the capital of West Bengal?,Patna,Imphal,Kolkata,Chennai,C,The capital of West Bengal is Kolkata.,Social Science,Indian States and Capitals
Which statement correctly describes a unicameral legislature?,the central agency responsible for recruiting officers for India's civil services,"a law promulgated by the President or Governor when the legislature is not in session, subject to later approval",a legislative body with only one chamber or house,"governance by elected bodies at the village, town, or district level, closer to the people",C,"By definition, a unicameral legislature is: a legislative body with only one chamber or house",Social Science,Civics
"Fill in the blank: ______ refers to ""an international organisation that regulates and facilitates trade between nations"".",the Finance Commission of India,inflation's effect on purchasing power,the Goods and Services Tax (GST),the World Trade Organization (WTO),D,the World Trade Organization (WTO) refers to: an international organisation that regulates and facilitates trade between nations,Social Science,Economics
Which statement correctly describes the Election Commission of India?,"the first hour of a parliamentary sitting, during which members ask questions to ministers about government policy",a system of government in which power is divided between a central authority and constituent political units,an independent constitutional body responsible for administering elections in India,"the status of being a legally recognised member of a country, entailing rights and responsibilities",C,"By definition, the Election Commission of India is: an independent constitutional body responsible for administering elections in India",Social Science,Civics
"Which term matches this description: ""an election held to fill a political office that has become vacant between general elections""?",a by-election,fundamental duties,proportional representation,an ordinance,A,The description matches a by-election: an election held to fill a political office that has become vacant between general elections,Social Science,Civics
"Which term matches this description: ""a landform created by the deposition of sediment at the mouth of a river as it enters a larger body of water""?",a delta,a peninsula,the Thar Desert,a hill station,A,The description matches a delta: a landform created by the deposition of sediment at the mouth of a river as it enters a larger body of water,Social Science,Geography
Which statement correctly describes public distribution system (PDS)?,the process of reducing government restrictions and control over economic activities,"a method of economic planning involving setting targets over a five-year period, historically used in India",a government-managed system in India that distributes essential food grains and commodities at subsidised prices,"a nation with a lower standard of living, less industrial development, and lower income compared to developed nations",C,"By definition, public distribution system (PDS) is: a government-managed system in India that distributes essential food grains and commodities at subsidised prices",Social Science,Economics
"Fill in the blank: ______ refers to ""a comprehensive indirect tax levied on the supply of goods and services in India"".",the Goods and Services Tax (GST),the Finance Commission of India,the term 'developing country',per capita income,A,the Goods and Services Tax (GST) refers to: a comprehensive indirect tax levied on the supply of goods and services in India,Social Science,Economics
"Fill in the blank: ______ refers to ""the average income earned per person in a given area, calculated by dividing total income by population"".",unemployment,a mixed economy,deflation,per capita income,D,"per capita income refers to: the average income earned per person in a given area, calculated by dividing total income by population",Social Science,Economics
"Which term matches this description: ""the number of people living per unit area of land, such as per square kilometre""?",a natural vegetation zone,the Western Ghats,population density,contour lines on a map,C,"The description matches population density: the number of people living per unit area of land, such as per square kilometre",Social Science,Geography
"Fill in the blank: ______ refers to ""an Indian government initiative aimed at improving the welfare and education of girl children"".",the Beti Bachao Beti Padhao scheme,women's suffrage,sustainable development,digital divide,A,the Beti Bachao Beti Padhao scheme refers to: an Indian government initiative aimed at improving the welfare and education of girl children,Social Science,Society
"Fill in the blank: ______ refers to ""an imaginary line around the middle of Earth, equidistant from the North and South Poles"".",the equator,a plateau,the Western Ghats,plate tectonics,A,"the equator refers to: an imaginary line around the middle of Earth, equidistant from the North and South Poles",Social Science,Geography
Which statement correctly describes naturalisation?,"the lower house of India's Parliament, whose members are directly elected by the people",a proposed law that must be passed by the legislature before it can become an act,the legal process by which a foreign national acquires citizenship of another country,"the ceremonial head of state of India, elected indirectly by an electoral college",C,"By definition, naturalisation is: the legal process by which a foreign national acquires citizenship of another country",Social Science,Civics
Uttarakhand is located in which region of India?,West India,East India,Northeast India,North India,D,Uttarakhand is located in North India.,Social Science,Indian Geography
"Which Indian state/union territory has its capital at Kolkata, located in East India?",Bihar,Jharkhand,Tripura,West Bengal,D,"Kolkata, the capital of West Bengal, is located in East India.",Social Science,Indian States and Capitals
"Fill in the blank: ______ refers to ""lines on a topographic map that connect points of equal elevation"".",contour lines on a map,weathering,climate,the Tropic of Capricorn,A,contour lines on a map refers to: lines on a topographic map that connect points of equal elevation,Social Science,Geography
Which statement correctly describes democracy?,"a system of government in which power is vested in the people, typically exercised through elected representatives",an election held to fill a political office that has become vacant between general elections,"the sudden, illegal seizure of power from a government, often by military force",the branch of government responsible for enforcing laws and administering government policy,A,"By definition, democracy is: a system of government in which power is vested in the people, typically exercised through elected representatives",Social Science,Civics
What is the Green Revolution's impact?,the process by which a government collects money from individuals and businesses to fund public services,financial assistance provided by the government to reduce the cost of goods or services for consumers or producers,the process of reducing government restrictions and control over economic activities,"significantly increased agricultural productivity in India through high-yield seeds, irrigation, and fertilisers",D,"the Green Revolution's impact is: significantly increased agricultural productivity in India through high-yield seeds, irrigation, and fertilisers",Social Science,Economics
"Which Indian state/union territory has its capital at Hyderabad, located in South India?",Manipur,Telangana,Ladakh,Maharashtra,B,"Hyderabad, the capital of Telangana, is located in South India.",Social Science,Indian States and Capitals
Which major river flows through India and is called the 'Yamuna'?,Tapti,Kaveri,Volga,Yamuna,D,The Yamuna is a major river of India.,Social Science,Rivers of the World
"Fill in the blank: ______ refers to ""an electoral system in which parties gain seats in proportion to the number of votes they receive"".",the legislative branch,the concept of citizenship,public interest litigation (PIL),proportional representation,D,proportional representation refers to: an electoral system in which parties gain seats in proportion to the number of votes they receive,Social Science,Civics
What is civic sense?,"an individual's awareness of and responsibility toward maintaining public order, cleanliness, and community welfare",a system of government in which power is divided between a central authority and constituent political units,"a village-level body consisting of all registered voters in a Panchayat area, forming the base of local self-government in India","an introductory statement outlining the guiding principles of the Constitution, including justice, liberty, equality, and fraternity",A,"civic sense is: an individual's awareness of and responsibility toward maintaining public order, cleanliness, and community welfare",Social Science,Civics
The Godavari river primarily flows through which country/region?,Africa,China,India,Australia,C,The Godavari flows primarily through India.,Social Science,Rivers of the World
Patna is the capital of which Indian state/union territory?,Kerala,Bihar,Goa,Maharashtra,B,Patna is the capital of Bihar.,Social Science,Indian States and Capitals
What is the concept of opportunity cost?,the value of the next best alternative that is given up when a choice is made,an agricultural system in which farmers pool resources and share profits collectively,a general and sustained increase in the price level of goods and services in an economy over time,"as inflation rises, the same amount of money buys fewer goods and services over time",A,the concept of opportunity cost is: the value of the next best alternative that is given up when a choice is made,Social Science,Economics
Manipur is located in which region of India?,South India,Central India,North India,Northeast India,D,Manipur is located in Northeast India.,Social Science,Indian Geography
Which statement correctly describes the Right to Information (RTI) Act?,"the imposition of direct military control over civilian functions, typically during emergencies","an introductory statement outlining the guiding principles of the Constitution, including justice, liberty, equality, and fraternity",a law in India that disqualifies elected members who defect from their political party,an Indian law that allows citizens to request information from public authorities,D,"By definition, the Right to Information (RTI) Act is: an Indian law that allows citizens to request information from public authorities",Social Science,Civics
"Which term matches this description: ""education that is free from religious instruction or bias, promoting equal treatment of all faiths""?",cultural diversity,human rights,secular education,affirmative action,C,"The description matches secular education: education that is free from religious instruction or bias, promoting equal treatment of all faiths",Social Science,Society
"Fill in the blank: ______ refers to ""the decline in the quality or productivity of land due to human activities or natural processes"".",land degradation,a watershed,a cyclone,a wetland,A,land degradation refers to: the decline in the quality or productivity of land due to human activities or natural processes,Social Science,Geography
What is remote sensing?,"the northernmost latitude at which the Sun can appear directly overhead, at approximately 23.5°N","a material or substance occurring in nature that can be used for economic gain, such as minerals, forests, or water",the process of collecting information about the Earth's surface using satellites or aircraft without direct contact,"an area of land saturated with water, either permanently or seasonally, supporting unique plant and animal life",C,remote sensing is: the process of collecting information about the Earth's surface using satellites or aircraft without direct contact,Social Science,Geography
Chandigarh is located in which region of India?,North India,East India,Northeast India,South India,A,Chandigarh is located in North India.,Social Science,Indian Geography
"Which term matches this description: ""the state of equal access to rights, opportunities, and resources regardless of gender""?",gender equality,the dowry system,the Beti Bachao Beti Padhao scheme,a UNESCO World Heritage Site,A,"The description matches gender equality: the state of equal access to rights, opportunities, and resources regardless of gender",Social Science,Society
"Fill in the blank: ______ refers to ""the gap between individuals who have access to modern information technology and those who do not"".",women's suffrage,reservation policy in India,digital divide,secular education,C,digital divide refers to: the gap between individuals who have access to modern information technology and those who do not,Social Science,Society
Which statement correctly describes a watershed?,"a material or substance occurring in nature that can be used for economic gain, such as minerals, forests, or water","a mountain range along the western coast of India, recognised as a UNESCO World Heritage biodiversity hotspot","the southernmost latitude at which the Sun can appear directly overhead, at approximately 23.5°S","an area of land where all the water drains to a common outlet, such as a river or lake",D,"By definition, a watershed is: an area of land where all the water drains to a common outlet, such as a river or lake",Social Science,Geography
"Which term matches this description: ""the value of the next best alternative that is given up when a choice is made""?",the Consumer Protection Act,foreign direct investment (FDI),a five-year plan,the concept of opportunity cost,D,The description matches the concept of opportunity cost: the value of the next best alternative that is given up when a choice is made,Social Science,Economics
Which statement correctly describes foreign direct investment (FDI)?,"the sector involving the provision of services, such as banking, education, and healthcare",investment made by a company or individual in one country into business interests located in another country,a marketplace where shares of publicly listed companies are bought and sold,a general and sustained increase in the price level of goods and services in an economy over time,B,"By definition, foreign direct investment (FDI) is: investment made by a company or individual in one country into business interests located in another country",Social Science,Economics
"Fill in the blank: ______ refers to ""the chief legal advisor to the Government of India"".",intellectual property rights,Question Hour,the Attorney General of India,the term 'devolution of power',C,the Attorney General of India refers to: the chief legal advisor to the Government of India,Social Science,Civics
What is the concept of separation of powers?,the central agency responsible for recruiting officers for India's civil services,"the lower house of India's Parliament, whose members are directly elected by the people","an introductory statement outlining the guiding principles of the Constitution, including justice, liberty, equality, and fraternity",the division of government responsibilities into distinct branches to prevent concentration of power,D,the concept of separation of powers is: the division of government responsibilities into distinct branches to prevent concentration of power,Social Science,Civics
"Fill in the blank: ______ refers to ""the northernmost latitude at which the Sun can appear directly overhead, at approximately 23.5°N"".",the Tropic of Cancer,soil erosion,the term 'exclave',an archipelago,A,"the Tropic of Cancer refers to: the northernmost latitude at which the Sun can appear directly overhead, at approximately 23.5°N",Social Science,Geography
Which statement correctly describes the Green Revolution's impact?,an international organisation that regulates and facilitates trade between nations,a constitutional body that recommends how tax revenue should be distributed between the central and state governments,an economic system in which decisions about production and pricing are guided by supply and demand,"significantly increased agricultural productivity in India through high-yield seeds, irrigation, and fertilisers",D,"By definition, the Green Revolution's impact is: significantly increased agricultural productivity in India through high-yield seeds, irrigation, and fertilisers",Social Science,Economics
What is biosphere reserves?,"an area of land saturated with water, either permanently or seasonally, supporting unique plant and animal life","the southernmost latitude at which the Sun can appear directly overhead, at approximately 23.5°S",protected areas established to conserve biodiversity while promoting sustainable development,"an opening in the Earth's crust through which molten rock, ash, and gases can escape",C,biosphere reserves is: protected areas established to conserve biodiversity while promoting sustainable development,Social Science,Geography
"Which term matches this description: ""a large arid region in northwestern India and southeastern Pakistan""?",a cyclone,the Thar Desert,a monsoon,land degradation,B,The description matches the Thar Desert: a large arid region in northwestern India and southeastern Pakistan,Social Science,Geography
What is a delta?,"the increasing movement of people from rural to urban areas, leading to the growth of cities",the process of planting trees in an area where there was previously no forest,"a large plateau in southern India, bordered by the Western and Eastern Ghats",a landform created by the deposition of sediment at the mouth of a river as it enters a larger body of water,D,a delta is: a landform created by the deposition of sediment at the mouth of a river as it enters a larger body of water,Social Science,Geography
Assam is located in which region of India?,Northeast India,West India,North India,Central India,A,Assam is located in Northeast India.,Social Science,Indian Geography
"Fill in the blank: ______ refers to ""a bill dealing specifically with financial matters like taxation and government spending, which in India can only originate in the Lok Sabha"".",the term 'coup d'état',the term 'money bill',the Supreme Court of India,an ordinance,B,"the term 'money bill' refers to: a bill dealing specifically with financial matters like taxation and government spending, which in India can only originate in the Lok Sabha",Social Science,Civics
"Fill in the blank: ______ refers to ""a town located at a higher elevation, often popular as a retreat from heat in warmer regions"".",weather,soil erosion,remote sensing,a hill station,D,"a hill station refers to: a town located at a higher elevation, often popular as a retreat from heat in warmer regions",Social Science,Geography
Which statement correctly describes the Prime Minister of India?,the manipulation of electoral district boundaries to favour a particular political party or group,the branch of government responsible for enforcing laws and administering government policy,"the head of government of India, typically the leader of the majority party in the Lok Sabha",an official of a political party responsible for ensuring party members attend and vote according to the party line,C,"By definition, the Prime Minister of India is: the head of government of India, typically the leader of the majority party in the Lok Sabha",Social Science,Civics
"Fill in the blank: ______ refers to ""a material or substance occurring in nature that can be used for economic gain, such as minerals, forests, or water"".",the tundra biome,urbanisation,a natural resource,a hill station,C,"a natural resource refers to: a material or substance occurring in nature that can be used for economic gain, such as minerals, forests, or water",Social Science,Geography
"Which term matches this description: ""significantly increased agricultural productivity in India through high-yield seeds, irrigation, and fertilisers""?",microfinance,barter system,the Green Revolution's impact,SEZ (Special Economic Zone),C,"The description matches the Green Revolution's impact: significantly increased agricultural productivity in India through high-yield seeds, irrigation, and fertilisers",Social Science,Economics
"Which term matches this description: ""the principle of separation between religion and the state, ensuring the state does not favour any particular religion""?",the anti-defection law,federalism,secularism,a municipal corporation,C,"The description matches secularism: the principle of separation between religion and the state, ensuring the state does not favour any particular religion",Social Science,Civics
"Fill in the blank: ______ refers to ""a nationwide sanitation and cleanliness campaign launched by the Government of India in 2014"".",sustainable development,the Swachh Bharat Abhiyan,the poverty line,an NGO (Non-Governmental Organisation),B,the Swachh Bharat Abhiyan refers to: a nationwide sanitation and cleanliness campaign launched by the Government of India in 2014,Social Science,Society
Which statement correctly describes a refugee?,an income threshold below which a person or household is considered to be living in poverty,"basic rights and freedoms that belong to every person, regardless of nationality or other status",development that meets present needs without compromising the ability of future generations to meet their own needs,"a person who has fled their country due to war, persecution, or natural disaster and seeks safety elsewhere",D,"By definition, a refugee is: a person who has fled their country due to war, persecution, or natural disaster and seeks safety elsewhere",Social Science,Society
"Fill in the blank: ______ refers to ""the increasing movement of people from rural to urban areas, leading to the growth of cities"".",a delta,urbanisation,plate tectonics,a plateau,B,"urbanisation refers to: the increasing movement of people from rural to urban areas, leading to the growth of cities",Social Science,Geography
What is a wetland?,"a mountain range in Asia that separates the Indian subcontinent from the Tibetan Plateau, home to Mount Everest",imaginary vertical lines on Earth's surface used to measure distance east or west of the Prime Meridian,"an area of land saturated with water, either permanently or seasonally, supporting unique plant and animal life","a biome characterised by extremely cold temperatures and low-growing vegetation, found in Arctic and alpine regions",C,"a wetland is: an area of land saturated with water, either permanently or seasonally, supporting unique plant and animal life",Social Science,Geography
"Which term matches this description: ""the sector involving the provision of services, such as banking, education, and healthcare""?",microfinance,barter system,unemployment,the tertiary sector of the economy,D,"The description matches the tertiary sector of the economy: the sector involving the provision of services, such as banking, education, and healthcare",Social Science,Economics
What is indirect tax?,a deliberate downward adjustment of a country's currency value relative to other currencies,investment made by a company or individual in one country into business interests located in another country,an ancient system of trade involving the direct exchange of goods and services without using money,"a tax collected by an intermediary from the person who bears the ultimate economic burden, such as GST",D,"indirect tax is: a tax collected by an intermediary from the person who bears the ultimate economic burden, such as GST",Social Science,Economics
Which statement correctly describes a by-election?,an election held to fill a political office that has become vacant between general elections,the central agency responsible for recruiting officers for India's civil services,the fundamental set of principles or established precedents according to which a state is governed,an independent constitutional authority responsible for auditing government accounts in India,A,"By definition, a by-election is: an election held to fill a political office that has become vacant between general elections",Social Science,Civics
"Which term matches this description: ""the gap between individuals who have access to modern information technology and those who do not""?",civil society,digital divide,reservation policy in India,women's suffrage,B,The description matches digital divide: the gap between individuals who have access to modern information technology and those who do not,Social Science,Society
"Fill in the blank: ______ refers to ""a deliberate downward adjustment of a country's currency value relative to other currencies"".",subsidies,the World Trade Organization (WTO),the informal sector of the economy,currency devaluation,D,currency devaluation refers to: a deliberate downward adjustment of a country's currency value relative to other currencies,Social Science,Economics
"Fill in the blank: ______ refers to ""policies aimed at redistributing agricultural land and abolishing intermediary landlordism after independence"".",consumer rights,NITI Aayog,a cooperative society,land reforms in India,D,land reforms in India refers to: policies aimed at redistributing agricultural land and abolishing intermediary landlordism after independence,Social Science,Economics
What is population density?,"an area of land where all the water drains to a common outlet, such as a river or lake","the number of people living per unit area of land, such as per square kilometre","a protected area of land set aside for conservation and recreational use, managed by the government",lines on a topographic map that connect points of equal elevation,B,"population density is: the number of people living per unit area of land, such as per square kilometre",Social Science,Geography
What is land degradation?,"an opening in the Earth's crust through which molten rock, ash, and gases can escape","a system designed to capture, store, analyse, and present spatial or geographic data",the decline in the quality or productivity of land due to human activities or natural processes,"a biome characterised by extremely cold temperatures and low-growing vegetation, found in Arctic and alpine regions",C,land degradation is: the decline in the quality or productivity of land due to human activities or natural processes,Social Science,Geography
Which statement correctly describes a natural vegetation zone?,the science and practice of drawing maps,"a mountain range along the western coast of India, recognised as a UNESCO World Heritage biodiversity hotspot",a region characterised by specific types of plant life determined by climate and soil conditions,the process of planting trees in an area where there was previously no forest,C,"By definition, a natural vegetation zone is: a region characterised by specific types of plant life determined by climate and soil conditions",Social Science,Geography
Which statement correctly describes a Panchayati Raj institution?,"a system of government in which power is vested in the people, typically exercised through elected representatives",an organisation that seeks to gain political power by contesting elections and forming government,the power of courts to examine and invalidate laws or government actions that are unconstitutional,"a system of local self-government in rural India, operating at village, block, and district levels",D,"By definition, a Panchayati Raj institution is: a system of local self-government in rural India, operating at village, block, and district levels",Social Science,Civics
What is inflation?,a general and sustained increase in the price level of goods and services in an economy over time,legal rights granted to protect buyers of goods and services from unfair practices,the economic growth potential that results from a shift in a population's age structure toward a larger working-age population,an international organisation that regulates and facilitates trade between nations,A,inflation is: a general and sustained increase in the price level of goods and services in an economy over time,Social Science,Economics
"Fill in the blank: ______ refers to ""an organisation that seeks to gain political power by contesting elections and forming government"".",a political party,judicial review,fundamental rights,the legislative branch,A,a political party refers to: an organisation that seeks to gain political power by contesting elections and forming government,Social Science,Civics
"Fill in the blank: ______ refers to ""moral obligations of citizens outlined in a constitution, such as respecting the national flag and protecting the environment"".",fundamental duties,the Lok Sabha,a constitution,the term 'zero hour',A,"fundamental duties refers to: moral obligations of citizens outlined in a constitution, such as respecting the national flag and protecting the environment",Social Science,Civics
"Fill in the blank: ______ refers to ""the lower house of India's Parliament, whose members are directly elected by the people"".",the Lok Sabha,the term 'money bill',a political party,the Rajya Sabha,A,"the Lok Sabha refers to: the lower house of India's Parliament, whose members are directly elected by the people",Social Science,Civics
Which statement correctly describes social mobility?,"a composite statistic used to rank countries based on life expectancy, education, and per capita income","the movement of people from one place to another, often for work, education, or safety","a person who has fled their country due to war, persecution, or natural disaster and seeks safety elsewhere",the ability of individuals or groups to move between different social or economic positions within a society,D,"By definition, social mobility is: the ability of individuals or groups to move between different social or economic positions within a society",Social Science,Society
Madhya Pradesh is located in which region of India?,Central India,East India,South India,North India,A,Madhya Pradesh is located in Central India.,Social Science,Indian Geography
"Which term matches this description: ""a direct vote by the electorate on a particular political question or proposed law""?",a unicameral legislature,the Supreme Court of India,a monarchy,a referendum,D,The description matches a referendum: a direct vote by the electorate on a particular political question or proposed law,Social Science,Civics
Which statement correctly describes the Gram Sabha?,"a village-level body consisting of all registered voters in a Panchayat area, forming the base of local self-government in India",a direct vote by the electorate on a particular political question or proposed law,"a system ensuring that no single branch of government becomes too powerful, through mutual oversight",the transfer of authority and responsibility from a central government to regional or local governments,A,"By definition, the Gram Sabha is: a village-level body consisting of all registered voters in a Panchayat area, forming the base of local self-government in India",Social Science,Civics
"Fill in the blank: ______ refers to ""a biome characterised by extremely cold temperatures and low-growing vegetation, found in Arctic and alpine regions"".",a tsunami,a map's scale,a biome,the tundra biome,D,"the tundra biome refers to: a biome characterised by extremely cold temperatures and low-growing vegetation, found in Arctic and alpine regions",Social Science,Geography
"Fill in the blank: ______ refers to ""the upper house of India's Parliament, representing the states and union territories"".",habeas corpus,the Rajya Sabha,a whip in politics,civil liberties,B,"the Rajya Sabha refers to: the upper house of India's Parliament, representing the states and union territories",Social Science,Civics
"Which term matches this description: ""an imaginary line around the middle of Earth, equidistant from the North and South Poles""?",a wetland,the ozone layer's location,a biome,the equator,D,"The description matches the equator: an imaginary line around the middle of Earth, equidistant from the North and South Poles",Social Science,Geography
Which statement correctly describes land reforms in India?,"a tax paid directly by an individual or organisation to the government, such as income tax",financial assistance provided by the government to reduce the cost of goods or services for consumers or producers,the process of reducing government restrictions and control over economic activities,policies aimed at redistributing agricultural land and abolishing intermediary landlordism after independence,D,"By definition, land reforms in India is: policies aimed at redistributing agricultural land and abolishing intermediary landlordism after independence",Social Science,Economics
What is a Panchayati Raj institution?,"a public declaration of a political party's policies and intentions, usually released before an election","the head of government of India, typically the leader of the majority party in the Lok Sabha","a legal action initiated in a court to protect public interest, often filed by individuals or organisations rather than affected parties","a system of local self-government in rural India, operating at village, block, and district levels",D,"a Panchayati Raj institution is: a system of local self-government in rural India, operating at village, block, and district levels",Social Science,Civics
What is macroeconomics?,"as inflation rises, the same amount of money buys fewer goods and services over time",financial assistance provided by the government to reduce the cost of goods or services for consumers or producers,"the branch of economics that studies the economy as a whole, including national income, inflation, and unemployment","a method of economic planning involving setting targets over a five-year period, historically used in India",C,"macroeconomics is: the branch of economics that studies the economy as a whole, including national income, inflation, and unemployment",Social Science,Economics
"Which term matches this description: ""a legislative body with only one chamber or house""?",a pressure group,a referendum,a unicameral legislature,fundamental duties,C,The description matches a unicameral legislature: a legislative body with only one chamber or house,Social Science,Civics
"Fill in the blank: ______ refers to ""the total monetary value of all goods and services produced within a country in a given period"".",direct tax,Gross Domestic Product (GDP),the primary sector of the economy,deflation,B,Gross Domestic Product (GDP) refers to: the total monetary value of all goods and services produced within a country in a given period,Social Science,Economics
"Fill in the blank: ______ refers to ""an election held to fill a political office that has become vacant between general elections"".",the anti-defection law,a by-election,the Supreme Court of India,Question Hour,B,a by-election refers to: an election held to fill a political office that has become vacant between general elections,Social Science,Civics
"Which term matches this description: ""the process by which the government sells its stake in public sector enterprises, partially or fully""?",a five-year plan,consumer rights,disinvestment,barter system,C,"The description matches disinvestment: the process by which the government sells its stake in public sector enterprises, partially or fully",Social Science,Economics
"Fill in the blank: ______ refers to ""legal rights that protect creations of the mind, such as inventions, literary works, and trademarks"".",intellectual property rights,the Rajya Sabha,directive principles of state policy,federalism,A,"intellectual property rights refers to: legal rights that protect creations of the mind, such as inventions, literary works, and trademarks",Social Science,Civics
"Which term matches this description: ""a sudden event caused by natural processes, such as an earthquake, flood, or cyclone, causing significant damage""?",a tsunami,the Thar Desert,a natural resource,a natural disaster,D,"The description matches a natural disaster: a sudden event caused by natural processes, such as an earthquake, flood, or cyclone, causing significant damage",Social Science,Geography
Which major river flows through Egypt/Africa and is called the 'Nile'?,Nile,Sutlej,Tigris,Rhine,A,The Nile is a major river of Egypt/Africa.,Social Science,Rivers of the World
Which statement correctly describes the tertiary sector of the economy?,"India's central banking institution, responsible for regulating the money supply and banking sector","the sector involving the provision of services, such as banking, education, and healthcare",the economic growth potential that results from a shift in a population's age structure toward a larger working-age population,policies aimed at redistributing agricultural land and abolishing intermediary landlordism after independence,B,"By definition, the tertiary sector of the economy is: the sector involving the provision of services, such as banking, education, and healthcare",Social Science,Economics
What is the term 'devolution of power'?,"governance by elected bodies at the village, town, or district level, closer to the people",the transfer of authority and responsibility from a central government to regional or local governments,an official of a political party responsible for ensuring party members attend and vote according to the party line,"the lower house of India's Parliament, whose members are directly elected by the people",B,the term 'devolution of power' is: the transfer of authority and responsibility from a central government to regional or local governments,Social Science,Civics
"Which term matches this description: ""an Indian government initiative aimed at improving the welfare and education of girl children""?",the Human Development Index (HDI),social mobility,social stratification,the Beti Bachao Beti Padhao scheme,D,The description matches the Beti Bachao Beti Padhao scheme: an Indian government initiative aimed at improving the welfare and education of girl children,Social Science,Society
Which statement correctly describes unemployment?,an economic system in which decisions about production and pricing are guided by supply and demand,an ancient system of trade involving the direct exchange of goods and services without using money,a situation where people who are willing and able to work cannot find employment,"a tax collected by an intermediary from the person who bears the ultimate economic burden, such as GST",C,"By definition, unemployment is: a situation where people who are willing and able to work cannot find employment",Social Science,Economics
What is a fiscal deficit?,the gap between a government's total expenditure and its total revenue (excluding borrowings) in a given year,"the average income earned per person in a given area, calculated by dividing total income by population",an international organisation that regulates and facilitates trade between nations,"economic activities that are not regulated or taxed by the government, often lacking formal contracts",A,a fiscal deficit is: the gap between a government's total expenditure and its total revenue (excluding borrowings) in a given year,Social Science,Economics
"Which term matches this description: ""an independent constitutional body responsible for administering elections in India""?",a writ,a municipal corporation,the Election Commission of India,the judiciary,C,The description matches the Election Commission of India: an independent constitutional body responsible for administering elections in India,Social Science,Civics
What is naturalisation?,"moral obligations of citizens outlined in a constitution, such as respecting the national flag and protecting the environment",a parliamentary motion testing whether the government still holds majority support in the legislature,the legal process by which a foreign national acquires citizenship of another country,an Indian law that allows citizens to request information from public authorities,C,naturalisation is: the legal process by which a foreign national acquires citizenship of another country,Social Science,Civics
Which statement correctly describes the term 'landlocked country'?,the decline in the quality or productivity of land due to human activities or natural processes,a country that does not have direct access to an ocean or sea coastline,"a sudden event caused by natural processes, such as an earthquake, flood, or cyclone, causing significant damage",a layer of the stratosphere containing high concentrations of ozone that absorbs most of the Sun's harmful UV radiation,B,"By definition, the term 'landlocked country' is: a country that does not have direct access to an ocean or sea coastline",Social Science,Geography
What is the capital of Madhya Pradesh?,Thiruvananthapuram,Bhopal,Bengaluru,Chandigarh,B,The capital of Madhya Pradesh is Bhopal.,Social Science,Indian States and Capitals
Which statement correctly describes the term 'gerrymandering'?,"the head of government of India, typically the leader of the majority party in the Lok Sabha","a formal written order issued by a court, such as habeas corpus, used to enforce rights",the manipulation of electoral district boundaries to favour a particular political party or group,a proposed law that must be passed by the legislature before it can become an act,C,"By definition, the term 'gerrymandering' is: the manipulation of electoral district boundaries to favour a particular political party or group",Social Science,Civics
Which statement correctly describes secularism?,a law in India that disqualifies elected members who defect from their political party,an organised group that seeks to influence public policy without seeking to hold political office themselves,a legislative body with only one chamber or house,"the principle of separation between religion and the state, ensuring the state does not favour any particular religion",D,"By definition, secularism is: the principle of separation between religion and the state, ensuring the state does not favour any particular religion",Social Science,Civics
The Indus river primarily flows through which country/region?,India/Pakistan,United States,Russia,Africa,A,The Indus flows primarily through India/Pakistan.,Social Science,Rivers of the World
Which statement correctly describes the term 'coup d'état'?,"the sudden, illegal seizure of power from a government, often by military force",a proposed law that must be passed by the legislature before it can become an act,"a group of voters who consistently support a particular political party or candidate, often along caste, religious, or regional lines",a law in India that disqualifies elected members who defect from their political party,A,"By definition, the term 'coup d'état' is: the sudden, illegal seizure of power from a government, often by military force",Social Science,Civics
"Fill in the blank: ______ refers to ""the imposition of direct military control over civilian functions, typically during emergencies"".",the Comptroller and Auditor General (CAG),the term 'vote bank',political manifesto,the term 'martial law',D,"the term 'martial law' refers to: the imposition of direct military control over civilian functions, typically during emergencies",Social Science,Civics
Which statement correctly describes a monsoon?,the process by which soil and rock are removed from the Earth's surface by natural forces like water and wind,a seasonal wind pattern that brings heavy rainfall to regions such as South Asia during certain months,"a system designed to capture, store, analyse, and present spatial or geographic data",a layer of the stratosphere containing high concentrations of ozone that absorbs most of the Sun's harmful UV radiation,B,"By definition, a monsoon is: a seasonal wind pattern that brings heavy rainfall to regions such as South Asia during certain months",Social Science,Geography
"Which term matches this description: ""the status of being a legally recognised member of a country, entailing rights and responsibilities""?",naturalisation,the concept of citizenship,the Right to Information (RTI) Act,the term 'no-confidence motion',B,"The description matches the concept of citizenship: the status of being a legally recognised member of a country, entailing rights and responsibilities",Social Science,Civics
"Fill in the blank: ______ refers to ""water held underground in the soil or in pores and crevices in rock"".",groundwater,the Deccan Plateau,a watershed,a natural disaster,A,groundwater refers to: water held underground in the soil or in pores and crevices in rock,Social Science,Geography
"Fill in the blank: ______ refers to ""protected areas established to conserve biodiversity while promoting sustainable development"".",biosphere reserves,desertification,a plateau,afforestation,A,biosphere reserves refers to: protected areas established to conserve biodiversity while promoting sustainable development,Social Science,Geography
What is the secondary sector of the economy?,the quantity of a good or service that producers are willing and able to offer for sale at a given price,policies aimed at redistributing agricultural land and abolishing intermediary landlordism after independence,the sector involving manufacturing and processing of raw materials into finished goods,a situation where a country's imports exceed its exports in value,C,the secondary sector of the economy is: the sector involving manufacturing and processing of raw materials into finished goods,Social Science,Economics
What is political manifesto?,"a public declaration of a political party's policies and intentions, usually released before an election","a period in Indian parliamentary proceedings, immediately after Question Hour, when members can raise urgent matters",an independent constitutional body responsible for administering elections in India,the principle that all individuals and institutions are subject to and accountable under the law,A,"political manifesto is: a public declaration of a political party's policies and intentions, usually released before an election",Social Science,Civics
What is an archipelago?,"the line of 0° longitude, from which east and west are measured, passing through Greenwich, England",a group or chain of islands,"an area of land saturated with water, either permanently or seasonally, supporting unique plant and animal life",a layer of the stratosphere containing high concentrations of ozone that absorbs most of the Sun's harmful UV radiation,B,an archipelago is: a group or chain of islands,Social Science,Geography
The Yamuna river primarily flows through which country/region?,Africa,Middle East,India,Europe,C,The Yamuna flows primarily through India.,Social Science,Rivers of the World
"Fill in the blank: ______ refers to ""a direct vote by citizens on a significant political question, such as territorial or constitutional changes"".",a constitution,the term 'plebiscite',a whip in politics,the term 'gerrymandering',B,"the term 'plebiscite' refers to: a direct vote by citizens on a significant political question, such as territorial or constitutional changes",Social Science,Civics
Which statement correctly describes urbanisation?,"the increasing movement of people from rural to urban areas, leading to the growth of cities",a region characterised by specific types of plant life determined by climate and soil conditions,an area that receives little rainfall because it lies on the leeward side of a mountain range,the science and practice of drawing maps,A,"By definition, urbanisation is: the increasing movement of people from rural to urban areas, leading to the growth of cities",Social Science,Geography
Which statement correctly describes fundamental duties?,an electoral system in which parties gain seats in proportion to the number of votes they receive,an anti-corruption ombudsman institution in India that investigates complaints against public officials,"moral obligations of citizens outlined in a constitution, such as respecting the national flag and protecting the environment",a legal writ requiring a detained person to be brought before a court to determine if their detention is lawful,C,"By definition, fundamental duties is: moral obligations of citizens outlined in a constitution, such as respecting the national flag and protecting the environment",Social Science,Civics
"Which Indian state/union territory has its capital at Bengaluru, located in South India?",Manipur,Karnataka,Goa,Telangana,B,"Bengaluru, the capital of Karnataka, is located in South India.",Social Science,Indian States and Capitals
What is the poverty line?,a policy or perspective that promotes the coexistence of diverse cultures within a single society,the percentage of a population that can read and write,"a non-profit, voluntary organisation that operates independently of government, often addressing social issues",an income threshold below which a person or household is considered to be living in poverty,D,the poverty line is: an income threshold below which a person or household is considered to be living in poverty,Social Science,Society
"Fill in the blank: ______ refers to ""a sudden event caused by natural processes, such as an earthquake, flood, or cyclone, causing significant damage"".",a time zone,a natural disaster,a biome,the Prime Meridian,B,"a natural disaster refers to: a sudden event caused by natural processes, such as an earthquake, flood, or cyclone, causing significant damage",Social Science,Geography
Which major river flows through India and is called the 'Kaveri'?,Nile,Narmada,Kaveri,Murray,C,The Kaveri is a major river of India.,Social Science,Rivers of the World
"Which term matches this description: ""a form of government with a king or queen as head of state, either as a ceremonial figure or with substantial powers""?",the term 'money bill',the term 'plebiscite',the Attorney General of India,a monarchy,D,"The description matches a monarchy: a form of government with a king or queen as head of state, either as a ceremonial figure or with substantial powers",Social Science,Civics
What is a wildlife sanctuary?,a protected area established for the conservation of wildlife and their habitats,a group or chain of islands,an area that receives little rainfall because it lies on the leeward side of a mountain range,"a material or substance occurring in nature that can be used for economic gain, such as minerals, forests, or water",A,a wildlife sanctuary is: a protected area established for the conservation of wildlife and their habitats,Social Science,Geography
What is the capital of Bihar?,Mumbai,Patna,Dispur,Puducherry,B,The capital of Bihar is Patna.,Social Science,Indian States and Capitals
"Fill in the blank: ______ refers to ""a legal writ requiring a detained person to be brought before a court to determine if their detention is lawful"".",the term 'martial law',habeas corpus,directive principles of state policy,a unicameral legislature,B,habeas corpus refers to: a legal writ requiring a detained person to be brought before a court to determine if their detention is lawful,Social Science,Civics
Which statement correctly describes the Supreme Court of India?,the legal process by which a foreign national acquires citizenship of another country,a legal writ requiring a detained person to be brought before a court to determine if their detention is lawful,"the highest judicial authority in India, responsible for interpreting the Constitution and delivering final judgments","a public declaration of a political party's policies and intentions, usually released before an election",C,"By definition, the Supreme Court of India is: the highest judicial authority in India, responsible for interpreting the Constitution and delivering final judgments",Social Science,Civics
"Fill in the blank: ______ refers to ""a state in which supreme power is held by the people and their elected representatives, with an elected or nominated president"".",a republic,the legislative branch,judicial review,the term 'money bill',A,"a republic refers to: a state in which supreme power is held by the people and their elected representatives, with an elected or nominated president",Social Science,Civics
Which statement correctly describes longitude?,imaginary vertical lines on Earth's surface used to measure distance east or west of the Prime Meridian,the short-term state of the atmosphere at a particular place and time,the process by which soil and rock are removed from the Earth's surface by natural forces like water and wind,"a town located at a higher elevation, often popular as a retreat from heat in warmer regions",A,"By definition, longitude is: imaginary vertical lines on Earth's surface used to measure distance east or west of the Prime Meridian",Social Science,Geography
"Fill in the blank: ______ refers to ""the legal process by which a foreign national acquires citizenship of another country"".",the Comptroller and Auditor General (CAG),a by-election,a monarchy,naturalisation,D,naturalisation refers to: the legal process by which a foreign national acquires citizenship of another country,Social Science,Civics
Telangana is located in which region of India?,South India,East India,Northeast India,West India,A,Telangana is located in South India.,Social Science,Indian Geography
What is a bicameral legislature?,"fundamental individual rights protected by law from government interference, such as freedom of speech","a legislative body consisting of two separate chambers or houses, such as India's Parliament",a legislative body with only one chamber or house,"a law promulgated by the President or Governor when the legislature is not in session, subject to later approval",B,"a bicameral legislature is: a legislative body consisting of two separate chambers or houses, such as India's Parliament",Social Science,Civics
Which statement correctly describes the President of India?,"fundamental individual rights protected by law from government interference, such as freedom of speech",the power of courts to examine and invalidate laws or government actions that are unconstitutional,"a period in Indian parliamentary proceedings, immediately after Question Hour, when members can raise urgent matters","the ceremonial head of state of India, elected indirectly by an electoral college",D,"By definition, the President of India is: the ceremonial head of state of India, elected indirectly by an electoral college",Social Science,Civics
What is social justice?,"a composite statistic used to rank countries based on life expectancy, education, and per capita income",an Indian government initiative aimed at improving the welfare and education of girl children,an Indian law guaranteeing free and compulsory education to children aged 6 to 14,"the fair and just distribution of wealth, opportunities, and privileges within a society",D,"social justice is: the fair and just distribution of wealth, opportunities, and privileges within a society",Social Science,Society
Which statement correctly describes multiculturalism?,"a non-profit, voluntary organisation that operates independently of government, often addressing social issues",a nationwide sanitation and cleanliness campaign launched by the Government of India in 2014,policies aimed at improving opportunities for historically marginalised or underrepresented groups,a policy or perspective that promotes the coexistence of diverse cultures within a single society,D,"By definition, multiculturalism is: a policy or perspective that promotes the coexistence of diverse cultures within a single society",Social Science,Society
Which statement correctly describes public interest litigation (PIL)?,"a group of voters who consistently support a particular political party or candidate, often along caste, religious, or regional lines","the imposition of direct military control over civilian functions, typically during emergencies",an independent constitutional authority responsible for auditing government accounts in India,"a legal action initiated in a court to protect public interest, often filed by individuals or organisations rather than affected parties",D,"By definition, public interest litigation (PIL) is: a legal action initiated in a court to protect public interest, often filed by individuals or organisations rather than affected parties",Social Science,Civics
What is the Mid-Day Meal Scheme?,"the marriage of individuals below the legal age, which is prohibited by law in most countries including India",an Indian government programme providing free lunches to schoolchildren to improve nutrition and school attendance,"the fair and just distribution of wealth, opportunities, and privileges within a society","the hierarchical arrangement of individuals into social classes based on wealth, power, or status",B,the Mid-Day Meal Scheme is: an Indian government programme providing free lunches to schoolchildren to improve nutrition and school attendance,Social Science,Society
"Which term matches this description: ""a historical and still-practiced custom in parts of South Asia involving payment from a bride's family, now illegal in India""?",child labour,the dowry system,social mobility,civil society,B,"The description matches the dowry system: a historical and still-practiced custom in parts of South Asia involving payment from a bride's family, now illegal in India",Social Science,Society
Which statement correctly describes a delta?,a group or chain of islands,lines on a topographic map that connect points of equal elevation,a landform created by the deposition of sediment at the mouth of a river as it enters a larger body of water,an area that receives little rainfall because it lies on the leeward side of a mountain range,C,"By definition, a delta is: a landform created by the deposition of sediment at the mouth of a river as it enters a larger body of water",Social Science,Geography
"Fill in the blank: ______ refers to ""a formal written order issued by a court, such as habeas corpus, used to enforce rights"".",intellectual property rights,a political party,checks and balances,a writ,D,"a writ refers to: a formal written order issued by a court, such as habeas corpus, used to enforce rights",Social Science,Civics
"Which term matches this description: ""an official of a political party responsible for ensuring party members attend and vote according to the party line""?",a whip in politics,the first-past-the-post system,judicial review,a writ,A,The description matches a whip in politics: an official of a political party responsible for ensuring party members attend and vote according to the party line,Social Science,Civics
What is the Supreme Court of India?,"the highest judicial authority in India, responsible for interpreting the Constitution and delivering final judgments","the upper house of India's Parliament, representing the states and union territories","the lower house of India's Parliament, whose members are directly elected by the people","a form of government with a king or queen as head of state, either as a ceremonial figure or with substantial powers",A,"the Supreme Court of India is: the highest judicial authority in India, responsible for interpreting the Constitution and delivering final judgments",Social Science,Civics
"Which term matches this description: ""the sector involving manufacturing and processing of raw materials into finished goods""?",SEZ (Special Economic Zone),the secondary sector of the economy,unemployment,a free trade agreement,B,The description matches the secondary sector of the economy: the sector involving manufacturing and processing of raw materials into finished goods,Social Science,Economics
Which statement correctly describes liberalisation?,the process of reducing government restrictions and control over economic activities,the value of the next best alternative that is given up when a choice is made,"a method of economic planning involving setting targets over a five-year period, historically used in India",an economic system in which decisions about production and pricing are guided by supply and demand,A,"By definition, liberalisation is: the process of reducing government restrictions and control over economic activities",Social Science,Economics
"Which Indian state/union territory has its capital at Gandhinagar, located in West India?",Tamil Nadu,Jharkhand,Gujarat,Sikkim,C,"Gandhinagar, the capital of Gujarat, is located in West India.",Social Science,Indian States and Capitals
Which statement correctly describes Question Hour?,"the first hour of a parliamentary sitting, during which members ask questions to ministers about government policy","guidelines in the Indian Constitution intended to guide the government in creating a just society, though not legally enforceable",a direct vote by the electorate on a particular political question or proposed law,"a village-level body consisting of all registered voters in a Panchayat area, forming the base of local self-government in India",A,"By definition, Question Hour is: the first hour of a parliamentary sitting, during which members ask questions to ministers about government policy",Social Science,Civics
What is the World Trade Organization (WTO)?,an international organisation that regulates and facilitates trade between nations,the gap between a government's total expenditure and its total revenue (excluding borrowings) in a given year,"a nation with a lower standard of living, less industrial development, and lower income compared to developed nations",financial assistance provided by the government to reduce the cost of goods or services for consumers or producers,A,the World Trade Organization (WTO) is: an international organisation that regulates and facilitates trade between nations,Social Science,Economics
"Which term matches this description: ""a series of large ocean waves caused by underwater disturbances such as earthquakes or volcanic eruptions""?",coastal erosion,a tsunami,biosphere reserves,the tundra biome,B,The description matches a tsunami: a series of large ocean waves caused by underwater disturbances such as earthquakes or volcanic eruptions,Social Science,Geography
"Which term matches this description: ""financial assistance provided by the government to reduce the cost of goods or services for consumers or producers""?",subsidies,a free trade agreement,direct tax,the secondary sector of the economy,A,The description matches subsidies: financial assistance provided by the government to reduce the cost of goods or services for consumers or producers,Social Science,Economics
What is the capital of Maharashtra?,Gangtok,Puducherry,Bhubaneswar,Mumbai,D,The capital of Maharashtra is Mumbai.,Social Science,Indian States and Capitals
Which statement correctly describes supply in economics?,"a nation with a lower standard of living, less industrial development, and lower income compared to developed nations",the quantity of a good or service that producers are willing and able to offer for sale at a given price,a general and sustained increase in the price level of goods and services in an economy over time,a situation where a country's imports exceed its exports in value,B,"By definition, supply in economics is: the quantity of a good or service that producers are willing and able to offer for sale at a given price",Social Science,Economics
"Fill in the blank: ______ refers to ""the hierarchical arrangement of individuals into social classes based on wealth, power, or status"".",child labour,multiculturalism,social stratification,gender equality,C,"social stratification refers to: the hierarchical arrangement of individuals into social classes based on wealth, power, or status",Social Science,Society
What is local self-government?,the manipulation of electoral district boundaries to favour a particular political party or group,the legal process by which a foreign national acquires citizenship of another country,"an official appointed to investigate individuals' complaints against maladministration, especially in government institutions","governance by elected bodies at the village, town, or district level, closer to the people",D,"local self-government is: governance by elected bodies at the village, town, or district level, closer to the people",Social Science,Civics
"Which term matches this description: ""an area that receives little rainfall because it lies on the leeward side of a mountain range""?",a volcano,a rain shadow region,cartography,the Sundarbans,B,The description matches a rain shadow region: an area that receives little rainfall because it lies on the leeward side of a mountain range,Social Science,Geography
"Which Indian state/union territory has its capital at Shillong, located in Northeast India?",Meghalaya,Punjab,Karnataka,Haryana,A,"Shillong, the capital of Meghalaya, is located in Northeast India.",Social Science,Indian States and Capitals
Shillong is the capital of which Indian state/union territory?,Odisha,Tripura,Gujarat,Meghalaya,D,Shillong is the capital of Meghalaya.,Social Science,Indian States and Capitals
What is the tundra biome?,"a biome characterised by extremely cold temperatures and low-growing vegetation, found in Arctic and alpine regions",protected areas established to conserve biodiversity while promoting sustainable development,a country that does not have direct access to an ocean or sea coastline,an area that receives little rainfall because it lies on the leeward side of a mountain range,A,"the tundra biome is: a biome characterised by extremely cold temperatures and low-growing vegetation, found in Arctic and alpine regions",Social Science,Geography
Which major river flows through India and is called the 'Tapti'?,Tapti,Krishna,Colorado River,Brahmaputra,A,The Tapti is a major river of India.,Social Science,Rivers of the World
What is the Reserve Bank of India (RBI)?,"the sector involving extraction of raw materials, such as agriculture, fishing, and mining","India's central banking institution, responsible for regulating the money supply and banking sector",an organisation owned and operated by a group of individuals for their mutual benefit,"a tax collected by an intermediary from the person who bears the ultimate economic burden, such as GST",B,"the Reserve Bank of India (RBI) is: India's central banking institution, responsible for regulating the money supply and banking sector",Social Science,Economics
"Fill in the blank: ______ refers to ""the scientific theory describing the large-scale movement of Earth's lithospheric plates"".",a wildlife sanctuary,desertification,a cyclone,plate tectonics,D,plate tectonics refers to: the scientific theory describing the large-scale movement of Earth's lithospheric plates,Social Science,Geography
"Fill in the blank: ______ refers to ""guidelines in the Indian Constitution intended to guide the government in creating a just society, though not legally enforceable"".",local self-government,habeas corpus,the term 'gerrymandering',directive principles of state policy,D,"directive principles of state policy refers to: guidelines in the Indian Constitution intended to guide the government in creating a just society, though not legally enforceable",Social Science,Civics
Chandigarh is the capital of which Indian state/union territory?,Haryana,Andaman and Nicobar Islands,Gujarat,Goa,A,Chandigarh is the capital of Haryana.,Social Science,Indian States and Capitals
Which statement correctly describes migration in social terms?,"a non-profit, voluntary organisation that operates independently of government, often addressing social issues","the movement of people from one place to another, often for work, education, or safety","a historical social hierarchy in India that categorised people into groups, now legally abolished as a basis for discrimination","a historical and still-practiced custom in parts of South Asia involving payment from a bride's family, now illegal in India",B,"By definition, migration in social terms is: the movement of people from one place to another, often for work, education, or safety",Social Science,Society
Which statement correctly describes coastal erosion?,a layer of the stratosphere containing high concentrations of ozone that absorbs most of the Sun's harmful UV radiation,the long-term average weather conditions of a particular region,"an elevated area of relatively flat land, higher than the surrounding land","the wearing away of land along a coastline due to the action of waves, currents, and tides",D,"By definition, coastal erosion is: the wearing away of land along a coastline due to the action of waves, currents, and tides",Social Science,Geography
"Fill in the blank: ______ refers to ""an imaginary line on Earth roughly following the 180° meridian, marking the change of calendar day"".",remote sensing,weathering,the International Date Line,the Deccan Plateau,C,"the International Date Line refers to: an imaginary line on Earth roughly following the 180° meridian, marking the change of calendar day",Social Science,Geography
Which statement correctly describes the Comptroller and Auditor General (CAG)?,"a legislative body consisting of two separate chambers or houses, such as India's Parliament",a legislative body with only one chamber or house,"basic rights guaranteed to citizens by a country's constitution, such as freedom of speech and equality before the law",an independent constitutional authority responsible for auditing government accounts in India,D,"By definition, the Comptroller and Auditor General (CAG) is: an independent constitutional authority responsible for auditing government accounts in India",Social Science,Civics
Which statement correctly describes the Reserve Bank of India (RBI)?,a general decrease in the price level of goods and services in an economy,"India's central banking institution, responsible for regulating the money supply and banking sector",a marketplace where shares of publicly listed companies are bought and sold,"the process of increasing interconnectedness and interdependence among countries through trade, investment, and communication",B,"By definition, the Reserve Bank of India (RBI) is: India's central banking institution, responsible for regulating the money supply and banking sector",Social Science,Economics
"Fill in the blank: ______ refers to ""the marriage of individuals below the legal age, which is prohibited by law in most countries including India"".",literacy rate,child marriage,a UNESCO World Heritage Site,the caste system,B,"child marriage refers to: the marriage of individuals below the legal age, which is prohibited by law in most countries including India",Social Science,Society
Which statement correctly describes a natural resource?,a country that does not have direct access to an ocean or sea coastline,"a grassland biome with scattered trees, typically found in tropical and subtropical regions with a dry season","a material or substance occurring in nature that can be used for economic gain, such as minerals, forests, or water","an opening in the Earth's crust through which molten rock, ash, and gases can escape",C,"By definition, a natural resource is: a material or substance occurring in nature that can be used for economic gain, such as minerals, forests, or water",Social Science,Geography
"Fill in the blank: ______ refers to ""a public declaration of a political party's policies and intentions, usually released before an election"".",political manifesto,a unicameral legislature,the term 'ombudsman',directive principles of state policy,A,"political manifesto refers to: a public declaration of a political party's policies and intentions, usually released before an election",Social Science,Civics
Which major river flows through India and is called the 'Godavari'?,Rhine,Godavari,Brahmaputra,Narmada,B,The Godavari is a major river of India.,Social Science,Rivers of the World
Odisha is located in which region of India?,Northeast India,Central India,North India,East India,D,Odisha is located in East India.,Social Science,Indian Geography
"Which Indian state/union territory has its capital at Shimla, located in North India?",Arunachal Pradesh,Puducherry,Punjab,Himachal Pradesh,D,"Shimla, the capital of Himachal Pradesh, is located in North India.",Social Science,Indian States and Capitals
What is secular education?,the ability of individuals or groups to move between different social or economic positions within a society,policies aimed at improving opportunities for historically marginalised or underrepresented groups,the employment of children in work that deprives them of their childhood and is harmful to their development,"education that is free from religious instruction or bias, promoting equal treatment of all faiths",D,"secular education is: education that is free from religious instruction or bias, promoting equal treatment of all faiths",Social Science,Society
"Which term matches this description: ""a large-scale rotating storm system, known as a hurricane in the Atlantic and typhoon in the Pacific""?",a cyclone,a GIS (Geographic Information System),the International Date Line,a delta,A,"The description matches a cyclone: a large-scale rotating storm system, known as a hurricane in the Atlantic and typhoon in the Pacific",Social Science,Geography
"Which term matches this description: ""the legal process by which a foreign national acquires citizenship of another country""?",naturalisation,the legislative branch,fundamental rights,the Attorney General of India,A,The description matches naturalisation: the legal process by which a foreign national acquires citizenship of another country,Social Science,Civics
Which statement correctly describes currency devaluation?,a deliberate downward adjustment of a country's currency value relative to other currencies,the economic growth potential that results from a shift in a population's age structure toward a larger working-age population,"a method of economic planning involving setting targets over a five-year period, historically used in India",a designated area within a country that offers different economic regulations to encourage investment and exports,A,"By definition, currency devaluation is: a deliberate downward adjustment of a country's currency value relative to other currencies",Social Science,Economics
"Fill in the blank: ______ refers to ""a region of the globe that observes a uniform standard time for legal, commercial, and social purposes"".",an estuary,climate,a time zone,an archipelago,C,"a time zone refers to: a region of the globe that observes a uniform standard time for legal, commercial, and social purposes",Social Science,Geography
The Zambezi river primarily flows through which country/region?,Africa,Australia,Russia,South America,A,The Zambezi flows primarily through Africa.,Social Science,Rivers of the World
"Which term matches this description: ""an electoral system in which the candidate with the most votes in a constituency wins, used in India's Lok Sabha elections""?",the Lok Sabha,a monarchy,the term 'coup d'état',the first-past-the-post system,D,"The description matches the first-past-the-post system: an electoral system in which the candidate with the most votes in a constituency wins, used in India's Lok Sabha elections",Social Science,Civics
Which statement correctly describes child marriage?,"a family unit consisting of two parents and their children, living separately from extended relatives",an Indian law guaranteeing free and compulsory education to children aged 6 to 14,"a person who has fled their country due to war, persecution, or natural disaster and seeks safety elsewhere","the marriage of individuals below the legal age, which is prohibited by law in most countries including India",D,"By definition, child marriage is: the marriage of individuals below the legal age, which is prohibited by law in most countries including India",Social Science,Society
What is the capital of Tripura?,Agartala,Bengaluru,Shillong,Puducherry,A,The capital of Tripura is Agartala.,Social Science,Indian States and Capitals
"Which term matches this description: ""a nationwide sanitation and cleanliness campaign launched by the Government of India in 2014""?",cultural diversity,gender equality,human rights,the Swachh Bharat Abhiyan,D,The description matches the Swachh Bharat Abhiyan: a nationwide sanitation and cleanliness campaign launched by the Government of India in 2014,Social Science,Society
What is the term 'ombudsman'?,"the head of government of India, typically the leader of the majority party in the Lok Sabha",the central agency responsible for recruiting officers for India's civil services,"an official appointed to investigate individuals' complaints against maladministration, especially in government institutions","a formal written order issued by a court, such as habeas corpus, used to enforce rights",C,"the term 'ombudsman' is: an official appointed to investigate individuals' complaints against maladministration, especially in government institutions",Social Science,Civics
"Which term matches this description: ""the hierarchical arrangement of individuals into social classes based on wealth, power, or status""?",the Mid-Day Meal Scheme,child labour,a UNESCO World Heritage Site,social stratification,D,"The description matches social stratification: the hierarchical arrangement of individuals into social classes based on wealth, power, or status",Social Science,Society
"Fill in the blank: ______ refers to ""the sector involving the provision of services, such as banking, education, and healthcare"".",microeconomics,the tertiary sector of the economy,microfinance,the Finance Commission of India,B,"the tertiary sector of the economy refers to: the sector involving the provision of services, such as banking, education, and healthcare",Social Science,Economics
"Which Indian state/union territory has its capital at Ranchi, located in East India?",Jharkhand,Rajasthan,Meghalaya,Tamil Nadu,A,"Ranchi, the capital of Jharkhand, is located in East India.",Social Science,Indian States and Capitals
Which statement correctly describes reservation policy in India?,"the fair and just distribution of wealth, opportunities, and privileges within a society","a system providing representation for historically disadvantaged groups in education, employment, and legislatures","basic rights and freedoms that belong to every person, regardless of nationality or other status","a composite statistic used to rank countries based on life expectancy, education, and per capita income",B,"By definition, reservation policy in India is: a system providing representation for historically disadvantaged groups in education, employment, and legislatures",Social Science,Society
What is universal adult suffrage?,"a formal written order issued by a court, such as habeas corpus, used to enforce rights",an anti-corruption ombudsman institution in India that investigates complaints against public officials,"the right of all adult citizens to vote, regardless of gender, race, or social status","the ceremonial head of state of India, elected indirectly by an electoral college",C,"universal adult suffrage is: the right of all adult citizens to vote, regardless of gender, race, or social status",Social Science,Civics
Which major river flows through United States and is called the 'Mississippi'?,Colorado River,Congo,Mississippi,Godavari,C,The Mississippi is a major river of United States.,Social Science,Rivers of the World
What is the term 'developing country'?,an ancient system of trade involving the direct exchange of goods and services without using money,an economic system in which decisions about production and pricing are guided by supply and demand,"a nation with a lower standard of living, less industrial development, and lower income compared to developed nations",the quantity of a good or service that producers are willing and able to offer for sale at a given price,C,"the term 'developing country' is: a nation with a lower standard of living, less industrial development, and lower income compared to developed nations",Social Science,Economics
Which statement correctly describes secular education?,densely populated urban areas characterised by substandard housing and poor living conditions,an Indian government programme providing free lunches to schoolchildren to improve nutrition and school attendance,"education that is free from religious instruction or bias, promoting equal treatment of all faiths","a historical social hierarchy in India that categorised people into groups, now legally abolished as a basis for discrimination",C,"By definition, secular education is: education that is free from religious instruction or bias, promoting equal treatment of all faiths",Social Science,Society
Which statement correctly describes the Union Public Service Commission (UPSC)?,the central agency responsible for recruiting officers for India's civil services,"a bill dealing specifically with financial matters like taxation and government spending, which in India can only originate in the Lok Sabha","the lower house of India's Parliament, whose members are directly elected by the people","the imposition of direct military control over civilian functions, typically during emergencies",A,"By definition, the Union Public Service Commission (UPSC) is: the central agency responsible for recruiting officers for India's civil services",Social Science,Civics
Which statement correctly describes child labour?,the employment of children in work that deprives them of their childhood and is harmful to their development,"a non-profit, voluntary organisation that operates independently of government, often addressing social issues","the fair and just distribution of wealth, opportunities, and privileges within a society",the existence of a variety of cultural or ethnic groups within a society,A,"By definition, child labour is: the employment of children in work that deprives them of their childhood and is harmful to their development",Social Science,Society
What is an ordinance?,"a formal written order issued by a court, such as habeas corpus, used to enforce rights","the first hour of a parliamentary sitting, during which members ask questions to ministers about government policy","a law promulgated by the President or Governor when the legislature is not in session, subject to later approval","the sudden, illegal seizure of power from a government, often by military force",C,"an ordinance is: a law promulgated by the President or Governor when the legislature is not in session, subject to later approval",Social Science,Civics
Which statement correctly describes the executive branch?,the branch of government responsible for enforcing laws and administering government policy,"the sudden, illegal seizure of power from a government, often by military force","the upper house of India's Parliament, representing the states and union territories","basic rights guaranteed to citizens by a country's constitution, such as freedom of speech and equality before the law",A,"By definition, the executive branch is: the branch of government responsible for enforcing laws and administering government policy",Social Science,Civics
The Narmada river primarily flows through which country/region?,Egypt/Africa,South America,Southeast Asia,India,D,The Narmada flows primarily through India.,Social Science,Rivers of the World
The Rhine river primarily flows through which country/region?,Middle East,India,Europe,Southeast Asia,C,The Rhine flows primarily through Europe.,Social Science,Rivers of the World
"Fill in the blank: ______ refers to ""the long-term average weather conditions of a particular region"".",climate,a wetland,the tundra biome,afforestation,A,climate refers to: the long-term average weather conditions of a particular region,Social Science,Geography
"Fill in the blank: ______ refers to ""a series of large ocean waves caused by underwater disturbances such as earthquakes or volcanic eruptions"".",a national park,a volcano,the tundra biome,a tsunami,D,a tsunami refers to: a series of large ocean waves caused by underwater disturbances such as earthquakes or volcanic eruptions,Social Science,Geography
What is a plateau?,"the wearing away of the topsoil layer, often due to water, wind, or human activity","a material or substance occurring in nature that can be used for economic gain, such as minerals, forests, or water","a grassland biome with scattered trees, typically found in tropical and subtropical regions with a dry season","an elevated area of relatively flat land, higher than the surrounding land",D,"a plateau is: an elevated area of relatively flat land, higher than the surrounding land",Social Science,Geography
Puducherry is the capital of which Indian state/union territory?,Puducherry,Madhya Pradesh,Uttarakhand,Kerala,A,Puducherry is the capital of Puducherry.,Social Science,Indian States and Capitals
Which statement correctly describes the Rajya Sabha?,the manipulation of electoral district boundaries to favour a particular political party or group,the principle that all individuals and institutions are subject to and accountable under the law,"a law promulgated by the President or Governor when the legislature is not in session, subject to later approval","the upper house of India's Parliament, representing the states and union territories",D,"By definition, the Rajya Sabha is: the upper house of India's Parliament, representing the states and union territories",Social Science,Civics
"Which Indian state/union territory has its capital at Itanagar, located in Northeast India?",Arunachal Pradesh,Tripura,Rajasthan,Sikkim,A,"Itanagar, the capital of Arunachal Pradesh, is located in Northeast India.",Social Science,Indian States and Capitals
What is a natural resource?,"a material or substance occurring in nature that can be used for economic gain, such as minerals, forests, or water","the wearing away of land along a coastline due to the action of waves, currents, and tides","the breaking down of rocks, soil, and minerals through contact with the Earth's atmosphere, water, and biological organisms","a mountain range along the western coast of India, recognised as a UNESCO World Heritage biodiversity hotspot",A,"a natural resource is: a material or substance occurring in nature that can be used for economic gain, such as minerals, forests, or water",Social Science,Geography
The Thames river primarily flows through which country/region?,Egypt/Africa,England,Europe,United States,B,The Thames flows primarily through England.,Social Science,Rivers of the World
What is the judiciary?,the branch of government responsible for interpreting and applying the law through courts,"the right of all adult citizens to vote, regardless of gender, race, or social status",the central agency responsible for recruiting officers for India's civil services,an electoral system in which parties gain seats in proportion to the number of votes they receive,A,the judiciary is: the branch of government responsible for interpreting and applying the law through courts,Social Science,Civics
What is the stock market?,legal rights granted to protect buyers of goods and services from unfair practices,financial assistance provided by the government to reduce the cost of goods or services for consumers or producers,the process of transferring ownership of businesses or industries from the government to private entities,a marketplace where shares of publicly listed companies are bought and sold,D,the stock market is: a marketplace where shares of publicly listed companies are bought and sold,Social Science,Economics
Which statement correctly describes the stock market?,a situation where people who are willing and able to work cannot find employment,a marketplace where shares of publicly listed companies are bought and sold,the total monetary value of all goods and services produced within a country in a given period,the value of the next best alternative that is given up when a choice is made,B,"By definition, the stock market is: a marketplace where shares of publicly listed companies are bought and sold",Social Science,Economics
"Fill in the blank: ______ refers to ""the process of planting trees in an area where there was previously no forest"".",weather,afforestation,a map's scale,climate,B,afforestation refers to: the process of planting trees in an area where there was previously no forest,Social Science,Geography
"Which term matches this description: ""an Indian government programme providing free lunches to schoolchildren to improve nutrition and school attendance""?",the Mid-Day Meal Scheme,secular education,migration in social terms,child labour,A,The description matches the Mid-Day Meal Scheme: an Indian government programme providing free lunches to schoolchildren to improve nutrition and school attendance,Social Science,Society
"Fill in the blank: ______ refers to ""the wearing away of the topsoil layer, often due to water, wind, or human activity"".",soil erosion,a map's scale,a natural disaster,a tsunami,A,"soil erosion refers to: the wearing away of the topsoil layer, often due to water, wind, or human activity",Social Science,Geography
"Which term matches this description: ""the process of collecting information about the Earth's surface using satellites or aircraft without direct contact""?",the Himalayas,a delta,the equator,remote sensing,D,The description matches remote sensing: the process of collecting information about the Earth's surface using satellites or aircraft without direct contact,Social Science,Geography
What is a UNESCO World Heritage Site?,a policy or perspective that promotes the coexistence of diverse cultures within a single society,"a landmark or area with legal protection under an international convention, recognised for cultural or natural significance",the collection of non-governmental organisations and institutions that represent citizens' interests and voluntary participation,"a person who has fled their country due to war, persecution, or natural disaster and seeks safety elsewhere",B,"a UNESCO World Heritage Site is: a landmark or area with legal protection under an international convention, recognised for cultural or natural significance",Social Science,Society
Which statement correctly describes the World Trade Organization (WTO)?,a general decrease in the price level of goods and services in an economy,"a method of economic planning involving setting targets over a five-year period, historically used in India","the process of increasing interconnectedness and interdependence among countries through trade, investment, and communication",an international organisation that regulates and facilitates trade between nations,D,"By definition, the World Trade Organization (WTO) is: an international organisation that regulates and facilitates trade between nations",Social Science,Economics
"Which term matches this description: ""protected areas established to conserve biodiversity while promoting sustainable development""?",biosphere reserves,remote sensing,the Tropic of Capricorn,a watershed,A,The description matches biosphere reserves: protected areas established to conserve biodiversity while promoting sustainable development,Social Science,Geography
What is the Lok Sabha?,"a formal written order issued by a court, such as habeas corpus, used to enforce rights",the transfer of authority and responsibility from a central government to regional or local governments,"a law promulgated by the President or Governor when the legislature is not in session, subject to later approval","the lower house of India's Parliament, whose members are directly elected by the people",D,"the Lok Sabha is: the lower house of India's Parliament, whose members are directly elected by the people",Social Science,Civics
"Which term matches this description: ""a piece of land almost surrounded by water, connected to the mainland on one side""?",remote sensing,a peninsula,weathering,a wetland,B,"The description matches a peninsula: a piece of land almost surrounded by water, connected to the mainland on one side",Social Science,Geography
"Fill in the blank: ______ refers to ""the sudden, illegal seizure of power from a government, often by military force"".",the term 'coup d'état',the Election Commission of India,the term 'money bill',a bill in the legislative process,A,"the term 'coup d'état' refers to: the sudden, illegal seizure of power from a government, often by military force",Social Science,Civics
"Fill in the blank: ______ refers to ""a historical and still-practiced custom in parts of South Asia involving payment from a bride's family, now illegal in India"".",the Swachh Bharat Abhiyan,sustainable development,the dowry system,civil society,C,"the dowry system refers to: a historical and still-practiced custom in parts of South Asia involving payment from a bride's family, now illegal in India",Social Science,Society
Which statement correctly describes a monarchy?,"a form of government with a king or queen as head of state, either as a ceremonial figure or with substantial powers","the upper house of India's Parliament, representing the states and union territories",an independent constitutional authority responsible for auditing government accounts in India,an independent constitutional body responsible for administering elections in India,A,"By definition, a monarchy is: a form of government with a king or queen as head of state, either as a ceremonial figure or with substantial powers",Social Science,Civics
What is the Himalayas?,a series of large ocean waves caused by underwater disturbances such as earthquakes or volcanic eruptions,"the southernmost latitude at which the Sun can appear directly overhead, at approximately 23.5°S","a mountain range in Asia that separates the Indian subcontinent from the Tibetan Plateau, home to Mount Everest",lines on a topographic map that connect points of equal elevation,C,"the Himalayas is: a mountain range in Asia that separates the Indian subcontinent from the Tibetan Plateau, home to Mount Everest",Social Science,Geography
"Which Indian state/union territory has its capital at Raipur, located in Central India?",Chhattisgarh,Mizoram,Tripura,Telangana,A,"Raipur, the capital of Chhattisgarh, is located in Central India.",Social Science,Indian States and Capitals
Bengaluru is the capital of which Indian state/union territory?,Kerala,Himachal Pradesh,Karnataka,Maharashtra,C,Bengaluru is the capital of Karnataka.,Social Science,Indian States and Capitals
Which statement correctly describes a trade deficit?,a situation where a country's imports exceed its exports in value,"the average income earned per person in a given area, calculated by dividing total income by population",the process by which a government collects money from individuals and businesses to fund public services,"the process by which the government sells its stake in public sector enterprises, partially or fully",A,"By definition, a trade deficit is: a situation where a country's imports exceed its exports in value",Social Science,Economics
What is microfinance?,a situation where people who are willing and able to work cannot find employment,a constitutional body that recommends how tax revenue should be distributed between the central and state governments,the provision of small loans and financial services to individuals who lack access to traditional banking,an international organisation that regulates and facilitates trade between nations,C,microfinance is: the provision of small loans and financial services to individuals who lack access to traditional banking,Social Science,Economics
"Which term matches this description: ""a village-level body consisting of all registered voters in a Panchayat area, forming the base of local self-government in India""?",the anti-defection law,the Gram Sabha,the Election Commission of India,the judiciary,B,"The description matches the Gram Sabha: a village-level body consisting of all registered voters in a Panchayat area, forming the base of local self-government in India",Social Science,Civics
What is the capital of Kerala?,Bhubaneswar,Gandhinagar,Imphal,Thiruvananthapuram,D,The capital of Kerala is Thiruvananthapuram.,Social Science,Indian States and Capitals
"Which term matches this description: ""a situation where a country's imports exceed its exports in value""?",demand in economics,liberalisation,microfinance,a trade deficit,D,The description matches a trade deficit: a situation where a country's imports exceed its exports in value,Social Science,Economics
What is the Ring of Fire?,"an area of land where all the water drains to a common outlet, such as a river or lake",lines on a topographic map that connect points of equal elevation,"an imaginary line around the middle of Earth, equidistant from the North and South Poles",a horseshoe-shaped zone around the Pacific Ocean known for frequent earthquakes and volcanic activity,D,the Ring of Fire is: a horseshoe-shaped zone around the Pacific Ocean known for frequent earthquakes and volcanic activity,Social Science,Geography
Which statement correctly describes the Goods and Services Tax (GST)?,"India's central banking institution, responsible for regulating the money supply and banking sector",a designated area within a country that offers different economic regulations to encourage investment and exports,policies aimed at redistributing agricultural land and abolishing intermediary landlordism after independence,a comprehensive indirect tax levied on the supply of goods and services in India,D,"By definition, the Goods and Services Tax (GST) is: a comprehensive indirect tax levied on the supply of goods and services in India",Social Science,Economics
"Fill in the blank: ______ refers to ""the short-term state of the atmosphere at a particular place and time"".",weather,a rain shadow region,an archipelago,biosphere reserves,A,weather refers to: the short-term state of the atmosphere at a particular place and time,Social Science,Geography
What is demand in economics?,an ancient system of trade involving the direct exchange of goods and services without using money,a comprehensive indirect tax levied on the supply of goods and services in India,the quantity of a good or service that consumers are willing and able to purchase at a given price,a deliberate downward adjustment of a country's currency value relative to other currencies,C,demand in economics is: the quantity of a good or service that consumers are willing and able to purchase at a given price,Social Science,Economics
"Fill in the blank: ______ refers to ""the principle of separation between religion and the state, ensuring the state does not favour any particular religion"".",the President of India,checks and balances,a unicameral legislature,secularism,D,"secularism refers to: the principle of separation between religion and the state, ensuring the state does not favour any particular religion",Social Science,Civics
The Sutlej river primarily flows through which country/region?,Middle East,South America,India/Pakistan,Australia,C,The Sutlej flows primarily through India/Pakistan.,Social Science,Rivers of the World
Which statement correctly describes Gross Domestic Product (GDP)?,Indian legislation designed to protect the interests of consumers against unfair trade practices,the total monetary value of all goods and services produced within a country in a given period,"India's central banking institution, responsible for regulating the money supply and banking sector","the sector involving extraction of raw materials, such as agriculture, fishing, and mining",B,"By definition, Gross Domestic Product (GDP) is: the total monetary value of all goods and services produced within a country in a given period",Social Science,Economics
What is a national park?,"a region of the globe that observes a uniform standard time for legal, commercial, and social purposes","a protected area of land set aside for conservation and recreational use, managed by the government",protected areas established to conserve biodiversity while promoting sustainable development,an area that receives little rainfall because it lies on the leeward side of a mountain range,B,"a national park is: a protected area of land set aside for conservation and recreational use, managed by the government",Social Science,Geography
"Fill in the blank: ______ refers to ""the process of increasing interconnectedness and interdependence among countries through trade, investment, and communication"".",globalisation,a market economy,the tertiary sector of the economy,microfinance,A,"globalisation refers to: the process of increasing interconnectedness and interdependence among countries through trade, investment, and communication",Social Science,Economics
Which statement correctly describes the term 'devolution of power'?,the transfer of authority and responsibility from a central government to regional or local governments,"the principle of separation between religion and the state, ensuring the state does not favour any particular religion","a legislative body consisting of two separate chambers or houses, such as India's Parliament",the central agency responsible for recruiting officers for India's civil services,A,"By definition, the term 'devolution of power' is: the transfer of authority and responsibility from a central government to regional or local governments",Social Science,Civics
"Fill in the blank: ______ refers to ""the branch of government responsible for making laws"".",the term 'ombudsman',the term 'plebiscite',the legislative branch,the concept of separation of powers,C,the legislative branch refers to: the branch of government responsible for making laws,Social Science,Civics
"Fill in the blank: ______ refers to ""the fundamental set of principles or established precedents according to which a state is governed"".",Question Hour,a constitution,a bill in the legislative process,a Panchayati Raj institution,B,a constitution refers to: the fundamental set of principles or established precedents according to which a state is governed,Social Science,Civics
Which statement correctly describes affirmative action?,"the marriage of individuals below the legal age, which is prohibited by law in most countries including India",a nationwide sanitation and cleanliness campaign launched by the Government of India in 2014,policies aimed at improving opportunities for historically marginalised or underrepresented groups,an Indian government programme providing free lunches to schoolchildren to improve nutrition and school attendance,C,"By definition, affirmative action is: policies aimed at improving opportunities for historically marginalised or underrepresented groups",Social Science,Society
"Which term matches this description: ""India's central banking institution, responsible for regulating the money supply and banking sector""?",unemployment,deflation,the Reserve Bank of India (RBI),the concept of opportunity cost,C,"The description matches the Reserve Bank of India (RBI): India's central banking institution, responsible for regulating the money supply and banking sector",Social Science,Economics
What is a free trade agreement?,financial assistance provided by the government to reduce the cost of goods or services for consumers or producers,an agreement between two or more countries to reduce or eliminate trade barriers such as tariffs,the total monetary value of all goods and services produced within a country in a given period,"a nation with a lower standard of living, less industrial development, and lower income compared to developed nations",B,a free trade agreement is: an agreement between two or more countries to reduce or eliminate trade barriers such as tariffs,Social Science,Economics
"Which term matches this description: ""a portion of a country's territory that is geographically separated from the main part by surrounding foreign territory""?",urbanisation,the term 'exclave',a peninsula,the Tropic of Cancer,B,The description matches the term 'exclave': a portion of a country's territory that is geographically separated from the main part by surrounding foreign territory,Social Science,Geography
Which statement correctly describes local self-government?,the legal process by which a foreign national acquires citizenship of another country,"governance by elected bodies at the village, town, or district level, closer to the people","the right of all adult citizens to vote, regardless of gender, race, or social status","an introductory statement outlining the guiding principles of the Constitution, including justice, liberty, equality, and fraternity",B,"By definition, local self-government is: governance by elected bodies at the village, town, or district level, closer to the people",Social Science,Civics
Which statement correctly describes the Consumer Protection Act?,"the process by which the government sells its stake in public sector enterprises, partially or fully",Indian legislation designed to protect the interests of consumers against unfair trade practices,"the sector involving the provision of services, such as banking, education, and healthcare",investment made by a company or individual in one country into business interests located in another country,B,"By definition, the Consumer Protection Act is: Indian legislation designed to protect the interests of consumers against unfair trade practices",Social Science,Economics
"Fill in the blank: ______ refers to ""the percentage of a population that can read and write"".",the Swachh Bharat Abhiyan,migration in social terms,literacy rate,a refugee,C,literacy rate refers to: the percentage of a population that can read and write,Social Science,Society
"Fill in the blank: ______ refers to ""a legislative body with only one chamber or house"".",local self-government,civic sense,an ordinance,a unicameral legislature,D,a unicameral legislature refers to: a legislative body with only one chamber or house,Social Science,Civics
What is the Rajya Sabha?,the branch of government responsible for making laws,"a direct vote by citizens on a significant political question, such as territorial or constitutional changes","the principle of separation between religion and the state, ensuring the state does not favour any particular religion","the upper house of India's Parliament, representing the states and union territories",D,"the Rajya Sabha is: the upper house of India's Parliament, representing the states and union territories",Social Science,Civics
"Which term matches this description: ""imaginary horizontal lines on Earth's surface used to measure distance north or south of the equator""?",the tundra biome,a rain shadow region,latitude,an estuary,C,The description matches latitude: imaginary horizontal lines on Earth's surface used to measure distance north or south of the equator,Social Science,Geography
What is checks and balances?,the branch of government responsible for making laws,"a system ensuring that no single branch of government becomes too powerful, through mutual oversight","the highest judicial authority in India, responsible for interpreting the Constitution and delivering final judgments",the transfer of authority and responsibility from a central government to regional or local governments,B,"checks and balances is: a system ensuring that no single branch of government becomes too powerful, through mutual oversight",Social Science,Civics
"Which term matches this description: ""a region of the globe that observes a uniform standard time for legal, commercial, and social purposes""?",a time zone,an earthquake,soil erosion,a natural disaster,A,"The description matches a time zone: a region of the globe that observes a uniform standard time for legal, commercial, and social purposes",Social Science,Geography
"Fill in the blank: ______ refers to ""a large naturally occurring community of flora and fauna adapted to a specific climate, such as a rainforest or tundra"".",a biome,coastal erosion,plate tectonics,weathering,A,"a biome refers to: a large naturally occurring community of flora and fauna adapted to a specific climate, such as a rainforest or tundra",Social Science,Geography
"Which term matches this description: ""a composite statistic used to rank countries based on life expectancy, education, and per capita income""?",social stratification,sustainable development,the Human Development Index (HDI),affirmative action,C,"The description matches the Human Development Index (HDI): a composite statistic used to rank countries based on life expectancy, education, and per capita income",Social Science,Society
"Which term matches this description: ""the line of 0° longitude, from which east and west are measured, passing through Greenwich, England""?",cartography,remote sensing,the Prime Meridian,a map's scale,C,"The description matches the Prime Meridian: the line of 0° longitude, from which east and west are measured, passing through Greenwich, England",Social Science,Geography
"Which term matches this description: ""an ancient system of trade involving the direct exchange of goods and services without using money""?",a five-year plan,barter system,the concept of opportunity cost,inflation,B,The description matches barter system: an ancient system of trade involving the direct exchange of goods and services without using money,Social Science,Economics
"Fill in the blank: ______ refers to ""a parliamentary motion testing whether the government still holds majority support in the legislature"".",a monarchy,the term 'no-confidence motion',the executive branch,the Comptroller and Auditor General (CAG),B,the term 'no-confidence motion' refers to: a parliamentary motion testing whether the government still holds majority support in the legislature,Social Science,Civics
What is the legislative branch?,"moral obligations of citizens outlined in a constitution, such as respecting the national flag and protecting the environment","a group of voters who consistently support a particular political party or candidate, often along caste, religious, or regional lines",the branch of government responsible for making laws,"the lower house of India's Parliament, whose members are directly elected by the people",C,the legislative branch is: the branch of government responsible for making laws,Social Science,Civics
Hyderabad is the capital of which Indian state/union territory?,Jharkhand,Telangana,Rajasthan,Tripura,B,Hyderabad is the capital of Telangana.,Social Science,Indian States and Capitals
"Fill in the blank: ______ refers to ""a region characterised by specific types of plant life determined by climate and soil conditions"".",a natural vegetation zone,afforestation,an earthquake,a volcano,A,a natural vegetation zone refers to: a region characterised by specific types of plant life determined by climate and soil conditions,Social Science,Geography
"Which Indian state/union territory has its capital at Imphal, located in Northeast India?",Tripura,Ladakh,Manipur,Andaman and Nicobar Islands,C,"Imphal, the capital of Manipur, is located in Northeast India.",Social Science,Indian States and Capitals
"Fill in the blank: ______ refers to ""the branch of government responsible for enforcing laws and administering government policy"".",a pressure group,the executive branch,fundamental rights,the term 'no-confidence motion',B,the executive branch refers to: the branch of government responsible for enforcing laws and administering government policy,Social Science,Civics
"Fill in the blank: ______ refers to ""the employment of children in work that deprives them of their childhood and is harmful to their development"".",gender equality,child labour,digital divide,an NGO (Non-Governmental Organisation),B,child labour refers to: the employment of children in work that deprives them of their childhood and is harmful to their development,Social Science,Society
Himachal Pradesh is located in which region of India?,Central India,North India,Northeast India,East India,B,Himachal Pradesh is located in North India.,Social Science,Indian Geography
"Fill in the blank: ______ refers to ""the power of courts to examine and invalidate laws or government actions that are unconstitutional"".",a Panchayati Raj institution,judicial review,a unicameral legislature,Question Hour,B,judicial review refers to: the power of courts to examine and invalidate laws or government actions that are unconstitutional,Social Science,Civics
"Fill in the blank: ______ refers to ""the sector involving manufacturing and processing of raw materials into finished goods"".",the secondary sector of the economy,the primary sector of the economy,the term 'demographic dividend',cooperative farming,A,the secondary sector of the economy refers to: the sector involving manufacturing and processing of raw materials into finished goods,Social Science,Economics
"Fill in the blank: ______ refers to ""a sudden shaking of the ground caused by movements within the Earth's crust, often along fault lines"".",plate tectonics,a volcano,weather,an earthquake,D,"an earthquake refers to: a sudden shaking of the ground caused by movements within the Earth's crust, often along fault lines",Social Science,Geography
"Fill in the blank: ______ refers to ""a law in India that disqualifies elected members who defect from their political party"".",a unicameral legislature,the anti-defection law,naturalisation,a municipal corporation,B,the anti-defection law refers to: a law in India that disqualifies elected members who defect from their political party,Social Science,Civics
Ladakh is located in which region of India?,Central India,East India,West India,North India,D,Ladakh is located in North India.,Social Science,Indian Geography
What is the term 'zero hour'?,an independent constitutional body responsible for administering elections in India,"the sudden, illegal seizure of power from a government, often by military force","a government formed by two or more political parties working together, typically when no single party has a majority","a period in Indian parliamentary proceedings, immediately after Question Hour, when members can raise urgent matters",D,"the term 'zero hour' is: a period in Indian parliamentary proceedings, immediately after Question Hour, when members can raise urgent matters",Social Science,Civics
"Which Indian state/union territory has its capital at Kohima, located in Northeast India?",Chandigarh,Nagaland,Uttarakhand,Mizoram,B,"Kohima, the capital of Nagaland, is located in Northeast India.",Social Science,Indian States and Capitals
What is the term 'landlocked country'?,a country that does not have direct access to an ocean or sea coastline,"a biome characterised by extremely cold temperatures and low-growing vegetation, found in Arctic and alpine regions","a protected area of land set aside for conservation and recreational use, managed by the government","the wearing away of the topsoil layer, often due to water, wind, or human activity",A,the term 'landlocked country' is: a country that does not have direct access to an ocean or sea coastline,Social Science,Geography
Which statement correctly describes sustainable development?,"the fair and just distribution of wealth, opportunities, and privileges within a society","a non-profit, voluntary organisation that operates independently of government, often addressing social issues","the hierarchical arrangement of individuals into social classes based on wealth, power, or status",development that meets present needs without compromising the ability of future generations to meet their own needs,D,"By definition, sustainable development is: development that meets present needs without compromising the ability of future generations to meet their own needs",Social Science,Society
"Fill in the blank: ______ refers to ""a seasonal wind pattern that brings heavy rainfall to regions such as South Asia during certain months"".",the Western Ghats,a natural disaster,the International Date Line,a monsoon,D,a monsoon refers to: a seasonal wind pattern that brings heavy rainfall to regions such as South Asia during certain months,Social Science,Geography
"Which term matches this description: ""imaginary vertical lines on Earth's surface used to measure distance east or west of the Prime Meridian""?",longitude,the Thar Desert,an earthquake,the Tropic of Cancer,A,The description matches longitude: imaginary vertical lines on Earth's surface used to measure distance east or west of the Prime Meridian,Social Science,Geography
"Which term matches this description: ""a landmark or area with legal protection under an international convention, recognised for cultural or natural significance""?",migration in social terms,the Swachh Bharat Abhiyan,a refugee,a UNESCO World Heritage Site,D,"The description matches a UNESCO World Heritage Site: a landmark or area with legal protection under an international convention, recognised for cultural or natural significance",Social Science,Society
Which statement correctly describes the Prime Meridian?,"the line of 0° longitude, from which east and west are measured, passing through Greenwich, England",a layer of the stratosphere containing high concentrations of ozone that absorbs most of the Sun's harmful UV radiation,a country that does not have direct access to an ocean or sea coastline,a horseshoe-shaped zone around the Pacific Ocean known for frequent earthquakes and volcanic activity,A,"By definition, the Prime Meridian is: the line of 0° longitude, from which east and west are measured, passing through Greenwich, England",Social Science,Geography
Which statement correctly describes the International Date Line?,"a material or substance occurring in nature that can be used for economic gain, such as minerals, forests, or water",a series of large ocean waves caused by underwater disturbances such as earthquakes or volcanic eruptions,"an imaginary line on Earth roughly following the 180° meridian, marking the change of calendar day",a layer of the stratosphere containing high concentrations of ozone that absorbs most of the Sun's harmful UV radiation,C,"By definition, the International Date Line is: an imaginary line on Earth roughly following the 180° meridian, marking the change of calendar day",Social Science,Geography
Which statement correctly describes the secondary sector of the economy?,"India's central banking institution, responsible for regulating the money supply and banking sector",an international organisation that regulates and facilitates trade between nations,the sector involving manufacturing and processing of raw materials into finished goods,a general and sustained increase in the price level of goods and services in an economy over time,C,"By definition, the secondary sector of the economy is: the sector involving manufacturing and processing of raw materials into finished goods",Social Science,Economics
Which statement correctly describes a coalition government?,a direct vote by the electorate on a particular political question or proposed law,"the head of government of India, typically the leader of the majority party in the Lok Sabha","the highest judicial authority in India, responsible for interpreting the Constitution and delivering final judgments","a government formed by two or more political parties working together, typically when no single party has a majority",D,"By definition, a coalition government is: a government formed by two or more political parties working together, typically when no single party has a majority",Social Science,Civics
"Which term matches this description: ""a biome characterised by extremely cold temperatures and low-growing vegetation, found in Arctic and alpine regions""?",the tundra biome,the Tropic of Cancer,afforestation,an earthquake,A,"The description matches the tundra biome: a biome characterised by extremely cold temperatures and low-growing vegetation, found in Arctic and alpine regions",Social Science,Geography
"Which term matches this description: ""the short-term state of the atmosphere at a particular place and time""?",a delta,the Prime Meridian,weather,plate tectonics,C,The description matches weather: the short-term state of the atmosphere at a particular place and time,Social Science,Geography
Which statement correctly describes the dowry system?,"the hierarchical arrangement of individuals into social classes based on wealth, power, or status","a landmark or area with legal protection under an international convention, recognised for cultural or natural significance","a historical and still-practiced custom in parts of South Asia involving payment from a bride's family, now illegal in India",the collection of non-governmental organisations and institutions that represent citizens' interests and voluntary participation,C,"By definition, the dowry system is: a historical and still-practiced custom in parts of South Asia involving payment from a bride's family, now illegal in India",Social Science,Society
"Fill in the blank: ______ refers to ""the breaking down of rocks, soil, and minerals through contact with the Earth's atmosphere, water, and biological organisms"".",weathering,a biome,biosphere reserves,a cyclone,A,"weathering refers to: the breaking down of rocks, soil, and minerals through contact with the Earth's atmosphere, water, and biological organisms",Social Science,Geography
Which statement correctly describes the term 'money bill'?,"the highest judicial authority in India, responsible for interpreting the Constitution and delivering final judgments","a bill dealing specifically with financial matters like taxation and government spending, which in India can only originate in the Lok Sabha","a group of voters who consistently support a particular political party or candidate, often along caste, religious, or regional lines",an organised group that seeks to influence public policy without seeking to hold political office themselves,B,"By definition, the term 'money bill' is: a bill dealing specifically with financial matters like taxation and government spending, which in India can only originate in the Lok Sabha",Social Science,Civics
What is a map's scale?,the ratio between distance on a map and the corresponding actual distance on the ground,"the northernmost latitude at which the Sun can appear directly overhead, at approximately 23.5°N","a sudden event caused by natural processes, such as an earthquake, flood, or cyclone, causing significant damage","an elevated area of relatively flat land, higher than the surrounding land",A,a map's scale is: the ratio between distance on a map and the corresponding actual distance on the ground,Social Science,Geography
"Which term matches this description: ""a state in which supreme power is held by the people and their elected representatives, with an elected or nominated president""?",the term 'martial law',a republic,a coalition government,the Gram Sabha,B,"The description matches a republic: a state in which supreme power is held by the people and their elected representatives, with an elected or nominated president",Social Science,Civics
Which major river flows through India/Pakistan and is called the 'Indus'?,Indus,Colorado River,Sutlej,Murray,A,The Indus is a major river of India/Pakistan.,Social Science,Rivers of the World
"Fill in the blank: ______ refers to ""a mountain range along the western coast of India, recognised as a UNESCO World Heritage biodiversity hotspot"".",the Tropic of Capricorn,the tundra biome,a time zone,the Western Ghats,D,"the Western Ghats refers to: a mountain range along the western coast of India, recognised as a UNESCO World Heritage biodiversity hotspot",Social Science,Geography
What is contour lines on a map?,lines on a topographic map that connect points of equal elevation,the long-term average weather conditions of a particular region,"the increasing movement of people from rural to urban areas, leading to the growth of cities","a large-scale rotating storm system, known as a hurricane in the Atlantic and typhoon in the Pacific",A,contour lines on a map is: lines on a topographic map that connect points of equal elevation,Social Science,Geography
"Fill in the blank: ______ refers to ""significantly increased agricultural productivity in India through high-yield seeds, irrigation, and fertilisers"".",direct tax,the term 'demographic dividend',foreign direct investment (FDI),the Green Revolution's impact,D,"the Green Revolution's impact refers to: significantly increased agricultural productivity in India through high-yield seeds, irrigation, and fertilisers",Social Science,Economics
Which statement correctly describes demand in economics?,"significantly increased agricultural productivity in India through high-yield seeds, irrigation, and fertilisers",an agreement between two or more countries to reduce or eliminate trade barriers such as tariffs,a general and sustained increase in the price level of goods and services in an economy over time,the quantity of a good or service that consumers are willing and able to purchase at a given price,D,"By definition, demand in economics is: the quantity of a good or service that consumers are willing and able to purchase at a given price",Social Science,Economics
Which statement correctly describes cartography?,a seasonal wind pattern that brings heavy rainfall to regions such as South Asia during certain months,"a large plateau in southern India, bordered by the Western and Eastern Ghats","an imaginary line around the middle of Earth, equidistant from the North and South Poles",the science and practice of drawing maps,D,"By definition, cartography is: the science and practice of drawing maps",Social Science,Geography
"Fill in the blank: ______ refers to ""a system of local self-government in rural India, operating at village, block, and district levels"".",the term 'devolution of power',a Panchayati Raj institution,a pressure group,the term 'coup d'état',B,"a Panchayati Raj institution refers to: a system of local self-government in rural India, operating at village, block, and district levels",Social Science,Civics
"Fill in the blank: ______ refers to ""a traditional family structure in South Asia where multiple generations live together under one household"".",the caste system,the Swachh Bharat Abhiyan,secular education,a joint family system,D,a joint family system refers to: a traditional family structure in South Asia where multiple generations live together under one household,Social Science,Society
"Fill in the blank: ______ refers to ""an economic system that combines elements of both market and planned economies"".",public distribution system (PDS),globalisation,subsidies,a mixed economy,D,a mixed economy refers to: an economic system that combines elements of both market and planned economies,Social Science,Economics
What is the term 'demographic dividend'?,a situation where a country's imports exceed its exports in value,the economic growth potential that results from a shift in a population's age structure toward a larger working-age population,an economic system in which decisions about production and pricing are guided by supply and demand,a marketplace where shares of publicly listed companies are bought and sold,B,the term 'demographic dividend' is: the economic growth potential that results from a shift in a population's age structure toward a larger working-age population,Social Science,Economics
"Which term matches this description: ""the ability of individuals or groups to move between different social or economic positions within a society""?",child labour,women's suffrage,affirmative action,social mobility,D,The description matches social mobility: the ability of individuals or groups to move between different social or economic positions within a society,Social Science,Society
"Which term matches this description: ""a nation with a lower standard of living, less industrial development, and lower income compared to developed nations""?",the Reserve Bank of India (RBI),the term 'developing country',the stock market,indirect tax,B,"The description matches the term 'developing country': a nation with a lower standard of living, less industrial development, and lower income compared to developed nations",Social Science,Economics
Which statement correctly describes inflation?,"a method of economic planning involving setting targets over a five-year period, historically used in India",a situation where a country's imports exceed its exports in value,"the sector involving the provision of services, such as banking, education, and healthcare",a general and sustained increase in the price level of goods and services in an economy over time,D,"By definition, inflation is: a general and sustained increase in the price level of goods and services in an economy over time",Social Science,Economics
"Fill in the blank: ______ refers to ""a large plateau in southern India, bordered by the Western and Eastern Ghats"".",the term 'landlocked country',the Deccan Plateau,coastal erosion,a GIS (Geographic Information System),B,"the Deccan Plateau refers to: a large plateau in southern India, bordered by the Western and Eastern Ghats",Social Science,Geography
Which statement correctly describes the legislative branch?,the legal process by which a foreign national acquires citizenship of another country,an election held to fill a political office that has become vacant between general elections,the branch of government responsible for making laws,"the ceremonial head of state of India, elected indirectly by an electoral college",C,"By definition, the legislative branch is: the branch of government responsible for making laws",Social Science,Civics
Rajasthan is located in which region of India?,West India,Central India,Northeast India,North India,D,Rajasthan is located in North India.,Social Science,Indian Geography
Maharashtra is located in which region of India?,Central India,South India,West India,North India,C,Maharashtra is located in West India.,Social Science,Indian Geography
"Fill in the blank: ______ refers to ""an agreement between two or more countries to reduce or eliminate trade barriers such as tariffs"".",a mixed economy,a free trade agreement,barter system,disinvestment,B,a free trade agreement refers to: an agreement between two or more countries to reduce or eliminate trade barriers such as tariffs,Social Science,Economics
"Which term matches this description: ""an individual's awareness of and responsibility toward maintaining public order, cleanliness, and community welfare""?",the term 'ombudsman',civic sense,the concept of citizenship,a unicameral legislature,B,"The description matches civic sense: an individual's awareness of and responsibility toward maintaining public order, cleanliness, and community welfare",Social Science,Civics
What is barter system?,"a tax paid directly by an individual or organisation to the government, such as income tax",an ancient system of trade involving the direct exchange of goods and services without using money,"the sector involving extraction of raw materials, such as agriculture, fishing, and mining",the process by which a government collects money from individuals and businesses to fund public services,B,barter system is: an ancient system of trade involving the direct exchange of goods and services without using money,Social Science,Economics
Which statement correctly describes groundwater?,"a large naturally occurring community of flora and fauna adapted to a specific climate, such as a rainforest or tundra",a horseshoe-shaped zone around the Pacific Ocean known for frequent earthquakes and volcanic activity,"the area where a river meets the sea, where freshwater and saltwater mix",water held underground in the soil or in pores and crevices in rock,D,"By definition, groundwater is: water held underground in the soil or in pores and crevices in rock",Social Science,Geography
"Which term matches this description: ""Indian legislation designed to protect the interests of consumers against unfair trade practices""?",currency devaluation,a mixed economy,inflation,the Consumer Protection Act,D,The description matches the Consumer Protection Act: Indian legislation designed to protect the interests of consumers against unfair trade practices,Social Science,Economics
What is the Swachh Bharat Abhiyan?,a nationwide sanitation and cleanliness campaign launched by the Government of India in 2014,"the right of women to vote in elections, achieved at different times in different countries","a system providing representation for historically disadvantaged groups in education, employment, and legislatures",a traditional family structure in South Asia where multiple generations live together under one household,A,the Swachh Bharat Abhiyan is: a nationwide sanitation and cleanliness campaign launched by the Government of India in 2014,Social Science,Society
What is a biome?,"the number of people living per unit area of land, such as per square kilometre",the process of planting trees in an area where there was previously no forest,"a large naturally occurring community of flora and fauna adapted to a specific climate, such as a rainforest or tundra","the increasing movement of people from rural to urban areas, leading to the growth of cities",C,"a biome is: a large naturally occurring community of flora and fauna adapted to a specific climate, such as a rainforest or tundra",Social Science,Geography
"Which term matches this description: ""fundamental individual rights protected by law from government interference, such as freedom of speech""?",civil liberties,the term 'no-confidence motion',the Election Commission of India,the executive branch,A,"The description matches civil liberties: fundamental individual rights protected by law from government interference, such as freedom of speech",Social Science,Civics
"Fill in the blank: ______ refers to ""the southernmost latitude at which the Sun can appear directly overhead, at approximately 23.5°S"".",population density,the Tropic of Capricorn,the Western Ghats,the ozone layer's location,B,"the Tropic of Capricorn refers to: the southernmost latitude at which the Sun can appear directly overhead, at approximately 23.5°S",Social Science,Geography
What is a joint family system?,an Indian government programme providing free lunches to schoolchildren to improve nutrition and school attendance,the gap between individuals who have access to modern information technology and those who do not,the ability of individuals or groups to move between different social or economic positions within a society,a traditional family structure in South Asia where multiple generations live together under one household,D,a joint family system is: a traditional family structure in South Asia where multiple generations live together under one household,Social Science,Society
"Fill in the blank: ______ refers to ""a landform created by the deposition of sediment at the mouth of a river as it enters a larger body of water"".",the savanna biome,a delta,the Tropic of Capricorn,urbanisation,B,a delta refers to: a landform created by the deposition of sediment at the mouth of a river as it enters a larger body of water,Social Science,Geography
Which statement correctly describes the concept of 'welfare state'?,"an introductory statement outlining the guiding principles of the Constitution, including justice, liberty, equality, and fraternity","the upper house of India's Parliament, representing the states and union territories","a formal written order issued by a court, such as habeas corpus, used to enforce rights",a governing concept in which the state plays a key role in protecting the economic and social well-being of its citizens,D,"By definition, the concept of 'welfare state' is: a governing concept in which the state plays a key role in protecting the economic and social well-being of its citizens",Social Science,Civics
What is a bill in the legislative process?,a proposed law that must be passed by the legislature before it can become an act,"a bill dealing specifically with financial matters like taxation and government spending, which in India can only originate in the Lok Sabha",the principle that all individuals and institutions are subject to and accountable under the law,"an introductory statement outlining the guiding principles of the Constitution, including justice, liberty, equality, and fraternity",A,a bill in the legislative process is: a proposed law that must be passed by the legislature before it can become an act,Social Science,Civics
Which statement correctly describes a pressure group?,an organised group that seeks to influence public policy without seeking to hold political office themselves,"an individual's awareness of and responsibility toward maintaining public order, cleanliness, and community welfare","the status of being a legally recognised member of a country, entailing rights and responsibilities",an anti-corruption ombudsman institution in India that investigates complaints against public officials,A,"By definition, a pressure group is: an organised group that seeks to influence public policy without seeking to hold political office themselves",Social Science,Civics
"Which term matches this description: ""economic activities that are not regulated or taxed by the government, often lacking formal contracts""?",the term 'developing country',the Reserve Bank of India (RBI),the informal sector of the economy,the Green Revolution's impact,C,"The description matches the informal sector of the economy: economic activities that are not regulated or taxed by the government, often lacking formal contracts",Social Science,Economics
"Which term matches this description: ""the transfer of authority and responsibility from a central government to regional or local governments""?",the term 'devolution of power',the term 'coup d'état',an ordinance,a bicameral legislature,A,The description matches the term 'devolution of power': the transfer of authority and responsibility from a central government to regional or local governments,Social Science,Civics
What is the concept of citizenship?,"a state in which supreme power is held by the people and their elected representatives, with an elected or nominated president",an anti-corruption ombudsman institution in India that investigates complaints against public officials,"a period in Indian parliamentary proceedings, immediately after Question Hour, when members can raise urgent matters","the status of being a legally recognised member of a country, entailing rights and responsibilities",D,"the concept of citizenship is: the status of being a legally recognised member of a country, entailing rights and responsibilities",Social Science,Civics
What is literacy rate?,"the fair and just distribution of wealth, opportunities, and privileges within a society","the right of women to vote in elections, achieved at different times in different countries",the percentage of a population that can read and write,the gap between individuals who have access to modern information technology and those who do not,C,literacy rate is: the percentage of a population that can read and write,Social Science,Society
What is the capital of Nagaland?,Kohima,Bhubaneswar,Puducherry,Gandhinagar,A,The capital of Nagaland is Kohima.,Social Science,Indian States and Capitals
Which statement correctly describes microeconomics?,the branch of economics that studies the behaviour of individual consumers and firms,"a nation with a lower standard of living, less industrial development, and lower income compared to developed nations","as inflation rises, the same amount of money buys fewer goods and services over time",the process by which a government collects money from individuals and businesses to fund public services,A,"By definition, microeconomics is: the branch of economics that studies the behaviour of individual consumers and firms",Social Science,Economics
Which statement correctly describes privatisation?,the process of transferring ownership of businesses or industries from the government to private entities,the process by which a government collects money from individuals and businesses to fund public services,"India's central banking institution, responsible for regulating the money supply and banking sector",an economic system that combines elements of both market and planned economies,A,"By definition, privatisation is: the process of transferring ownership of businesses or industries from the government to private entities",Social Science,Economics
What is the Comptroller and Auditor General (CAG)?,an independent constitutional authority responsible for auditing government accounts in India,"a group of voters who consistently support a particular political party or candidate, often along caste, religious, or regional lines","a law promulgated by the President or Governor when the legislature is not in session, subject to later approval","a system of government in which power is vested in the people, typically exercised through elected representatives",A,the Comptroller and Auditor General (CAG) is: an independent constitutional authority responsible for auditing government accounts in India,Social Science,Civics
Which statement correctly describes a volcano?,a protected area established for the conservation of wildlife and their habitats,the process by which soil and rock are removed from the Earth's surface by natural forces like water and wind,"the breaking down of rocks, soil, and minerals through contact with the Earth's atmosphere, water, and biological organisms","an opening in the Earth's crust through which molten rock, ash, and gases can escape",D,"By definition, a volcano is: an opening in the Earth's crust through which molten rock, ash, and gases can escape",Social Science,Geography
"Which term matches this description: ""the central agency responsible for recruiting officers for India's civil services""?",a unicameral legislature,directive principles of state policy,checks and balances,the Union Public Service Commission (UPSC),D,The description matches the Union Public Service Commission (UPSC): the central agency responsible for recruiting officers for India's civil services,Social Science,Civics
What is the Western Ghats?,"an area of land saturated with water, either permanently or seasonally, supporting unique plant and animal life",a protected area established for the conservation of wildlife and their habitats,"the process by which fertile land becomes desert, often due to drought, deforestation, or unsuitable agriculture","a mountain range along the western coast of India, recognised as a UNESCO World Heritage biodiversity hotspot",D,"the Western Ghats is: a mountain range along the western coast of India, recognised as a UNESCO World Heritage biodiversity hotspot",Social Science,Geography
"Which term matches this description: ""a designated area within a country that offers different economic regulations to encourage investment and exports""?",the Finance Commission of India,SEZ (Special Economic Zone),public distribution system (PDS),consumer rights,B,The description matches SEZ (Special Economic Zone): a designated area within a country that offers different economic regulations to encourage investment and exports,Social Science,Economics
What is plate tectonics?,"a grassland biome with scattered trees, typically found in tropical and subtropical regions with a dry season",a portion of a country's territory that is geographically separated from the main part by surrounding foreign territory,the science and practice of drawing maps,the scientific theory describing the large-scale movement of Earth's lithospheric plates,D,plate tectonics is: the scientific theory describing the large-scale movement of Earth's lithospheric plates,Social Science,Geography
Which statement correctly describes a biome?,"a piece of land almost surrounded by water, connected to the mainland on one side","a material or substance occurring in nature that can be used for economic gain, such as minerals, forests, or water","the northernmost latitude at which the Sun can appear directly overhead, at approximately 23.5°N","a large naturally occurring community of flora and fauna adapted to a specific climate, such as a rainforest or tundra",D,"By definition, a biome is: a large naturally occurring community of flora and fauna adapted to a specific climate, such as a rainforest or tundra",Social Science,Geography
What is the capital of Assam?,Dispur,Srinagar (summer)/Jammu (winter),Patna,Puducherry,A,The capital of Assam is Dispur.,Social Science,Indian States and Capitals
What is the capital of Haryana?,Lucknow,Panaji,Srinagar (summer)/Jammu (winter),Chandigarh,D,The capital of Haryana is Chandigarh.,Social Science,Indian States and Capitals
Thiruvananthapuram is the capital of which Indian state/union territory?,Andhra Pradesh,Ladakh,Kerala,Goa,C,Thiruvananthapuram is the capital of Kerala.,Social Science,Indian States and Capitals
"Which term matches this description: ""the world's largest mangrove forest, spanning India and Bangladesh, home to the Bengal tiger""?",contour lines on a map,the Sundarbans,the ozone layer's location,the term 'landlocked country',B,"The description matches the Sundarbans: the world's largest mangrove forest, spanning India and Bangladesh, home to the Bengal tiger",Social Science,Geography
"Which term matches this description: ""an electoral system in which parties gain seats in proportion to the number of votes they receive""?",Question Hour,a constitution,civil liberties,proportional representation,D,The description matches proportional representation: an electoral system in which parties gain seats in proportion to the number of votes they receive,Social Science,Civics
What is the capital of Jammu and Kashmir?,Shillong,Kolkata,Srinagar (summer)/Jammu (winter),Patna,C,The capital of Jammu and Kashmir is Srinagar (summer)/Jammu (winter).,Social Science,Indian States and Capitals
What is the capital of Mizoram?,Mumbai,Aizawl,Gangtok,New Delhi,B,The capital of Mizoram is Aizawl.,Social Science,Indian States and Capitals
"Which Indian state/union territory has its capital at Aizawl, located in Northeast India?",Gujarat,Telangana,Mizoram,West Bengal,C,"Aizawl, the capital of Mizoram, is located in Northeast India.",Social Science,Indian States and Capitals
"Which term matches this description: ""a group of voters who consistently support a particular political party or candidate, often along caste, religious, or regional lines""?",universal adult suffrage,naturalisation,the term 'plebiscite',the term 'vote bank',D,"The description matches the term 'vote bank': a group of voters who consistently support a particular political party or candidate, often along caste, religious, or regional lines",Social Science,Civics
What is a watershed?,"an area of land where all the water drains to a common outlet, such as a river or lake","the increasing movement of people from rural to urban areas, leading to the growth of cities",the science and practice of drawing maps,a portion of a country's territory that is geographically separated from the main part by surrounding foreign territory,A,"a watershed is: an area of land where all the water drains to a common outlet, such as a river or lake",Social Science,Geography
Which major river flows through India/Pakistan and is called the 'Sutlej'?,Indus,Sutlej,Murray,Thames,B,The Sutlej is a major river of India/Pakistan.,Social Science,Rivers of the World
"Which term matches this description: ""a horseshoe-shaped zone around the Pacific Ocean known for frequent earthquakes and volcanic activity""?",the Ring of Fire,a wetland,coastal erosion,the International Date Line,A,The description matches the Ring of Fire: a horseshoe-shaped zone around the Pacific Ocean known for frequent earthquakes and volcanic activity,Social Science,Geography
"Which term matches this description: ""a policy or perspective that promotes the coexistence of diverse cultures within a single society""?",multiculturalism,child labour,reservation policy in India,the Beti Bachao Beti Padhao scheme,A,The description matches multiculturalism: a policy or perspective that promotes the coexistence of diverse cultures within a single society,Social Science,Society
What is a market economy?,the gap between a government's total expenditure and its total revenue (excluding borrowings) in a given year,the provision of small loans and financial services to individuals who lack access to traditional banking,"the average income earned per person in a given area, calculated by dividing total income by population",an economic system in which decisions about production and pricing are guided by supply and demand,D,a market economy is: an economic system in which decisions about production and pricing are guided by supply and demand,Social Science,Economics
Which statement correctly describes federalism?,a system of government in which power is divided between a central authority and constituent political units,a law in India that disqualifies elected members who defect from their political party,an organised group that seeks to influence public policy without seeking to hold political office themselves,a legislative body with only one chamber or house,A,"By definition, federalism is: a system of government in which power is divided between a central authority and constituent political units",Social Science,Civics
What is the term 'gerrymandering'?,a system of government in which power is divided between a central authority and constituent political units,the manipulation of electoral district boundaries to favour a particular political party or group,the legal process by which a foreign national acquires citizenship of another country,a parliamentary motion testing whether the government still holds majority support in the legislature,B,the term 'gerrymandering' is: the manipulation of electoral district boundaries to favour a particular political party or group,Social Science,Civics
"Which term matches this description: ""moral obligations of citizens outlined in a constitution, such as respecting the national flag and protecting the environment""?",the concept of citizenship,fundamental duties,a referendum,the term 'vote bank',B,"The description matches fundamental duties: moral obligations of citizens outlined in a constitution, such as respecting the national flag and protecting the environment",Social Science,Civics
Which statement correctly describes the Sundarbans?,"a sudden shaking of the ground caused by movements within the Earth's crust, often along fault lines",water held underground in the soil or in pores and crevices in rock,a layer of the stratosphere containing high concentrations of ozone that absorbs most of the Sun's harmful UV radiation,"the world's largest mangrove forest, spanning India and Bangladesh, home to the Bengal tiger",D,"By definition, the Sundarbans is: the world's largest mangrove forest, spanning India and Bangladesh, home to the Bengal tiger",Social Science,Geography
"Which term matches this description: ""a large plateau in southern India, bordered by the Western and Eastern Ghats""?",a time zone,a rain shadow region,the Deccan Plateau,cartography,C,"The description matches the Deccan Plateau: a large plateau in southern India, bordered by the Western and Eastern Ghats",Social Science,Geography
Gandhinagar is the capital of which Indian state/union territory?,Gujarat,Chhattisgarh,Kerala,Chandigarh,A,Gandhinagar is the capital of Gujarat.,Social Science,Indian States and Capitals
"Fill in the blank: ______ refers to ""the value of the next best alternative that is given up when a choice is made"".",indirect tax,land reforms in India,the term 'developing country',the concept of opportunity cost,D,the concept of opportunity cost refers to: the value of the next best alternative that is given up when a choice is made,Social Science,Economics
What is a peninsula?,a protected area established for the conservation of wildlife and their habitats,"an imaginary line on Earth roughly following the 180° meridian, marking the change of calendar day","a piece of land almost surrounded by water, connected to the mainland on one side",the ratio between distance on a map and the corresponding actual distance on the ground,C,"a peninsula is: a piece of land almost surrounded by water, connected to the mainland on one side",Social Science,Geography
"Fill in the blank: ______ refers to ""an Indian law that allows citizens to request information from public authorities"".",the Right to Information (RTI) Act,the term 'ombudsman',the executive branch,public interest litigation (PIL),A,the Right to Information (RTI) Act refers to: an Indian law that allows citizens to request information from public authorities,Social Science,Civics
"Fill in the blank: ______ refers to ""the quantity of a good or service that consumers are willing and able to purchase at a given price"".",the Consumer Protection Act,demand in economics,public distribution system (PDS),per capita income,B,demand in economics refers to: the quantity of a good or service that consumers are willing and able to purchase at a given price,Social Science,Economics
What is a monsoon?,"an area of land saturated with water, either permanently or seasonally, supporting unique plant and animal life","a mountain range in Asia that separates the Indian subcontinent from the Tibetan Plateau, home to Mount Everest",the science and practice of drawing maps,a seasonal wind pattern that brings heavy rainfall to regions such as South Asia during certain months,D,a monsoon is: a seasonal wind pattern that brings heavy rainfall to regions such as South Asia during certain months,Social Science,Geography
What is a hill station?,"a protected area of land set aside for conservation and recreational use, managed by the government","an imaginary line on Earth roughly following the 180° meridian, marking the change of calendar day",a group or chain of islands,"a town located at a higher elevation, often popular as a retreat from heat in warmer regions",D,"a hill station is: a town located at a higher elevation, often popular as a retreat from heat in warmer regions",Social Science,Geography
What is a cyclone?,"a large-scale rotating storm system, known as a hurricane in the Atlantic and typhoon in the Pacific",a group or chain of islands,the decline in the quality or productivity of land due to human activities or natural processes,a region characterised by specific types of plant life determined by climate and soil conditions,A,"a cyclone is: a large-scale rotating storm system, known as a hurricane in the Atlantic and typhoon in the Pacific",Social Science,Geography
What is the capital of Punjab?,Lucknow,Puducherry,Chandigarh,Shimla,C,The capital of Punjab is Chandigarh.,Social Science,Indian States and Capitals
Which statement correctly describes a bill in the legislative process?,"the principle of separation between religion and the state, ensuring the state does not favour any particular religion","the highest judicial authority in India, responsible for interpreting the Constitution and delivering final judgments",an official of a political party responsible for ensuring party members attend and vote according to the party line,a proposed law that must be passed by the legislature before it can become an act,D,"By definition, a bill in the legislative process is: a proposed law that must be passed by the legislature before it can become an act",Social Science,Civics
Which statement correctly describes the Western Ghats?,"an opening in the Earth's crust through which molten rock, ash, and gases can escape","a mountain range along the western coast of India, recognised as a UNESCO World Heritage biodiversity hotspot",a series of large ocean waves caused by underwater disturbances such as earthquakes or volcanic eruptions,an area that receives little rainfall because it lies on the leeward side of a mountain range,B,"By definition, the Western Ghats is: a mountain range along the western coast of India, recognised as a UNESCO World Heritage biodiversity hotspot",Social Science,Geography
"Fill in the blank: ______ refers to ""an economic system in which decisions about production and pricing are guided by supply and demand"".",indirect tax,globalisation,per capita income,a market economy,D,a market economy refers to: an economic system in which decisions about production and pricing are guided by supply and demand,Social Science,Economics
Which major river flows through Australia and is called the 'Murray'?,Mekong,Tapti,Thames,Murray,D,The Murray is a major river of Australia.,Social Science,Rivers of the World
"Which Indian state/union territory has its capital at New Delhi, located in North India?",Chhattisgarh,Delhi,Tripura,Jammu and Kashmir,B,"New Delhi, the capital of Delhi, is located in North India.",Social Science,Indian States and Capitals
Bhopal is the capital of which Indian state/union territory?,Assam,Telangana,Rajasthan,Madhya Pradesh,D,Bhopal is the capital of Madhya Pradesh.,Social Science,Indian States and Capitals
What is social mobility?,"a landmark or area with legal protection under an international convention, recognised for cultural or natural significance","basic rights and freedoms that belong to every person, regardless of nationality or other status","a family unit consisting of two parents and their children, living separately from extended relatives",the ability of individuals or groups to move between different social or economic positions within a society,D,social mobility is: the ability of individuals or groups to move between different social or economic positions within a society,Social Science,Society
What is climate?,"a region of the globe that observes a uniform standard time for legal, commercial, and social purposes",the long-term average weather conditions of a particular region,"a material or substance occurring in nature that can be used for economic gain, such as minerals, forests, or water",a landform created by the deposition of sediment at the mouth of a river as it enters a larger body of water,B,climate is: the long-term average weather conditions of a particular region,Social Science,Geography
"Which term matches this description: ""the process of increasing interconnectedness and interdependence among countries through trade, investment, and communication""?",microeconomics,globalisation,foreign direct investment (FDI),per capita income,B,"The description matches globalisation: the process of increasing interconnectedness and interdependence among countries through trade, investment, and communication",Social Science,Economics
"Which term matches this description: ""legal rights that protect creations of the mind, such as inventions, literary works, and trademarks""?",the Comptroller and Auditor General (CAG),intellectual property rights,the term 'zero hour',the term 'martial law',B,"The description matches intellectual property rights: legal rights that protect creations of the mind, such as inventions, literary works, and trademarks",Social Science,Civics
What is longitude?,the science and practice of drawing maps,imaginary vertical lines on Earth's surface used to measure distance east or west of the Prime Meridian,"the number of people living per unit area of land, such as per square kilometre","the wearing away of land along a coastline due to the action of waves, currents, and tides",B,longitude is: imaginary vertical lines on Earth's surface used to measure distance east or west of the Prime Meridian,Social Science,Geography
"Fill in the blank: ______ refers to ""an Indian law guaranteeing free and compulsory education to children aged 6 to 14"".",human rights,multiculturalism,urban slums,the Right to Education (RTE) Act,D,the Right to Education (RTE) Act refers to: an Indian law guaranteeing free and compulsory education to children aged 6 to 14,Social Science,Society
What is the Gram Sabha?,an independent constitutional body responsible for administering elections in India,"a legislative body consisting of two separate chambers or houses, such as India's Parliament",an organisation that seeks to gain political power by contesting elections and forming government,"a village-level body consisting of all registered voters in a Panchayat area, forming the base of local self-government in India",D,"the Gram Sabha is: a village-level body consisting of all registered voters in a Panchayat area, forming the base of local self-government in India",Social Science,Civics
What is the Prime Minister of India?,"a system ensuring that no single branch of government becomes too powerful, through mutual oversight","a state in which supreme power is held by the people and their elected representatives, with an elected or nominated president","the head of government of India, typically the leader of the majority party in the Lok Sabha","a legislative body consisting of two separate chambers or houses, such as India's Parliament",C,"the Prime Minister of India is: the head of government of India, typically the leader of the majority party in the Lok Sabha",Social Science,Civics
"Fill in the blank: ______ refers to ""an opening in the Earth's crust through which molten rock, ash, and gases can escape"".",urbanisation,the Tropic of Capricorn,a volcano,the Ring of Fire,C,"a volcano refers to: an opening in the Earth's crust through which molten rock, ash, and gases can escape",Social Science,Geography
Which statement correctly describes indirect tax?,"a method of economic planning involving setting targets over a five-year period, historically used in India","a tax collected by an intermediary from the person who bears the ultimate economic burden, such as GST",the process by which a government collects money from individuals and businesses to fund public services,the total monetary value of all goods and services produced within a country in a given period,B,"By definition, indirect tax is: a tax collected by an intermediary from the person who bears the ultimate economic burden, such as GST",Social Science,Economics
"Which Indian state/union territory has its capital at Amaravati, located in South India?",Chandigarh,Tamil Nadu,Andhra Pradesh,Telangana,C,"Amaravati, the capital of Andhra Pradesh, is located in South India.",Social Science,Indian States and Capitals
Which statement correctly describes social justice?,the ability of individuals or groups to move between different social or economic positions within a society,an Indian government initiative aimed at improving the welfare and education of girl children,"the fair and just distribution of wealth, opportunities, and privileges within a society",the gap between individuals who have access to modern information technology and those who do not,C,"By definition, social justice is: the fair and just distribution of wealth, opportunities, and privileges within a society",Social Science,Society
"Which term matches this description: ""policies aimed at redistributing agricultural land and abolishing intermediary landlordism after independence""?",the Finance Commission of India,a market economy,the Goods and Services Tax (GST),land reforms in India,D,The description matches land reforms in India: policies aimed at redistributing agricultural land and abolishing intermediary landlordism after independence,Social Science,Economics
What is the capital of Puducherry?,Kolkata,Leh,Puducherry,Kohima,C,The capital of Puducherry is Puducherry.,Social Science,Indian States and Capitals
"Which Indian state/union territory has its capital at Srinagar (summer)/Jammu (winter), located in North India?",Kerala,Jammu and Kashmir,Puducherry,Sikkim,B,"Srinagar (summer)/Jammu (winter), the capital of Jammu and Kashmir, is located in North India.",Social Science,Indian States and Capitals
Which major river flows through Middle East and is called the 'Euphrates'?,Krishna,Mekong,Euphrates,Danube,C,The Euphrates is a major river of Middle East.,Social Science,Rivers of the World
Which statement correctly describes the Lok Sabha?,"a system ensuring that no single branch of government becomes too powerful, through mutual oversight","a system of local self-government in rural India, operating at village, block, and district levels","the lower house of India's Parliament, whose members are directly elected by the people","a government formed by two or more political parties working together, typically when no single party has a majority",C,"By definition, the Lok Sabha is: the lower house of India's Parliament, whose members are directly elected by the people",Social Science,Civics
Which statement correctly describes subsidies?,"a method of economic planning involving setting targets over a five-year period, historically used in India",the total monetary value of all goods and services produced within a country in a given period,a general and sustained increase in the price level of goods and services in an economy over time,financial assistance provided by the government to reduce the cost of goods or services for consumers or producers,D,"By definition, subsidies is: financial assistance provided by the government to reduce the cost of goods or services for consumers or producers",Social Science,Economics
"Which term matches this description: ""a region characterised by specific types of plant life determined by climate and soil conditions""?",cartography,latitude,an earthquake,a natural vegetation zone,D,The description matches a natural vegetation zone: a region characterised by specific types of plant life determined by climate and soil conditions,Social Science,Geography
What is the first-past-the-post system?,"the imposition of direct military control over civilian functions, typically during emergencies","a group of voters who consistently support a particular political party or candidate, often along caste, religious, or regional lines","an electoral system in which the candidate with the most votes in a constituency wins, used in India's Lok Sabha elections","a direct vote by citizens on a significant political question, such as territorial or constitutional changes",C,"the first-past-the-post system is: an electoral system in which the candidate with the most votes in a constituency wins, used in India's Lok Sabha elections",Social Science,Civics
What is the capital of Sikkim?,Puducherry,Lucknow,Gangtok,Itanagar,C,The capital of Sikkim is Gangtok.,Social Science,Indian States and Capitals
"Fill in the blank: ______ refers to ""financial assistance provided by the government to reduce the cost of goods or services for consumers or producers"".",the tertiary sector of the economy,a free trade agreement,the term 'developing country',subsidies,D,subsidies refers to: financial assistance provided by the government to reduce the cost of goods or services for consumers or producers,Social Science,Economics
Which statement correctly describes a natural disaster?,"a sudden event caused by natural processes, such as an earthquake, flood, or cyclone, causing significant damage",imaginary horizontal lines on Earth's surface used to measure distance north or south of the equator,a group or chain of islands,"a large naturally occurring community of flora and fauna adapted to a specific climate, such as a rainforest or tundra",A,"By definition, a natural disaster is: a sudden event caused by natural processes, such as an earthquake, flood, or cyclone, causing significant damage",Social Science,Geography
"Which term matches this description: ""the ceremonial head of state of India, elected indirectly by an electoral college""?",an ordinance,the term 'devolution of power',the concept of separation of powers,the President of India,D,"The description matches the President of India: the ceremonial head of state of India, elected indirectly by an electoral college",Social Science,Civics
What is civil liberties?,the transfer of authority and responsibility from a central government to regional or local governments,"fundamental individual rights protected by law from government interference, such as freedom of speech",a legislative body with only one chamber or house,"a government formed by two or more political parties working together, typically when no single party has a majority",B,"civil liberties is: fundamental individual rights protected by law from government interference, such as freedom of speech",Social Science,Civics
Which statement correctly describes habeas corpus?,"a government formed by two or more political parties working together, typically when no single party has a majority",a legal writ requiring a detained person to be brought before a court to determine if their detention is lawful,a parliamentary motion testing whether the government still holds majority support in the legislature,"a public declaration of a political party's policies and intentions, usually released before an election",B,"By definition, habeas corpus is: a legal writ requiring a detained person to be brought before a court to determine if their detention is lawful",Social Science,Civics
Which statement correctly describes deflation?,a marketplace where shares of publicly listed companies are bought and sold,"a policy think tank of the Government of India that replaced the Planning Commission, promoting cooperative federalism",a general decrease in the price level of goods and services in an economy,"significantly increased agricultural productivity in India through high-yield seeds, irrigation, and fertilisers",C,"By definition, deflation is: a general decrease in the price level of goods and services in an economy",Social Science,Economics
Which statement correctly describes a national park?,"a system designed to capture, store, analyse, and present spatial or geographic data","a protected area of land set aside for conservation and recreational use, managed by the government","a sudden event caused by natural processes, such as an earthquake, flood, or cyclone, causing significant damage",a group or chain of islands,B,"By definition, a national park is: a protected area of land set aside for conservation and recreational use, managed by the government",Social Science,Geography
Which statement correctly describes cultural diversity?,the employment of children in work that deprives them of their childhood and is harmful to their development,"education that is free from religious instruction or bias, promoting equal treatment of all faiths","basic rights and freedoms that belong to every person, regardless of nationality or other status",the existence of a variety of cultural or ethnic groups within a society,D,"By definition, cultural diversity is: the existence of a variety of cultural or ethnic groups within a society",Social Science,Society
"Fill in the blank: ______ refers to ""a law promulgated by the President or Governor when the legislature is not in session, subject to later approval"".",an ordinance,fundamental duties,the term 'vote bank',Question Hour,A,"an ordinance refers to: a law promulgated by the President or Governor when the legislature is not in session, subject to later approval",Social Science,Civics
"Fill in the blank: ______ refers to ""a policy think tank of the Government of India that replaced the Planning Commission, promoting cooperative federalism"".",SEZ (Special Economic Zone),per capita income,NITI Aayog,the tertiary sector of the economy,C,"NITI Aayog refers to: a policy think tank of the Government of India that replaced the Planning Commission, promoting cooperative federalism",Social Science,Economics
What is disinvestment?,financial assistance provided by the government to reduce the cost of goods or services for consumers or producers,"economic activities that are not regulated or taxed by the government, often lacking formal contracts","the process by which the government sells its stake in public sector enterprises, partially or fully",the process of transferring ownership of businesses or industries from the government to private entities,C,"disinvestment is: the process by which the government sells its stake in public sector enterprises, partially or fully",Social Science,Economics
"Fill in the blank: ______ refers to ""densely populated urban areas characterised by substandard housing and poor living conditions"".",cultural diversity,gender equality,affirmative action,urban slums,D,urban slums refers to: densely populated urban areas characterised by substandard housing and poor living conditions,Social Science,Society
Which statement correctly describes cooperative farming?,an agricultural system in which farmers pool resources and share profits collectively,"India's central banking institution, responsible for regulating the money supply and banking sector","the process of increasing interconnectedness and interdependence among countries through trade, investment, and communication","a tax collected by an intermediary from the person who bears the ultimate economic burden, such as GST",A,"By definition, cooperative farming is: an agricultural system in which farmers pool resources and share profits collectively",Social Science,Economics
What is the caste system?,the percentage of a population that can read and write,"a historical social hierarchy in India that categorised people into groups, now legally abolished as a basis for discrimination",a nationwide sanitation and cleanliness campaign launched by the Government of India in 2014,"the marriage of individuals below the legal age, which is prohibited by law in most countries including India",B,"the caste system is: a historical social hierarchy in India that categorised people into groups, now legally abolished as a basis for discrimination",Social Science,Society
"Which Indian state/union territory has its capital at Dehradun, located in North India?",Uttarakhand,Nagaland,Goa,Jharkhand,A,"Dehradun, the capital of Uttarakhand, is located in North India.",Social Science,Indian States and Capitals
"Which term matches this description: ""the fair and just distribution of wealth, opportunities, and privileges within a society""?",child labour,social justice,gender equality,multiculturalism,B,"The description matches social justice: the fair and just distribution of wealth, opportunities, and privileges within a society",Social Science,Society
What is subsidies?,the process of reducing government restrictions and control over economic activities,"the sector involving extraction of raw materials, such as agriculture, fishing, and mining","as inflation rises, the same amount of money buys fewer goods and services over time",financial assistance provided by the government to reduce the cost of goods or services for consumers or producers,D,subsidies is: financial assistance provided by the government to reduce the cost of goods or services for consumers or producers,Social Science,Economics
"Fill in the blank: ______ refers to ""a person who has fled their country due to war, persecution, or natural disaster and seeks safety elsewhere"".",literacy rate,gender equality,social justice,a refugee,D,"a refugee refers to: a person who has fled their country due to war, persecution, or natural disaster and seeks safety elsewhere",Social Science,Society
"Fill in the blank: ______ refers to ""the area where a river meets the sea, where freshwater and saltwater mix"".",an estuary,the term 'landlocked country',a time zone,an archipelago,A,"an estuary refers to: the area where a river meets the sea, where freshwater and saltwater mix",Social Science,Geography
"Fill in the blank: ______ refers to ""a nation with a lower standard of living, less industrial development, and lower income compared to developed nations"".",NITI Aayog,the term 'developing country',SEZ (Special Economic Zone),a five-year plan,B,"the term 'developing country' refers to: a nation with a lower standard of living, less industrial development, and lower income compared to developed nations",Social Science,Economics
Which statement correctly describes judicial review?,"the first hour of a parliamentary sitting, during which members ask questions to ministers about government policy","a group of voters who consistently support a particular political party or candidate, often along caste, religious, or regional lines",the power of courts to examine and invalidate laws or government actions that are unconstitutional,"the sudden, illegal seizure of power from a government, often by military force",C,"By definition, judicial review is: the power of courts to examine and invalidate laws or government actions that are unconstitutional",Social Science,Civics
"Fill in the blank: ______ refers to ""a general and sustained increase in the price level of goods and services in an economy over time"".",the Finance Commission of India,Gross Domestic Product (GDP),inflation,macroeconomics,C,inflation refers to: a general and sustained increase in the price level of goods and services in an economy over time,Social Science,Economics
"Which term matches this description: ""a governing concept in which the state plays a key role in protecting the economic and social well-being of its citizens""?",the Preamble to the Indian Constitution,the concept of 'welfare state',a political party,democracy,B,The description matches the concept of 'welfare state': a governing concept in which the state plays a key role in protecting the economic and social well-being of its citizens,Social Science,Civics
The Euphrates river primarily flows through which country/region?,Australia,Middle East,Africa,India/Pakistan,B,The Euphrates flows primarily through Middle East.,Social Science,Rivers of the World
Which statement correctly describes a UNESCO World Heritage Site?,"a landmark or area with legal protection under an international convention, recognised for cultural or natural significance",a traditional family structure in South Asia where multiple generations live together under one household,policies aimed at improving opportunities for historically marginalised or underrepresented groups,development that meets present needs without compromising the ability of future generations to meet their own needs,A,"By definition, a UNESCO World Heritage Site is: a landmark or area with legal protection under an international convention, recognised for cultural or natural significance",Social Science,Society
"Fill in the blank: ______ refers to ""a non-profit, voluntary organisation that operates independently of government, often addressing social issues"".",an NGO (Non-Governmental Organisation),migration in social terms,child labour,a refugee,A,"an NGO (Non-Governmental Organisation) refers to: a non-profit, voluntary organisation that operates independently of government, often addressing social issues",Social Science,Society
Which statement correctly describes the Attorney General of India?,the branch of government responsible for making laws,the chief legal advisor to the Government of India,"a government formed by two or more political parties working together, typically when no single party has a majority","the principle of separation between religion and the state, ensuring the state does not favour any particular religion",B,"By definition, the Attorney General of India is: the chief legal advisor to the Government of India",Social Science,Civics
Which major river flows through India and is called the 'Narmada'?,Murray,Volga,Narmada,Yellow River (Huang He),C,The Narmada is a major river of India.,Social Science,Rivers of the World
What is digital divide?,a policy or perspective that promotes the coexistence of diverse cultures within a single society,"a person who has fled their country due to war, persecution, or natural disaster and seeks safety elsewhere","a historical and still-practiced custom in parts of South Asia involving payment from a bride's family, now illegal in India",the gap between individuals who have access to modern information technology and those who do not,D,digital divide is: the gap between individuals who have access to modern information technology and those who do not,Social Science,Society
What is the capital of Uttar Pradesh?,Chandigarh,Agartala,Lucknow,Amaravati,C,The capital of Uttar Pradesh is Lucknow.,Social Science,Indian States and Capitals
What is a by-election?,the principle that all individuals and institutions are subject to and accountable under the law,"a system ensuring that no single branch of government becomes too powerful, through mutual oversight",an independent constitutional authority responsible for auditing government accounts in India,an election held to fill a political office that has become vacant between general elections,D,a by-election is: an election held to fill a political office that has become vacant between general elections,Social Science,Civics
Which statement correctly describes women's suffrage?,policies aimed at improving opportunities for historically marginalised or underrepresented groups,"the right of women to vote in elections, achieved at different times in different countries","the movement of people from one place to another, often for work, education, or safety","the state of equal access to rights, opportunities, and resources regardless of gender",B,"By definition, women's suffrage is: the right of women to vote in elections, achieved at different times in different countries",Social Science,Society
"Which term matches this description: ""the employment of children in work that deprives them of their childhood and is harmful to their development""?",gender equality,the Beti Bachao Beti Padhao scheme,child labour,affirmative action,C,The description matches child labour: the employment of children in work that deprives them of their childhood and is harmful to their development,Social Science,Society
Which statement correctly describes erosion?,"a material or substance occurring in nature that can be used for economic gain, such as minerals, forests, or water",the process of collecting information about the Earth's surface using satellites or aircraft without direct contact,"a system designed to capture, store, analyse, and present spatial or geographic data",the process by which soil and rock are removed from the Earth's surface by natural forces like water and wind,D,"By definition, erosion is: the process by which soil and rock are removed from the Earth's surface by natural forces like water and wind",Social Science,Geography
Which statement correctly describes civil society?,the existence of a variety of cultural or ethnic groups within a society,"education that is free from religious instruction or bias, promoting equal treatment of all faiths",the collection of non-governmental organisations and institutions that represent citizens' interests and voluntary participation,"a system providing representation for historically disadvantaged groups in education, employment, and legislatures",C,"By definition, civil society is: the collection of non-governmental organisations and institutions that represent citizens' interests and voluntary participation",Social Science,Society
Which statement correctly describes an ordinance?,"a village-level body consisting of all registered voters in a Panchayat area, forming the base of local self-government in India","a law promulgated by the President or Governor when the legislature is not in session, subject to later approval",the division of government responsibilities into distinct branches to prevent concentration of power,"the first hour of a parliamentary sitting, during which members ask questions to ministers about government policy",B,"By definition, an ordinance is: a law promulgated by the President or Governor when the legislature is not in session, subject to later approval",Social Science,Civics
"Fill in the blank: ______ refers to ""a mountain range in Asia that separates the Indian subcontinent from the Tibetan Plateau, home to Mount Everest"".",soil erosion,the savanna biome,the Himalayas,a national park,C,"the Himalayas refers to: a mountain range in Asia that separates the Indian subcontinent from the Tibetan Plateau, home to Mount Everest",Social Science,Geography
What is the Prime Meridian?,"an opening in the Earth's crust through which molten rock, ash, and gases can escape","a piece of land almost surrounded by water, connected to the mainland on one side","a material or substance occurring in nature that can be used for economic gain, such as minerals, forests, or water","the line of 0° longitude, from which east and west are measured, passing through Greenwich, England",D,"the Prime Meridian is: the line of 0° longitude, from which east and west are measured, passing through Greenwich, England",Social Science,Geography
"Fill in the blank: ______ refers to ""a system designed to capture, store, analyse, and present spatial or geographic data"".",the Deccan Plateau,a GIS (Geographic Information System),a rain shadow region,a plateau,B,"a GIS (Geographic Information System) refers to: a system designed to capture, store, analyse, and present spatial or geographic data",Social Science,Geography
"Which term matches this description: ""a seasonal wind pattern that brings heavy rainfall to regions such as South Asia during certain months""?",a rain shadow region,a monsoon,the Tropic of Cancer,longitude,B,The description matches a monsoon: a seasonal wind pattern that brings heavy rainfall to regions such as South Asia during certain months,Social Science,Geography
Which statement correctly describes digital divide?,the ability of individuals or groups to move between different social or economic positions within a society,"a landmark or area with legal protection under an international convention, recognised for cultural or natural significance","the state of equal access to rights, opportunities, and resources regardless of gender",the gap between individuals who have access to modern information technology and those who do not,D,"By definition, digital divide is: the gap between individuals who have access to modern information technology and those who do not",Social Science,Society
"Fill in the blank: ______ refers to ""a government formed by two or more political parties working together, typically when no single party has a majority"".",the term 'devolution of power',a coalition government,the concept of 'welfare state',a bill in the legislative process,B,"a coalition government refers to: a government formed by two or more political parties working together, typically when no single party has a majority",Social Science,Civics
"Which term matches this description: ""an independent constitutional authority responsible for auditing government accounts in India""?",directive principles of state policy,the Comptroller and Auditor General (CAG),a by-election,the Right to Information (RTI) Act,B,The description matches the Comptroller and Auditor General (CAG): an independent constitutional authority responsible for auditing government accounts in India,Social Science,Civics
Andaman and Nicobar Islands is located in which region of India?,South India,East India,Northeast India,Central India,A,Andaman and Nicobar Islands is located in South India.,Social Science,Indian Geography
Which statement correctly describes the concept of citizenship?,a proposed law that must be passed by the legislature before it can become an act,"the status of being a legally recognised member of a country, entailing rights and responsibilities","a law promulgated by the President or Governor when the legislature is not in session, subject to later approval","legal rights that protect creations of the mind, such as inventions, literary works, and trademarks",B,"By definition, the concept of citizenship is: the status of being a legally recognised member of a country, entailing rights and responsibilities",Social Science,Civics
"Which term matches this description: ""a situation where people who are willing and able to work cannot find employment""?",cooperative farming,unemployment,a trade deficit,indirect tax,B,The description matches unemployment: a situation where people who are willing and able to work cannot find employment,Social Science,Economics
What is migration in social terms?,the gap between individuals who have access to modern information technology and those who do not,policies aimed at improving opportunities for historically marginalised or underrepresented groups,"the movement of people from one place to another, often for work, education, or safety",an income threshold below which a person or household is considered to be living in poverty,C,"migration in social terms is: the movement of people from one place to another, often for work, education, or safety",Social Science,Society
"Which term matches this description: ""a government-managed system in India that distributes essential food grains and commodities at subsidised prices""?",consumer rights,subsidies,a mixed economy,public distribution system (PDS),D,The description matches public distribution system (PDS): a government-managed system in India that distributes essential food grains and commodities at subsidised prices,Social Science,Economics
Which statement correctly describes a constitution?,the fundamental set of principles or established precedents according to which a state is governed,the chief legal advisor to the Government of India,the principle that all individuals and institutions are subject to and accountable under the law,"the sudden, illegal seizure of power from a government, often by military force",A,"By definition, a constitution is: the fundamental set of principles or established precedents according to which a state is governed",Social Science,Civics
Which statement correctly describes a free trade agreement?,the process of transferring ownership of businesses or industries from the government to private entities,an agreement between two or more countries to reduce or eliminate trade barriers such as tariffs,"the process by which the government sells its stake in public sector enterprises, partially or fully",an ancient system of trade involving the direct exchange of goods and services without using money,B,"By definition, a free trade agreement is: an agreement between two or more countries to reduce or eliminate trade barriers such as tariffs",Social Science,Economics
What is reservation policy in India?,"a non-profit, voluntary organisation that operates independently of government, often addressing social issues","a landmark or area with legal protection under an international convention, recognised for cultural or natural significance","a system providing representation for historically disadvantaged groups in education, employment, and legislatures",the percentage of a population that can read and write,C,"reservation policy in India is: a system providing representation for historically disadvantaged groups in education, employment, and legislatures",Social Science,Society
"Which term matches this description: ""an economic system that combines elements of both market and planned economies""?",the Green Revolution's impact,a mixed economy,a trade deficit,deflation,B,The description matches a mixed economy: an economic system that combines elements of both market and planned economies,Social Science,Economics
Which statement correctly describes disinvestment?,an agreement between two or more countries to reduce or eliminate trade barriers such as tariffs,"the process by which the government sells its stake in public sector enterprises, partially or fully","the average income earned per person in a given area, calculated by dividing total income by population","significantly increased agricultural productivity in India through high-yield seeds, irrigation, and fertilisers",B,"By definition, disinvestment is: the process by which the government sells its stake in public sector enterprises, partially or fully",Social Science,Economics
"Fill in the blank: ______ refers to ""fundamental individual rights protected by law from government interference, such as freedom of speech"".",the Rajya Sabha,a by-election,civil liberties,the Comptroller and Auditor General (CAG),C,"civil liberties refers to: fundamental individual rights protected by law from government interference, such as freedom of speech",Social Science,Civics
What is the primary sector of the economy?,a general decrease in the price level of goods and services in an economy,"economic activities that are not regulated or taxed by the government, often lacking formal contracts",the total monetary value of all goods and services produced within a country in a given period,"the sector involving extraction of raw materials, such as agriculture, fishing, and mining",D,"the primary sector of the economy is: the sector involving extraction of raw materials, such as agriculture, fishing, and mining",Social Science,Economics
What is the dowry system?,"a historical and still-practiced custom in parts of South Asia involving payment from a bride's family, now illegal in India",the collection of non-governmental organisations and institutions that represent citizens' interests and voluntary participation,the existence of a variety of cultural or ethnic groups within a society,"a non-profit, voluntary organisation that operates independently of government, often addressing social issues",A,"the dowry system is: a historical and still-practiced custom in parts of South Asia involving payment from a bride's family, now illegal in India",Social Science,Society
What is soil erosion?,"a mountain range in Asia that separates the Indian subcontinent from the Tibetan Plateau, home to Mount Everest",a protected area established for the conservation of wildlife and their habitats,"the wearing away of the topsoil layer, often due to water, wind, or human activity","an area of land where all the water drains to a common outlet, such as a river or lake",C,"soil erosion is: the wearing away of the topsoil layer, often due to water, wind, or human activity",Social Science,Geography
"Which term matches this description: ""an official appointed to investigate individuals' complaints against maladministration, especially in government institutions""?",the term 'ombudsman',the term 'plebiscite',the term 'coup d'état',the rule of law,A,"The description matches the term 'ombudsman': an official appointed to investigate individuals' complaints against maladministration, especially in government institutions",Social Science,Civics
"Which term matches this description: ""the long-term average weather conditions of a particular region""?",an earthquake,climate,the Deccan Plateau,a watershed,B,The description matches climate: the long-term average weather conditions of a particular region,Social Science,Geography
"Which term matches this description: ""the wearing away of land along a coastline due to the action of waves, currents, and tides""?",a tsunami,urbanisation,coastal erosion,a delta,C,"The description matches coastal erosion: the wearing away of land along a coastline due to the action of waves, currents, and tides",Social Science,Geography
"Fill in the blank: ______ refers to ""legal rights granted to protect buyers of goods and services from unfair practices"".",per capita income,consumer rights,the term 'demographic dividend',disinvestment,B,consumer rights refers to: legal rights granted to protect buyers of goods and services from unfair practices,Social Science,Economics
"Fill in the blank: ______ refers to ""the ratio between distance on a map and the corresponding actual distance on the ground"".",afforestation,the Ring of Fire,an archipelago,a map's scale,D,a map's scale refers to: the ratio between distance on a map and the corresponding actual distance on the ground,Social Science,Geography
Which statement correctly describes a bicameral legislature?,"a legislative body consisting of two separate chambers or houses, such as India's Parliament",an independent constitutional body responsible for administering elections in India,"fundamental individual rights protected by law from government interference, such as freedom of speech","a law promulgated by the President or Governor when the legislature is not in session, subject to later approval",A,"By definition, a bicameral legislature is: a legislative body consisting of two separate chambers or houses, such as India's Parliament",Social Science,Civics
"Which term matches this description: ""a legislative body consisting of two separate chambers or houses, such as India's Parliament""?",a bill in the legislative process,secularism,a bicameral legislature,Question Hour,C,"The description matches a bicameral legislature: a legislative body consisting of two separate chambers or houses, such as India's Parliament",Social Science,Civics
"Fill in the blank: ______ refers to ""a form of government with a king or queen as head of state, either as a ceremonial figure or with substantial powers"".",Question Hour,the Union Public Service Commission (UPSC),the first-past-the-post system,a monarchy,D,"a monarchy refers to: a form of government with a king or queen as head of state, either as a ceremonial figure or with substantial powers",Social Science,Civics
"Which term matches this description: ""the northernmost latitude at which the Sun can appear directly overhead, at approximately 23.5°N""?",land degradation,the Tropic of Cancer,a map's scale,population density,B,"The description matches the Tropic of Cancer: the northernmost latitude at which the Sun can appear directly overhead, at approximately 23.5°N",Social Science,Geography
"Which Indian state/union territory has its capital at Patna, located in East India?",Odisha,Bihar,Arunachal Pradesh,Meghalaya,B,"Patna, the capital of Bihar, is located in East India.",Social Science,Indian States and Capitals
What is the capital of Gujarat?,Dispur,Bhopal,Gangtok,Gandhinagar,D,The capital of Gujarat is Gandhinagar.,Social Science,Indian States and Capitals
Which statement correctly describes the Swachh Bharat Abhiyan?,"the marriage of individuals below the legal age, which is prohibited by law in most countries including India","the hierarchical arrangement of individuals into social classes based on wealth, power, or status",a nationwide sanitation and cleanliness campaign launched by the Government of India in 2014,"basic rights and freedoms that belong to every person, regardless of nationality or other status",C,"By definition, the Swachh Bharat Abhiyan is: a nationwide sanitation and cleanliness campaign launched by the Government of India in 2014",Social Science,Society
"Which term matches this description: ""the wearing away of the topsoil layer, often due to water, wind, or human activity""?",a wildlife sanctuary,the equator,a natural vegetation zone,soil erosion,D,"The description matches soil erosion: the wearing away of the topsoil layer, often due to water, wind, or human activity",Social Science,Geography
The Tapti river primarily flows through which country/region?,China,Egypt/Africa,India,Europe,C,The Tapti flows primarily through India.,Social Science,Rivers of the World
What is a tsunami?,a country that does not have direct access to an ocean or sea coastline,"a material or substance occurring in nature that can be used for economic gain, such as minerals, forests, or water",the ratio between distance on a map and the corresponding actual distance on the ground,a series of large ocean waves caused by underwater disturbances such as earthquakes or volcanic eruptions,D,a tsunami is: a series of large ocean waves caused by underwater disturbances such as earthquakes or volcanic eruptions,Social Science,Geography
"Fill in the blank: ______ refers to ""an area of land saturated with water, either permanently or seasonally, supporting unique plant and animal life"".",a wetland,soil erosion,a peninsula,a natural resource,A,"a wetland refers to: an area of land saturated with water, either permanently or seasonally, supporting unique plant and animal life",Social Science,Geography
What is the capital of Andhra Pradesh?,Ranchi,Lucknow,Leh,Amaravati,D,The capital of Andhra Pradesh is Amaravati.,Social Science,Indian States and Capitals
"Fill in the blank: ______ refers to ""a group or chain of islands"".",an archipelago,urbanisation,erosion,a monsoon,A,an archipelago refers to: a group or chain of islands,Social Science,Geography
Uttar Pradesh is located in which region of India?,East India,North India,South India,Northeast India,B,Uttar Pradesh is located in North India.,Social Science,Indian Geography
Tamil Nadu is located in which region of India?,East India,Central India,Northeast India,South India,D,Tamil Nadu is located in South India.,Social Science,Indian Geography
What is a referendum?,an organisation that seeks to gain political power by contesting elections and forming government,"a form of government with a king or queen as head of state, either as a ceremonial figure or with substantial powers",a parliamentary motion testing whether the government still holds majority support in the legislature,a direct vote by the electorate on a particular political question or proposed law,D,a referendum is: a direct vote by the electorate on a particular political question or proposed law,Social Science,Civics
What is fundamental rights?,"basic rights guaranteed to citizens by a country's constitution, such as freedom of speech and equality before the law",a legislative body with only one chamber or house,"a direct vote by citizens on a significant political question, such as territorial or constitutional changes","a legislative body consisting of two separate chambers or houses, such as India's Parliament",A,"fundamental rights is: basic rights guaranteed to citizens by a country's constitution, such as freedom of speech and equality before the law",Social Science,Civics
Aizawl is the capital of which Indian state/union territory?,West Bengal,Andaman and Nicobar Islands,Mizoram,Haryana,C,Aizawl is the capital of Mizoram.,Social Science,Indian States and Capitals
What is the Human Development Index (HDI)?,the gap between individuals who have access to modern information technology and those who do not,"a composite statistic used to rank countries based on life expectancy, education, and per capita income","a person who has fled their country due to war, persecution, or natural disaster and seeks safety elsewhere",the ability of individuals or groups to move between different social or economic positions within a society,B,"the Human Development Index (HDI) is: a composite statistic used to rank countries based on life expectancy, education, and per capita income",Social Science,Society
Which statement correctly describes contour lines on a map?,imaginary horizontal lines on Earth's surface used to measure distance north or south of the equator,lines on a topographic map that connect points of equal elevation,"the northernmost latitude at which the Sun can appear directly overhead, at approximately 23.5°N","the number of people living per unit area of land, such as per square kilometre",B,"By definition, contour lines on a map is: lines on a topographic map that connect points of equal elevation",Social Science,Geography
"Which term matches this description: ""lines on a topographic map that connect points of equal elevation""?",a biome,the Deccan Plateau,the tundra biome,contour lines on a map,D,The description matches contour lines on a map: lines on a topographic map that connect points of equal elevation,Social Science,Geography
Which statement correctly describes consumer rights?,a general decrease in the price level of goods and services in an economy,legal rights granted to protect buyers of goods and services from unfair practices,"significantly increased agricultural productivity in India through high-yield seeds, irrigation, and fertilisers",an economic system that combines elements of both market and planned economies,B,"By definition, consumer rights is: legal rights granted to protect buyers of goods and services from unfair practices",Social Science,Economics
"Fill in the blank: ______ refers to ""a family unit consisting of two parents and their children, living separately from extended relatives"".",child marriage,the Beti Bachao Beti Padhao scheme,a nuclear family,women's suffrage,C,"a nuclear family refers to: a family unit consisting of two parents and their children, living separately from extended relatives",Social Science,Society
"Fill in the blank: ______ refers to ""the division of government responsibilities into distinct branches to prevent concentration of power"".",a unicameral legislature,proportional representation,democracy,the concept of separation of powers,D,the concept of separation of powers refers to: the division of government responsibilities into distinct branches to prevent concentration of power,Social Science,Civics
Karnataka is located in which region of India?,East India,Central India,South India,North India,C,Karnataka is located in South India.,Social Science,Indian Geography
What is an NGO (Non-Governmental Organisation)?,"a historical social hierarchy in India that categorised people into groups, now legally abolished as a basis for discrimination","a landmark or area with legal protection under an international convention, recognised for cultural or natural significance","a non-profit, voluntary organisation that operates independently of government, often addressing social issues",a traditional family structure in South Asia where multiple generations live together under one household,C,"an NGO (Non-Governmental Organisation) is: a non-profit, voluntary organisation that operates independently of government, often addressing social issues",Social Science,Society
What is the capital of Chhattisgarh?,Raipur,Kohima,Panaji,Aizawl,A,The capital of Chhattisgarh is Raipur.,Social Science,Indian States and Capitals
"Fill in the blank: ______ refers to ""the branch of economics that studies the behaviour of individual consumers and firms"".",globalisation,the term 'developing country',microeconomics,a market economy,C,microeconomics refers to: the branch of economics that studies the behaviour of individual consumers and firms,Social Science,Economics
What is a GIS (Geographic Information System)?,"the northernmost latitude at which the Sun can appear directly overhead, at approximately 23.5°N",a protected area established for the conservation of wildlife and their habitats,"a system designed to capture, store, analyse, and present spatial or geographic data","the breaking down of rocks, soil, and minerals through contact with the Earth's atmosphere, water, and biological organisms",C,"a GIS (Geographic Information System) is: a system designed to capture, store, analyse, and present spatial or geographic data",Social Science,Geography
"Which term matches this description: ""the provision of small loans and financial services to individuals who lack access to traditional banking""?",liberalisation,Gross Domestic Product (GDP),microfinance,disinvestment,C,The description matches microfinance: the provision of small loans and financial services to individuals who lack access to traditional banking,Social Science,Economics
The Kaveri river primarily flows through which country/region?,Egypt/Africa,Africa,Russia,India,D,The Kaveri flows primarily through India.,Social Science,Rivers of the World
"Which Indian state/union territory has its capital at Chandigarh, located in North India?",Haryana,Karnataka,Uttar Pradesh,Jharkhand,A,"Chandigarh, the capital of Haryana, is located in North India.",Social Science,Indian States and Capitals
"Which term matches this description: ""as inflation rises, the same amount of money buys fewer goods and services over time""?",a market economy,inflation's effect on purchasing power,microeconomics,a trade deficit,B,"The description matches inflation's effect on purchasing power: as inflation rises, the same amount of money buys fewer goods and services over time",Social Science,Economics
"Which Indian state/union territory has its capital at Puducherry, located in South India?",Andaman and Nicobar Islands,Odisha,Karnataka,Puducherry,D,"Puducherry, the capital of Puducherry, is located in South India.",Social Science,Indian States and Capitals
Gangtok is the capital of which Indian state/union territory?,Sikkim,Andhra Pradesh,Tripura,Maharashtra,A,Gangtok is the capital of Sikkim.,Social Science,Indian States and Capitals
"Which term matches this description: ""the branch of government responsible for enforcing laws and administering government policy""?",the executive branch,the term 'ombudsman',the concept of 'welfare state',the term 'zero hour',A,The description matches the executive branch: the branch of government responsible for enforcing laws and administering government policy,Social Science,Civics
"Which term matches this description: ""a system designed to capture, store, analyse, and present spatial or geographic data""?",desertification,the Deccan Plateau,a GIS (Geographic Information System),a natural vegetation zone,C,"The description matches a GIS (Geographic Information System): a system designed to capture, store, analyse, and present spatial or geographic data",Social Science,Geography
The Nile river primarily flows through which country/region?,India/Pakistan,Egypt/Africa,United States,Africa,B,The Nile flows primarily through Egypt/Africa.,Social Science,Rivers of the World
What is the Consumer Protection Act?,"significantly increased agricultural productivity in India through high-yield seeds, irrigation, and fertilisers","a tax collected by an intermediary from the person who bears the ultimate economic burden, such as GST",a situation where a country's imports exceed its exports in value,Indian legislation designed to protect the interests of consumers against unfair trade practices,D,the Consumer Protection Act is: Indian legislation designed to protect the interests of consumers against unfair trade practices,Social Science,Economics
What is the tertiary sector of the economy?,an economic system that combines elements of both market and planned economies,"the sector involving the provision of services, such as banking, education, and healthcare","a policy think tank of the Government of India that replaced the Planning Commission, promoting cooperative federalism",a constitutional body that recommends how tax revenue should be distributed between the central and state governments,B,"the tertiary sector of the economy is: the sector involving the provision of services, such as banking, education, and healthcare",Social Science,Economics
Which major river flows through India and is called the 'Ganga'?,Sutlej,Brahmaputra,Ganga,Mississippi,C,The Ganga is a major river of India.,Social Science,Rivers of the World
"Which term matches this description: ""an introductory statement outlining the guiding principles of the Constitution, including justice, liberty, equality, and fraternity""?",the Preamble to the Indian Constitution,a referendum,the term 'no-confidence motion',the judiciary,A,"The description matches the Preamble to the Indian Constitution: an introductory statement outlining the guiding principles of the Constitution, including justice, liberty, equality, and fraternity",Social Science,Civics
What is the capital of Uttarakhand?,Panaji,Dehradun,Shillong,Kolkata,B,The capital of Uttarakhand is Dehradun.,Social Science,Indian States and Capitals
Which statement correctly describes plate tectonics?,the scientific theory describing the large-scale movement of Earth's lithospheric plates,"an imaginary line on Earth roughly following the 180° meridian, marking the change of calendar day",a layer of the stratosphere containing high concentrations of ozone that absorbs most of the Sun's harmful UV radiation,a large arid region in northwestern India and southeastern Pakistan,A,"By definition, plate tectonics is: the scientific theory describing the large-scale movement of Earth's lithospheric plates",Social Science,Geography
"Which term matches this description: ""a method of economic planning involving setting targets over a five-year period, historically used in India""?",the tertiary sector of the economy,the Finance Commission of India,a five-year plan,SEZ (Special Economic Zone),C,"The description matches a five-year plan: a method of economic planning involving setting targets over a five-year period, historically used in India",Social Science,Economics
Delhi is located in which region of India?,Northeast India,West India,South India,North India,D,Delhi is located in North India.,Social Science,Indian Geography
The Colorado River river primarily flows through which country/region?,Africa,China,South America,United States,D,The Colorado River flows primarily through United States.,Social Science,Rivers of the World
"Which term matches this description: ""an anti-corruption ombudsman institution in India that investigates complaints against public officials""?",a by-election,the Prime Minister of India,the Lokpal,a writ,C,The description matches the Lokpal: an anti-corruption ombudsman institution in India that investigates complaints against public officials,Social Science,Civics
Which statement correctly describes a wildlife sanctuary?,lines on a topographic map that connect points of equal elevation,a protected area established for the conservation of wildlife and their habitats,the process by which soil and rock are removed from the Earth's surface by natural forces like water and wind,a country that does not have direct access to an ocean or sea coastline,B,"By definition, a wildlife sanctuary is: a protected area established for the conservation of wildlife and their habitats",Social Science,Geography
"Which term matches this description: ""the process by which fertile land becomes desert, often due to drought, deforestation, or unsuitable agriculture""?",desertification,the Ring of Fire,contour lines on a map,a monsoon,A,"The description matches desertification: the process by which fertile land becomes desert, often due to drought, deforestation, or unsuitable agriculture",Social Science,Geography
"Which term matches this description: ""an agricultural system in which farmers pool resources and share profits collectively""?",foreign direct investment (FDI),the concept of opportunity cost,subsidies,cooperative farming,D,The description matches cooperative farming: an agricultural system in which farmers pool resources and share profits collectively,Social Science,Economics
"Which Indian state/union territory has its capital at Bhopal, located in Central India?",Haryana,Chandigarh,Madhya Pradesh,Maharashtra,C,"Bhopal, the capital of Madhya Pradesh, is located in Central India.",Social Science,Indian States and Capitals
"Fill in the blank: ______ refers to ""a marketplace where shares of publicly listed companies are bought and sold"".",Gross Domestic Product (GDP),the primary sector of the economy,the stock market,the term 'developing country',C,the stock market refers to: a marketplace where shares of publicly listed companies are bought and sold,Social Science,Economics
Which statement correctly describes the concept of separation of powers?,the division of government responsibilities into distinct branches to prevent concentration of power,"the upper house of India's Parliament, representing the states and union territories","a system ensuring that no single branch of government becomes too powerful, through mutual oversight",an organisation that seeks to gain political power by contesting elections and forming government,A,"By definition, the concept of separation of powers is: the division of government responsibilities into distinct branches to prevent concentration of power",Social Science,Civics
Jharkhand is located in which region of India?,Central India,Northeast India,West India,East India,D,Jharkhand is located in East India.,Social Science,Indian Geography
Which major river flows through India and is called the 'Brahmaputra'?,Euphrates,Congo,Godavari,Brahmaputra,D,The Brahmaputra is a major river of India.,Social Science,Rivers of the World
"Which term matches this description: ""investment made by a company or individual in one country into business interests located in another country""?",foreign direct investment (FDI),per capita income,the primary sector of the economy,globalisation,A,The description matches foreign direct investment (FDI): investment made by a company or individual in one country into business interests located in another country,Social Science,Economics
Which statement correctly describes an archipelago?,the ratio between distance on a map and the corresponding actual distance on the ground,a group or chain of islands,the long-term average weather conditions of a particular region,"the world's largest mangrove forest, spanning India and Bangladesh, home to the Bengal tiger",B,"By definition, an archipelago is: a group or chain of islands",Social Science,Geography
Tripura is located in which region of India?,Northeast India,North India,South India,Central India,A,Tripura is located in Northeast India.,Social Science,Indian Geography
Which statement correctly describes the ozone layer's location?,a layer of the stratosphere containing high concentrations of ozone that absorbs most of the Sun's harmful UV radiation,"an elevated area of relatively flat land, higher than the surrounding land","a biome characterised by extremely cold temperatures and low-growing vegetation, found in Arctic and alpine regions","the wearing away of the topsoil layer, often due to water, wind, or human activity",A,"By definition, the ozone layer's location is: a layer of the stratosphere containing high concentrations of ozone that absorbs most of the Sun's harmful UV radiation",Social Science,Geography
"Which term matches this description: ""policies aimed at improving opportunities for historically marginalised or underrepresented groups""?",human rights,a UNESCO World Heritage Site,the Swachh Bharat Abhiyan,affirmative action,D,The description matches affirmative action: policies aimed at improving opportunities for historically marginalised or underrepresented groups,Social Science,Society
"Which term matches this description: ""the quantity of a good or service that consumers are willing and able to purchase at a given price""?",macroeconomics,the concept of opportunity cost,demand in economics,subsidies,C,The description matches demand in economics: the quantity of a good or service that consumers are willing and able to purchase at a given price,Social Science,Economics
"Which term matches this description: ""an area of land where all the water drains to a common outlet, such as a river or lake""?",groundwater,contour lines on a map,a watershed,afforestation,C,"The description matches a watershed: an area of land where all the water drains to a common outlet, such as a river or lake",Social Science,Geography
Which major river flows through Africa and is called the 'Congo'?,Volga,Krishna,Ganga,Congo,D,The Congo is a major river of Africa.,Social Science,Rivers of the World
What is NITI Aayog?,"a policy think tank of the Government of India that replaced the Planning Commission, promoting cooperative federalism",a deliberate downward adjustment of a country's currency value relative to other currencies,"significantly increased agricultural productivity in India through high-yield seeds, irrigation, and fertilisers","economic activities that are not regulated or taxed by the government, often lacking formal contracts",A,"NITI Aayog is: a policy think tank of the Government of India that replaced the Planning Commission, promoting cooperative federalism",Social Science,Economics
"Fill in the blank: ______ refers to ""the movement of people from one place to another, often for work, education, or safety"".",child marriage,the Human Development Index (HDI),a nuclear family,migration in social terms,D,"migration in social terms refers to: the movement of people from one place to another, often for work, education, or safety",Social Science,Society
What is coastal erosion?,the scientific theory describing the large-scale movement of Earth's lithospheric plates,"the wearing away of land along a coastline due to the action of waves, currents, and tides",a layer of the stratosphere containing high concentrations of ozone that absorbs most of the Sun's harmful UV radiation,"a system designed to capture, store, analyse, and present spatial or geographic data",B,"coastal erosion is: the wearing away of land along a coastline due to the action of waves, currents, and tides",Social Science,Geography
"Which term matches this description: ""the process of transferring ownership of businesses or industries from the government to private entities""?",the concept of opportunity cost,the World Trade Organization (WTO),taxation,privatisation,D,The description matches privatisation: the process of transferring ownership of businesses or industries from the government to private entities,Social Science,Economics
"Which term matches this description: ""an elevated area of relatively flat land, higher than the surrounding land""?",a plateau,the Ring of Fire,a volcano,the Himalayas,A,"The description matches a plateau: an elevated area of relatively flat land, higher than the surrounding land",Social Science,Geography
What is a whip in politics?,"guidelines in the Indian Constitution intended to guide the government in creating a just society, though not legally enforceable",a governing concept in which the state plays a key role in protecting the economic and social well-being of its citizens,"a state in which supreme power is held by the people and their elected representatives, with an elected or nominated president",an official of a political party responsible for ensuring party members attend and vote according to the party line,D,a whip in politics is: an official of a political party responsible for ensuring party members attend and vote according to the party line,Social Science,Civics
Which statement correctly describes barter system?,an economic system that combines elements of both market and planned economies,an ancient system of trade involving the direct exchange of goods and services without using money,the value of the next best alternative that is given up when a choice is made,"significantly increased agricultural productivity in India through high-yield seeds, irrigation, and fertilisers",B,"By definition, barter system is: an ancient system of trade involving the direct exchange of goods and services without using money",Social Science,Economics
"Which term matches this description: ""a law promulgated by the President or Governor when the legislature is not in session, subject to later approval""?",fundamental duties,an ordinance,the Comptroller and Auditor General (CAG),a pressure group,B,"The description matches an ordinance: a law promulgated by the President or Governor when the legislature is not in session, subject to later approval",Social Science,Civics
Which statement correctly describes civil liberties?,"a state in which supreme power is held by the people and their elected representatives, with an elected or nominated president","a system of government in which power is vested in the people, typically exercised through elected representatives","the imposition of direct military control over civilian functions, typically during emergencies","fundamental individual rights protected by law from government interference, such as freedom of speech",D,"By definition, civil liberties is: fundamental individual rights protected by law from government interference, such as freedom of speech",Social Science,Civics
Jammu and Kashmir is located in which region of India?,North India,East India,South India,Central India,A,Jammu and Kashmir is located in North India.,Social Science,Indian Geography
Mumbai is the capital of which Indian state/union territory?,Andhra Pradesh,Kerala,Odisha,Maharashtra,D,Mumbai is the capital of Maharashtra.,Social Science,Indian States and Capitals
What is a unicameral legislature?,a legislative body with only one chamber or house,"an introductory statement outlining the guiding principles of the Constitution, including justice, liberty, equality, and fraternity",an Indian law that allows citizens to request information from public authorities,the legal process by which a foreign national acquires citizenship of another country,A,a unicameral legislature is: a legislative body with only one chamber or house,Social Science,Civics
What is currency devaluation?,financial assistance provided by the government to reduce the cost of goods or services for consumers or producers,"a policy think tank of the Government of India that replaced the Planning Commission, promoting cooperative federalism",a deliberate downward adjustment of a country's currency value relative to other currencies,the process by which a government collects money from individuals and businesses to fund public services,C,currency devaluation is: a deliberate downward adjustment of a country's currency value relative to other currencies,Social Science,Economics
Which statement correctly describes a whip in politics?,the transfer of authority and responsibility from a central government to regional or local governments,"the highest judicial authority in India, responsible for interpreting the Constitution and delivering final judgments",an official of a political party responsible for ensuring party members attend and vote according to the party line,"a group of voters who consistently support a particular political party or candidate, often along caste, religious, or regional lines",C,"By definition, a whip in politics is: an official of a political party responsible for ensuring party members attend and vote according to the party line",Social Science,Civics
Which statement correctly describes a plateau?,water held underground in the soil or in pores and crevices in rock,"an elevated area of relatively flat land, higher than the surrounding land",an area that receives little rainfall because it lies on the leeward side of a mountain range,"the breaking down of rocks, soil, and minerals through contact with the Earth's atmosphere, water, and biological organisms",B,"By definition, a plateau is: an elevated area of relatively flat land, higher than the surrounding land",Social Science,Geography
What is federalism?,a system of government in which power is divided between a central authority and constituent political units,"a village-level body consisting of all registered voters in a Panchayat area, forming the base of local self-government in India","a state in which supreme power is held by the people and their elected representatives, with an elected or nominated president",the division of government responsibilities into distinct branches to prevent concentration of power,A,federalism is: a system of government in which power is divided between a central authority and constituent political units,Social Science,Civics
The Tigris river primarily flows through which country/region?,South America,Europe,Middle East,Africa,C,The Tigris flows primarily through Middle East.,Social Science,Rivers of the World
What is the equator?,a layer of the stratosphere containing high concentrations of ozone that absorbs most of the Sun's harmful UV radiation,a country that does not have direct access to an ocean or sea coastline,"an imaginary line around the middle of Earth, equidistant from the North and South Poles","the number of people living per unit area of land, such as per square kilometre",C,"the equator is: an imaginary line around the middle of Earth, equidistant from the North and South Poles",Social Science,Geography
"Fill in the blank: ______ refers to ""a group of voters who consistently support a particular political party or candidate, often along caste, religious, or regional lines"".",the term 'vote bank',Question Hour,a referendum,the anti-defection law,A,"the term 'vote bank' refers to: a group of voters who consistently support a particular political party or candidate, often along caste, religious, or regional lines",Social Science,Civics
"Fill in the blank: ______ refers to ""the process of transferring ownership of businesses or industries from the government to private entities"".",disinvestment,the informal sector of the economy,indirect tax,privatisation,D,privatisation refers to: the process of transferring ownership of businesses or industries from the government to private entities,Social Science,Economics
What is the ozone layer's location?,a layer of the stratosphere containing high concentrations of ozone that absorbs most of the Sun's harmful UV radiation,the process of planting trees in an area where there was previously no forest,"an imaginary line on Earth roughly following the 180° meridian, marking the change of calendar day","a piece of land almost surrounded by water, connected to the mainland on one side",A,the ozone layer's location is: a layer of the stratosphere containing high concentrations of ozone that absorbs most of the Sun's harmful UV radiation,Social Science,Geography
"Which term matches this description: ""guidelines in the Indian Constitution intended to guide the government in creating a just society, though not legally enforceable""?",the Preamble to the Indian Constitution,the term 'vote bank',public interest litigation (PIL),directive principles of state policy,D,"The description matches directive principles of state policy: guidelines in the Indian Constitution intended to guide the government in creating a just society, though not legally enforceable",Social Science,Civics
Which statement correctly describes the Right to Education (RTE) Act?,"basic rights and freedoms that belong to every person, regardless of nationality or other status","the marriage of individuals below the legal age, which is prohibited by law in most countries including India",an Indian law guaranteeing free and compulsory education to children aged 6 to 14,"a landmark or area with legal protection under an international convention, recognised for cultural or natural significance",C,"By definition, the Right to Education (RTE) Act is: an Indian law guaranteeing free and compulsory education to children aged 6 to 14",Social Science,Society
What is the capital of Ladakh?,Aizawl,Leh,Patna,Dehradun,B,The capital of Ladakh is Leh.,Social Science,Indian States and Capitals
Kohima is the capital of which Indian state/union territory?,Rajasthan,Haryana,Nagaland,Uttar Pradesh,C,Kohima is the capital of Nagaland.,Social Science,Indian States and Capitals
"Fill in the blank: ______ refers to ""a large-scale rotating storm system, known as a hurricane in the Atlantic and typhoon in the Pacific"".",the tundra biome,population density,a time zone,a cyclone,D,"a cyclone refers to: a large-scale rotating storm system, known as a hurricane in the Atlantic and typhoon in the Pacific",Social Science,Geography
"Which term matches this description: ""a system of government in which power is vested in the people, typically exercised through elected representatives""?",the term 'devolution of power',democracy,a monarchy,a bill in the legislative process,B,"The description matches democracy: a system of government in which power is vested in the people, typically exercised through elected representatives",Social Science,Civics
"Fill in the blank: ______ refers to ""the line of 0° longitude, from which east and west are measured, passing through Greenwich, England"".",a wetland,the Prime Meridian,the Himalayas,a watershed,B,"the Prime Meridian refers to: the line of 0° longitude, from which east and west are measured, passing through Greenwich, England",Social Science,Geography
Andhra Pradesh is located in which region of India?,West India,Central India,South India,North India,C,Andhra Pradesh is located in South India.,Social Science,Indian Geography
What is the term 'no-confidence motion'?,a parliamentary motion testing whether the government still holds majority support in the legislature,the power of courts to examine and invalidate laws or government actions that are unconstitutional,"a form of government with a king or queen as head of state, either as a ceremonial figure or with substantial powers",an electoral system in which parties gain seats in proportion to the number of votes they receive,A,the term 'no-confidence motion' is: a parliamentary motion testing whether the government still holds majority support in the legislature,Social Science,Civics
"Which term matches this description: ""an opening in the Earth's crust through which molten rock, ash, and gases can escape""?",plate tectonics,a volcano,a plateau,the savanna biome,B,"The description matches a volcano: an opening in the Earth's crust through which molten rock, ash, and gases can escape",Social Science,Geography
"Fill in the blank: ______ refers to ""an official appointed to investigate individuals' complaints against maladministration, especially in government institutions"".",proportional representation,a by-election,the Rajya Sabha,the term 'ombudsman',D,"the term 'ombudsman' refers to: an official appointed to investigate individuals' complaints against maladministration, especially in government institutions",Social Science,Civics
The Mississippi river primarily flows through which country/region?,Europe,United States,China,India/Pakistan,B,The Mississippi flows primarily through United States.,Social Science,Rivers of the World
"Which term matches this description: ""the gap between a government's total expenditure and its total revenue (excluding borrowings) in a given year""?",the informal sector of the economy,the Consumer Protection Act,the stock market,a fiscal deficit,D,The description matches a fiscal deficit: the gap between a government's total expenditure and its total revenue (excluding borrowings) in a given year,Social Science,Economics
"Fill in the blank: ______ refers to ""investment made by a company or individual in one country into business interests located in another country"".",land reforms in India,foreign direct investment (FDI),inflation's effect on purchasing power,the Consumer Protection Act,B,foreign direct investment (FDI) refers to: investment made by a company or individual in one country into business interests located in another country,Social Science,Economics
What is unemployment?,an agricultural system in which farmers pool resources and share profits collectively,an economic system in which decisions about production and pricing are guided by supply and demand,a marketplace where shares of publicly listed companies are bought and sold,a situation where people who are willing and able to work cannot find employment,D,unemployment is: a situation where people who are willing and able to work cannot find employment,Social Science,Economics
What is cultural diversity?,"the fair and just distribution of wealth, opportunities, and privileges within a society","basic rights and freedoms that belong to every person, regardless of nationality or other status",the existence of a variety of cultural or ethnic groups within a society,"a composite statistic used to rank countries based on life expectancy, education, and per capita income",C,cultural diversity is: the existence of a variety of cultural or ethnic groups within a society,Social Science,Society
Chennai is the capital of which Indian state/union territory?,Tamil Nadu,Maharashtra,Jammu and Kashmir,Himachal Pradesh,A,Chennai is the capital of Tamil Nadu.,Social Science,Indian States and Capitals
"Which Indian state/union territory has its capital at Bhubaneswar, located in East India?",Odisha,Uttar Pradesh,Meghalaya,Assam,A,"Bhubaneswar, the capital of Odisha, is located in East India.",Social Science,Indian States and Capitals
"Fill in the blank: ______ refers to ""Indian legislation designed to protect the interests of consumers against unfair trade practices"".",the Consumer Protection Act,the term 'demographic dividend',globalisation,foreign direct investment (FDI),A,the Consumer Protection Act refers to: Indian legislation designed to protect the interests of consumers against unfair trade practices,Social Science,Economics
Which statement correctly describes a republic?,an Indian law that allows citizens to request information from public authorities,"a state in which supreme power is held by the people and their elected representatives, with an elected or nominated president","the principle of separation between religion and the state, ensuring the state does not favour any particular religion","a village-level body consisting of all registered voters in a Panchayat area, forming the base of local self-government in India",B,"By definition, a republic is: a state in which supreme power is held by the people and their elected representatives, with an elected or nominated president",Social Science,Civics
Which statement correctly describes the Finance Commission of India?,a constitutional body that recommends how tax revenue should be distributed between the central and state governments,"the sector involving the provision of services, such as banking, education, and healthcare",the quantity of a good or service that producers are willing and able to offer for sale at a given price,an economic system in which decisions about production and pricing are guided by supply and demand,A,"By definition, the Finance Commission of India is: a constitutional body that recommends how tax revenue should be distributed between the central and state governments",Social Science,Economics
"Which term matches this description: ""the average income earned per person in a given area, calculated by dividing total income by population""?",the stock market,per capita income,land reforms in India,the Goods and Services Tax (GST),B,"The description matches per capita income: the average income earned per person in a given area, calculated by dividing total income by population",Social Science,Economics
What is fundamental duties?,"moral obligations of citizens outlined in a constitution, such as respecting the national flag and protecting the environment","the highest judicial authority in India, responsible for interpreting the Constitution and delivering final judgments","a law promulgated by the President or Governor when the legislature is not in session, subject to later approval","a bill dealing specifically with financial matters like taxation and government spending, which in India can only originate in the Lok Sabha",A,"fundamental duties is: moral obligations of citizens outlined in a constitution, such as respecting the national flag and protecting the environment",Social Science,Civics
What is affirmative action?,"a non-profit, voluntary organisation that operates independently of government, often addressing social issues",the ability of individuals or groups to move between different social or economic positions within a society,the existence of a variety of cultural or ethnic groups within a society,policies aimed at improving opportunities for historically marginalised or underrepresented groups,D,affirmative action is: policies aimed at improving opportunities for historically marginalised or underrepresented groups,Social Science,Society
"Fill in the blank: ______ refers to ""an area that receives little rainfall because it lies on the leeward side of a mountain range"".",a rain shadow region,a map's scale,groundwater,a volcano,A,a rain shadow region refers to: an area that receives little rainfall because it lies on the leeward side of a mountain range,Social Science,Geography
"Which term matches this description: ""the science and practice of drawing maps""?",a wildlife sanctuary,plate tectonics,cartography,the Himalayas,C,The description matches cartography: the science and practice of drawing maps,Social Science,Geography
"Fill in the blank: ______ refers to ""a historical social hierarchy in India that categorised people into groups, now legally abolished as a basis for discrimination"".",an NGO (Non-Governmental Organisation),the Beti Bachao Beti Padhao scheme,the caste system,child marriage,C,"the caste system refers to: a historical social hierarchy in India that categorised people into groups, now legally abolished as a basis for discrimination",Social Science,Society
"Which term matches this description: ""a country that does not have direct access to an ocean or sea coastline""?",plate tectonics,the term 'landlocked country',coastal erosion,a watershed,B,The description matches the term 'landlocked country': a country that does not have direct access to an ocean or sea coastline,Social Science,Geography
"Which term matches this description: ""the branch of government responsible for making laws""?",the Preamble to the Indian Constitution,civil liberties,a by-election,the legislative branch,D,The description matches the legislative branch: the branch of government responsible for making laws,Social Science,Civics
Lucknow is the capital of which Indian state/union territory?,Andaman and Nicobar Islands,Uttar Pradesh,Manipur,Tamil Nadu,B,Lucknow is the capital of Uttar Pradesh.,Social Science,Indian States and Capitals
Gujarat is located in which region of India?,West India,South India,Central India,North India,A,Gujarat is located in West India.,Social Science,Indian Geography
"Fill in the blank: ______ refers to ""the quantity of a good or service that producers are willing and able to offer for sale at a given price"".",inflation,supply in economics,the term 'demographic dividend',land reforms in India,B,supply in economics refers to: the quantity of a good or service that producers are willing and able to offer for sale at a given price,Social Science,Economics
"Fill in the blank: ______ refers to ""an introductory statement outlining the guiding principles of the Constitution, including justice, liberty, equality, and fraternity"".",the Preamble to the Indian Constitution,checks and balances,the Union Public Service Commission (UPSC),the term 'plebiscite',A,"the Preamble to the Indian Constitution refers to: an introductory statement outlining the guiding principles of the Constitution, including justice, liberty, equality, and fraternity",Social Science,Civics
What is inflation's effect on purchasing power?,"as inflation rises, the same amount of money buys fewer goods and services over time",the sector involving manufacturing and processing of raw materials into finished goods,"a nation with a lower standard of living, less industrial development, and lower income compared to developed nations","the sector involving the provision of services, such as banking, education, and healthcare",A,"inflation's effect on purchasing power is: as inflation rises, the same amount of money buys fewer goods and services over time",Social Science,Economics
What is per capita income?,"the process by which the government sells its stake in public sector enterprises, partially or fully",a government-managed system in India that distributes essential food grains and commodities at subsidised prices,"significantly increased agricultural productivity in India through high-yield seeds, irrigation, and fertilisers","the average income earned per person in a given area, calculated by dividing total income by population",D,"per capita income is: the average income earned per person in a given area, calculated by dividing total income by population",Social Science,Economics
What is erosion?,"the northernmost latitude at which the Sun can appear directly overhead, at approximately 23.5°N","a mountain range along the western coast of India, recognised as a UNESCO World Heritage biodiversity hotspot",the process by which soil and rock are removed from the Earth's surface by natural forces like water and wind,the decline in the quality or productivity of land due to human activities or natural processes,C,erosion is: the process by which soil and rock are removed from the Earth's surface by natural forces like water and wind,Social Science,Geography
"Which term matches this description: ""the fundamental set of principles or established precedents according to which a state is governed""?",a constitution,the Lokpal,political manifesto,democracy,A,The description matches a constitution: the fundamental set of principles or established precedents according to which a state is governed,Social Science,Civics
"Which term matches this description: ""the area where a river meets the sea, where freshwater and saltwater mix""?",a map's scale,a rain shadow region,the Thar Desert,an estuary,D,"The description matches an estuary: the area where a river meets the sea, where freshwater and saltwater mix",Social Science,Geography
"Which term matches this description: ""a layer of the stratosphere containing high concentrations of ozone that absorbs most of the Sun's harmful UV radiation""?",the ozone layer's location,a watershed,the Himalayas,the savanna biome,A,The description matches the ozone layer's location: a layer of the stratosphere containing high concentrations of ozone that absorbs most of the Sun's harmful UV radiation,Social Science,Geography
"Fill in the blank: ______ refers to ""a period in Indian parliamentary proceedings, immediately after Question Hour, when members can raise urgent matters"".",the term 'zero hour',democracy,the Lok Sabha,the judiciary,A,"the term 'zero hour' refers to: a period in Indian parliamentary proceedings, immediately after Question Hour, when members can raise urgent matters",Social Science,Civics
Which statement correctly describes a peninsula?,the decline in the quality or productivity of land due to human activities or natural processes,"a protected area of land set aside for conservation and recreational use, managed by the government",the science and practice of drawing maps,"a piece of land almost surrounded by water, connected to the mainland on one side",D,"By definition, a peninsula is: a piece of land almost surrounded by water, connected to the mainland on one side",Social Science,Geography
What is the capital of Karnataka?,Shillong,Bengaluru,Kolkata,Lucknow,B,The capital of Karnataka is Bengaluru.,Social Science,Indian States and Capitals
What is Question Hour?,"the status of being a legally recognised member of a country, entailing rights and responsibilities","the head of government of India, typically the leader of the majority party in the Lok Sabha","the first hour of a parliamentary sitting, during which members ask questions to ministers about government policy",an organisation that seeks to gain political power by contesting elections and forming government,C,"Question Hour is: the first hour of a parliamentary sitting, during which members ask questions to ministers about government policy",Social Science,Civics
"Fill in the blank: ______ refers to ""an independent constitutional body responsible for administering elections in India"".",political manifesto,federalism,habeas corpus,the Election Commission of India,D,the Election Commission of India refers to: an independent constitutional body responsible for administering elections in India,Social Science,Civics
"Which term matches this description: ""a mountain range in Asia that separates the Indian subcontinent from the Tibetan Plateau, home to Mount Everest""?",the International Date Line,plate tectonics,the Himalayas,the Deccan Plateau,C,"The description matches the Himalayas: a mountain range in Asia that separates the Indian subcontinent from the Tibetan Plateau, home to Mount Everest",Social Science,Geography
"Which term matches this description: ""an agreement between two or more countries to reduce or eliminate trade barriers such as tariffs""?",the term 'demographic dividend',the primary sector of the economy,a free trade agreement,Gross Domestic Product (GDP),C,The description matches a free trade agreement: an agreement between two or more countries to reduce or eliminate trade barriers such as tariffs,Social Science,Economics
"Fill in the blank: ______ refers to ""a designated area within a country that offers different economic regulations to encourage investment and exports"".",SEZ (Special Economic Zone),the term 'developing country',consumer rights,unemployment,A,SEZ (Special Economic Zone) refers to: a designated area within a country that offers different economic regulations to encourage investment and exports,Social Science,Economics
Which statement correctly describes the Mid-Day Meal Scheme?,"the hierarchical arrangement of individuals into social classes based on wealth, power, or status",development that meets present needs without compromising the ability of future generations to meet their own needs,"the fair and just distribution of wealth, opportunities, and privileges within a society",an Indian government programme providing free lunches to schoolchildren to improve nutrition and school attendance,D,"By definition, the Mid-Day Meal Scheme is: an Indian government programme providing free lunches to schoolchildren to improve nutrition and school attendance",Social Science,Society
What is the capital of Meghalaya?,Puducherry,Shillong,Port Blair,Bhubaneswar,B,The capital of Meghalaya is Shillong.,Social Science,Indian States and Capitals
What is the Goods and Services Tax (GST)?,the process by which a government collects money from individuals and businesses to fund public services,a constitutional body that recommends how tax revenue should be distributed between the central and state governments,a comprehensive indirect tax levied on the supply of goods and services in India,an organisation owned and operated by a group of individuals for their mutual benefit,C,the Goods and Services Tax (GST) is: a comprehensive indirect tax levied on the supply of goods and services in India,Social Science,Economics
What is a municipal corporation?,a local self-government body responsible for administering urban areas,"a law promulgated by the President or Governor when the legislature is not in session, subject to later approval","the sudden, illegal seizure of power from a government, often by military force","a state in which supreme power is held by the people and their elected representatives, with an elected or nominated president",A,a municipal corporation is: a local self-government body responsible for administering urban areas,Social Science,Civics
What is taxation?,the process of transferring ownership of businesses or industries from the government to private entities,a comprehensive indirect tax levied on the supply of goods and services in India,a constitutional body that recommends how tax revenue should be distributed between the central and state governments,the process by which a government collects money from individuals and businesses to fund public services,D,taxation is: the process by which a government collects money from individuals and businesses to fund public services,Social Science,Economics
Which statement correctly describes universal adult suffrage?,"the ceremonial head of state of India, elected indirectly by an electoral college","the right of all adult citizens to vote, regardless of gender, race, or social status","fundamental individual rights protected by law from government interference, such as freedom of speech",the power of courts to examine and invalidate laws or government actions that are unconstitutional,B,"By definition, universal adult suffrage is: the right of all adult citizens to vote, regardless of gender, race, or social status",Social Science,Civics
Which statement correctly describes the term 'demographic dividend'?,the provision of small loans and financial services to individuals who lack access to traditional banking,a marketplace where shares of publicly listed companies are bought and sold,a designated area within a country that offers different economic regulations to encourage investment and exports,the economic growth potential that results from a shift in a population's age structure toward a larger working-age population,D,"By definition, the term 'demographic dividend' is: the economic growth potential that results from a shift in a population's age structure toward a larger working-age population",Social Science,Economics
"Fill in the blank: ______ refers to ""a government-managed system in India that distributes essential food grains and commodities at subsidised prices"".",the Consumer Protection Act,public distribution system (PDS),land reforms in India,per capita income,B,public distribution system (PDS) refers to: a government-managed system in India that distributes essential food grains and commodities at subsidised prices,Social Science,Economics
"Which term matches this description: ""water held underground in the soil or in pores and crevices in rock""?",a rain shadow region,groundwater,weathering,a national park,B,The description matches groundwater: water held underground in the soil or in pores and crevices in rock,Social Science,Geography
Raipur is the capital of which Indian state/union territory?,Chhattisgarh,Karnataka,Andhra Pradesh,Maharashtra,A,Raipur is the capital of Chhattisgarh.,Social Science,Indian States and Capitals
West Bengal is located in which region of India?,South India,Central India,East India,Northeast India,C,West Bengal is located in East India.,Social Science,Indian Geography
"Which term matches this description: ""densely populated urban areas characterised by substandard housing and poor living conditions""?",urban slums,child marriage,multiculturalism,a nuclear family,A,The description matches urban slums: densely populated urban areas characterised by substandard housing and poor living conditions,Social Science,Society
Which statement correctly describes NITI Aayog?,the provision of small loans and financial services to individuals who lack access to traditional banking,an agricultural system in which farmers pool resources and share profits collectively,"a policy think tank of the Government of India that replaced the Planning Commission, promoting cooperative federalism","the sector involving the provision of services, such as banking, education, and healthcare",C,"By definition, NITI Aayog is: a policy think tank of the Government of India that replaced the Planning Commission, promoting cooperative federalism",Social Science,Economics
"Which term matches this description: ""the manipulation of electoral district boundaries to favour a particular political party or group""?",a bill in the legislative process,the Rajya Sabha,the term 'gerrymandering',a by-election,C,The description matches the term 'gerrymandering': the manipulation of electoral district boundaries to favour a particular political party or group,Social Science,Civics
Which statement correctly describes the judiciary?,the central agency responsible for recruiting officers for India's civil services,a law in India that disqualifies elected members who defect from their political party,the branch of government responsible for interpreting and applying the law through courts,"the head of government of India, typically the leader of the majority party in the Lok Sabha",C,"By definition, the judiciary is: the branch of government responsible for interpreting and applying the law through courts",Social Science,Civics
Dehradun is the capital of which Indian state/union territory?,Telangana,Uttarakhand,Jammu and Kashmir,Puducherry,B,Dehradun is the capital of Uttarakhand.,Social Science,Indian States and Capitals
What is judicial review?,"legal rights that protect creations of the mind, such as inventions, literary works, and trademarks",the power of courts to examine and invalidate laws or government actions that are unconstitutional,a system of government in which power is divided between a central authority and constituent political units,"a formal written order issued by a court, such as habeas corpus, used to enforce rights",B,judicial review is: the power of courts to examine and invalidate laws or government actions that are unconstitutional,Social Science,Civics
What is the capital of Delhi?,Bhopal,Raipur,New Delhi,Patna,C,The capital of Delhi is New Delhi.,Social Science,Indian States and Capitals
"Fill in the blank: ______ refers to ""the existence of a variety of cultural or ethnic groups within a society"".",human rights,cultural diversity,the Right to Education (RTE) Act,child labour,B,cultural diversity refers to: the existence of a variety of cultural or ethnic groups within a society,Social Science,Society
Which statement correctly describes the Tropic of Cancer?,"the northernmost latitude at which the Sun can appear directly overhead, at approximately 23.5°N","an imaginary line on Earth roughly following the 180° meridian, marking the change of calendar day","a mountain range along the western coast of India, recognised as a UNESCO World Heritage biodiversity hotspot",imaginary vertical lines on Earth's surface used to measure distance east or west of the Prime Meridian,A,"By definition, the Tropic of Cancer is: the northernmost latitude at which the Sun can appear directly overhead, at approximately 23.5°N",Social Science,Geography
"Which term matches this description: ""a material or substance occurring in nature that can be used for economic gain, such as minerals, forests, or water""?",the International Date Line,urbanisation,weather,a natural resource,D,"The description matches a natural resource: a material or substance occurring in nature that can be used for economic gain, such as minerals, forests, or water",Social Science,Geography
What is a natural vegetation zone?,imaginary vertical lines on Earth's surface used to measure distance east or west of the Prime Meridian,a region characterised by specific types of plant life determined by climate and soil conditions,a group or chain of islands,"the area where a river meets the sea, where freshwater and saltwater mix",B,a natural vegetation zone is: a region characterised by specific types of plant life determined by climate and soil conditions,Social Science,Geography
"Which Indian state/union territory has its capital at Chennai, located in South India?",Manipur,Tamil Nadu,Odisha,Himachal Pradesh,B,"Chennai, the capital of Tamil Nadu, is located in South India.",Social Science,Indian States and Capitals
"Which term matches this description: ""the increasing movement of people from rural to urban areas, leading to the growth of cities""?",the Deccan Plateau,climate,urbanisation,groundwater,C,"The description matches urbanisation: the increasing movement of people from rural to urban areas, leading to the growth of cities",Social Science,Geography
Srinagar (summer)/Jammu (winter) is the capital of which Indian state/union territory?,Delhi,Jammu and Kashmir,Odisha,Puducherry,B,Srinagar (summer)/Jammu (winter) is the capital of Jammu and Kashmir.,Social Science,Indian States and Capitals
Which statement correctly describes the informal sector of the economy?,a general and sustained increase in the price level of goods and services in an economy over time,"economic activities that are not regulated or taxed by the government, often lacking formal contracts",an agricultural system in which farmers pool resources and share profits collectively,financial assistance provided by the government to reduce the cost of goods or services for consumers or producers,B,"By definition, the informal sector of the economy is: economic activities that are not regulated or taxed by the government, often lacking formal contracts",Social Science,Economics
Which statement correctly describes microfinance?,the provision of small loans and financial services to individuals who lack access to traditional banking,policies aimed at redistributing agricultural land and abolishing intermediary landlordism after independence,investment made by a company or individual in one country into business interests located in another country,"the branch of economics that studies the economy as a whole, including national income, inflation, and unemployment",A,"By definition, microfinance is: the provision of small loans and financial services to individuals who lack access to traditional banking",Social Science,Economics
What is a monarchy?,"the status of being a legally recognised member of a country, entailing rights and responsibilities","a form of government with a king or queen as head of state, either as a ceremonial figure or with substantial powers",the legal process by which a foreign national acquires citizenship of another country,"a system of local self-government in rural India, operating at village, block, and district levels",B,"a monarchy is: a form of government with a king or queen as head of state, either as a ceremonial figure or with substantial powers",Social Science,Civics
"Which term matches this description: ""the lower house of India's Parliament, whose members are directly elected by the people""?",the term 'coup d'état',the Lok Sabha,the term 'ombudsman',federalism,B,"The description matches the Lok Sabha: the lower house of India's Parliament, whose members are directly elected by the people",Social Science,Civics
"Which term matches this description: ""the imposition of direct military control over civilian functions, typically during emergencies""?",the term 'martial law',a bicameral legislature,a pressure group,Question Hour,A,"The description matches the term 'martial law': the imposition of direct military control over civilian functions, typically during emergencies",Social Science,Civics
"Which term matches this description: ""the marriage of individuals below the legal age, which is prohibited by law in most countries including India""?",child marriage,the Right to Education (RTE) Act,secular education,migration in social terms,A,"The description matches child marriage: the marriage of individuals below the legal age, which is prohibited by law in most countries including India",Social Science,Society
Which statement correctly describes the tundra biome?,"the southernmost latitude at which the Sun can appear directly overhead, at approximately 23.5°S","an opening in the Earth's crust through which molten rock, ash, and gases can escape","a biome characterised by extremely cold temperatures and low-growing vegetation, found in Arctic and alpine regions",imaginary horizontal lines on Earth's surface used to measure distance north or south of the equator,C,"By definition, the tundra biome is: a biome characterised by extremely cold temperatures and low-growing vegetation, found in Arctic and alpine regions",Social Science,Geography
Which statement correctly describes a political party?,"the status of being a legally recognised member of a country, entailing rights and responsibilities","a direct vote by citizens on a significant political question, such as territorial or constitutional changes","an official appointed to investigate individuals' complaints against maladministration, especially in government institutions",an organisation that seeks to gain political power by contesting elections and forming government,D,"By definition, a political party is: an organisation that seeks to gain political power by contesting elections and forming government",Social Science,Civics
"Which term matches this description: ""a general decrease in the price level of goods and services in an economy""?",a free trade agreement,the Finance Commission of India,the Green Revolution's impact,deflation,D,The description matches deflation: a general decrease in the price level of goods and services in an economy,Social Science,Economics
What is women's suffrage?,"the hierarchical arrangement of individuals into social classes based on wealth, power, or status",the gap between individuals who have access to modern information technology and those who do not,"the movement of people from one place to another, often for work, education, or safety","the right of women to vote in elections, achieved at different times in different countries",D,"women's suffrage is: the right of women to vote in elections, achieved at different times in different countries",Social Science,Society
What is the Right to Education (RTE) Act?,the employment of children in work that deprives them of their childhood and is harmful to their development,an income threshold below which a person or household is considered to be living in poverty,a nationwide sanitation and cleanliness campaign launched by the Government of India in 2014,an Indian law guaranteeing free and compulsory education to children aged 6 to 14,D,the Right to Education (RTE) Act is: an Indian law guaranteeing free and compulsory education to children aged 6 to 14,Social Science,Society
What is the capital of Jharkhand?,Shimla,Gandhinagar,Hyderabad,Ranchi,D,The capital of Jharkhand is Ranchi.,Social Science,Indian States and Capitals
"Which term matches this description: ""a non-profit, voluntary organisation that operates independently of government, often addressing social issues""?",an NGO (Non-Governmental Organisation),a refugee,women's suffrage,sustainable development,A,"The description matches an NGO (Non-Governmental Organisation): a non-profit, voluntary organisation that operates independently of government, often addressing social issues",Social Science,Society
Kolkata is the capital of which Indian state/union territory?,Manipur,Andhra Pradesh,Rajasthan,West Bengal,D,Kolkata is the capital of West Bengal.,Social Science,Indian States and Capitals
Which major river flows through China and is called the 'Yellow River (Huang He)'?,Murray,Brahmaputra,Zambezi,Yellow River (Huang He),D,The Yellow River (Huang He) is a major river of China.,Social Science,Rivers of the World
"Which term matches this description: ""a historical social hierarchy in India that categorised people into groups, now legally abolished as a basis for discrimination""?",a nuclear family,multiculturalism,the Beti Bachao Beti Padhao scheme,the caste system,D,"The description matches the caste system: a historical social hierarchy in India that categorised people into groups, now legally abolished as a basis for discrimination",Social Science,Society
Which statement correctly describes an estuary?,"the number of people living per unit area of land, such as per square kilometre",a seasonal wind pattern that brings heavy rainfall to regions such as South Asia during certain months,"the line of 0° longitude, from which east and west are measured, passing through Greenwich, England","the area where a river meets the sea, where freshwater and saltwater mix",D,"By definition, an estuary is: the area where a river meets the sea, where freshwater and saltwater mix",Social Science,Geography
"Which term matches this description: ""the process by which soil and rock are removed from the Earth's surface by natural forces like water and wind""?",a map's scale,the Tropic of Cancer,the Ring of Fire,erosion,D,The description matches erosion: the process by which soil and rock are removed from the Earth's surface by natural forces like water and wind,Social Science,Geography
Which statement correctly describes a rain shadow region?,a group or chain of islands,an area that receives little rainfall because it lies on the leeward side of a mountain range,"the wearing away of the topsoil layer, often due to water, wind, or human activity","a sudden event caused by natural processes, such as an earthquake, flood, or cyclone, causing significant damage",B,"By definition, a rain shadow region is: an area that receives little rainfall because it lies on the leeward side of a mountain range",Social Science,Geography
"Fill in the blank: ______ refers to ""an official of a political party responsible for ensuring party members attend and vote according to the party line"".",the Rajya Sabha,habeas corpus,a whip in politics,a by-election,C,a whip in politics refers to: an official of a political party responsible for ensuring party members attend and vote according to the party line,Social Science,Civics
"Which term matches this description: ""the sector involving extraction of raw materials, such as agriculture, fishing, and mining""?",the primary sector of the economy,a free trade agreement,land reforms in India,the Goods and Services Tax (GST),A,"The description matches the primary sector of the economy: the sector involving extraction of raw materials, such as agriculture, fishing, and mining",Social Science,Economics
What is a political party?,an organisation that seeks to gain political power by contesting elections and forming government,a direct vote by the electorate on a particular political question or proposed law,"an electoral system in which the candidate with the most votes in a constituency wins, used in India's Lok Sabha elections","the imposition of direct military control over civilian functions, typically during emergencies",A,a political party is: an organisation that seeks to gain political power by contesting elections and forming government,Social Science,Civics
What is the capital of Himachal Pradesh?,Chennai,Lucknow,Shimla,Gangtok,C,The capital of Himachal Pradesh is Shimla.,Social Science,Indian States and Capitals
Which statement correctly describes taxation?,the total monetary value of all goods and services produced within a country in a given period,the gap between a government's total expenditure and its total revenue (excluding borrowings) in a given year,the sector involving manufacturing and processing of raw materials into finished goods,the process by which a government collects money from individuals and businesses to fund public services,D,"By definition, taxation is: the process by which a government collects money from individuals and businesses to fund public services",Social Science,Economics
"Which term matches this description: ""a deliberate downward adjustment of a country's currency value relative to other currencies""?",barter system,currency devaluation,the stock market,the informal sector of the economy,B,The description matches currency devaluation: a deliberate downward adjustment of a country's currency value relative to other currencies,Social Science,Economics
"Fill in the blank: ______ refers to ""policies aimed at improving opportunities for historically marginalised or underrepresented groups"".",sustainable development,affirmative action,women's suffrage,migration in social terms,B,affirmative action refers to: policies aimed at improving opportunities for historically marginalised or underrepresented groups,Social Science,Society
"Fill in the blank: ______ refers to ""a local self-government body responsible for administering urban areas"".",civil liberties,a municipal corporation,the Supreme Court of India,a coalition government,B,a municipal corporation refers to: a local self-government body responsible for administering urban areas,Social Science,Civics
Which statement correctly describes the term 'zero hour'?,the central agency responsible for recruiting officers for India's civil services,"a period in Indian parliamentary proceedings, immediately after Question Hour, when members can raise urgent matters","the right of all adult citizens to vote, regardless of gender, race, or social status","fundamental individual rights protected by law from government interference, such as freedom of speech",B,"By definition, the term 'zero hour' is: a period in Indian parliamentary proceedings, immediately after Question Hour, when members can raise urgent matters",Social Science,Civics
"Which term matches this description: ""a policy think tank of the Government of India that replaced the Planning Commission, promoting cooperative federalism""?",the Finance Commission of India,NITI Aayog,currency devaluation,disinvestment,B,"The description matches NITI Aayog: a policy think tank of the Government of India that replaced the Planning Commission, promoting cooperative federalism",Social Science,Economics
"Which term matches this description: ""the process of reducing government restrictions and control over economic activities""?",direct tax,liberalisation,foreign direct investment (FDI),land reforms in India,B,The description matches liberalisation: the process of reducing government restrictions and control over economic activities,Social Science,Economics
What is a trade deficit?,a situation where a country's imports exceed its exports in value,"the average income earned per person in a given area, calculated by dividing total income by population","a nation with a lower standard of living, less industrial development, and lower income compared to developed nations",policies aimed at redistributing agricultural land and abolishing intermediary landlordism after independence,A,a trade deficit is: a situation where a country's imports exceed its exports in value,Social Science,Economics
"Fill in the blank: ______ refers to ""a horseshoe-shaped zone around the Pacific Ocean known for frequent earthquakes and volcanic activity"".",the Ring of Fire,the Tropic of Capricorn,the equator,afforestation,A,the Ring of Fire refers to: a horseshoe-shaped zone around the Pacific Ocean known for frequent earthquakes and volcanic activity,Social Science,Geography
Jaipur is the capital of which Indian state/union territory?,Rajasthan,Manipur,Chhattisgarh,Ladakh,A,Jaipur is the capital of Rajasthan.,Social Science,Indian States and Capitals
Which major river flows through Europe and is called the 'Rhine'?,Rhine,Danube,Thames,Tigris,A,The Rhine is a major river of Europe.,Social Science,Rivers of the World
Which major river flows through Middle East and is called the 'Tigris'?,Sutlej,Ganga,Tigris,Danube,C,The Tigris is a major river of Middle East.,Social Science,Rivers of the World
What is human rights?,"a person who has fled their country due to war, persecution, or natural disaster and seeks safety elsewhere","the marriage of individuals below the legal age, which is prohibited by law in most countries including India","basic rights and freedoms that belong to every person, regardless of nationality or other status","the movement of people from one place to another, often for work, education, or safety",C,"human rights is: basic rights and freedoms that belong to every person, regardless of nationality or other status",Social Science,Society
Which statement correctly describes a wetland?,a portion of a country's territory that is geographically separated from the main part by surrounding foreign territory,"an area of land saturated with water, either permanently or seasonally, supporting unique plant and animal life","a mountain range along the western coast of India, recognised as a UNESCO World Heritage biodiversity hotspot",the long-term average weather conditions of a particular region,B,"By definition, a wetland is: an area of land saturated with water, either permanently or seasonally, supporting unique plant and animal life",Social Science,Geography
"Fill in the blank: ______ refers to ""a piece of land almost surrounded by water, connected to the mainland on one side"".",contour lines on a map,a peninsula,a monsoon,a map's scale,B,"a peninsula refers to: a piece of land almost surrounded by water, connected to the mainland on one side",Social Science,Geography
What is the Sundarbans?,a large arid region in northwestern India and southeastern Pakistan,"the world's largest mangrove forest, spanning India and Bangladesh, home to the Bengal tiger",imaginary vertical lines on Earth's surface used to measure distance east or west of the Prime Meridian,"a large naturally occurring community of flora and fauna adapted to a specific climate, such as a rainforest or tundra",B,"the Sundarbans is: the world's largest mangrove forest, spanning India and Bangladesh, home to the Bengal tiger",Social Science,Geography
What is Gross Domestic Product (GDP)?,the sector involving manufacturing and processing of raw materials into finished goods,the total monetary value of all goods and services produced within a country in a given period,an economic system in which decisions about production and pricing are guided by supply and demand,the process of reducing government restrictions and control over economic activities,B,Gross Domestic Product (GDP) is: the total monetary value of all goods and services produced within a country in a given period,Social Science,Economics
What is child marriage?,"a family unit consisting of two parents and their children, living separately from extended relatives","a historical social hierarchy in India that categorised people into groups, now legally abolished as a basis for discrimination",the percentage of a population that can read and write,"the marriage of individuals below the legal age, which is prohibited by law in most countries including India",D,"child marriage is: the marriage of individuals below the legal age, which is prohibited by law in most countries including India",Social Science,Society
What is afforestation?,the process by which soil and rock are removed from the Earth's surface by natural forces like water and wind,the process of planting trees in an area where there was previously no forest,"a town located at a higher elevation, often popular as a retreat from heat in warmer regions",imaginary vertical lines on Earth's surface used to measure distance east or west of the Prime Meridian,B,afforestation is: the process of planting trees in an area where there was previously no forest,Social Science,Geography
What is a republic?,"a state in which supreme power is held by the people and their elected representatives, with an elected or nominated president","a form of government with a king or queen as head of state, either as a ceremonial figure or with substantial powers","fundamental individual rights protected by law from government interference, such as freedom of speech",a direct vote by the electorate on a particular political question or proposed law,A,"a republic is: a state in which supreme power is held by the people and their elected representatives, with an elected or nominated president",Social Science,Civics
"Fill in the blank: ______ refers to ""a grassland biome with scattered trees, typically found in tropical and subtropical regions with a dry season"".",the Western Ghats,the term 'landlocked country',the savanna biome,erosion,C,"the savanna biome refers to: a grassland biome with scattered trees, typically found in tropical and subtropical regions with a dry season",Social Science,Geography
"Fill in the blank: ______ refers to ""an area of land where all the water drains to a common outlet, such as a river or lake"".",a watershed,the Ring of Fire,a plateau,urbanisation,A,"a watershed refers to: an area of land where all the water drains to a common outlet, such as a river or lake",Social Science,Geography
What is civil society?,"a person who has fled their country due to war, persecution, or natural disaster and seeks safety elsewhere","a system providing representation for historically disadvantaged groups in education, employment, and legislatures","the movement of people from one place to another, often for work, education, or safety",the collection of non-governmental organisations and institutions that represent citizens' interests and voluntary participation,D,civil society is: the collection of non-governmental organisations and institutions that represent citizens' interests and voluntary participation,Social Science,Society
Which major river flows through China and is called the 'Yangtze'?,Murray,Yangtze,Krishna,Narmada,B,The Yangtze is a major river of China.,Social Science,Rivers of the World
The Amazon river primarily flows through which country/region?,India,Egypt/Africa,Africa,South America,D,The Amazon flows primarily through South America.,Social Science,Rivers of the World
"Fill in the blank: ______ refers to ""the wearing away of land along a coastline due to the action of waves, currents, and tides"".",a plateau,coastal erosion,a national park,the term 'exclave',B,"coastal erosion refers to: the wearing away of land along a coastline due to the action of waves, currents, and tides",Social Science,Geography
"Fill in the blank: ______ refers to ""a system ensuring that no single branch of government becomes too powerful, through mutual oversight"".",the Supreme Court of India,naturalisation,a political party,checks and balances,D,"checks and balances refers to: a system ensuring that no single branch of government becomes too powerful, through mutual oversight",Social Science,Civics
Sikkim is located in which region of India?,West India,Central India,Northeast India,East India,C,Sikkim is located in Northeast India.,Social Science,Indian Geography
Which statement correctly describes the term 'no-confidence motion'?,a parliamentary motion testing whether the government still holds majority support in the legislature,the power of courts to examine and invalidate laws or government actions that are unconstitutional,"a formal written order issued by a court, such as habeas corpus, used to enforce rights","an electoral system in which the candidate with the most votes in a constituency wins, used in India's Lok Sabha elections",A,"By definition, the term 'no-confidence motion' is: a parliamentary motion testing whether the government still holds majority support in the legislature",Social Science,Civics
Bihar is located in which region of India?,North India,South India,East India,West India,C,Bihar is located in East India.,Social Science,Indian Geography
Which major river flows through Africa and is called the 'Zambezi'?,Sutlej,Kaveri,Congo,Zambezi,D,The Zambezi is a major river of Africa.,Social Science,Rivers of the World
Which statement correctly describes the Beti Bachao Beti Padhao scheme?,policies aimed at improving opportunities for historically marginalised or underrepresented groups,an Indian government initiative aimed at improving the welfare and education of girl children,"a historical social hierarchy in India that categorised people into groups, now legally abolished as a basis for discrimination","basic rights and freedoms that belong to every person, regardless of nationality or other status",B,"By definition, the Beti Bachao Beti Padhao scheme is: an Indian government initiative aimed at improving the welfare and education of girl children",Social Science,Society
"Which term matches this description: ""the power of courts to examine and invalidate laws or government actions that are unconstitutional""?",judicial review,fundamental rights,civil liberties,public interest litigation (PIL),A,The description matches judicial review: the power of courts to examine and invalidate laws or government actions that are unconstitutional,Social Science,Civics
What is weathering?,the scientific theory describing the large-scale movement of Earth's lithospheric plates,"the breaking down of rocks, soil, and minerals through contact with the Earth's atmosphere, water, and biological organisms",a portion of a country's territory that is geographically separated from the main part by surrounding foreign territory,"a biome characterised by extremely cold temperatures and low-growing vegetation, found in Arctic and alpine regions",B,"weathering is: the breaking down of rocks, soil, and minerals through contact with the Earth's atmosphere, water, and biological organisms",Social Science,Geography
Which statement correctly describes the equator?,"an imaginary line around the middle of Earth, equidistant from the North and South Poles","the world's largest mangrove forest, spanning India and Bangladesh, home to the Bengal tiger","a mountain range in Asia that separates the Indian subcontinent from the Tibetan Plateau, home to Mount Everest","an imaginary line on Earth roughly following the 180° meridian, marking the change of calendar day",A,"By definition, the equator is: an imaginary line around the middle of Earth, equidistant from the North and South Poles",Social Science,Geography
"Fill in the blank: ______ refers to ""basic rights and freedoms that belong to every person, regardless of nationality or other status"".",gender equality,cultural diversity,human rights,secular education,C,"human rights refers to: basic rights and freedoms that belong to every person, regardless of nationality or other status",Social Science,Society
Which statement correctly describes political manifesto?,"an electoral system in which the candidate with the most votes in a constituency wins, used in India's Lok Sabha elections","a public declaration of a political party's policies and intentions, usually released before an election","a legal action initiated in a court to protect public interest, often filed by individuals or organisations rather than affected parties","guidelines in the Indian Constitution intended to guide the government in creating a just society, though not legally enforceable",B,"By definition, political manifesto is: a public declaration of a political party's policies and intentions, usually released before an election",Social Science,Civics
What is an earthquake?,"an imaginary line around the middle of Earth, equidistant from the North and South Poles","a sudden shaking of the ground caused by movements within the Earth's crust, often along fault lines","the breaking down of rocks, soil, and minerals through contact with the Earth's atmosphere, water, and biological organisms",a large arid region in northwestern India and southeastern Pakistan,B,"an earthquake is: a sudden shaking of the ground caused by movements within the Earth's crust, often along fault lines",Social Science,Geography
What is land reforms in India?,an economic system in which decisions about production and pricing are guided by supply and demand,"the process of increasing interconnectedness and interdependence among countries through trade, investment, and communication",policies aimed at redistributing agricultural land and abolishing intermediary landlordism after independence,legal rights granted to protect buyers of goods and services from unfair practices,C,land reforms in India is: policies aimed at redistributing agricultural land and abolishing intermediary landlordism after independence,Social Science,Economics
What is the Finance Commission of India?,the value of the next best alternative that is given up when a choice is made,a situation where people who are willing and able to work cannot find employment,a constitutional body that recommends how tax revenue should be distributed between the central and state governments,the branch of economics that studies the behaviour of individual consumers and firms,C,the Finance Commission of India is: a constitutional body that recommends how tax revenue should be distributed between the central and state governments,Social Science,Economics
"Fill in the blank: ______ refers to ""the number of people living per unit area of land, such as per square kilometre"".",the Western Ghats,population density,the ozone layer's location,the tundra biome,B,"population density refers to: the number of people living per unit area of land, such as per square kilometre",Social Science,Geography
Which statement correctly describes the Himalayas?,a protected area established for the conservation of wildlife and their habitats,"a mountain range in Asia that separates the Indian subcontinent from the Tibetan Plateau, home to Mount Everest","an imaginary line on Earth roughly following the 180° meridian, marking the change of calendar day",imaginary horizontal lines on Earth's surface used to measure distance north or south of the equator,B,"By definition, the Himalayas is: a mountain range in Asia that separates the Indian subcontinent from the Tibetan Plateau, home to Mount Everest",Social Science,Geography
"Fill in the blank: ______ refers to ""a constitutional body that recommends how tax revenue should be distributed between the central and state governments"".",the World Trade Organization (WTO),demand in economics,globalisation,the Finance Commission of India,D,the Finance Commission of India refers to: a constitutional body that recommends how tax revenue should be distributed between the central and state governments,Social Science,Economics
What is intellectual property rights?,"legal rights that protect creations of the mind, such as inventions, literary works, and trademarks",the branch of government responsible for making laws,"a group of voters who consistently support a particular political party or candidate, often along caste, religious, or regional lines",a legislative body with only one chamber or house,A,"intellectual property rights is: legal rights that protect creations of the mind, such as inventions, literary works, and trademarks",Social Science,Civics
"Fill in the blank: ______ refers to ""the central agency responsible for recruiting officers for India's civil services"".",civil liberties,the Union Public Service Commission (UPSC),the Comptroller and Auditor General (CAG),the term 'coup d'état',B,the Union Public Service Commission (UPSC) refers to: the central agency responsible for recruiting officers for India's civil services,Social Science,Civics
"Fill in the blank: ______ refers to ""the manipulation of electoral district boundaries to favour a particular political party or group"".",a writ,civic sense,habeas corpus,the term 'gerrymandering',D,the term 'gerrymandering' refers to: the manipulation of electoral district boundaries to favour a particular political party or group,Social Science,Civics
"Which term matches this description: ""the collection of non-governmental organisations and institutions that represent citizens' interests and voluntary participation""?",social justice,civil society,social stratification,the Mid-Day Meal Scheme,B,The description matches civil society: the collection of non-governmental organisations and institutions that represent citizens' interests and voluntary participation,Social Science,Society
"Which term matches this description: ""development that meets present needs without compromising the ability of future generations to meet their own needs""?",child labour,literacy rate,sustainable development,urban slums,C,The description matches sustainable development: development that meets present needs without compromising the ability of future generations to meet their own needs,Social Science,Society
"Fill in the blank: ______ refers to ""India's central banking institution, responsible for regulating the money supply and banking sector"".",the tertiary sector of the economy,the stock market,the Reserve Bank of India (RBI),inflation,C,"the Reserve Bank of India (RBI) refers to: India's central banking institution, responsible for regulating the money supply and banking sector",Social Science,Economics
"Which term matches this description: ""an organisation owned and operated by a group of individuals for their mutual benefit""?",a free trade agreement,cooperative farming,the Reserve Bank of India (RBI),a cooperative society,D,The description matches a cooperative society: an organisation owned and operated by a group of individuals for their mutual benefit,Social Science,Economics
What is the term 'money bill'?,the fundamental set of principles or established precedents according to which a state is governed,"the right of all adult citizens to vote, regardless of gender, race, or social status","a bill dealing specifically with financial matters like taxation and government spending, which in India can only originate in the Lok Sabha","an individual's awareness of and responsibility toward maintaining public order, cleanliness, and community welfare",C,"the term 'money bill' is: a bill dealing specifically with financial matters like taxation and government spending, which in India can only originate in the Lok Sabha",Social Science,Civics
What is globalisation?,legal rights granted to protect buyers of goods and services from unfair practices,"the process of increasing interconnectedness and interdependence among countries through trade, investment, and communication","India's central banking institution, responsible for regulating the money supply and banking sector",a marketplace where shares of publicly listed companies are bought and sold,B,"globalisation is: the process of increasing interconnectedness and interdependence among countries through trade, investment, and communication",Social Science,Economics
What is an estuary?,a group or chain of islands,"a region of the globe that observes a uniform standard time for legal, commercial, and social purposes","a mountain range in Asia that separates the Indian subcontinent from the Tibetan Plateau, home to Mount Everest","the area where a river meets the sea, where freshwater and saltwater mix",D,"an estuary is: the area where a river meets the sea, where freshwater and saltwater mix",Social Science,Geography
What is the Attorney General of India?,the chief legal advisor to the Government of India,a proposed law that must be passed by the legislature before it can become an act,"the ceremonial head of state of India, elected indirectly by an electoral college",the principle that all individuals and institutions are subject to and accountable under the law,A,the Attorney General of India is: the chief legal advisor to the Government of India,Social Science,Civics
What is sustainable development?,"the fair and just distribution of wealth, opportunities, and privileges within a society",a policy or perspective that promotes the coexistence of diverse cultures within a single society,development that meets present needs without compromising the ability of future generations to meet their own needs,"the marriage of individuals below the legal age, which is prohibited by law in most countries including India",C,sustainable development is: development that meets present needs without compromising the ability of future generations to meet their own needs,Social Science,Society
Which statement correctly describes the concept of opportunity cost?,an agricultural system in which farmers pool resources and share profits collectively,a general and sustained increase in the price level of goods and services in an economy over time,a general decrease in the price level of goods and services in an economy,the value of the next best alternative that is given up when a choice is made,D,"By definition, the concept of opportunity cost is: the value of the next best alternative that is given up when a choice is made",Social Science,Economics
"Fill in the blank: ______ refers to ""a proposed law that must be passed by the legislature before it can become an act"".",a bill in the legislative process,a republic,the term 'gerrymandering',the Election Commission of India,A,a bill in the legislative process refers to: a proposed law that must be passed by the legislature before it can become an act,Social Science,Civics
"Fill in the blank: ______ refers to ""the fair and just distribution of wealth, opportunities, and privileges within a society"".",cultural diversity,social justice,multiculturalism,the Beti Bachao Beti Padhao scheme,B,"social justice refers to: the fair and just distribution of wealth, opportunities, and privileges within a society",Social Science,Society
"Which term matches this description: ""a direct vote by citizens on a significant political question, such as territorial or constitutional changes""?",a monarchy,federalism,democracy,the term 'plebiscite',D,"The description matches the term 'plebiscite': a direct vote by citizens on a significant political question, such as territorial or constitutional changes",Social Science,Civics
What is the capital of Telangana?,New Delhi,Kolkata,Hyderabad,Mumbai,C,The capital of Telangana is Hyderabad.,Social Science,Indian States and Capitals
"Fill in the blank: ______ refers to ""an organised group that seeks to influence public policy without seeking to hold political office themselves"".",the term 'vote bank',the Right to Information (RTI) Act,a pressure group,a republic,C,a pressure group refers to: an organised group that seeks to influence public policy without seeking to hold political office themselves,Social Science,Civics
The Volga river primarily flows through which country/region?,Russia,China,United States,England,A,The Volga flows primarily through Russia.,Social Science,Rivers of the World
What is the Deccan Plateau?,the science and practice of drawing maps,"a large-scale rotating storm system, known as a hurricane in the Atlantic and typhoon in the Pacific","a mountain range along the western coast of India, recognised as a UNESCO World Heritage biodiversity hotspot","a large plateau in southern India, bordered by the Western and Eastern Ghats",D,"the Deccan Plateau is: a large plateau in southern India, bordered by the Western and Eastern Ghats",Social Science,Geography
"Fill in the blank: ______ refers to ""the economic growth potential that results from a shift in a population's age structure toward a larger working-age population"".",a free trade agreement,the term 'demographic dividend',a fiscal deficit,the stock market,B,the term 'demographic dividend' refers to: the economic growth potential that results from a shift in a population's age structure toward a larger working-age population,Social Science,Economics
New Delhi is the capital of which Indian state/union territory?,Himachal Pradesh,Tamil Nadu,Kerala,Delhi,D,New Delhi is the capital of Delhi.,Social Science,Indian States and Capitals
"Which term matches this description: ""a system providing representation for historically disadvantaged groups in education, employment, and legislatures""?",cultural diversity,reservation policy in India,human rights,migration in social terms,B,"The description matches reservation policy in India: a system providing representation for historically disadvantaged groups in education, employment, and legislatures",Social Science,Society
What is the capital of Goa?,Kohima,Panaji,Imphal,New Delhi,B,The capital of Goa is Panaji.,Social Science,Indian States and Capitals
What is groundwater?,"an elevated area of relatively flat land, higher than the surrounding land","a large plateau in southern India, bordered by the Western and Eastern Ghats",water held underground in the soil or in pores and crevices in rock,an area that receives little rainfall because it lies on the leeward side of a mountain range,C,groundwater is: water held underground in the soil or in pores and crevices in rock,Social Science,Geography
Which statement correctly describes a nuclear family?,"a family unit consisting of two parents and their children, living separately from extended relatives","education that is free from religious instruction or bias, promoting equal treatment of all faiths","a composite statistic used to rank countries based on life expectancy, education, and per capita income","the state of equal access to rights, opportunities, and resources regardless of gender",A,"By definition, a nuclear family is: a family unit consisting of two parents and their children, living separately from extended relatives",Social Science,Society
"Fill in the blank: ______ refers to ""the collection of non-governmental organisations and institutions that represent citizens' interests and voluntary participation"".",civil society,digital divide,literacy rate,child marriage,A,civil society refers to: the collection of non-governmental organisations and institutions that represent citizens' interests and voluntary participation,Social Science,Society
"Which term matches this description: ""the existence of a variety of cultural or ethnic groups within a society""?",cultural diversity,the Right to Education (RTE) Act,civil society,social mobility,A,The description matches cultural diversity: the existence of a variety of cultural or ethnic groups within a society,Social Science,Society
Which statement correctly describes the term 'martial law'?,"moral obligations of citizens outlined in a constitution, such as respecting the national flag and protecting the environment","the ceremonial head of state of India, elected indirectly by an electoral college","a formal written order issued by a court, such as habeas corpus, used to enforce rights","the imposition of direct military control over civilian functions, typically during emergencies",D,"By definition, the term 'martial law' is: the imposition of direct military control over civilian functions, typically during emergencies",Social Science,Civics
The Brahmaputra river primarily flows through which country/region?,United States,South America,China,India,D,The Brahmaputra flows primarily through India.,Social Science,Rivers of the World
What is supply in economics?,financial assistance provided by the government to reduce the cost of goods or services for consumers or producers,the quantity of a good or service that producers are willing and able to offer for sale at a given price,"the average income earned per person in a given area, calculated by dividing total income by population","the sector involving the provision of services, such as banking, education, and healthcare",B,supply in economics is: the quantity of a good or service that producers are willing and able to offer for sale at a given price,Social Science,Economics
Which statement correctly describes the caste system?,the gap between individuals who have access to modern information technology and those who do not,"a historical social hierarchy in India that categorised people into groups, now legally abolished as a basis for discrimination","basic rights and freedoms that belong to every person, regardless of nationality or other status","the movement of people from one place to another, often for work, education, or safety",B,"By definition, the caste system is: a historical social hierarchy in India that categorised people into groups, now legally abolished as a basis for discrimination",Social Science,Society
"Which term matches this description: ""a large naturally occurring community of flora and fauna adapted to a specific climate, such as a rainforest or tundra""?",a biome,a GIS (Geographic Information System),a wetland,weather,A,"The description matches a biome: a large naturally occurring community of flora and fauna adapted to a specific climate, such as a rainforest or tundra",Social Science,Geography
What is urbanisation?,"a large naturally occurring community of flora and fauna adapted to a specific climate, such as a rainforest or tundra",the ratio between distance on a map and the corresponding actual distance on the ground,"the increasing movement of people from rural to urban areas, leading to the growth of cities","the line of 0° longitude, from which east and west are measured, passing through Greenwich, England",C,"urbanisation is: the increasing movement of people from rural to urban areas, leading to the growth of cities",Social Science,Geography
What is latitude?,the process of planting trees in an area where there was previously no forest,"the southernmost latitude at which the Sun can appear directly overhead, at approximately 23.5°S",a seasonal wind pattern that brings heavy rainfall to regions such as South Asia during certain months,imaginary horizontal lines on Earth's surface used to measure distance north or south of the equator,D,latitude is: imaginary horizontal lines on Earth's surface used to measure distance north or south of the equator,Social Science,Geography
"Which term matches this description: ""a tax collected by an intermediary from the person who bears the ultimate economic burden, such as GST""?",indirect tax,barter system,disinvestment,direct tax,A,"The description matches indirect tax: a tax collected by an intermediary from the person who bears the ultimate economic burden, such as GST",Social Science,Economics
"Fill in the blank: ______ refers to ""the process of collecting information about the Earth's surface using satellites or aircraft without direct contact"".",an estuary,the Himalayas,remote sensing,weathering,C,remote sensing refers to: the process of collecting information about the Earth's surface using satellites or aircraft without direct contact,Social Science,Geography
Which statement correctly describes a writ?,"a period in Indian parliamentary proceedings, immediately after Question Hour, when members can raise urgent matters",an official of a political party responsible for ensuring party members attend and vote according to the party line,"a formal written order issued by a court, such as habeas corpus, used to enforce rights",an organisation that seeks to gain political power by contesting elections and forming government,C,"By definition, a writ is: a formal written order issued by a court, such as habeas corpus, used to enforce rights",Social Science,Civics
"Fill in the blank: ______ refers to ""a legislative body consisting of two separate chambers or houses, such as India's Parliament"".",the Lok Sabha,the Comptroller and Auditor General (CAG),a bicameral legislature,the term 'no-confidence motion',C,"a bicameral legislature refers to: a legislative body consisting of two separate chambers or houses, such as India's Parliament",Social Science,Civics
"Which term matches this description: ""the process of planting trees in an area where there was previously no forest""?",afforestation,a monsoon,soil erosion,the savanna biome,A,The description matches afforestation: the process of planting trees in an area where there was previously no forest,Social Science,Geography
What is SEZ (Special Economic Zone)?,the quantity of a good or service that producers are willing and able to offer for sale at a given price,a designated area within a country that offers different economic regulations to encourage investment and exports,"significantly increased agricultural productivity in India through high-yield seeds, irrigation, and fertilisers",a general and sustained increase in the price level of goods and services in an economy over time,B,SEZ (Special Economic Zone) is: a designated area within a country that offers different economic regulations to encourage investment and exports,Social Science,Economics
Nagaland is located in which region of India?,East India,West India,Central India,Northeast India,D,Nagaland is located in Northeast India.,Social Science,Indian Geography
The Mekong river primarily flows through which country/region?,South America,Southeast Asia,Australia,England,B,The Mekong flows primarily through Southeast Asia.,Social Science,Rivers of the World
Itanagar is the capital of which Indian state/union territory?,Arunachal Pradesh,Jharkhand,Assam,Andaman and Nicobar Islands,A,Itanagar is the capital of Arunachal Pradesh.,Social Science,Indian States and Capitals
Which statement correctly describes the primary sector of the economy?,"the sector involving extraction of raw materials, such as agriculture, fishing, and mining",a situation where a country's imports exceed its exports in value,the branch of economics that studies the behaviour of individual consumers and firms,the value of the next best alternative that is given up when a choice is made,A,"By definition, the primary sector of the economy is: the sector involving extraction of raw materials, such as agriculture, fishing, and mining",Social Science,Economics
What is the International Date Line?,"the increasing movement of people from rural to urban areas, leading to the growth of cities","an imaginary line on Earth roughly following the 180° meridian, marking the change of calendar day","a region of the globe that observes a uniform standard time for legal, commercial, and social purposes",imaginary vertical lines on Earth's surface used to measure distance east or west of the Prime Meridian,B,"the International Date Line is: an imaginary line on Earth roughly following the 180° meridian, marking the change of calendar day",Social Science,Geography
What is a cooperative society?,Indian legislation designed to protect the interests of consumers against unfair trade practices,"a method of economic planning involving setting targets over a five-year period, historically used in India",an organisation owned and operated by a group of individuals for their mutual benefit,a deliberate downward adjustment of a country's currency value relative to other currencies,C,a cooperative society is: an organisation owned and operated by a group of individuals for their mutual benefit,Social Science,Economics
"Which term matches this description: ""an Indian law guaranteeing free and compulsory education to children aged 6 to 14""?",sustainable development,the caste system,the Right to Education (RTE) Act,a joint family system,C,The description matches the Right to Education (RTE) Act: an Indian law guaranteeing free and compulsory education to children aged 6 to 14,Social Science,Society
What is a pressure group?,"the imposition of direct military control over civilian functions, typically during emergencies","an official appointed to investigate individuals' complaints against maladministration, especially in government institutions","the highest judicial authority in India, responsible for interpreting the Constitution and delivering final judgments",an organised group that seeks to influence public policy without seeking to hold political office themselves,D,a pressure group is: an organised group that seeks to influence public policy without seeking to hold political office themselves,Social Science,Civics
"Which term matches this description: ""a proposed law that must be passed by the legislature before it can become an act""?",secularism,a political party,a bill in the legislative process,the concept of separation of powers,C,The description matches a bill in the legislative process: a proposed law that must be passed by the legislature before it can become an act,Social Science,Civics
What is the term 'coup d'état'?,"the sudden, illegal seizure of power from a government, often by military force","an electoral system in which the candidate with the most votes in a constituency wins, used in India's Lok Sabha elections","the first hour of a parliamentary sitting, during which members ask questions to ministers about government policy",the fundamental set of principles or established precedents according to which a state is governed,A,"the term 'coup d'état' is: the sudden, illegal seizure of power from a government, often by military force",Social Science,Civics
Which statement correctly describes climate?,the long-term average weather conditions of a particular region,"the line of 0° longitude, from which east and west are measured, passing through Greenwich, England","the northernmost latitude at which the Sun can appear directly overhead, at approximately 23.5°N","an area of land saturated with water, either permanently or seasonally, supporting unique plant and animal life",A,"By definition, climate is: the long-term average weather conditions of a particular region",Social Science,Geography
"Fill in the blank: ______ refers to ""a system providing representation for historically disadvantaged groups in education, employment, and legislatures"".",secular education,gender equality,an NGO (Non-Governmental Organisation),reservation policy in India,D,"reservation policy in India refers to: a system providing representation for historically disadvantaged groups in education, employment, and legislatures",Social Science,Society
What is a rain shadow region?,imaginary horizontal lines on Earth's surface used to measure distance north or south of the equator,"an area of land where all the water drains to a common outlet, such as a river or lake",an area that receives little rainfall because it lies on the leeward side of a mountain range,"the northernmost latitude at which the Sun can appear directly overhead, at approximately 23.5°N",C,a rain shadow region is: an area that receives little rainfall because it lies on the leeward side of a mountain range,Social Science,Geography
"Which term matches this description: ""a town located at a higher elevation, often popular as a retreat from heat in warmer regions""?",a hill station,soil erosion,weathering,an estuary,A,"The description matches a hill station: a town located at a higher elevation, often popular as a retreat from heat in warmer regions",Social Science,Geography
"Fill in the blank: ______ refers to ""a system of government in which power is divided between a central authority and constituent political units"".",federalism,the term 'no-confidence motion',civil liberties,a monarchy,A,federalism refers to: a system of government in which power is divided between a central authority and constituent political units,Social Science,Civics
"Which term matches this description: ""a system of government in which power is divided between a central authority and constituent political units""?",Question Hour,the term 'gerrymandering',public interest litigation (PIL),federalism,D,The description matches federalism: a system of government in which power is divided between a central authority and constituent political units,Social Science,Civics
"Fill in the blank: ______ refers to ""an organisation owned and operated by a group of individuals for their mutual benefit"".",a cooperative society,land reforms in India,inflation,NITI Aayog,A,a cooperative society refers to: an organisation owned and operated by a group of individuals for their mutual benefit,Social Science,Economics
Which statement correctly describes a cyclone?,"a sudden event caused by natural processes, such as an earthquake, flood, or cyclone, causing significant damage",a protected area established for the conservation of wildlife and their habitats,"a large-scale rotating storm system, known as a hurricane in the Atlantic and typhoon in the Pacific",the process by which soil and rock are removed from the Earth's surface by natural forces like water and wind,C,"By definition, a cyclone is: a large-scale rotating storm system, known as a hurricane in the Atlantic and typhoon in the Pacific",Social Science,Geography
Bhubaneswar is the capital of which Indian state/union territory?,Odisha,Arunachal Pradesh,Goa,Uttar Pradesh,A,Bhubaneswar is the capital of Odisha.,Social Science,Indian States and Capitals
"Fill in the blank: ______ refers to ""a general decrease in the price level of goods and services in an economy"".",the concept of opportunity cost,the informal sector of the economy,the secondary sector of the economy,deflation,D,deflation refers to: a general decrease in the price level of goods and services in an economy,Social Science,Economics
Which statement correctly describes the term 'vote bank'?,"the sudden, illegal seizure of power from a government, often by military force","a group of voters who consistently support a particular political party or candidate, often along caste, religious, or regional lines",the chief legal advisor to the Government of India,a proposed law that must be passed by the legislature before it can become an act,B,"By definition, the term 'vote bank' is: a group of voters who consistently support a particular political party or candidate, often along caste, religious, or regional lines",Social Science,Civics
"Which term matches this description: ""the total monetary value of all goods and services produced within a country in a given period""?",a market economy,the term 'demographic dividend',the Finance Commission of India,Gross Domestic Product (GDP),D,The description matches Gross Domestic Product (GDP): the total monetary value of all goods and services produced within a country in a given period,Social Science,Economics
Which statement correctly describes the term 'ombudsman'?,the power of courts to examine and invalidate laws or government actions that are unconstitutional,"the principle of separation between religion and the state, ensuring the state does not favour any particular religion","the sudden, illegal seizure of power from a government, often by military force","an official appointed to investigate individuals' complaints against maladministration, especially in government institutions",D,"By definition, the term 'ombudsman' is: an official appointed to investigate individuals' complaints against maladministration, especially in government institutions",Social Science,Civics
"Which term matches this description: ""basic rights and freedoms that belong to every person, regardless of nationality or other status""?",an NGO (Non-Governmental Organisation),social mobility,human rights,reservation policy in India,C,"The description matches human rights: basic rights and freedoms that belong to every person, regardless of nationality or other status",Social Science,Society
Which statement correctly describes the term 'exclave'?,"the increasing movement of people from rural to urban areas, leading to the growth of cities",the long-term average weather conditions of a particular region,a portion of a country's territory that is geographically separated from the main part by surrounding foreign territory,"the southernmost latitude at which the Sun can appear directly overhead, at approximately 23.5°S",C,"By definition, the term 'exclave' is: a portion of a country's territory that is geographically separated from the main part by surrounding foreign territory",Social Science,Geography
"Which term matches this description: ""the upper house of India's Parliament, representing the states and union territories""?",the Rajya Sabha,fundamental duties,proportional representation,directive principles of state policy,A,"The description matches the Rajya Sabha: the upper house of India's Parliament, representing the states and union territories",Social Science,Civics
"Fill in the blank: ______ refers to ""a protected area established for the conservation of wildlife and their habitats"".",a wildlife sanctuary,afforestation,the savanna biome,the term 'landlocked country',A,a wildlife sanctuary refers to: a protected area established for the conservation of wildlife and their habitats,Social Science,Geography
What is the Election Commission of India?,an independent constitutional body responsible for administering elections in India,the chief legal advisor to the Government of India,the branch of government responsible for making laws,"the status of being a legally recognised member of a country, entailing rights and responsibilities",A,the Election Commission of India is: an independent constitutional body responsible for administering elections in India,Social Science,Civics
"Which term matches this description: ""the sudden, illegal seizure of power from a government, often by military force""?",directive principles of state policy,the term 'coup d'état',checks and balances,Question Hour,B,"The description matches the term 'coup d'état': the sudden, illegal seizure of power from a government, often by military force",Social Science,Civics
Which major river flows through Europe and is called the 'Danube'?,Yamuna,Ganga,Danube,Amazon,C,The Danube is a major river of Europe.,Social Science,Rivers of the World
"Which term matches this description: ""the scientific theory describing the large-scale movement of Earth's lithospheric plates""?",plate tectonics,a delta,weathering,the Sundarbans,A,The description matches plate tectonics: the scientific theory describing the large-scale movement of Earth's lithospheric plates,Social Science,Geography
Which statement correctly describes a tsunami?,a landform created by the deposition of sediment at the mouth of a river as it enters a larger body of water,"the world's largest mangrove forest, spanning India and Bangladesh, home to the Bengal tiger","an area of land saturated with water, either permanently or seasonally, supporting unique plant and animal life",a series of large ocean waves caused by underwater disturbances such as earthquakes or volcanic eruptions,D,"By definition, a tsunami is: a series of large ocean waves caused by underwater disturbances such as earthquakes or volcanic eruptions",Social Science,Geography
The Danube river primarily flows through which country/region?,Middle East,India,England,Europe,D,The Danube flows primarily through Europe.,Social Science,Rivers of the World
What is habeas corpus?,an anti-corruption ombudsman institution in India that investigates complaints against public officials,"the head of government of India, typically the leader of the majority party in the Lok Sabha",a legal writ requiring a detained person to be brought before a court to determine if their detention is lawful,the transfer of authority and responsibility from a central government to regional or local governments,C,habeas corpus is: a legal writ requiring a detained person to be brought before a court to determine if their detention is lawful,Social Science,Civics
Which statement correctly describes intellectual property rights?,the legal process by which a foreign national acquires citizenship of another country,"legal rights that protect creations of the mind, such as inventions, literary works, and trademarks","an individual's awareness of and responsibility toward maintaining public order, cleanliness, and community welfare",an Indian law that allows citizens to request information from public authorities,B,"By definition, intellectual property rights is: legal rights that protect creations of the mind, such as inventions, literary works, and trademarks",Social Science,Civics
