Question,Option A,Option B,Option C,Option D,Correct Answer,Solution,Category,Subcategory
Which statement correctly describes a software update patch?,a small piece of code released to fix bugs or security vulnerabilities in existing software,a company or individual that sells software products or services,a distributed network of servers that delivers web content to users based on their geographic location,"software designed to manage computer hardware and provide a platform for application software, such as an operating system",A,"By definition, a software update patch is: a small piece of code released to fix bugs or security vulnerabilities in existing software",Software,Software Basics
"Fill in the blank: ______ refers to ""a mathematical notation used to describe the efficiency or complexity of an algorithm"".",hard-coding,a queue (data structure),a variable in programming,Big O notation,D,Big O notation refers to: a mathematical notation used to describe the efficiency or complexity of an algorithm,Software,Programming
Which file extension is typically used for a Microsoft PowerPoint presentation?,.txt,.log,.pptx,.iso,C,Files that are a Microsoft PowerPoint presentation typically use the extension '.pptx'.,Software,File Formats
Which statement correctly describes a programming language?,"a small, reusable block of source code that performs a specific function",a mechanism by which one class can acquire properties and behaviours from another class,"a formal language comprising a set of instructions used to produce various kinds of output, such as software programs","a high-level, general-purpose programming language known for its readability and wide use in data science and web development",C,"By definition, a programming language is: a formal language comprising a set of instructions used to produce various kinds of output, such as software programs",Software,Programming
Which statement correctly describes a syntax error?,a diagram that represents a process or algorithm using various symbols connected by arrows,"the bundling of data and methods that operate on that data within a single unit, restricting direct access to some components",an error caused by incorrect use of a programming language's grammar rules,a standard programming language used to manage and manipulate relational databases,C,"By definition, a syntax error is: an error caused by incorrect use of a programming language's grammar rules",Software,Programming
"Which term matches this description: ""software designed to run on multiple operating systems or platforms without modification""?",MongoDB,load balancing,cross-platform software,uptime,C,The description matches cross-platform software: software designed to run on multiple operating systems or platforms without modification,Software,Software Basics
"Fill in the blank: ______ refers to ""system software that manages computer hardware, software resources, and provides common services for programs"".",iOS,Windows,a file system,an operating system (OS),D,"an operating system (OS) refers to: system software that manages computer hardware, software resources, and provides common services for programs",Software,Operating Systems
"Which term matches this description: ""the practice of creating clear, structured documentation for technical products, such as user manuals""?",a repository (in version control),an API (Application Programming Interface),technical writing,a software architecture,C,"The description matches technical writing: the practice of creating clear, structured documentation for technical products, such as user manuals",Software,Software Development
What type of file typically has the extension '.css'?,a Microsoft Excel spreadsheet,a compressed image file (JPEG format),a stylesheet file used to style web pages,"a Scalable Vector Graphics file, used for resolution-independent images",C,A file with the extension '.css' is typically a stylesheet file used to style web pages.,Software,File Formats
"Which term matches this description: ""a package manager for JavaScript, used to install and manage software libraries and dependencies""?",malware,pip,a Trojan horse (malware),npm (Node Package Manager),D,"The description matches npm (Node Package Manager): a package manager for JavaScript, used to install and manage software libraries and dependencies",Software,Software Basics
Which statement correctly describes a build in software development?,an isolated testing environment that allows code to run without affecting the production system,"the process of converting source code into a standalone, executable software artefact",a short daily meeting in Agile development where team members discuss progress and blockers,"a version of software that is potentially ready for release, unless significant bugs are found",B,"By definition, a build in software development is: the process of converting source code into a standalone, executable software artefact",Software,Software Development
"Which term matches this description: ""a version of software that is potentially ready for release, unless significant bugs are found""?",load testing,a release candidate,continuous testing,a changelog,B,"The description matches a release candidate: a version of software that is potentially ready for release, unless significant bugs are found",Software,Software Development
"Which term matches this description: ""the process of reverting software to a previous stable version after a failed update or deployment""?",a rollback (in deployment),GitHub,a wireframe,continuous deployment (CD),A,The description matches a rollback (in deployment): the process of reverting software to a previous stable version after a failed update or deployment,Software,Software Development
Which statement correctly describes requirements gathering?,a tool that automatically reformats source code to follow consistent style guidelines,the person responsible for defining and prioritising the features of a product in Agile development,the process of determining the needs and expectations of stakeholders for a new software system,"written material that explains how software works, including its functionality, usage, and architecture",C,"By definition, requirements gathering is: the process of determining the needs and expectations of stakeholders for a new software system",Software,Software Development
What is a foreign key in a database?,"a field in one table that refers to the primary key in another table, establishing a relationship",software that secretly monitors and collects user information without their knowledge,"a package manager for JavaScript, used to install and manage software libraries and dependencies",the process of organising data to reduce redundancy and improve data integrity,A,"a foreign key in a database is: a field in one table that refers to the primary key in another table, establishing a relationship",Software,Software Basics
"Fill in the blank: ______ refers to ""an isolated testing environment that allows code to run without affecting the production system"".",a software requirement specification (SRS),a test case,a sandbox environment,white-box testing,C,a sandbox environment refers to: an isolated testing environment that allows code to run without affecting the production system,Software,Software Development
"Fill in the blank: ______ refers to ""a general-purpose programming language that extends the C language with object-oriented features"".",binary search,C++,a function in programming,Big O notation,B,C++ refers to: a general-purpose programming language that extends the C language with object-oriented features,Software,Programming
"Which term matches this description: ""a significant point or event in a project's timeline, marking progress toward completion""?",Agile methodology,a patch,a milestone in project management,a linter,C,"The description matches a milestone in project management: a significant point or event in a project's timeline, marking progress toward completion",Software,Software Development
Who is credited with creating the programming language C?,John McCarthy,"Robert Griesemer, Rob Pike, and Ken Thompson at Google",Dennis Ritchie,JetBrains,C,C is credited to Dennis Ritchie.,Software,Programming Languages
Which programming language was created by Brad Cox and Tom Love?,R,Objective-C,Pascal,C#,B,Objective-C was created by Brad Cox and Tom Love.,Software,Programming Languages
"Fill in the blank: ______ refers to ""software that is available for use at no cost, but not necessarily open-source"".",IaaS (Infrastructure as a Service),freeware,a computer virus,caching in software,B,"freeware refers to: software that is available for use at no cost, but not necessarily open-source",Software,Software Basics
What is software documentation?,a software testing method that examines functionality without looking at internal code structure,"a general, reusable solution to a commonly occurring problem in software design",a diagram used in software engineering to represent a user's interactions with a system,"written material that explains how software works, including its functionality, usage, and architecture",D,"software documentation is: written material that explains how software works, including its functionality, usage, and architecture",Software,Software Development
"Which term matches this description: ""software designed to detect, prevent, and remove malicious software from a computer""?",pip,a kernel,usability testing,antivirus software,D,"The description matches antivirus software: software designed to detect, prevent, and remove malicious software from a computer",Software,Application Software
What is PaaS (Platform as a Service)?,a package manager used to install and manage software packages written in Python,the process of distributing network or application traffic across multiple servers to ensure reliability,"a cloud computing model that provides a platform allowing developers to build, run, and manage applications",a type of malware that attaches itself to legitimate programs and replicates when the program is executed,C,"PaaS (Platform as a Service) is: a cloud computing model that provides a platform allowing developers to build, run, and manage applications",Software,Software Basics
What type of file typically has the extension '.iso'?,a disc image file,an Android application package file,an executable program file for Windows,a Portable Document Format file,A,A file with the extension '.iso' is typically a disc image file.,Software,File Formats
"Fill in the blank: ______ refers to ""an organised collection of structured data stored electronically for easy access and management"".",a virtual machine (VM),an environment variable,middleware,a database,D,a database refers to: an organised collection of structured data stored electronically for easy access and management,Software,Software Basics
Which file extension is typically used for a C++ programming language source code file?,.cpp,.pdf,.csv,.docx,A,Files that are a C++ programming language source code file typically use the extension '.cpp'.,Software,File Formats
"Fill in the blank: ______ refers to ""a widely used, class-based, object-oriented programming language designed to be platform-independent"".",an array,object-oriented programming (OOP),Java,inheritance in OOP,C,"Java refers to: a widely used, class-based, object-oriented programming language designed to be platform-independent",Software,Programming
Which statement correctly describes malware?,"a cloud computing model that provides a platform allowing developers to build, run, and manage applications",a widely used commercial relational database management system developed by Oracle Corporation,"malicious software designed to damage, disrupt, or gain unauthorised access to computer systems",a unique identifier for each record in a database table,C,"By definition, malware is: malicious software designed to damage, disrupt, or gain unauthorised access to computer systems",Software,Software Basics
"Fill in the blank: ______ refers to ""a software-based emulation of a physical computer, allowing multiple operating systems to run on one machine"".",a virtual machine (VM),a software vendor,a software license,a database,A,"a virtual machine (VM) refers to: a software-based emulation of a physical computer, allowing multiple operating systems to run on one machine",Software,Software Basics
"Fill in the blank: ______ refers to ""a package manager used to install and manage software packages written in Python"".",spyware,pip,a hypervisor,load balancing,B,pip refers to: a package manager used to install and manage software packages written in Python,Software,Software Basics
Which statement correctly describes continuous deployment (CD)?,a software testing method where individual components or functions are tested in isolation,the practice of diverging from the main line of development to work independently without affecting it,a software development practice where code changes are automatically deployed to production after passing tests,the systematic examination of source code by peers to identify bugs and improve quality,C,"By definition, continuous deployment (CD) is: a software development practice where code changes are automatically deployed to production after passing tests",Software,Software Development
What type of file typically has the extension '.java'?,"an eXtensible Markup Language file, used for structured data",a Python source code file,a compressed archive file,a Java source code file,D,A file with the extension '.java' is typically a Java source code file.,Software,File Formats
In approximately which year was the programming language Haskell created?,1990,1982,1987,1985,A,Haskell was created in approximately 1990.,Software,Programming Languages
Which statement correctly describes spyware?,"a popular platform used to develop, ship, and run applications inside containers",a popular open-source relational database management system,software that monitors and controls incoming and outgoing network traffic based on security rules,software that secretly monitors and collects user information without their knowledge,D,"By definition, spyware is: software that secretly monitors and collects user information without their knowledge",Software,Software Basics
"Which term matches this description: ""a program that translates source code written in a high-level programming language into machine code""?",pseudocode,a variable in programming,object-oriented programming (OOP),a compiler,D,The description matches a compiler: a program that translates source code written in a high-level programming language into machine code,Software,Programming
What is a test case?,a web-based platform for hosting and collaborating on Git repositories,a facilitator responsible for ensuring a Scrum team follows Agile practices and removing obstacles,a set of conditions and inputs used to determine whether a software feature works as intended,testing conducted to evaluate how easy and intuitive a software product is for real users,C,a test case is: a set of conditions and inputs used to determine whether a software feature works as intended,Software,Software Development
Which file extension is typically used for a plain text file?,.c,.txt,.gif,.csv,B,Files that are a plain text file typically use the extension '.txt'.,Software,File Formats
Which statement correctly describes a service level agreement (SLA)?,a cloud computing model that provides virtualised computing resources over the internet,a formal contract defining the expected level of service between a provider and a customer,a file used to set parameters and initial settings for a computer program,a lightweight virtualisation method that packages applications with their dependencies into isolated containers,B,"By definition, a service level agreement (SLA) is: a formal contract defining the expected level of service between a provider and a customer",Software,Software Basics
"Fill in the blank: ______ refers to ""software designed to manage computer hardware and provide a platform for application software, such as an operating system"".",proprietary software,client-server architecture,system software,application software,C,"system software refers to: software designed to manage computer hardware and provide a platform for application software, such as an operating system",Software,Software Basics
Which statement correctly describes a prototype in software development?,an early sample or model of a software product built to test a concept or process,an error or flaw in a program that causes it to behave unexpectedly,"a tool used to log, track, and manage software bugs throughout the development process",a document that typically explains what a software project does and how to use it,A,"By definition, a prototype in software development is: an early sample or model of a software product built to test a concept or process",Software,Software Development
"Fill in the blank: ______ refers to ""software used to organise, analyse, and store data in tabular form, such as Microsoft Excel"".",debugging,continuous testing,a spreadsheet application,the term 'stakeholder' in software projects,C,"a spreadsheet application refers to: software used to organise, analyse, and store data in tabular form, such as Microsoft Excel",Software,Application Software
What is a monolithic architecture?,"the process of restructuring existing code without changing its external behaviour, to improve readability or performance",the process of integrating changes from one branch into another in version control,an isolated testing environment that allows code to run without affecting the production system,a software architecture style where all components of an application are combined into a single unit,D,a monolithic architecture is: a software architecture style where all components of an application are combined into a single unit,Software,Software Development
Which statement correctly describes cross-platform software?,software designed to run on multiple operating systems or platforms without modification,a collection of instructions and programs used to operate computers and execute specific tasks,"software designed to help users perform specific tasks, such as word processors or web browsers",a type of software embedded directly into hardware devices to control their basic functions,A,"By definition, cross-platform software is: software designed to run on multiple operating systems or platforms without modification",Software,Software Basics
"Which term matches this description: ""a situation in version control where changes from different branches cannot be automatically combined""?",JIRA,a merge conflict,a bug in software,usability testing,B,The description matches a merge conflict: a situation in version control where changes from different branches cannot be automatically combined,Software,Software Development
What is normalization in databases?,the process of organising data to reduce redundancy and improve data integrity,a collection of instructions and programs used to operate computers and execute specific tasks,the process of storing frequently accessed data temporarily for faster future retrieval,"a release of new or improved code that fixes bugs, adds features, or improves security",A,normalization in databases is: the process of organising data to reduce redundancy and improve data integrity,Software,Software Basics
"Fill in the blank: ______ refers to ""a document that typically explains what a software project does and how to use it"".",a code repository's README file,a Gantt chart,a stand-up meeting,refactoring,A,a code repository's README file refers to: a document that typically explains what a software project does and how to use it,Software,Software Development
"Which term matches this description: ""software designed to help users perform specific tasks, such as word processors or web browsers""?",ransomware,internationalisation of software,application software,a computer virus,C,"The description matches application software: software designed to help users perform specific tasks, such as word processors or web browsers",Software,Software Basics
"Fill in the blank: ______ refers to ""a distributed network of servers that delivers web content to users based on their geographic location"".",a foreign key in a database,Kubernetes,a content delivery network (CDN),a software update,C,a content delivery network (CDN) refers to: a distributed network of servers that delivers web content to users based on their geographic location,Software,Software Basics
Which statement correctly describes inheritance in OOP?,a mechanism by which one class can acquire properties and behaviours from another class,"a high-level, general-purpose programming language known for its readability and wide use in data science and web development","a blueprint or template used to create objects, defining their properties and behaviours",a value in a program that does not change during execution,A,"By definition, inheritance in OOP is: a mechanism by which one class can acquire properties and behaviours from another class",Software,Programming
Which statement correctly describes JIRA?,a popular project management and issue-tracking tool used widely in Agile software development,testing conducted to ensure that new code changes have not adversely affected existing functionality,any individual or group with an interest in or affected by a software project's outcome,"a software design pattern that separates an application into three interconnected components: data, user interface, and logic",A,"By definition, JIRA is: a popular project management and issue-tracking tool used widely in Agile software development",Software,Software Development
What is an environment variable?,"a small-sized value derived from a block of data, used to detect errors introduced during transmission or storage",a value set outside a program that can affect how running processes behave on a computer,the process of storing frequently accessed data temporarily for faster future retrieval,"software whose source code is made publicly available for anyone to view, modify, and distribute",B,an environment variable is: a value set outside a program that can affect how running processes behave on a computer,Software,Software Basics
"Which term matches this description: ""a web-based platform for hosting and collaborating on Git repositories""?",the Singleton design pattern,Agile methodology,GitHub,continuous integration (CI),C,The description matches GitHub: a web-based platform for hosting and collaborating on Git repositories,Software,Software Development
"Fill in the blank: ______ refers to ""the process of integrating changes from one branch into another in version control"".",a wireframe,a sprint (in Scrum),merging (in Git),scrum,C,merging (in Git) refers to: the process of integrating changes from one branch into another in version control,Software,Software Development
What is a plugin?,software that monitors and controls incoming and outgoing network traffic based on security rules,a software component that adds specific features or functionality to an existing application,"a popular platform used to develop, ship, and run applications inside containers","software owned by an individual or company, with restricted rights to use, modify, or distribute it",B,a plugin is: a software component that adds specific features or functionality to an existing application,Software,Software Basics
"Fill in the blank: ______ refers to ""a unique identifier for each record in a database table"".",emulation software,a primary key in a database,a relational database,cross-platform software,B,a primary key in a database refers to: a unique identifier for each record in a database table,Software,Software Basics
Which statement correctly describes a software vendor?,a company or individual that sells software products or services,a distributed network of servers that delivers web content to users based on their geographic location,a unique identifier for each record in a database table,software that acts as a bridge between an operating system or database and applications,A,"By definition, a software vendor is: a company or individual that sells software products or services",Software,Software Basics
Which statement correctly describes a constant in programming?,a linear data structure that follows the First-In-First-Out (FIFO) principle,a reusable block of code designed to perform a specific task,"an algorithm that arranges elements of a list in a certain order, such as ascending or descending",a value in a program that does not change during execution,D,"By definition, a constant in programming is: a value in a program that does not change during execution",Software,Programming
What is shareware?,a lightweight virtualisation method that packages applications with their dependencies into isolated containers,"software distributed on a trial basis, often requiring payment for continued or full use",a network architecture in which each computer can act as both a client and a server,a small piece of code released to fix bugs or security vulnerabilities in existing software,B,"shareware is: software distributed on a trial basis, often requiring payment for continued or full use",Software,Software Basics
"Fill in the blank: ______ refers to ""a widely used commercial relational database management system developed by Oracle Corporation"".",emulation software,a firewall (software),middleware,Oracle Database,D,Oracle Database refers to: a widely used commercial relational database management system developed by Oracle Corporation,Software,Software Basics
What is a use case diagram?,a diagram used in software engineering to represent a user's interactions with a system,"a tool that analyses source code to flag programming errors, bugs, and stylistic issues",a short daily meeting in Agile development where team members discuss progress and blockers,a versioning scheme using a three-part number (major.minor.patch) to indicate the nature of software changes,A,a use case diagram is: a diagram used in software engineering to represent a user's interactions with a system,Software,Software Development
Which statement correctly describes an exception in programming?,a program that translates source code written in a high-level programming language into machine code,"an event that disrupts the normal flow of a program's execution, often handled using try-catch blocks","the bundling of data and methods that operate on that data within a single unit, restricting direct access to some components",a named storage location used to hold data that may change during program execution,B,"By definition, an exception in programming is: an event that disrupts the normal flow of a program's execution, often handled using try-catch blocks",Software,Programming
What is open-source software?,"a cloud computing model that provides a platform allowing developers to build, run, and manage applications","software whose source code is made publicly available for anyone to view, modify, and distribute","a package manager for JavaScript, used to install and manage software libraries and dependencies",software designed to run on multiple operating systems or platforms without modification,B,"open-source software is: software whose source code is made publicly available for anyone to view, modify, and distribute",Software,Software Basics
Which statement correctly describes Kubernetes?,"an open-source platform for automating the deployment, scaling, and management of containerised applications","the process of adapting software for a specific region or language, including translations and cultural adjustments",malware disguised as legitimate software to trick users into installing it,software designed to run on multiple operating systems or platforms without modification,A,"By definition, Kubernetes is: an open-source platform for automating the deployment, scaling, and management of containerised applications",Software,Software Basics
"Fill in the blank: ______ refers to ""a legal agreement that governs the use and distribution of software"".",IaaS (Infrastructure as a Service),system software,legacy software,a software license,D,a software license refers to: a legal agreement that governs the use and distribution of software,Software,Software Basics
"Which term matches this description: ""a piece of software that extends the capabilities of a larger software application, similar to a plugin""?",containerisation,localisation of software,middleware,an add-on,D,"The description matches an add-on: a piece of software that extends the capabilities of a larger software application, similar to a plugin",Software,Software Basics
Which statement correctly describes a code formatter?,a tool that automatically reformats source code to follow consistent style guidelines,"the high-level structure of a software system, defining its components and their relationships",the practice of diverging from the main line of development to work independently without affecting it,the process of evaluating software to identify defects and ensure it meets requirements,A,"By definition, a code formatter is: a tool that automatically reformats source code to follow consistent style guidelines",Software,Software Development
"Which term matches this description: ""a software testing method where individual components or functions are tested in isolation""?",unit testing,a release candidate,DevOps,white-box testing,A,The description matches unit testing: a software testing method where individual components or functions are tested in isolation,Software,Software Development
"Which term matches this description: ""a tool that automatically reformats source code to follow consistent style guidelines""?",a code formatter,load testing,JIRA,a sprint (in Scrum),A,The description matches a code formatter: a tool that automatically reformats source code to follow consistent style guidelines,Software,Software Development
What is load testing?,a software architecture style where all components of an application are combined into a single unit,the process of evaluating software to identify defects and ensure it meets requirements,any individual or group with an interest in or affected by a software project's outcome,a type of performance testing that evaluates how a system behaves under expected user loads,D,load testing is: a type of performance testing that evaluates how a system behaves under expected user loads,Software,Software Development
"Which term matches this description: ""a cloud computing model that provides a platform allowing developers to build, run, and manage applications""?",PaaS (Platform as a Service),Oracle Database,a package manager,a firewall (software),A,"The description matches PaaS (Platform as a Service): a cloud computing model that provides a platform allowing developers to build, run, and manage applications",Software,Software Basics
Which statement correctly describes Visual Studio Code?,the process of identifying and fixing errors or bugs in software code,a software testing method that examines internal code structure and logic,"a popular free source-code editor developed by Microsoft, widely used for software development","a snapshot of changes made to files in a repository, saved with a descriptive message",C,"By definition, Visual Studio Code is: a popular free source-code editor developed by Microsoft, widely used for software development",Software,Software Development
Which statement correctly describes localisation of software?,a design approach ensuring software interfaces adapt appropriately to different screen sizes and devices,a package manager used to install and manage software packages written in Python,"the process of adapting software for a specific region or language, including translations and cultural adjustments",the process of distributing network or application traffic across multiple servers to ensure reliability,C,"By definition, localisation of software is: the process of adapting software for a specific region or language, including translations and cultural adjustments",Software,Software Basics
Who is credited with creating the programming language Lua?,Dennis Ritchie,a committee led by Grace Hopper's influence,Bjarne Stroustrup,Roberto Ierusalimschy and colleagues,D,Lua is credited to Roberto Ierusalimschy and colleagues.,Software,Programming Languages
Which programming language was created by Dennis Ritchie?,Dart,BASIC,Lisp,C,D,C was created by Dennis Ritchie.,Software,Programming Languages
Which statement correctly describes middleware?,software that acts as a bridge between an operating system or database and applications,the process of converting data into a coded format to prevent unauthorised access,"malicious software designed to damage, disrupt, or gain unauthorised access to computer systems",older software that is still in use but may not be actively supported or updated,A,"By definition, middleware is: software that acts as a bridge between an operating system or database and applications",Software,Software Basics
"Which term matches this description: ""the bundling of data and methods that operate on that data within a single unit, restricting direct access to some components""?",encapsulation in OOP,a compiler,a compiler error,inheritance in OOP,A,"The description matches encapsulation in OOP: the bundling of data and methods that operate on that data within a single unit, restricting direct access to some components",Software,Programming
"Fill in the blank: ______ refers to ""an error caused by incorrect use of a programming language's grammar rules"".",a class in OOP,a syntax error,a queue (data structure),a loop in programming,B,a syntax error refers to: an error caused by incorrect use of a programming language's grammar rules,Software,Programming
Which statement correctly describes a database?,software that secretly monitors and collects user information without their knowledge,"an open-source platform for automating the deployment, scaling, and management of containerised applications",an organised collection of structured data stored electronically for easy access and management,"a cloud computing model that provides a platform allowing developers to build, run, and manage applications",C,"By definition, a database is: an organised collection of structured data stored electronically for easy access and management",Software,Software Basics
What does the keyboard shortcut 'Ctrl+Tab' typically do?,Save the current file,Open a new tab in a web browser,Switch between open tabs in a browser,Open the Task Manager directly (Windows),C,'Ctrl+Tab' is used to switch between open tabs in a browser.,Software,Keyboard Shortcuts
What does the keyboard shortcut 'Ctrl+I' typically do?,Find text within a document or page,Print the current document,Apply italic formatting to selected text,Paste copied content (macOS),C,'Ctrl+I' is used to apply italic formatting to selected text.,Software,Keyboard Shortcuts
Which file extension is typically used for an image file format that supports simple animation?,.iso,.zip,.gif,.sh,C,Files that are an image file format that supports simple animation typically use the extension '.gif'.,Software,File Formats
"Fill in the blank: ______ refers to ""the practice of executing automated tests as part of the software delivery pipeline to get immediate feedback"".",acceptance testing,the Software Development Life Cycle (SDLC),a staging environment,continuous testing,D,continuous testing refers to: the practice of executing automated tests as part of the software delivery pipeline to get immediate feedback,Software,Software Development
What is a linter?,"a tool that analyses source code to flag programming errors, bugs, and stylistic issues",an isolated testing environment that allows code to run without affecting the production system,a type of testing that evaluates a system's stability under extreme or unfavourable conditions,"an Agile framework for managing software development work, organised into sprints",A,"a linter is: a tool that analyses source code to flag programming errors, bugs, and stylistic issues",Software,Software Development
"Fill in the blank: ______ refers to ""a release of new or improved code that fixes bugs, adds features, or improves security"".",a checksum,MongoDB,a content delivery network (CDN),a software update,D,"a software update refers to: a release of new or improved code that fixes bugs, adds features, or improves security",Software,Software Basics
"Which term matches this description: ""to inform users and developers of what has changed, been fixed, or been added in a new software version""?",Visual Studio Code,an ORM (Object-Relational Mapping) tool,a changelog entry's purpose,a merge conflict,C,"The description matches a changelog entry's purpose: to inform users and developers of what has changed, been fixed, or been added in a new software version",Software,Software Development
What type of file typically has the extension '.exe'?,a JavaScript source code file,an executable program file for Windows,a shell script file used in Unix/Linux systems,an Android application package file,B,A file with the extension '.exe' is typically an executable program file for Windows.,Software,File Formats
"Fill in the blank: ______ refers to ""the process of storing frequently accessed data temporarily for faster future retrieval"".",Oracle Database,a service level agreement (SLA),caching in software,a software update,C,caching in software refers to: the process of storing frequently accessed data temporarily for faster future retrieval,Software,Software Basics
"Fill in the blank: ______ refers to ""a software application that provides comprehensive tools for software development, including a code editor and debugger"".",an IDE (Integrated Development Environment),a commit (in Git),software testing,a changelog,A,"an IDE (Integrated Development Environment) refers to: a software application that provides comprehensive tools for software development, including a code editor and debugger",Software,Software Development
In approximately which year was the programming language C created?,1964,1972,1984,1980,B,C was created in approximately 1972.,Software,Programming Languages
"Fill in the blank: ______ refers to ""a popular project management and issue-tracking tool used widely in Agile software development"".",a code review,debugging,JIRA,a microservices architecture,C,JIRA refers to: a popular project management and issue-tracking tool used widely in Agile software development,Software,Software Development
Which statement correctly describes a linter?,a software testing method where individual modules are combined and tested as a group,the implied cost of additional rework caused by choosing an easy but limited solution instead of a better approach,the person responsible for defining and prioritising the features of a product in Agile development,"a tool that analyses source code to flag programming errors, bugs, and stylistic issues",D,"By definition, a linter is: a tool that analyses source code to flag programming errors, bugs, and stylistic issues",Software,Software Development
What is a rollback (in deployment)?,the process of reverting software to a previous stable version after a failed update or deployment,"a system that records changes to files over time, allowing users to track history and collaborate, such as Git",a web-based platform for hosting and collaborating on Git repositories,a set of rules that allows different software applications to communicate with each other,A,a rollback (in deployment) is: the process of reverting software to a previous stable version after a failed update or deployment,Software,Software Development
"Fill in the blank: ______ refers to ""an open-source operating system kernel, the basis for many free operating system distributions"".",an operating system (OS),multitasking in an OS,Linux,Windows,C,"Linux refers to: an open-source operating system kernel, the basis for many free operating system distributions",Software,Operating Systems
"Fill in the blank: ______ refers to ""a program that translates source code written in a high-level programming language into machine code"".",a compiler,data serialization,pseudocode,a compiler error,A,a compiler refers to: a program that translates source code written in a high-level programming language into machine code,Software,Programming
Which statement correctly describes a sandbox environment?,the phase of software testing where a nearly finished product is released to a limited external audience for feedback,a software testing method that examines functionality without looking at internal code structure,an isolated testing environment that allows code to run without affecting the production system,a software testing method where individual modules are combined and tested as a group,C,"By definition, a sandbox environment is: an isolated testing environment that allows code to run without affecting the production system",Software,Software Development
What is recursion in programming?,a technique where a function calls itself to solve a smaller instance of the same problem,"a programming paradigm based on the concept of objects, which contain data and methods",a programming language commonly used to create interactive effects within web browsers,"an instance of a class, containing specific data and the ability to perform actions defined by its class",A,recursion in programming is: a technique where a function calls itself to solve a smaller instance of the same problem,Software,Programming
"Fill in the blank: ______ refers to ""a linear data structure that follows the First-In-First-Out (FIFO) principle"".",binary search,a queue (data structure),a stack (data structure),a hash table,B,a queue (data structure) refers to: a linear data structure that follows the First-In-First-Out (FIFO) principle,Software,Programming
"Which term matches this description: ""a simple sorting algorithm that repeatedly steps through a list, swapping adjacent elements if they are in the wrong order""?",data serialization,Java,an array,bubble sort,D,"The description matches bubble sort: a simple sorting algorithm that repeatedly steps through a list, swapping adjacent elements if they are in the wrong order",Software,Programming
"Which term matches this description: ""software that enables one computer system to imitate the functions of another system""?",localisation of software,encryption,a content delivery network (CDN),emulation software,D,The description matches emulation software: software that enables one computer system to imitate the functions of another system,Software,Software Basics
"Which term matches this description: ""software that secretly monitors and collects user information without their knowledge""?",npm (Node Package Manager),Kubernetes,a database,spyware,D,The description matches spyware: software that secretly monitors and collects user information without their knowledge,Software,Software Basics
"Fill in the blank: ______ refers to ""a software testing method that examines internal code structure and logic"".",DevOps,technical debt,requirements gathering,white-box testing,D,white-box testing refers to: a software testing method that examines internal code structure and logic,Software,Software Development
What is binary search?,a technique where a function calls itself to solve a smaller instance of the same problem,"the process of converting data structures or objects into a format that can be stored or transmitted, such as JSON",a linear data structure that follows the First-In-First-Out (FIFO) principle,a searching algorithm that finds the position of a target value within a sorted array by repeatedly dividing the search interval in half,D,binary search is: a searching algorithm that finds the position of a target value within a sorted array by repeatedly dividing the search interval in half,Software,Programming
"Which term matches this description: ""a document that typically explains what a software project does and how to use it""?",white-box testing,a code repository's README file,acceptance testing,a product backlog,B,The description matches a code repository's README file: a document that typically explains what a software project does and how to use it,Software,Software Development
"Fill in the blank: ______ refers to ""a lightweight virtualisation method that packages applications with their dependencies into isolated containers"".",ransomware,a EULA (End User License Agreement),containerisation,Kubernetes,C,containerisation refers to: a lightweight virtualisation method that packages applications with their dependencies into isolated containers,Software,Software Basics
"Fill in the blank: ______ refers to ""a programming construct that repeats a block of code multiple times based on a condition"".",a loop in programming,a linked list,a stack (data structure),inheritance in OOP,A,a loop in programming refers to: a programming construct that repeats a block of code multiple times based on a condition,Software,Programming
"Which term matches this description: ""software that creates and manages virtual machines by allocating physical resources among them""?",a hypervisor,a firewall (software),a foreign key in a database,firmware,A,The description matches a hypervisor: software that creates and manages virtual machines by allocating physical resources among them,Software,Software Basics
Which statement correctly describes ransomware?,malicious software that encrypts a victim's files and demands payment for their release,designing software so it can be easily adapted to different languages and regions without engineering changes,software that secretly monitors and collects user information without their knowledge,software that acts as a bridge between an operating system or database and applications,A,"By definition, ransomware is: malicious software that encrypts a victim's files and demands payment for their release",Software,Software Basics
Which keyboard shortcut is typically used to 'toggle full-screen mode in a browser'?,Ctrl+T,Ctrl+X,F11,Ctrl+F,C,'F11' is used to toggle full-screen mode in a browser.,Software,Keyboard Shortcuts
What is a function in programming?,a named storage location used to hold data that may change during program execution,"an event that disrupts the normal flow of a program's execution, often handled using try-catch blocks",a reusable block of code designed to perform a specific task,a step-by-step procedure or set of rules for solving a problem or performing a computation,C,a function in programming is: a reusable block of code designed to perform a specific task,Software,Programming
Which statement correctly describes a changelog entry's purpose?,a set of conditions and inputs used to determine whether a software feature works as intended,testing conducted to evaluate how easy and intuitive a software product is for real users,a software testing method that examines functionality without looking at internal code structure,"to inform users and developers of what has changed, been fixed, or been added in a new software version",D,"By definition, a changelog entry's purpose is: to inform users and developers of what has changed, been fixed, or been added in a new software version",Software,Software Development
Which statement correctly describes a relational database?,a widely used commercial relational database management system developed by Oracle Corporation,"a type of database that organises data into tables with rows and columns, linked by relationships",a company or individual that sells software products or services,a package manager used to install and manage software packages written in Python,B,"By definition, a relational database is: a type of database that organises data into tables with rows and columns, linked by relationships",Software,Software Basics
In approximately which year was the programming language Java created?,1998,1995,1990,1992,B,Java was created in approximately 1995.,Software,Programming Languages
"Fill in the blank: ______ refers to ""the process of identifying and fixing errors or bugs in software code"".",debugging,an API (Application Programming Interface),a sprint (in Scrum),the Waterfall model,A,debugging refers to: the process of identifying and fixing errors or bugs in software code,Software,Software Development
"Which term matches this description: ""a software architecture style where all components of an application are combined into a single unit""?",continuous testing,debugging,a monolithic architecture,a rollback (in deployment),C,The description matches a monolithic architecture: a software architecture style where all components of an application are combined into a single unit,Software,Software Development
"Which term matches this description: ""an algorithm that arranges elements of a list in a certain order, such as ascending or descending""?",a linked list,an array,a sorting algorithm,hard-coding,C,"The description matches a sorting algorithm: an algorithm that arranges elements of a list in a certain order, such as ascending or descending",Software,Programming
"Which term matches this description: ""a field in one table that refers to the primary key in another table, establishing a relationship""?",a configuration file,a foreign key in a database,localisation of software,a plugin,B,"The description matches a foreign key in a database: a field in one table that refers to the primary key in another table, establishing a relationship",Software,Software Basics
What is an exception in programming?,"a small, reusable block of source code that performs a specific function","a simple sorting algorithm that repeatedly steps through a list, swapping adjacent elements if they are in the wrong order",a linear data structure that follows the Last-In-First-Out (LIFO) principle,"an event that disrupts the normal flow of a program's execution, often handled using try-catch blocks",D,"an exception in programming is: an event that disrupts the normal flow of a program's execution, often handled using try-catch blocks",Software,Programming
"Which term matches this description: ""malicious software that encrypts a victim's files and demands payment for their release""?",a computer virus,ransomware,uptime,MongoDB,B,The description matches ransomware: malicious software that encrypts a victim's files and demands payment for their release,Software,Software Basics
What is C++?,a technique where a function calls itself to solve a smaller instance of the same problem,a general-purpose programming language that extends the C language with object-oriented features,a searching algorithm that finds the position of a target value within a sorted array by repeatedly dividing the search interval in half,an error caused by incorrect use of a programming language's grammar rules,B,C++ is: a general-purpose programming language that extends the C language with object-oriented features,Software,Programming
"Fill in the blank: ______ refers to ""software owned by an individual or company, with restricted rights to use, modify, or distribute it"".",a peer-to-peer (P2P) network,proprietary software,a computer virus,IaaS (Infrastructure as a Service),B,"proprietary software refers to: software owned by an individual or company, with restricted rights to use, modify, or distribute it",Software,Software Basics
What type of file typically has the extension '.cpp'?,a C++ programming language source code file,a stylesheet file used to style web pages,a compressed archive file format,a C programming language source code file,A,A file with the extension '.cpp' is typically a C++ programming language source code file.,Software,File Formats
Which statement correctly describes software documentation?,"an early, internal version of software, often unstable, used for initial testing before beta release","written material that explains how software works, including its functionality, usage, and architecture",testing conducted to evaluate how easy and intuitive a software product is for real users,"a snapshot of changes made to files in a repository, saved with a descriptive message",B,"By definition, software documentation is: written material that explains how software works, including its functionality, usage, and architecture",Software,Software Development
Which programming language was created by James Gosling?,Perl,C,Java,Python,C,Java was created by James Gosling.,Software,Programming Languages
"Which term matches this description: ""testing conducted to ensure that new code changes have not adversely affected existing functionality""?",JIRA,regression testing,DevOps,branching (in Git),B,The description matches regression testing: testing conducted to ensure that new code changes have not adversely affected existing functionality,Software,Software Development
"Fill in the blank: ______ refers to ""a small-sized value derived from a block of data, used to detect errors introduced during transmission or storage"".",software,a software vendor,a checksum,a service level agreement (SLA),C,"a checksum refers to: a small-sized value derived from a block of data, used to detect errors introduced during transmission or storage",Software,Software Basics
What is a code snippet?,a reusable block of code designed to perform a specific task,"a simple sorting algorithm that repeatedly steps through a list, swapping adjacent elements if they are in the wrong order","the bundling of data and methods that operate on that data within a single unit, restricting direct access to some components","a small, reusable block of source code that performs a specific function",D,"a code snippet is: a small, reusable block of source code that performs a specific function",Software,Programming
Which statement correctly describes emulation software?,software that enables one computer system to imitate the functions of another system,the process of storing frequently accessed data temporarily for faster future retrieval,software designed to run on multiple operating systems or platforms without modification,"a tool that automates the process of installing, upgrading, and managing software packages, such as npm or pip",A,"By definition, emulation software is: software that enables one computer system to imitate the functions of another system",Software,Software Basics
"Fill in the blank: ______ refers to ""an early, internal version of software, often unstable, used for initial testing before beta release"".",unit testing,a stand-up meeting,a software requirement specification (SRS),an alpha version of software,D,"an alpha version of software refers to: an early, internal version of software, often unstable, used for initial testing before beta release",Software,Software Development
Which file extension is typically used for an Android application package file?,.iso,.apk,.gif,.sql,B,Files that are an Android application package file typically use the extension '.apk'.,Software,File Formats
Which statement correctly describes a plugin?,software that enables one computer system to imitate the functions of another system,"a legal contract between a software provider and the user, outlining terms of use",a type of malware that attaches itself to legitimate programs and replicates when the program is executed,a software component that adds specific features or functionality to an existing application,D,"By definition, a plugin is: a software component that adds specific features or functionality to an existing application",Software,Software Basics
What is iOS?,"system software that manages computer hardware, software resources, and provides common services for programs",the core component of an operating system that manages system resources and communication between hardware and software,the mobile operating system developed by Apple for its iPhone and iPad devices,"an open-source operating system kernel, the basis for many free operating system distributions",C,iOS is: the mobile operating system developed by Apple for its iPhone and iPad devices,Software,Operating Systems
What type of file typically has the extension '.svg'?,a Microsoft Word document,"a Scalable Vector Graphics file, used for resolution-independent images","a JavaScript Object Notation file, used for structured data exchange",a shell script file used in Unix/Linux systems,B,"A file with the extension '.svg' is typically a Scalable Vector Graphics file, used for resolution-independent images.",Software,File Formats
"Fill in the blank: ______ refers to ""a systematic evaluation of software to ensure compliance with licenses, standards, and regulations"".",client-server architecture,pip,a relational database,a software audit,D,"a software audit refers to: a systematic evaluation of software to ensure compliance with licenses, standards, and regulations",Software,Software Basics
"Which file extension is typically used for a JavaScript Object Notation file, used for structured data exchange?",.log,.json,.css,.zip,B,"Files that are a JavaScript Object Notation file, used for structured data exchange typically use the extension '.json'.",Software,File Formats
What is inheritance in OOP?,"a programming paradigm based on the concept of objects, which contain data and methods",a standard programming language used to manage and manipulate relational databases,a value in a program that does not change during execution,a mechanism by which one class can acquire properties and behaviours from another class,D,inheritance in OOP is: a mechanism by which one class can acquire properties and behaviours from another class,Software,Programming
In approximately which year was the programming language Kotlin created?,2006,2014,2011,2016,C,Kotlin was created in approximately 2011.,Software,Programming Languages
Which statement correctly describes a web browser?,"software used to access and view websites on the internet, such as Chrome or Firefox","a line of text in source code ignored by the compiler or interpreter, used to explain the code to human readers",a document that typically explains what a software project does and how to use it,a storage location where a project's files and their revision history are kept,A,"By definition, a web browser is: software used to access and view websites on the internet, such as Chrome or Firefox",Software,Application Software
In approximately which year was the programming language Python created?,1996,2003,1991,1986,C,Python was created in approximately 1991.,Software,Programming Languages
Which statement correctly describes beta testing?,software that allows developers to interact with a database using object-oriented code instead of writing raw SQL,a facilitator responsible for ensuring a Scrum team follows Agile practices and removing obstacles,a web-based platform for hosting and collaborating on Git repositories,the phase of software testing where a nearly finished product is released to a limited external audience for feedback,D,"By definition, beta testing is: the phase of software testing where a nearly finished product is released to a limited external audience for feedback",Software,Software Development
"Which term matches this description: ""a popular platform used to develop, ship, and run applications inside containers""?",open-source software,shareware,Docker,Kubernetes,C,"The description matches Docker: a popular platform used to develop, ship, and run applications inside containers",Software,Software Basics
"Which term matches this description: ""an instance of a class, containing specific data and the ability to perform actions defined by its class""?",an object in OOP,a class in OOP,an interpreter,C++,A,"The description matches an object in OOP: an instance of a class, containing specific data and the ability to perform actions defined by its class",Software,Programming
What does the keyboard shortcut 'Ctrl+B' typically do?,Apply bold formatting to selected text,Bookmark the current page in a browser,Select all content,Open File Explorer (Windows),A,'Ctrl+B' is used to apply bold formatting to selected text.,Software,Keyboard Shortcuts
Which statement correctly describes software testing?,"a tool used to log, track, and manage software bugs throughout the development process",a situation in version control where changes from different branches cannot be automatically combined,the process of evaluating software to identify defects and ensure it meets requirements,a set of conditions and inputs used to determine whether a software feature works as intended,C,"By definition, software testing is: the process of evaluating software to identify defects and ensure it meets requirements",Software,Software Development
What does the keyboard shortcut 'Ctrl+N' typically do?,Close the current window or tab,Switch between open tabs in a browser,Quit the current application (macOS),Create a new document or window,D,'Ctrl+N' is used to create a new document or window.,Software,Keyboard Shortcuts
What is semantic versioning?,an early sample or model of a software product built to test a concept or process,a versioning scheme using a three-part number (major.minor.patch) to indicate the nature of software changes,"the practice of creating clear, structured documentation for technical products, such as user manuals",a visual project management tool that shows a project schedule with tasks plotted against time,B,semantic versioning is: a versioning scheme using a three-part number (major.minor.patch) to indicate the nature of software changes,Software,Software Development
What is a content delivery network (CDN)?,"a fraudulent attempt to obtain sensitive information by disguising as a trustworthy entity, often via email",a package manager used to install and manage software packages written in Python,"software that is available for use at no cost, but not necessarily open-source",a distributed network of servers that delivers web content to users based on their geographic location,D,a content delivery network (CDN) is: a distributed network of servers that delivers web content to users based on their geographic location,Software,Software Basics
What is SQL (Structured Query Language)?,a standard programming language used to manage and manipulate relational databases,"a line of text in source code ignored by the compiler or interpreter, used to explain the code to human readers","a small, reusable block of source code that performs a specific function",the practice of embedding data directly into source code rather than obtaining it from an external source or configuration,A,SQL (Structured Query Language) is: a standard programming language used to manage and manipulate relational databases,Software,Programming
"Which term matches this description: ""a widely used, class-based, object-oriented programming language designed to be platform-independent""?",Java,inheritance in OOP,an interpreter,an algorithm,A,"The description matches Java: a widely used, class-based, object-oriented programming language designed to be platform-independent",Software,Programming
"Which term matches this description: ""a systematic evaluation of software to ensure compliance with licenses, standards, and regulations""?",a software vendor,application software,MySQL,a software audit,D,"The description matches a software audit: a systematic evaluation of software to ensure compliance with licenses, standards, and regulations",Software,Software Basics
Which statement correctly describes a peer-to-peer (P2P) network?,a network architecture in which each computer can act as both a client and a server,"a popular NoSQL database that stores data in flexible, JSON-like documents",a file used to set parameters and initial settings for a computer program,"a systematic evaluation of software to ensure compliance with licenses, standards, and regulations",A,"By definition, a peer-to-peer (P2P) network is: a network architecture in which each computer can act as both a client and a server",Software,Software Basics
"Which term matches this description: ""software that acts as a bridge between an operating system or database and applications""?",middleware,backward compatibility,a content delivery network (CDN),emulation software,A,The description matches middleware: software that acts as a bridge between an operating system or database and applications,Software,Software Basics
What is a sorting algorithm?,"an algorithm that arranges elements of a list in a certain order, such as ascending or descending","the process of converting data structures or objects into a format that can be stored or transmitted, such as JSON",a searching algorithm that finds the position of a target value within a sorted array by repeatedly dividing the search interval in half,a linear data structure that follows the First-In-First-Out (FIFO) principle,A,"a sorting algorithm is: an algorithm that arranges elements of a list in a certain order, such as ascending or descending",Software,Programming
What is an ORM (Object-Relational Mapping) tool?,an isolated testing environment that allows code to run without affecting the production system,software that allows developers to interact with a database using object-oriented code instead of writing raw SQL,a software development practice where code changes are automatically deployed to production after passing tests,"a tool that analyses source code to flag programming errors, bugs, and stylistic issues",B,an ORM (Object-Relational Mapping) tool is: software that allows developers to interact with a database using object-oriented code instead of writing raw SQL,Software,Software Development
What is a flowchart?,a technique where a function calls itself to solve a smaller instance of the same problem,an error caused by incorrect use of a programming language's grammar rules,a diagram that represents a process or algorithm using various symbols connected by arrows,"a hierarchical data structure in which each node has at most two children, referred to as left and right",C,a flowchart is: a diagram that represents a process or algorithm using various symbols connected by arrows,Software,Programming
Which statement correctly describes data serialization?,a programming language commonly used to create interactive effects within web browsers,"the process of converting data structures or objects into a format that can be stored or transmitted, such as JSON",the ability of different objects to respond to the same function call in different ways,"a data structure consisting of a sequence of nodes, where each node points to the next node in the sequence",B,"By definition, data serialization is: the process of converting data structures or objects into a format that can be stored or transmitted, such as JSON",Software,Programming
"Fill in the blank: ______ refers to ""software that allows an operating system to communicate with and control a hardware device"".",a file system,Linux,iOS,a device driver,D,a device driver refers to: software that allows an operating system to communicate with and control a hardware device,Software,Operating Systems
"Fill in the blank: ______ refers to ""a popular NoSQL database that stores data in flexible, JSON-like documents"".",MongoDB,an environment variable,a software license,a primary key in a database,A,"MongoDB refers to: a popular NoSQL database that stores data in flexible, JSON-like documents",Software,Software Basics
What is a scrum master?,"a software design pattern that separates an application into three interconnected components: data, user interface, and logic",a facilitator responsible for ensuring a Scrum team follows Agile practices and removing obstacles,an isolated testing environment that allows code to run without affecting the production system,"the process of restructuring existing code without changing its external behaviour, to improve readability or performance",B,a scrum master is: a facilitator responsible for ensuring a Scrum team follows Agile practices and removing obstacles,Software,Software Development
Which keyboard shortcut is typically used to 'apply italic formatting to selected text'?,Ctrl+Alt+Delete,Ctrl+I,Ctrl+F,Ctrl+Shift+Esc,B,'Ctrl+I' is used to apply italic formatting to selected text.,Software,Keyboard Shortcuts
What is a word processor?,"software used to create, edit, and format text documents, such as Microsoft Word","a personal copy of another user's repository, allowing independent development without affecting the original",a lightweight virtualisation method that packages applications with their dependencies into isolated containers,"a package manager for JavaScript, used to install and manage software libraries and dependencies",A,"a word processor is: software used to create, edit, and format text documents, such as Microsoft Word",Software,Application Software
Which file extension is typically used for an executable program file for Windows?,.exe,.py,.docx,.sql,A,Files that are an executable program file for Windows typically use the extension '.exe'.,Software,File Formats
Which statement correctly describes a function in programming?,a mechanism by which one class can acquire properties and behaviours from another class,the ability of different objects to respond to the same function call in different ways,a reusable block of code designed to perform a specific task,a programming construct that repeats a block of code multiple times based on a condition,C,"By definition, a function in programming is: a reusable block of code designed to perform a specific task",Software,Programming
"Which term matches this description: ""a programming construct that repeats a block of code multiple times based on a condition""?",recursion in programming,C++,a loop in programming,a stack (data structure),C,The description matches a loop in programming: a programming construct that repeats a block of code multiple times based on a condition,Software,Programming
What is a programming language?,"a programming paradigm based on the concept of objects, which contain data and methods",a mechanism by which one class can acquire properties and behaviours from another class,"a formal language comprising a set of instructions used to produce various kinds of output, such as software programs",a general-purpose programming language that extends the C language with object-oriented features,C,"a programming language is: a formal language comprising a set of instructions used to produce various kinds of output, such as software programs",Software,Programming
Which keyboard shortcut is typically used to 'open file explorer (windows)'?,Ctrl+Y,Ctrl+Shift+Esc,Windows+E,Ctrl+P,C,'Windows+E' is used to open file explorer (windows).,Software,Keyboard Shortcuts
Which statement correctly describes a software update?,"software designed to help users perform specific tasks, such as word processors or web browsers","a release of new or improved code that fixes bugs, adds features, or improves security",a company or individual that sells software products or services,"software distributed on a trial basis, often requiring payment for continued or full use",B,"By definition, a software update is: a release of new or improved code that fixes bugs, adds features, or improves security",Software,Software Basics
"Fill in the blank: ______ refers to ""a software architecture style where all components of an application are combined into a single unit"".",a product owner,a monolithic architecture,an alpha version of software,a fork (in version control),B,a monolithic architecture refers to: a software architecture style where all components of an application are combined into a single unit,Software,Software Development
"Fill in the blank: ______ refers to ""a blueprint or template used to create objects, defining their properties and behaviours"".",an interpreter,object-oriented programming (OOP),Python,a class in OOP,D,"a class in OOP refers to: a blueprint or template used to create objects, defining their properties and behaviours",Software,Programming
What is JIRA?,a diagram used in software engineering to represent a user's interactions with a system,"a structured process used to plan, create, test, and deploy software","a significant point or event in a project's timeline, marking progress toward completion",a popular project management and issue-tracking tool used widely in Agile software development,D,JIRA is: a popular project management and issue-tracking tool used widely in Agile software development,Software,Software Development
Which statement correctly describes the Waterfall model?,the process of identifying and fixing errors or bugs in software code,"a preliminary test to check whether the basic functions of software work, before more detailed testing","a linear, sequential approach to software development, where each phase must be completed before the next begins",a software testing method where individual components or functions are tested in isolation,C,"By definition, the Waterfall model is: a linear, sequential approach to software development, where each phase must be completed before the next begins",Software,Software Development
What is internationalisation of software?,designing software so it can be easily adapted to different languages and regions without engineering changes,"software distributed on a trial basis, often requiring payment for continued or full use","a piece of software that extends the capabilities of a larger software application, similar to a plugin",an organised collection of structured data stored electronically for easy access and management,A,internationalisation of software is: designing software so it can be easily adapted to different languages and regions without engineering changes,Software,Software Basics
What is a software update patch?,software that monitors and controls incoming and outgoing network traffic based on security rules,a small piece of code released to fix bugs or security vulnerabilities in existing software,software that enables one computer system to imitate the functions of another system,"software that is available for use at no cost, but not necessarily open-source",B,a software update patch is: a small piece of code released to fix bugs or security vulnerabilities in existing software,Software,Software Basics
What is a spreadsheet application?,"software used to organise, analyse, and store data in tabular form, such as Microsoft Excel",the operating system developed by Apple for its Macintosh computers,a short daily meeting in Agile development where team members discuss progress and blockers,testing conducted to evaluate how easy and intuitive a software product is for real users,A,"a spreadsheet application is: software used to organise, analyse, and store data in tabular form, such as Microsoft Excel",Software,Application Software
"Which term matches this description: ""a software distribution model in which applications are hosted by a provider and made available to users over the internet""?",a relational database,internationalisation of software,SaaS (Software as a Service),a software audit,C,The description matches SaaS (Software as a Service): a software distribution model in which applications are hosted by a provider and made available to users over the internet,Software,Software Basics
"Which term matches this description: ""a named storage location used to hold data that may change during program execution""?",a variable in programming,data serialization,Big O notation,Java,A,The description matches a variable in programming: a named storage location used to hold data that may change during program execution,Software,Programming
"Fill in the blank: ______ refers to ""a situation in version control where changes from different branches cannot be automatically combined"".",continuous deployment (CD),branching (in Git),semantic versioning,a merge conflict,D,a merge conflict refers to: a situation in version control where changes from different branches cannot be automatically combined,Software,Software Development
What is a queue (data structure)?,"a simple sorting algorithm that repeatedly steps through a list, swapping adjacent elements if they are in the wrong order",a linear data structure that follows the First-In-First-Out (FIFO) principle,a programming language commonly used to create interactive effects within web browsers,a linear data structure that follows the Last-In-First-Out (LIFO) principle,B,a queue (data structure) is: a linear data structure that follows the First-In-First-Out (FIFO) principle,Software,Programming
What does the keyboard shortcut 'Ctrl+X' typically do?,Refresh the current page or view,Cut selected content,Apply underline formatting to selected text,Copy selected content,B,'Ctrl+X' is used to cut selected content.,Software,Keyboard Shortcuts
In approximately which year was the programming language Rust created?,2010,2002,2013,2007,A,Rust was created in approximately 2010.,Software,Programming Languages
"Which term matches this description: ""a legal contract between a software provider and the user, outlining terms of use""?",a plugin,cloud computing,a EULA (End User License Agreement),load balancing,C,"The description matches a EULA (End User License Agreement): a legal contract between a software provider and the user, outlining terms of use",Software,Software Basics
"Which term matches this description: ""designing software so it can be easily adapted to different languages and regions without engineering changes""?",emulation software,a EULA (End User License Agreement),internationalisation of software,client-server architecture,C,The description matches internationalisation of software: designing software so it can be easily adapted to different languages and regions without engineering changes,Software,Software Basics
"Fill in the blank: ______ refers to ""software used to access and view websites on the internet, such as Chrome or Firefox"".",a web browser,a NoSQL database,a sandbox environment,a sorting algorithm,A,"a web browser refers to: software used to access and view websites on the internet, such as Chrome or Firefox",Software,Application Software
"Fill in the blank: ______ refers to ""a value set outside a program that can affect how running processes behave on a computer"".",ransomware,an environment variable,a package manager,a configuration file,B,an environment variable refers to: a value set outside a program that can affect how running processes behave on a computer,Software,Software Basics
"Fill in the blank: ______ refers to ""a type of database that organises data into tables with rows and columns, linked by relationships"".",a stored procedure,middleware,software,a relational database,D,"a relational database refers to: a type of database that organises data into tables with rows and columns, linked by relationships",Software,Software Basics
"Fill in the blank: ______ refers to ""a diagram that represents a process or algorithm using various symbols connected by arrows"".",a class in OOP,a flowchart,a hash table,a constant in programming,B,a flowchart refers to: a diagram that represents a process or algorithm using various symbols connected by arrows,Software,Programming
Which programming language was created by John Backus (at IBM)?,PHP,Perl,FORTRAN,Go (Golang),C,FORTRAN was created by John Backus (at IBM).,Software,Programming Languages
"Fill in the blank: ______ refers to ""a simple sorting algorithm that repeatedly steps through a list, swapping adjacent elements if they are in the wrong order"".",bubble sort,an object in OOP,a hash table,a code snippet,A,"bubble sort refers to: a simple sorting algorithm that repeatedly steps through a list, swapping adjacent elements if they are in the wrong order",Software,Programming
What is firmware?,a file used to set parameters and initial settings for a computer program,a type of software embedded directly into hardware devices to control their basic functions,designing software so it can be used effectively by people with a wide range of abilities and disabilities,the process of storing frequently accessed data temporarily for faster future retrieval,B,firmware is: a type of software embedded directly into hardware devices to control their basic functions,Software,Software Basics
"Fill in the blank: ______ refers to ""a document that describes the intended purpose and functional requirements of a software system"".",a software architecture,a software requirement specification (SRS),the Singleton design pattern,continuous integration (CI),B,a software requirement specification (SRS) refers to: a document that describes the intended purpose and functional requirements of a software system,Software,Software Development
"Fill in the blank: ______ refers to ""a popular free source-code editor developed by Microsoft, widely used for software development"".",the term 'stakeholder' in software projects,a code review,smoke testing,Visual Studio Code,D,"Visual Studio Code refers to: a popular free source-code editor developed by Microsoft, widely used for software development",Software,Software Development
"Which term matches this description: ""a data structure consisting of a sequence of nodes, where each node points to the next node in the sequence""?",a compiler error,an object in OOP,a linked list,recursion in programming,C,"The description matches a linked list: a data structure consisting of a sequence of nodes, where each node points to the next node in the sequence",Software,Programming
"Which term matches this description: ""a general, reusable solution to a commonly occurring problem in software design""?",black-box testing,a design pattern,unit testing,requirements gathering,B,"The description matches a design pattern: a general, reusable solution to a commonly occurring problem in software design",Software,Software Development
"Which term matches this description: ""written material that explains how software works, including its functionality, usage, and architecture""?",stress testing,software documentation,a software requirement specification (SRS),the MVC (Model-View-Controller) pattern,B,"The description matches software documentation: written material that explains how software works, including its functionality, usage, and architecture",Software,Software Development
In approximately which year was the programming language COBOL created?,1967,1959,1962,1951,B,COBOL was created in approximately 1959.,Software,Programming Languages
What is backward compatibility?,software that secretly monitors and collects user information without their knowledge,the ability of software to work with data or systems created by an older version of the same software,"software whose source code is made publicly available for anyone to view, modify, and distribute","a fraudulent attempt to obtain sensitive information by disguising as a trustworthy entity, often via email",B,backward compatibility is: the ability of software to work with data or systems created by an older version of the same software,Software,Software Basics
Which statement correctly describes a code snippet?,the practice of embedding data directly into source code rather than obtaining it from an external source or configuration,"a small, reusable block of source code that performs a specific function","an instance of a class, containing specific data and the ability to perform actions defined by its class",a searching algorithm that finds the position of a target value within a sorted array by repeatedly dividing the search interval in half,B,"By definition, a code snippet is: a small, reusable block of source code that performs a specific function",Software,Programming
"Fill in the blank: ______ refers to ""software used to create, edit, and format text documents, such as Microsoft Word"".",a worm (malware),a comment in code,a word processor,an environment variable,C,"a word processor refers to: software used to create, edit, and format text documents, such as Microsoft Word",Software,Application Software
Which statement correctly describes a NoSQL database?,a lightweight virtualisation method that packages applications with their dependencies into isolated containers,a design approach ensuring software interfaces adapt appropriately to different screen sizes and devices,"a type of database designed for storing unstructured or semi-structured data, unlike traditional relational databases",a distributed network of servers that delivers web content to users based on their geographic location,C,"By definition, a NoSQL database is: a type of database designed for storing unstructured or semi-structured data, unlike traditional relational databases",Software,Software Basics
"Which term matches this description: ""the systematic examination of source code by peers to identify bugs and improve quality""?",the MVC (Model-View-Controller) pattern,a stand-up meeting,a code review,a rollback (in deployment),C,The description matches a code review: the systematic examination of source code by peers to identify bugs and improve quality,Software,Software Development
"Which term matches this description: ""a software development technique where two programmers work together at one workstation""?",an ORM (Object-Relational Mapping) tool,software testing,pair programming,an alpha version of software,C,The description matches pair programming: a software development technique where two programmers work together at one workstation,Software,Software Development
"Which term matches this description: ""a pre-release version of software made available to a limited group of users for testing purposes""?",a beta version of software,an IDE (Integrated Development Environment),merging (in Git),a bug in software,A,The description matches a beta version of software: a pre-release version of software made available to a limited group of users for testing purposes,Software,Software Development
Which statement correctly describes a file system?,a method used by an operating system to organise and store files on a storage device,"system software that manages computer hardware, software resources, and provides common services for programs","an open-source operating system kernel, the basis for many free operating system distributions","a mobile operating system developed by Google, based on a modified version of the Linux kernel",A,"By definition, a file system is: a method used by an operating system to organise and store files on a storage device",Software,Operating Systems
What is a stand-up meeting?,"written material that explains how software works, including its functionality, usage, and architecture",a short daily meeting in Agile development where team members discuss progress and blockers,"a snapshot of changes made to files in a repository, saved with a descriptive message",a type of performance testing that evaluates how a system behaves under expected user loads,B,a stand-up meeting is: a short daily meeting in Agile development where team members discuss progress and blockers,Software,Software Development
"Fill in the blank: ______ refers to ""a basic visual guide used to represent the skeletal framework of a software interface before development"".",a prototype in software development,the term 'stakeholder' in software projects,a wireframe,a changelog,C,a wireframe refers to: a basic visual guide used to represent the skeletal framework of a software interface before development,Software,Software Development
Which statement correctly describes proprietary software?,"a release of new or improved code that fixes bugs, adds features, or improves security","software owned by an individual or company, with restricted rights to use, modify, or distribute it",a file used to set parameters and initial settings for a computer program,a widely used commercial relational database management system developed by Oracle Corporation,B,"By definition, proprietary software is: software owned by an individual or company, with restricted rights to use, modify, or distribute it",Software,Software Basics
What does the keyboard shortcut 'Ctrl+Y' typically do?,Print the current document,Redo the last undone action,Copy selected content,Open File Explorer (Windows),B,'Ctrl+Y' is used to redo the last undone action.,Software,Keyboard Shortcuts
In approximately which year was the programming language Swift created?,2006,2014,2009,2022,B,Swift was created in approximately 2014.,Software,Programming Languages
What is a compiler?,a searching algorithm that finds the position of a target value within a sorted array by repeatedly dividing the search interval in half,a standard programming language used to manage and manipulate relational databases,a technique where a function calls itself to solve a smaller instance of the same problem,a program that translates source code written in a high-level programming language into machine code,D,a compiler is: a program that translates source code written in a high-level programming language into machine code,Software,Programming
"Fill in the blank: ______ refers to ""a type of testing that evaluates a system's stability under extreme or unfavourable conditions"".",stress testing,a software architecture,the MVC (Model-View-Controller) pattern,Git,A,stress testing refers to: a type of testing that evaluates a system's stability under extreme or unfavourable conditions,Software,Software Development
"Fill in the blank: ______ refers to ""software that secretly monitors and collects user information without their knowledge"".",a checksum,phishing,spyware,system software,C,spyware refers to: software that secretly monitors and collects user information without their knowledge,Software,Software Basics
"Fill in the blank: ______ refers to ""the process of evaluating software to identify defects and ensure it meets requirements"".",a code repository's README file,software testing,a bug in software,a design pattern,B,software testing refers to: the process of evaluating software to identify defects and ensure it meets requirements,Software,Software Development
Which statement correctly describes a flowchart?,"an instance of a class, containing specific data and the ability to perform actions defined by its class",the practice of embedding data directly into source code rather than obtaining it from an external source or configuration,a mathematical notation used to describe the efficiency or complexity of an algorithm,a diagram that represents a process or algorithm using various symbols connected by arrows,D,"By definition, a flowchart is: a diagram that represents a process or algorithm using various symbols connected by arrows",Software,Programming
What is MongoDB?,"a field in one table that refers to the primary key in another table, establishing a relationship","a cloud computing model that provides a platform allowing developers to build, run, and manage applications","a popular NoSQL database that stores data in flexible, JSON-like documents","software that is available for use at no cost, but not necessarily open-source",C,"MongoDB is: a popular NoSQL database that stores data in flexible, JSON-like documents",Software,Software Basics
Which statement correctly describes iOS?,a method used by an operating system to organise and store files on a storage device,the core component of an operating system that manages system resources and communication between hardware and software,the operating system developed by Apple for its Macintosh computers,the mobile operating system developed by Apple for its iPhone and iPad devices,D,"By definition, iOS is: the mobile operating system developed by Apple for its iPhone and iPad devices",Software,Operating Systems
What is a software requirement specification (SRS)?,"the practice of creating clear, structured documentation for technical products, such as user manuals",a document that describes the intended purpose and functional requirements of a software system,a software development technique where two programmers work together at one workstation,"a piece of software designed to update, fix, or improve a program, often addressing security vulnerabilities",B,a software requirement specification (SRS) is: a document that describes the intended purpose and functional requirements of a software system,Software,Software Development
Which statement correctly describes a changelog?,a set of conditions and inputs used to determine whether a software feature works as intended,"a software application that provides comprehensive tools for software development, including a code editor and debugger",a document that records all notable changes made to a software project over time,a method of submitting proposed changes to a codebase for review before merging into the main branch,C,"By definition, a changelog is: a document that records all notable changes made to a software project over time",Software,Software Development
What is GitHub?,an error or flaw in a program that causes it to behave unexpectedly,"a structured process used to plan, create, test, and deploy software",a type of testing that evaluates a system's stability under extreme or unfavourable conditions,a web-based platform for hosting and collaborating on Git repositories,D,GitHub is: a web-based platform for hosting and collaborating on Git repositories,Software,Software Development
What does the keyboard shortcut 'Cmd+C' typically do?,Open a new tab in a web browser,Open File Explorer (Windows),Copy selected content (macOS),Apply underline formatting to selected text,C,'Cmd+C' is used to copy selected content (macos).,Software,Keyboard Shortcuts
Which keyboard shortcut is typically used to 'apply bold formatting to selected text'?,Ctrl+A,Ctrl+End,Ctrl+B,Ctrl+Shift+T,C,'Ctrl+B' is used to apply bold formatting to selected text.,Software,Keyboard Shortcuts
"Which term matches this description: ""the process of storing frequently accessed data temporarily for faster future retrieval""?",MongoDB,encryption,load balancing,caching in software,D,The description matches caching in software: the process of storing frequently accessed data temporarily for faster future retrieval,Software,Software Basics
"Which term matches this description: ""system software that manages computer hardware, software resources, and provides common services for programs""?",multitasking in an OS,a device driver,a kernel,an operating system (OS),D,"The description matches an operating system (OS): system software that manages computer hardware, software resources, and provides common services for programs",Software,Operating Systems
"Which term matches this description: ""the process of restructuring existing code without changing its external behaviour, to improve readability or performance""?",refactoring,a sprint (in Scrum),branching (in Git),version control,A,"The description matches refactoring: the process of restructuring existing code without changing its external behaviour, to improve readability or performance",Software,Software Development
"Fill in the blank: ______ refers to ""a document that records all notable changes made to a software project over time"".",the Singleton design pattern,Visual Studio Code,acceptance testing,a changelog,D,a changelog refers to: a document that records all notable changes made to a software project over time,Software,Software Development
"Fill in the blank: ______ refers to ""a data structure consisting of a sequence of nodes, where each node points to the next node in the sequence"".",a compiler error,SQL (Structured Query Language),a linked list,Big O notation,C,"a linked list refers to: a data structure consisting of a sequence of nodes, where each node points to the next node in the sequence",Software,Programming
What is a kernel?,a widely used operating system developed by Microsoft,"system software that manages computer hardware, software resources, and provides common services for programs",the mobile operating system developed by Apple for its iPhone and iPad devices,the core component of an operating system that manages system resources and communication between hardware and software,D,a kernel is: the core component of an operating system that manages system resources and communication between hardware and software,Software,Operating Systems
Which statement correctly describes Windows?,the core component of an operating system that manages system resources and communication between hardware and software,a method used by an operating system to organise and store files on a storage device,a widely used operating system developed by Microsoft,the operating system developed by Apple for its Macintosh computers,C,"By definition, Windows is: a widely used operating system developed by Microsoft",Software,Operating Systems
Which statement correctly describes cloud computing?,malware disguised as legitimate software to trick users into installing it,"the delivery of computing services, including storage and processing power, over the internet",a cloud computing model that provides virtualised computing resources over the internet,"software owned by an individual or company, with restricted rights to use, modify, or distribute it",B,"By definition, cloud computing is: the delivery of computing services, including storage and processing power, over the internet",Software,Software Basics
Which keyboard shortcut is typically used to 'find text within a document or page'?,Ctrl+N,Cmd+V,Ctrl+F,Cmd+Tab,C,'Ctrl+F' is used to find text within a document or page.,Software,Keyboard Shortcuts
"Which term matches this description: ""a programming paradigm based on the concept of objects, which contain data and methods""?",object-oriented programming (OOP),recursion in programming,Java,a queue (data structure),A,"The description matches object-oriented programming (OOP): a programming paradigm based on the concept of objects, which contain data and methods",Software,Programming
"Fill in the blank: ______ refers to ""a testing environment that closely mirrors the production environment, used for final pre-release checks"".",a changelog entry's purpose,a staging environment,requirements gathering,a linter,B,"a staging environment refers to: a testing environment that closely mirrors the production environment, used for final pre-release checks",Software,Software Development
What does the keyboard shortcut 'Cmd+Space' typically do?,Lock the computer (Windows),Switch between open tabs in a browser,Open Spotlight search (macOS),Find text within a document or page,C,'Cmd+Space' is used to open spotlight search (macos).,Software,Keyboard Shortcuts
"Fill in the blank: ______ refers to ""an informal, high-level description of a program's logic, not written in any specific programming language"".",JavaScript,an object in OOP,a binary tree,pseudocode,D,"pseudocode refers to: an informal, high-level description of a program's logic, not written in any specific programming language",Software,Programming
Which statement correctly describes an array?,"an algorithm that arranges elements of a list in a certain order, such as ascending or descending","a data structure that stores a collection of elements, typically of the same type, in a contiguous block of memory",a technique where a function calls itself to solve a smaller instance of the same problem,"a line of text in source code ignored by the compiler or interpreter, used to explain the code to human readers",B,"By definition, an array is: a data structure that stores a collection of elements, typically of the same type, in a contiguous block of memory",Software,Programming
What is DevOps?,"a testing environment that closely mirrors the production environment, used for final pre-release checks","to inform users and developers of what has changed, been fixed, or been added in a new software version",a set of practices combining software development and IT operations to shorten the development lifecycle,the practice of diverging from the main line of development to work independently without affecting it,C,DevOps is: a set of practices combining software development and IT operations to shorten the development lifecycle,Software,Software Development
What is the Waterfall model?,"a linear, sequential approach to software development, where each phase must be completed before the next begins",an error or flaw in a program that causes it to behave unexpectedly,the process of evaluating software to identify defects and ensure it meets requirements,a diagram used in software engineering to represent a user's interactions with a system,A,"the Waterfall model is: a linear, sequential approach to software development, where each phase must be completed before the next begins",Software,Software Development
Which statement correctly describes Android?,the ability of an operating system to execute multiple tasks or processes concurrently,the operating system developed by Apple for its Macintosh computers,the mobile operating system developed by Apple for its iPhone and iPad devices,"a mobile operating system developed by Google, based on a modified version of the Linux kernel",D,"By definition, Android is: a mobile operating system developed by Google, based on a modified version of the Linux kernel",Software,Operating Systems
Which keyboard shortcut is typically used to 'close the current window or tab'?,Ctrl+Shift+Esc,Ctrl+W,Ctrl+Y,Ctrl+Shift+T,B,'Ctrl+W' is used to close the current window or tab.,Software,Keyboard Shortcuts
What is a firewall (software)?,a network architecture in which each computer can act as both a client and a server,"software whose source code is made publicly available for anyone to view, modify, and distribute",software that monitors and controls incoming and outgoing network traffic based on security rules,designing software so it can be easily adapted to different languages and regions without engineering changes,C,a firewall (software) is: software that monitors and controls incoming and outgoing network traffic based on security rules,Software,Software Basics
"Fill in the blank: ______ refers to ""a software development practice where developers frequently merge code changes into a shared repository, testing automatically"".",continuous integration (CI),acceptance testing,a scrum master,JIRA,A,"continuous integration (CI) refers to: a software development practice where developers frequently merge code changes into a shared repository, testing automatically",Software,Software Development
"Fill in the blank: ______ refers to ""a programming language commonly used to create interactive effects within web browsers"".",a programming language,JavaScript,an object in OOP,Java,B,JavaScript refers to: a programming language commonly used to create interactive effects within web browsers,Software,Programming
"Fill in the blank: ______ refers to ""an algorithm that arranges elements of a list in a certain order, such as ascending or descending"".",polymorphism in OOP,a sorting algorithm,an exception in programming,binary search,B,"a sorting algorithm refers to: an algorithm that arranges elements of a list in a certain order, such as ascending or descending",Software,Programming
"Fill in the blank: ______ refers to ""the process of organising data to reduce redundancy and improve data integrity"".",a relational database,normalization in databases,MySQL,backward compatibility,B,normalization in databases refers to: the process of organising data to reduce redundancy and improve data integrity,Software,Software Basics
Which statement correctly describes a code review?,"a general, reusable solution to a commonly occurring problem in software design",a software development practice where code changes are automatically deployed to production after passing tests,the systematic examination of source code by peers to identify bugs and improve quality,the practice of executing automated tests as part of the software delivery pipeline to get immediate feedback,C,"By definition, a code review is: the systematic examination of source code by peers to identify bugs and improve quality",Software,Software Development
Which statement correctly describes a staging environment?,"a testing environment that closely mirrors the production environment, used for final pre-release checks","a piece of software designed to update, fix, or improve a program, often addressing security vulnerabilities",a diagram used in software engineering to represent a user's interactions with a system,a software testing method where individual modules are combined and tested as a group,A,"By definition, a staging environment is: a testing environment that closely mirrors the production environment, used for final pre-release checks",Software,Software Development
What is a microservices architecture?,"a software architecture style where an application is built as a collection of small, independent services",a pre-release version of software made available to a limited group of users for testing purposes,a software testing method where individual modules are combined and tested as a group,a set of practices combining software development and IT operations to shorten the development lifecycle,A,"a microservices architecture is: a software architecture style where an application is built as a collection of small, independent services",Software,Software Development
What type of file typically has the extension '.rar'?,a stylesheet file used to style web pages,a Microsoft Excel spreadsheet,a shell script file used in Unix/Linux systems,a compressed archive file format,D,A file with the extension '.rar' is typically a compressed archive file format.,Software,File Formats
Which statement correctly describes an IDE (Integrated Development Environment)?,an isolated testing environment that allows code to run without affecting the production system,"a software application that provides comprehensive tools for software development, including a code editor and debugger",an error or flaw in a program that causes it to behave unexpectedly,"the high-level structure of a software system, defining its components and their relationships",B,"By definition, an IDE (Integrated Development Environment) is: a software application that provides comprehensive tools for software development, including a code editor and debugger",Software,Software Development
What is an IDE (Integrated Development Environment)?,"a fixed, short period of time during which a specific set of work must be completed and reviewed","a software application that provides comprehensive tools for software development, including a code editor and debugger",testing conducted to ensure that new code changes have not adversely affected existing functionality,the practice of diverging from the main line of development to work independently without affecting it,B,"an IDE (Integrated Development Environment) is: a software application that provides comprehensive tools for software development, including a code editor and debugger",Software,Software Development
What is a database?,"a tool that automates the process of installing, upgrading, and managing software packages, such as npm or pip","software that is available for use at no cost, but not necessarily open-source",an organised collection of structured data stored electronically for easy access and management,a small piece of code released to fix bugs or security vulnerabilities in existing software,C,a database is: an organised collection of structured data stored electronically for easy access and management,Software,Software Basics
Which programming language was created by Niklaus Wirth?,COBOL,Scala,Pascal,Objective-C,C,Pascal was created by Niklaus Wirth.,Software,Programming Languages
"Which term matches this description: ""a linear data structure that follows the Last-In-First-Out (LIFO) principle""?",a flowchart,a stack (data structure),SQL (Structured Query Language),an exception in programming,B,The description matches a stack (data structure): a linear data structure that follows the Last-In-First-Out (LIFO) principle,Software,Programming
What does the keyboard shortcut 'Ctrl+Home' typically do?,Open File Explorer (Windows),Paste copied content (macOS),Apply bold formatting to selected text,Move cursor to the beginning of a document,D,'Ctrl+Home' is used to move cursor to the beginning of a document.,Software,Keyboard Shortcuts
What is pair programming?,a type of performance testing that evaluates how a system behaves under expected user loads,a software development technique where two programmers work together at one workstation,any individual or group with an interest in or affected by a software project's outcome,the process of determining the needs and expectations of stakeholders for a new software system,B,pair programming is: a software development technique where two programmers work together at one workstation,Software,Software Development
What is spyware?,designing software so it can be used effectively by people with a wide range of abilities and disabilities,"a fraudulent attempt to obtain sensitive information by disguising as a trustworthy entity, often via email",software that secretly monitors and collects user information without their knowledge,malicious software that encrypts a victim's files and demands payment for their release,C,spyware is: software that secretly monitors and collects user information without their knowledge,Software,Software Basics
"Fill in the blank: ______ refers to ""a searching algorithm that finds the position of a target value within a sorted array by repeatedly dividing the search interval in half"".",an array,Java,binary search,pseudocode,C,binary search refers to: a searching algorithm that finds the position of a target value within a sorted array by repeatedly dividing the search interval in half,Software,Programming
What is a changelog entry's purpose?,"a prioritised list of features, changes, and fixes for a product, maintained in Agile development",a set of conditions and inputs used to determine whether a software feature works as intended,"to inform users and developers of what has changed, been fixed, or been added in a new software version",the process of reverting software to a previous stable version after a failed update or deployment,C,"a changelog entry's purpose is: to inform users and developers of what has changed, been fixed, or been added in a new software version",Software,Software Development
"Which term matches this description: ""a legal agreement that governs the use and distribution of software""?",cross-platform software,a software vendor,normalization in databases,a software license,D,The description matches a software license: a legal agreement that governs the use and distribution of software,Software,Software Basics
"Which term matches this description: ""an automated message sent from one application to another when a specific event occurs""?",a webhook,a Gantt chart,a microservices architecture,unit testing,A,The description matches a webhook: an automated message sent from one application to another when a specific event occurs,Software,Software Development
"Which term matches this description: ""testing conducted to determine whether a system meets business requirements and is ready for delivery""?",a code review,acceptance testing,a software requirement specification (SRS),an ORM (Object-Relational Mapping) tool,B,The description matches acceptance testing: testing conducted to determine whether a system meets business requirements and is ready for delivery,Software,Software Development
"Which term matches this description: ""the process of organising data to reduce redundancy and improve data integrity""?",a computer virus,normalization in databases,npm (Node Package Manager),cross-platform software,B,The description matches normalization in databases: the process of organising data to reduce redundancy and improve data integrity,Software,Software Basics
"Fill in the blank: ______ refers to ""a hierarchical data structure in which each node has at most two children, referred to as left and right"".",a runtime error,a binary tree,recursion in programming,encapsulation in OOP,B,"a binary tree refers to: a hierarchical data structure in which each node has at most two children, referred to as left and right",Software,Programming
"Fill in the blank: ______ refers to ""a storage location where a project's files and their revision history are kept"".",continuous testing,a repository (in version control),GitHub,the Singleton design pattern,B,a repository (in version control) refers to: a storage location where a project's files and their revision history are kept,Software,Software Development
Which statement correctly describes an add-on?,software that secretly monitors and collects user information without their knowledge,"a piece of software that extends the capabilities of a larger software application, similar to a plugin",a unique identifier for each record in a database table,"software designed to help users perform specific tasks, such as word processors or web browsers",B,"By definition, an add-on is: a piece of software that extends the capabilities of a larger software application, similar to a plugin",Software,Software Basics
"Fill in the blank: ______ refers to ""a small piece of code released to fix bugs or security vulnerabilities in existing software"".",a software update patch,application software,an add-on,encryption,A,a software update patch refers to: a small piece of code released to fix bugs or security vulnerabilities in existing software,Software,Software Basics
"Which term matches this description: ""a reusable block of code designed to perform a specific task""?",a function in programming,a runtime error,a binary tree,Java,A,The description matches a function in programming: a reusable block of code designed to perform a specific task,Software,Programming
"Which term matches this description: ""a prioritised list of features, changes, and fixes for a product, maintained in Agile development""?",a commit (in Git),a monolithic architecture,a product backlog,a patch,C,"The description matches a product backlog: a prioritised list of features, changes, and fixes for a product, maintained in Agile development",Software,Software Development
"Fill in the blank: ______ refers to ""a widely used operating system developed by Microsoft"".",iOS,an operating system (OS),a file system,Windows,D,Windows refers to: a widely used operating system developed by Microsoft,Software,Operating Systems
"Which term matches this description: ""a document that describes the intended purpose and functional requirements of a software system""?",a test case,a software requirement specification (SRS),a code review,a microservices architecture,B,The description matches a software requirement specification (SRS): a document that describes the intended purpose and functional requirements of a software system,Software,Software Development
What is macOS?,the ability of an operating system to execute multiple tasks or processes concurrently,the operating system developed by Apple for its Macintosh computers,software that allows an operating system to communicate with and control a hardware device,the core component of an operating system that manages system resources and communication between hardware and software,B,macOS is: the operating system developed by Apple for its Macintosh computers,Software,Operating Systems
Which statement correctly describes a kernel?,the core component of an operating system that manages system resources and communication between hardware and software,"an open-source operating system kernel, the basis for many free operating system distributions",the mobile operating system developed by Apple for its iPhone and iPad devices,the operating system developed by Apple for its Macintosh computers,A,"By definition, a kernel is: the core component of an operating system that manages system resources and communication between hardware and software",Software,Operating Systems
"Fill in the blank: ______ refers to ""the process of distributing network or application traffic across multiple servers to ensure reliability"".",spyware,load balancing,a EULA (End User License Agreement),an add-on,B,load balancing refers to: the process of distributing network or application traffic across multiple servers to ensure reliability,Software,Software Basics
"Which term matches this description: ""a lightweight virtualisation method that packages applications with their dependencies into isolated containers""?",Oracle Database,npm (Node Package Manager),containerisation,accessibility in software design,C,The description matches containerisation: a lightweight virtualisation method that packages applications with their dependencies into isolated containers,Software,Software Basics
What does the keyboard shortcut 'Windows+E' typically do?,Print the current document,Open File Explorer (Windows),Create a new document or window,Apply underline formatting to selected text,B,'Windows+E' is used to open file explorer (windows).,Software,Keyboard Shortcuts
In approximately which year was the programming language C# created?,2000,2003,2005,1988,A,C# was created in approximately 2000.,Software,Programming Languages
What is a software license?,software that monitors and controls incoming and outgoing network traffic based on security rules,"the process of adapting software for a specific region or language, including translations and cultural adjustments",a legal agreement that governs the use and distribution of software,a computing model in which client devices request services or resources from centralised servers,C,a software license is: a legal agreement that governs the use and distribution of software,Software,Software Basics
Which keyboard shortcut is typically used to 'save the current file'?,Ctrl+S,Windows+L,Cmd+Q,Windows+E,A,'Ctrl+S' is used to save the current file.,Software,Keyboard Shortcuts
Which statement correctly describes software?,"software distributed on a trial basis, often requiring payment for continued or full use","software designed to manage computer hardware and provide a platform for application software, such as an operating system",an organised collection of structured data stored electronically for easy access and management,a collection of instructions and programs used to operate computers and execute specific tasks,D,"By definition, software is: a collection of instructions and programs used to operate computers and execute specific tasks",Software,Software Basics
What is JavaScript?,the ability of different objects to respond to the same function call in different ways,"a data structure that stores a collection of elements, typically of the same type, in a contiguous block of memory","the process of converting data structures or objects into a format that can be stored or transmitted, such as JSON",a programming language commonly used to create interactive effects within web browsers,D,JavaScript is: a programming language commonly used to create interactive effects within web browsers,Software,Programming
"Fill in the blank: ______ refers to ""the amount of time a system or service remains operational and available without interruption"".",uptime,a content delivery network (CDN),cross-platform software,a checksum,A,uptime refers to: the amount of time a system or service remains operational and available without interruption,Software,Software Basics
What is proprietary software?,"a package manager for JavaScript, used to install and manage software libraries and dependencies",a type of malware that attaches itself to legitimate programs and replicates when the program is executed,an organised collection of structured data stored electronically for easy access and management,"software owned by an individual or company, with restricted rights to use, modify, or distribute it",D,"proprietary software is: software owned by an individual or company, with restricted rights to use, modify, or distribute it",Software,Software Basics
Who is credited with creating the programming language Go (Golang)?,Apple Inc. (led by Chris Lattner),Microsoft (led by Anders Hejlsberg),"Robert Griesemer, Rob Pike, and Ken Thompson at Google",Yukihiro Matsumoto,C,"Go (Golang) is credited to Robert Griesemer, Rob Pike, and Ken Thompson at Google.",Software,Programming Languages
"Fill in the blank: ______ refers to ""a type of malware that self-replicates and spreads across networks without needing to attach to a host program"".",a worm (malware),a foreign key in a database,a configuration file,system software,A,a worm (malware) refers to: a type of malware that self-replicates and spreads across networks without needing to attach to a host program,Software,Software Basics
"Fill in the blank: ______ refers to ""older software that is still in use but may not be actively supported or updated"".",spyware,cloud computing,a relational database,legacy software,D,legacy software refers to: older software that is still in use but may not be actively supported or updated,Software,Software Basics
Which programming language was created by Rasmus Lerdorf?,Kotlin,Rust,Dart,PHP,D,PHP was created by Rasmus Lerdorf.,Software,Programming Languages
What is caching in software?,the process of storing frequently accessed data temporarily for faster future retrieval,a design approach ensuring software interfaces adapt appropriately to different screen sizes and devices,a value set outside a program that can affect how running processes behave on a computer,a computing model in which client devices request services or resources from centralised servers,A,caching in software is: the process of storing frequently accessed data temporarily for faster future retrieval,Software,Software Basics
"Which term matches this description: ""a software development practice where code changes are automatically deployed to production after passing tests""?",continuous deployment (CD),continuous integration (CI),merging (in Git),version control,A,The description matches continuous deployment (CD): a software development practice where code changes are automatically deployed to production after passing tests,Software,Software Development
"Fill in the blank: ______ refers to ""a prioritised list of features, changes, and fixes for a product, maintained in Agile development"".",a product backlog,the term 'stakeholder' in software projects,the Software Development Life Cycle (SDLC),stress testing,A,"a product backlog refers to: a prioritised list of features, changes, and fixes for a product, maintained in Agile development",Software,Software Development
"Fill in the blank: ______ refers to ""the practice of embedding data directly into source code rather than obtaining it from an external source or configuration"".",a linked list,hard-coding,SQL (Structured Query Language),encapsulation in OOP,B,hard-coding refers to: the practice of embedding data directly into source code rather than obtaining it from an external source or configuration,Software,Programming
"Fill in the blank: ______ refers to ""the process of converting source code into a standalone, executable software artefact"".",software testing,technical debt,Visual Studio Code,a build in software development,D,"a build in software development refers to: the process of converting source code into a standalone, executable software artefact",Software,Software Development
What does the keyboard shortcut 'Windows+L' typically do?,Lock the computer (Windows),Reopen the last closed tab in a web browser,Apply underline formatting to selected text,Copy selected content (macOS),A,'Windows+L' is used to lock the computer (windows).,Software,Keyboard Shortcuts
Which keyboard shortcut is typically used to 'show the desktop by minimising all windows'?,Ctrl+Z,Ctrl+Home,Cmd+V,Windows+D,D,'Windows+D' is used to show the desktop by minimising all windows.,Software,Keyboard Shortcuts
In approximately which year was the programming language R created?,1998,1993,1996,1990,B,R was created in approximately 1993.,Software,Programming Languages
"Which term matches this description: ""software used to access and view websites on the internet, such as Chrome or Firefox""?",Python,C++,a web browser,the term 'stakeholder' in software projects,C,"The description matches a web browser: software used to access and view websites on the internet, such as Chrome or Firefox",Software,Application Software
"Which term matches this description: ""a tool used to log, track, and manage software bugs throughout the development process""?",a product owner,a code repository's README file,a defect tracking system,software documentation,C,"The description matches a defect tracking system: a tool used to log, track, and manage software bugs throughout the development process",Software,Software Development
"Fill in the blank: ______ refers to ""the process of determining the needs and expectations of stakeholders for a new software system"".",requirements gathering,refactoring,the Singleton design pattern,technical debt,A,requirements gathering refers to: the process of determining the needs and expectations of stakeholders for a new software system,Software,Software Development
Which file extension is typically used for a web page file written in HyperText Markup Language?,.txt,.csv,.bat,.html,D,Files that are a web page file written in HyperText Markup Language typically use the extension '.html'.,Software,File Formats
"Fill in the blank: ______ refers to ""a programming paradigm based on the concept of objects, which contain data and methods"".",polymorphism in OOP,an object in OOP,a loop in programming,object-oriented programming (OOP),D,"object-oriented programming (OOP) refers to: a programming paradigm based on the concept of objects, which contain data and methods",Software,Programming
"Fill in the blank: ______ refers to ""the practice of diverging from the main line of development to work independently without affecting it"".",Git,branching (in Git),a changelog entry's purpose,the Waterfall model,B,branching (in Git) refers to: the practice of diverging from the main line of development to work independently without affecting it,Software,Software Development
"Fill in the blank: ______ refers to ""designing software so it can be used effectively by people with a wide range of abilities and disabilities"".",MongoDB,a package manager,client-server architecture,accessibility in software design,D,accessibility in software design refers to: designing software so it can be used effectively by people with a wide range of abilities and disabilities,Software,Software Basics
What is the Software Development Life Cycle (SDLC)?,a document that describes the intended purpose and functional requirements of a software system,an isolated testing environment that allows code to run without affecting the production system,"a structured process used to plan, create, test, and deploy software",an early sample or model of a software product built to test a concept or process,C,"the Software Development Life Cycle (SDLC) is: a structured process used to plan, create, test, and deploy software",Software,Software Development
"Which term matches this description: ""a high-level, general-purpose programming language known for its readability and wide use in data science and web development""?",recursion in programming,a programming language,Python,object-oriented programming (OOP),C,"The description matches Python: a high-level, general-purpose programming language known for its readability and wide use in data science and web development",Software,Programming
"Which term matches this description: ""software that allows developers to interact with a database using object-oriented code instead of writing raw SQL""?",GitHub,continuous integration (CI),regression testing,an ORM (Object-Relational Mapping) tool,D,The description matches an ORM (Object-Relational Mapping) tool: software that allows developers to interact with a database using object-oriented code instead of writing raw SQL,Software,Software Development
Which file extension is typically used for a file that records events or messages generated by software?,.log,.pptx,.txt,.apk,A,Files that are a file that records events or messages generated by software typically use the extension '.log'.,Software,File Formats
Which statement correctly describes a primary key in a database?,a type of malware that attaches itself to legitimate programs and replicates when the program is executed,a unique identifier for each record in a database table,the process of distributing network or application traffic across multiple servers to ensure reliability,"a popular platform used to develop, ship, and run applications inside containers",B,"By definition, a primary key in a database is: a unique identifier for each record in a database table",Software,Software Basics
Which statement correctly describes a virtual machine (VM)?,software that monitors and controls incoming and outgoing network traffic based on security rules,"a software-based emulation of a physical computer, allowing multiple operating systems to run on one machine",a popular open-source relational database management system,a collection of instructions and programs used to operate computers and execute specific tasks,B,"By definition, a virtual machine (VM) is: a software-based emulation of a physical computer, allowing multiple operating systems to run on one machine",Software,Software Basics
What is continuous integration (CI)?,the systematic examination of source code by peers to identify bugs and improve quality,"a structured process used to plan, create, test, and deploy software","a software development practice where developers frequently merge code changes into a shared repository, testing automatically",a type of testing that evaluates a system's stability under extreme or unfavourable conditions,C,"continuous integration (CI) is: a software development practice where developers frequently merge code changes into a shared repository, testing automatically",Software,Software Development
"Fill in the blank: ______ refers to ""a line of text in source code ignored by the compiler or interpreter, used to explain the code to human readers"".",a comment in code,binary search,an object in OOP,polymorphism in OOP,A,"a comment in code refers to: a line of text in source code ignored by the compiler or interpreter, used to explain the code to human readers",Software,Programming
Which file extension is typically used for a common digital video file format?,.pptx,.gif,.exe,.mp4,D,Files that are a common digital video file format typically use the extension '.mp4'.,Software,File Formats
"Which term matches this description: ""a software architecture style where an application is built as a collection of small, independent services""?",a fork (in version control),GitHub,a microservices architecture,a rollback (in deployment),C,"The description matches a microservices architecture: a software architecture style where an application is built as a collection of small, independent services",Software,Software Development
"Fill in the blank: ______ refers to ""a design pattern that restricts a class to having only one instance and provides a global point of access to it"".",the Singleton design pattern,a beta version of software,branching (in Git),smoke testing,A,the Singleton design pattern refers to: a design pattern that restricts a class to having only one instance and provides a global point of access to it,Software,Software Development
"Which term matches this description: ""a step-by-step procedure or set of rules for solving a problem or performing a computation""?",object-oriented programming (OOP),an interpreter,an algorithm,a binary tree,C,The description matches an algorithm: a step-by-step procedure or set of rules for solving a problem or performing a computation,Software,Programming
Which statement correctly describes a sprint (in Scrum)?,"a software development approach emphasising iterative progress, collaboration, and flexibility to change","a fixed, short period of time during which a specific set of work must be completed and reviewed",a type of performance testing that evaluates how a system behaves under expected user loads,"a software architecture style where an application is built as a collection of small, independent services",B,"By definition, a sprint (in Scrum) is: a fixed, short period of time during which a specific set of work must be completed and reviewed",Software,Software Development
Which programming language was created by Brendan Eich?,JavaScript,C++,Pascal,Ruby,A,JavaScript was created by Brendan Eich.,Software,Programming Languages
"Fill in the blank: ______ refers to ""a method used by an operating system to organise and store files on a storage device"".",a file system,Linux,Windows,macOS,A,a file system refers to: a method used by an operating system to organise and store files on a storage device,Software,Operating Systems
"Fill in the blank: ______ refers to ""software designed to run on multiple operating systems or platforms without modification"".",cross-platform software,a package manager,pip,a virtual machine (VM),A,cross-platform software refers to: software designed to run on multiple operating systems or platforms without modification,Software,Software Basics
Which statement correctly describes Docker?,"software designed to help users perform specific tasks, such as word processors or web browsers",software that creates and manages virtual machines by allocating physical resources among them,"a tool that automates the process of installing, upgrading, and managing software packages, such as npm or pip","a popular platform used to develop, ship, and run applications inside containers",D,"By definition, Docker is: a popular platform used to develop, ship, and run applications inside containers",Software,Software Basics
What is object-oriented programming (OOP)?,"a programming paradigm based on the concept of objects, which contain data and methods",a step-by-step procedure or set of rules for solving a problem or performing a computation,a program that translates source code written in a high-level programming language into machine code,"an event that disrupts the normal flow of a program's execution, often handled using try-catch blocks",A,"object-oriented programming (OOP) is: a programming paradigm based on the concept of objects, which contain data and methods",Software,Programming
Who is credited with creating the programming language Haskell?,James Gosling,Bjarne Stroustrup,Microsoft (led by Anders Hejlsberg),a committee of researchers,D,Haskell is credited to a committee of researchers.,Software,Programming Languages
What is load balancing?,designing software so it can be easily adapted to different languages and regions without engineering changes,a type of software embedded directly into hardware devices to control their basic functions,the process of distributing network or application traffic across multiple servers to ensure reliability,a distributed network of servers that delivers web content to users based on their geographic location,C,load balancing is: the process of distributing network or application traffic across multiple servers to ensure reliability,Software,Software Basics
What is an add-on?,"a popular NoSQL database that stores data in flexible, JSON-like documents",a network architecture in which each computer can act as both a client and a server,software that creates and manages virtual machines by allocating physical resources among them,"a piece of software that extends the capabilities of a larger software application, similar to a plugin",D,"an add-on is: a piece of software that extends the capabilities of a larger software application, similar to a plugin",Software,Software Basics
Which keyboard shortcut is typically used to 'select all content'?,Ctrl+A,Ctrl+N,Ctrl+Home,Cmd+Space,A,'Ctrl+A' is used to select all content.,Software,Keyboard Shortcuts
"Which term matches this description: ""a value in a program that does not change during execution""?",a constant in programming,a syntax error,recursion in programming,an array,A,The description matches a constant in programming: a value in a program that does not change during execution,Software,Programming
What is beta testing?,the process of identifying and fixing errors or bugs in software code,a web-based platform for hosting and collaborating on Git repositories,the phase of software testing where a nearly finished product is released to a limited external audience for feedback,a document that typically explains what a software project does and how to use it,C,beta testing is: the phase of software testing where a nearly finished product is released to a limited external audience for feedback,Software,Software Development
Which file extension is typically used for an image file supporting transparency (Portable Network Graphics)?,.mp3,.cpp,.png,.gif,C,Files that are an image file supporting transparency (Portable Network Graphics) typically use the extension '.png'.,Software,File Formats
Which keyboard shortcut is typically used to 'close the currently active window (windows)'?,Ctrl+I,Ctrl+A,Ctrl+T,Alt+F4,D,'Alt+F4' is used to close the currently active window (windows).,Software,Keyboard Shortcuts
Which statement correctly describes a microservices architecture?,"a software architecture style where an application is built as a collection of small, independent services","to inform users and developers of what has changed, been fixed, or been added in a new software version",an automated message sent from one application to another when a specific event occurs,a document that typically explains what a software project does and how to use it,A,"By definition, a microservices architecture is: a software architecture style where an application is built as a collection of small, independent services",Software,Software Development
What is a Gantt chart?,an automated message sent from one application to another when a specific event occurs,"an early, internal version of software, often unstable, used for initial testing before beta release",a visual project management tool that shows a project schedule with tasks plotted against time,a software architecture style where all components of an application are combined into a single unit,C,a Gantt chart is: a visual project management tool that shows a project schedule with tasks plotted against time,Software,Software Development
Which statement correctly describes encryption?,designing software so it can be easily adapted to different languages and regions without engineering changes,"a fraudulent attempt to obtain sensitive information by disguising as a trustworthy entity, often via email",a type of malware that self-replicates and spreads across networks without needing to attach to a host program,the process of converting data into a coded format to prevent unauthorised access,D,"By definition, encryption is: the process of converting data into a coded format to prevent unauthorised access",Software,Software Basics
"Which term matches this description: ""a data structure that stores a collection of elements, typically of the same type, in a contiguous block of memory""?",binary search,a sorting algorithm,an interpreter,an array,D,"The description matches an array: a data structure that stores a collection of elements, typically of the same type, in a contiguous block of memory",Software,Programming
What is a defect tracking system?,a software development practice where code changes are automatically deployed to production after passing tests,an error or flaw in a program that causes it to behave unexpectedly,an isolated testing environment that allows code to run without affecting the production system,"a tool used to log, track, and manage software bugs throughout the development process",D,"a defect tracking system is: a tool used to log, track, and manage software bugs throughout the development process",Software,Software Development
What type of file typically has the extension '.xlsx'?,a common digital video file format,a JavaScript source code file,a Microsoft Excel spreadsheet,a Microsoft Word document,C,A file with the extension '.xlsx' is typically a Microsoft Excel spreadsheet.,Software,File Formats
"Fill in the blank: ______ refers to ""a network architecture in which each computer can act as both a client and a server"".",ransomware,IaaS (Infrastructure as a Service),Oracle Database,a peer-to-peer (P2P) network,D,a peer-to-peer (P2P) network refers to: a network architecture in which each computer can act as both a client and a server,Software,Software Basics
What is IaaS (Infrastructure as a Service)?,the process of storing frequently accessed data temporarily for faster future retrieval,a cloud computing model that provides virtualised computing resources over the internet,a network architecture in which each computer can act as both a client and a server,a value set outside a program that can affect how running processes behave on a computer,B,IaaS (Infrastructure as a Service) is: a cloud computing model that provides virtualised computing resources over the internet,Software,Software Basics
Which statement correctly describes black-box testing?,"a linear, sequential approach to software development, where each phase must be completed before the next begins",a popular project management and issue-tracking tool used widely in Agile software development,testing conducted to determine whether a system meets business requirements and is ready for delivery,a software testing method that examines functionality without looking at internal code structure,D,"By definition, black-box testing is: a software testing method that examines functionality without looking at internal code structure",Software,Software Development
Which statement correctly describes SaaS (Software as a Service)?,a legal agreement that governs the use and distribution of software,a software distribution model in which applications are hosted by a provider and made available to users over the internet,malware disguised as legitimate software to trick users into installing it,the process of organising data to reduce redundancy and improve data integrity,B,"By definition, SaaS (Software as a Service) is: a software distribution model in which applications are hosted by a provider and made available to users over the internet",Software,Software Basics
"Which term matches this description: ""malicious software designed to damage, disrupt, or gain unauthorised access to computer systems""?",a NoSQL database,malware,a firewall (software),MongoDB,B,"The description matches malware: malicious software designed to damage, disrupt, or gain unauthorised access to computer systems",Software,Software Basics
Which file extension is typically used for a compressed audio file?,.mp4,.mp3,.py,.log,B,Files that are a compressed audio file typically use the extension '.mp3'.,Software,File Formats
Which programming language was created by a committee led by Grace Hopper's influence?,Python,JavaScript,Go (Golang),COBOL,D,COBOL was created by a committee led by Grace Hopper's influence.,Software,Programming Languages
What is a sandbox environment?,"a testing environment that closely mirrors the production environment, used for final pre-release checks",software that allows developers to interact with a database using object-oriented code instead of writing raw SQL,a document that describes the intended purpose and functional requirements of a software system,an isolated testing environment that allows code to run without affecting the production system,D,a sandbox environment is: an isolated testing environment that allows code to run without affecting the production system,Software,Software Development
Which statement correctly describes client-server architecture?,a small piece of code released to fix bugs or security vulnerabilities in existing software,"software distributed on a trial basis, often requiring payment for continued or full use",a collection of instructions and programs used to operate computers and execute specific tasks,a computing model in which client devices request services or resources from centralised servers,D,"By definition, client-server architecture is: a computing model in which client devices request services or resources from centralised servers",Software,Software Basics
"Fill in the blank: ______ refers to ""any individual or group with an interest in or affected by a software project's outcome"".",the term 'stakeholder' in software projects,an alpha version of software,a beta version of software,the Waterfall model,A,the term 'stakeholder' in software projects refers to: any individual or group with an interest in or affected by a software project's outcome,Software,Software Development
"Which term matches this description: ""the ability of different objects to respond to the same function call in different ways""?",polymorphism in OOP,a variable in programming,a runtime error,a stack (data structure),A,The description matches polymorphism in OOP: the ability of different objects to respond to the same function call in different ways,Software,Programming
"Which term matches this description: ""an error caused by incorrect use of a programming language's grammar rules""?",a stack (data structure),a syntax error,a programming language,polymorphism in OOP,B,The description matches a syntax error: an error caused by incorrect use of a programming language's grammar rules,Software,Programming
"Fill in the blank: ______ refers to ""a software development approach emphasising iterative progress, collaboration, and flexibility to change"".",load testing,an alpha version of software,regression testing,Agile methodology,D,"Agile methodology refers to: a software development approach emphasising iterative progress, collaboration, and flexibility to change",Software,Software Development
Which statement correctly describes system software?,a package manager used to install and manage software packages written in Python,"software designed to manage computer hardware and provide a platform for application software, such as an operating system",a type of malware that attaches itself to legitimate programs and replicates when the program is executed,"software that is available for use at no cost, but not necessarily open-source",B,"By definition, system software is: software designed to manage computer hardware and provide a platform for application software, such as an operating system",Software,Software Basics
"Fill in the blank: ______ refers to ""a program that executes source code directly, translating and running it line by line without producing a separate executable file"".",an interpreter,a stack (data structure),Big O notation,a loop in programming,A,"an interpreter refers to: a program that executes source code directly, translating and running it line by line without producing a separate executable file",Software,Programming
Which statement correctly describes an alpha version of software?,a basic visual guide used to represent the skeletal framework of a software interface before development,"a personal copy of another user's repository, allowing independent development without affecting the original",the systematic examination of source code by peers to identify bugs and improve quality,"an early, internal version of software, often unstable, used for initial testing before beta release",D,"By definition, an alpha version of software is: an early, internal version of software, often unstable, used for initial testing before beta release",Software,Software Development
"Which term matches this description: ""a programming language commonly used to create interactive effects within web browsers""?",a runtime error,hard-coding,data serialization,JavaScript,D,The description matches JavaScript: a programming language commonly used to create interactive effects within web browsers,Software,Programming
What is a product backlog?,"a prioritised list of features, changes, and fixes for a product, maintained in Agile development",a set of rules that allows different software applications to communicate with each other,an automated message sent from one application to another when a specific event occurs,a facilitator responsible for ensuring a Scrum team follows Agile practices and removing obstacles,A,"a product backlog is: a prioritised list of features, changes, and fixes for a product, maintained in Agile development",Software,Software Development
Which keyboard shortcut is typically used to 'move cursor to the end of a document'?,Ctrl+End,Alt+F4,Ctrl+A,Ctrl+Shift+T,A,'Ctrl+End' is used to move cursor to the end of a document.,Software,Keyboard Shortcuts
Which statement correctly describes a EULA (End User License Agreement)?,"a legal contract between a software provider and the user, outlining terms of use","a tool that automates the process of installing, upgrading, and managing software packages, such as npm or pip",a design approach ensuring software interfaces adapt appropriately to different screen sizes and devices,a file used to set parameters and initial settings for a computer program,A,"By definition, a EULA (End User License Agreement) is: a legal contract between a software provider and the user, outlining terms of use",Software,Software Basics
"Which term matches this description: ""an early, internal version of software, often unstable, used for initial testing before beta release""?",a software requirement specification (SRS),an alpha version of software,scrum,a bug in software,B,"The description matches an alpha version of software: an early, internal version of software, often unstable, used for initial testing before beta release",Software,Software Development
"Fill in the blank: ______ refers to ""the bundling of data and methods that operate on that data within a single unit, restricting direct access to some components"".",encapsulation in OOP,a runtime error,Big O notation,recursion in programming,A,"encapsulation in OOP refers to: the bundling of data and methods that operate on that data within a single unit, restricting direct access to some components",Software,Programming
Which keyboard shortcut is typically used to 'lock the computer (windows)'?,Cmd+Tab,Ctrl+C,Alt+F4,Windows+L,D,'Windows+L' is used to lock the computer (windows).,Software,Keyboard Shortcuts
What is scrum?,"written material that explains how software works, including its functionality, usage, and architecture",testing conducted to determine whether a system meets business requirements and is ready for delivery,"an Agile framework for managing software development work, organised into sprints","a preliminary test to check whether the basic functions of software work, before more detailed testing",C,"scrum is: an Agile framework for managing software development work, organised into sprints",Software,Software Development
"Which term matches this description: ""older software that is still in use but may not be actively supported or updated""?",legacy software,client-server architecture,a primary key in a database,cloud computing,A,The description matches legacy software: older software that is still in use but may not be actively supported or updated,Software,Software Basics
What is continuous testing?,the practice of executing automated tests as part of the software delivery pipeline to get immediate feedback,testing conducted to determine whether a system meets business requirements and is ready for delivery,a pre-release version of software made available to a limited group of users for testing purposes,"a software development practice where developers frequently merge code changes into a shared repository, testing automatically",A,continuous testing is: the practice of executing automated tests as part of the software delivery pipeline to get immediate feedback,Software,Software Development
"Fill in the blank: ______ refers to ""a software testing method where individual components or functions are tested in isolation"".",a design pattern,a product owner,a rollback (in deployment),unit testing,D,unit testing refers to: a software testing method where individual components or functions are tested in isolation,Software,Software Development
Which statement correctly describes a patch?,"to inform users and developers of what has changed, been fixed, or been added in a new software version",a design pattern that restricts a class to having only one instance and provides a global point of access to it,a method of submitting proposed changes to a codebase for review before merging into the main branch,"a piece of software designed to update, fix, or improve a program, often addressing security vulnerabilities",D,"By definition, a patch is: a piece of software designed to update, fix, or improve a program, often addressing security vulnerabilities",Software,Software Development
Which statement correctly describes a device driver?,the mobile operating system developed by Apple for its iPhone and iPad devices,a widely used operating system developed by Microsoft,software that allows an operating system to communicate with and control a hardware device,the ability of an operating system to execute multiple tasks or processes concurrently,C,"By definition, a device driver is: software that allows an operating system to communicate with and control a hardware device",Software,Operating Systems
Which statement correctly describes PaaS (Platform as a Service)?,software that creates and manages virtual machines by allocating physical resources among them,"a cloud computing model that provides a platform allowing developers to build, run, and manage applications",software that enables one computer system to imitate the functions of another system,a collection of instructions and programs used to operate computers and execute specific tasks,B,"By definition, PaaS (Platform as a Service) is: a cloud computing model that provides a platform allowing developers to build, run, and manage applications",Software,Software Basics
"Fill in the blank: ______ refers to ""a preliminary test to check whether the basic functions of software work, before more detailed testing"".",an alpha version of software,smoke testing,a prototype in software development,a changelog,B,"smoke testing refers to: a preliminary test to check whether the basic functions of software work, before more detailed testing",Software,Software Development
"Fill in the blank: ______ refers to ""a tool that automates the process of installing, upgrading, and managing software packages, such as npm or pip"".",a worm (malware),software,a package manager,a configuration file,C,"a package manager refers to: a tool that automates the process of installing, upgrading, and managing software packages, such as npm or pip",Software,Software Basics
"Which term matches this description: ""a system that records changes to files over time, allowing users to track history and collaborate, such as Git""?",software testing,version control,a stand-up meeting,a fork (in version control),B,"The description matches version control: a system that records changes to files over time, allowing users to track history and collaborate, such as Git",Software,Software Development
"Fill in the blank: ______ refers to ""a package manager for JavaScript, used to install and manage software libraries and dependencies"".",npm (Node Package Manager),middleware,a hypervisor,MySQL,A,"npm (Node Package Manager) refers to: a package manager for JavaScript, used to install and manage software libraries and dependencies",Software,Software Basics
Which programming language was created by Graydon Hoare (at Mozilla)?,Rust,FORTRAN,TypeScript,R,A,Rust was created by Graydon Hoare (at Mozilla).,Software,Programming Languages
"Which term matches this description: ""the process of determining the needs and expectations of stakeholders for a new software system""?",requirements gathering,technical writing,a code review,refactoring,A,The description matches requirements gathering: the process of determining the needs and expectations of stakeholders for a new software system,Software,Software Development
What is a configuration file?,a distributed network of servers that delivers web content to users based on their geographic location,a file used to set parameters and initial settings for a computer program,"a software-based emulation of a physical computer, allowing multiple operating systems to run on one machine",software that secretly monitors and collects user information without their knowledge,B,a configuration file is: a file used to set parameters and initial settings for a computer program,Software,Software Basics
Who is credited with creating the programming language PHP?,Rasmus Lerdorf,Niklaus Wirth,Yukihiro Matsumoto,Brendan Eich,A,PHP is credited to Rasmus Lerdorf.,Software,Programming Languages
"Which term matches this description: ""a type of testing that evaluates a system's stability under extreme or unfavourable conditions""?",continuous integration (CI),acceptance testing,stress testing,a build in software development,C,The description matches stress testing: a type of testing that evaluates a system's stability under extreme or unfavourable conditions,Software,Software Development
Which statement correctly describes recursion in programming?,"an event that disrupts the normal flow of a program's execution, often handled using try-catch blocks",a general-purpose programming language that extends the C language with object-oriented features,"the process of converting data structures or objects into a format that can be stored or transmitted, such as JSON",a technique where a function calls itself to solve a smaller instance of the same problem,D,"By definition, recursion in programming is: a technique where a function calls itself to solve a smaller instance of the same problem",Software,Programming
What type of file typically has the extension '.py'?,a file that records events or messages generated by software,a web page file written in HyperText Markup Language,a Python source code file,a C++ programming language source code file,C,A file with the extension '.py' is typically a Python source code file.,Software,File Formats
What does the keyboard shortcut 'Ctrl+S' typically do?,Save the current file,Paste copied content,Find text within a document or page,Redo the last undone action,A,'Ctrl+S' is used to save the current file.,Software,Keyboard Shortcuts
"Which term matches this description: ""a type of database that organises data into tables with rows and columns, linked by relationships""?",pip,uptime,a relational database,a EULA (End User License Agreement),C,"The description matches a relational database: a type of database that organises data into tables with rows and columns, linked by relationships",Software,Software Basics
"Fill in the blank: ______ refers to ""the process of converting data structures or objects into a format that can be stored or transmitted, such as JSON"".",encapsulation in OOP,an exception in programming,data serialization,hard-coding,C,"data serialization refers to: the process of converting data structures or objects into a format that can be stored or transmitted, such as JSON",Software,Programming
"Fill in the blank: ______ refers to ""a named storage location used to hold data that may change during program execution"".",an object in OOP,a variable in programming,SQL (Structured Query Language),data serialization,B,a variable in programming refers to: a named storage location used to hold data that may change during program execution,Software,Programming
Who is credited with creating the programming language C++?,John McCarthy,Rasmus Lerdorf,Bjarne Stroustrup,Larry Wall,C,C++ is credited to Bjarne Stroustrup.,Software,Programming Languages
What type of file typically has the extension '.js'?,a Java source code file,a Portable Document Format file,a JavaScript source code file,a C programming language source code file,C,A file with the extension '.js' is typically a JavaScript source code file.,Software,File Formats
"Fill in the blank: ______ refers to ""an Agile framework for managing software development work, organised into sprints"".",requirements gathering,technical writing,scrum,a bug in software,C,"scrum refers to: an Agile framework for managing software development work, organised into sprints",Software,Software Development
Which keyboard shortcut is typically used to 'create a new document or window'?,Ctrl+V,Ctrl+N,F5,Ctrl+P,B,'Ctrl+N' is used to create a new document or window.,Software,Keyboard Shortcuts
Which file extension is typically used for a compressed image file (JPEG format)?,.jpg,.java,.html,.log,A,Files that are a compressed image file (JPEG format) typically use the extension '.jpg'.,Software,File Formats
Which keyboard shortcut is typically used to 'copy selected content (macos)'?,Ctrl+D,Ctrl+T,Cmd+V,Cmd+C,D,'Cmd+C' is used to copy selected content (macos).,Software,Keyboard Shortcuts
In approximately which year was the programming language Scala created?,2006,2008,2003,2015,C,Scala was created in approximately 2003.,Software,Programming Languages
Which statement correctly describes acceptance testing?,the practice of executing automated tests as part of the software delivery pipeline to get immediate feedback,testing conducted to determine whether a system meets business requirements and is ready for delivery,a software testing method that examines internal code structure and logic,"a personal copy of another user's repository, allowing independent development without affecting the original",B,"By definition, acceptance testing is: testing conducted to determine whether a system meets business requirements and is ready for delivery",Software,Software Development
In approximately which year was the programming language TypeScript created?,2004,2017,2007,2012,D,TypeScript was created in approximately 2012.,Software,Programming Languages
What type of file typically has the extension '.gif'?,a Python source code file,an image file format that supports simple animation,a batch file containing a sequence of commands for Windows,a plain text file,B,A file with the extension '.gif' is typically an image file format that supports simple animation.,Software,File Formats
Who is credited with creating the programming language Dart?,Dennis Ritchie,James Gosling,Guido van Rossum,Google,D,Dart is credited to Google.,Software,Programming Languages
What is ransomware?,a small piece of code released to fix bugs or security vulnerabilities in existing software,an organised collection of structured data stored electronically for easy access and management,older software that is still in use but may not be actively supported or updated,malicious software that encrypts a victim's files and demands payment for their release,D,ransomware is: malicious software that encrypts a victim's files and demands payment for their release,Software,Software Basics
What is legacy software?,a widely used commercial relational database management system developed by Oracle Corporation,older software that is still in use but may not be actively supported or updated,the amount of time a system or service remains operational and available without interruption,a legal agreement that governs the use and distribution of software,B,legacy software is: older software that is still in use but may not be actively supported or updated,Software,Software Basics
"Fill in the blank: ______ refers to ""malware disguised as legitimate software to trick users into installing it"".",a Trojan horse (malware),shareware,a database,a stored procedure,A,a Trojan horse (malware) refers to: malware disguised as legitimate software to trick users into installing it,Software,Software Basics
"Which term matches this description: ""a value set outside a program that can affect how running processes behave on a computer""?",a software vendor,an environment variable,cloud computing,ransomware,B,The description matches an environment variable: a value set outside a program that can affect how running processes behave on a computer,Software,Software Basics
Who is credited with creating the programming language Ruby?,Apple Inc. (led by Chris Lattner),Google,Rasmus Lerdorf,Yukihiro Matsumoto,D,Ruby is credited to Yukihiro Matsumoto.,Software,Programming Languages
"Which term matches this description: ""a testing environment that closely mirrors the production environment, used for final pre-release checks""?",a code repository's README file,load testing,an IDE (Integrated Development Environment),a staging environment,D,"The description matches a staging environment: a testing environment that closely mirrors the production environment, used for final pre-release checks",Software,Software Development
What is antivirus software?,a searching algorithm that finds the position of a target value within a sorted array by repeatedly dividing the search interval in half,"software designed to detect, prevent, and remove malicious software from a computer",a method used by an operating system to organise and store files on a storage device,"to inform users and developers of what has changed, been fixed, or been added in a new software version",B,"antivirus software is: software designed to detect, prevent, and remove malicious software from a computer",Software,Application Software
Which statement correctly describes a wireframe?,testing conducted to ensure that new code changes have not adversely affected existing functionality,"a structured process used to plan, create, test, and deploy software",a basic visual guide used to represent the skeletal framework of a software interface before development,a software testing method where individual components or functions are tested in isolation,C,"By definition, a wireframe is: a basic visual guide used to represent the skeletal framework of a software interface before development",Software,Software Development
Who is credited with creating the programming language Swift?,Brendan Eich,Martin Odersky,Apple Inc. (led by Chris Lattner),Graydon Hoare (at Mozilla),C,Swift is credited to Apple Inc. (led by Chris Lattner).,Software,Programming Languages
"Fill in the blank: ______ refers to ""software distributed on a trial basis, often requiring payment for continued or full use"".",internationalisation of software,MongoDB,shareware,MySQL,C,"shareware refers to: software distributed on a trial basis, often requiring payment for continued or full use",Software,Software Basics
Which statement correctly describes accessibility in software design?,designing software so it can be used effectively by people with a wide range of abilities and disabilities,an organised collection of structured data stored electronically for easy access and management,a formal contract defining the expected level of service between a provider and a customer,a software distribution model in which applications are hosted by a provider and made available to users over the internet,A,"By definition, accessibility in software design is: designing software so it can be used effectively by people with a wide range of abilities and disabilities",Software,Software Basics
Which statement correctly describes regression testing?,the phase of software testing where a nearly finished product is released to a limited external audience for feedback,"a software design pattern that separates an application into three interconnected components: data, user interface, and logic",the practice of executing automated tests as part of the software delivery pipeline to get immediate feedback,testing conducted to ensure that new code changes have not adversely affected existing functionality,D,"By definition, regression testing is: testing conducted to ensure that new code changes have not adversely affected existing functionality",Software,Software Development
Which programming language was created by Bjarne Stroustrup?,Perl,PHP,Lua,C++,D,C++ was created by Bjarne Stroustrup.,Software,Programming Languages
What is bubble sort?,"the process of converting data structures or objects into a format that can be stored or transmitted, such as JSON","a hierarchical data structure in which each node has at most two children, referred to as left and right",a searching algorithm that finds the position of a target value within a sorted array by repeatedly dividing the search interval in half,"a simple sorting algorithm that repeatedly steps through a list, swapping adjacent elements if they are in the wrong order",D,"bubble sort is: a simple sorting algorithm that repeatedly steps through a list, swapping adjacent elements if they are in the wrong order",Software,Programming
"Which term matches this description: ""a release of new or improved code that fixes bugs, adds features, or improves security""?",a software update,freeware,caching in software,a virtual machine (VM),A,"The description matches a software update: a release of new or improved code that fixes bugs, adds features, or improves security",Software,Software Basics
Which programming language was created by John McCarthy?,Lisp,Ruby,Lua,Perl,A,Lisp was created by John McCarthy.,Software,Programming Languages
Who is credited with creating the programming language COBOL?,Bjarne Stroustrup,a committee led by Grace Hopper's influence,Microsoft (led by Anders Hejlsberg),JetBrains,B,COBOL is credited to a committee led by Grace Hopper's influence.,Software,Programming Languages
Which statement correctly describes internationalisation of software?,"a type of database designed for storing unstructured or semi-structured data, unlike traditional relational databases",designing software so it can be used effectively by people with a wide range of abilities and disabilities,designing software so it can be easily adapted to different languages and regions without engineering changes,a software distribution model in which applications are hosted by a provider and made available to users over the internet,C,"By definition, internationalisation of software is: designing software so it can be easily adapted to different languages and regions without engineering changes",Software,Software Basics
"Which term matches this description: ""a type of performance testing that evaluates how a system behaves under expected user loads""?",Git,an alpha version of software,version control,load testing,D,The description matches load testing: a type of performance testing that evaluates how a system behaves under expected user loads,Software,Software Development
"Which term matches this description: ""designing software so it can be used effectively by people with a wide range of abilities and disabilities""?",a software license,accessibility in software design,responsive software design,a Trojan horse (malware),B,The description matches accessibility in software design: designing software so it can be used effectively by people with a wide range of abilities and disabilities,Software,Software Basics
What is a Trojan horse (malware)?,a design approach ensuring software interfaces adapt appropriately to different screen sizes and devices,a set of SQL statements saved in a database that can be executed as a single unit,an organised collection of structured data stored electronically for easy access and management,malware disguised as legitimate software to trick users into installing it,D,a Trojan horse (malware) is: malware disguised as legitimate software to trick users into installing it,Software,Software Basics
What is a repository (in version control)?,a storage location where a project's files and their revision history are kept,a method of submitting proposed changes to a codebase for review before merging into the main branch,a visual project management tool that shows a project schedule with tasks plotted against time,the practice of executing automated tests as part of the software delivery pipeline to get immediate feedback,A,a repository (in version control) is: a storage location where a project's files and their revision history are kept,Software,Software Development
"Which term matches this description: ""software used to create, edit, and format text documents, such as Microsoft Word""?",a loop in programming,inheritance in OOP,a word processor,Git,C,"The description matches a word processor: software used to create, edit, and format text documents, such as Microsoft Word",Software,Application Software
"Which term matches this description: ""a set of rules that allows different software applications to communicate with each other""?",black-box testing,a build in software development,a monolithic architecture,an API (Application Programming Interface),D,The description matches an API (Application Programming Interface): a set of rules that allows different software applications to communicate with each other,Software,Software Development
"Fill in the blank: ______ refers to ""the process of reverting software to a previous stable version after a failed update or deployment"".",a changelog,semantic versioning,a rollback (in deployment),a wireframe,C,a rollback (in deployment) refers to: the process of reverting software to a previous stable version after a failed update or deployment,Software,Software Development
"Which term matches this description: ""a small, reusable block of source code that performs a specific function""?",pseudocode,a code snippet,data serialization,a stack (data structure),B,"The description matches a code snippet: a small, reusable block of source code that performs a specific function",Software,Programming
"Fill in the blank: ______ refers to ""a computing model in which client devices request services or resources from centralised servers"".",cloud computing,client-server architecture,emulation software,malware,B,client-server architecture refers to: a computing model in which client devices request services or resources from centralised servers,Software,Software Basics
What is cross-platform software?,the process of storing frequently accessed data temporarily for faster future retrieval,older software that is still in use but may not be actively supported or updated,a network architecture in which each computer can act as both a client and a server,software designed to run on multiple operating systems or platforms without modification,D,cross-platform software is: software designed to run on multiple operating systems or platforms without modification,Software,Software Basics
What type of file typically has the extension '.mp4'?,"a JavaScript Object Notation file, used for structured data exchange",a common digital video file format,"a Scalable Vector Graphics file, used for resolution-independent images",a Microsoft PowerPoint presentation,B,A file with the extension '.mp4' is typically a common digital video file format.,Software,File Formats
What is a package manager?,a widely used commercial relational database management system developed by Oracle Corporation,a type of malware that attaches itself to legitimate programs and replicates when the program is executed,a unique identifier for each record in a database table,"a tool that automates the process of installing, upgrading, and managing software packages, such as npm or pip",D,"a package manager is: a tool that automates the process of installing, upgrading, and managing software packages, such as npm or pip",Software,Software Basics
"Which term matches this description: ""the mobile operating system developed by Apple for its iPhone and iPad devices""?",a file system,a device driver,iOS,multitasking in an OS,C,The description matches iOS: the mobile operating system developed by Apple for its iPhone and iPad devices,Software,Operating Systems
"Which term matches this description: ""a blueprint or template used to create objects, defining their properties and behaviours""?",pseudocode,a class in OOP,a variable in programming,bubble sort,B,"The description matches a class in OOP: a blueprint or template used to create objects, defining their properties and behaviours",Software,Programming
Who is credited with creating the programming language R?,Ross Ihaka and Robert Gentleman,Brad Cox and Tom Love,Roberto Ierusalimschy and colleagues,a committee of researchers,A,R is credited to Ross Ihaka and Robert Gentleman.,Software,Programming Languages
What is containerisation?,"a package manager for JavaScript, used to install and manage software libraries and dependencies","a systematic evaluation of software to ensure compliance with licenses, standards, and regulations",a lightweight virtualisation method that packages applications with their dependencies into isolated containers,software that monitors and controls incoming and outgoing network traffic based on security rules,C,containerisation is: a lightweight virtualisation method that packages applications with their dependencies into isolated containers,Software,Software Basics
In approximately which year was the programming language Lisp created?,1966,1955,1946,1958,D,Lisp was created in approximately 1958.,Software,Programming Languages
"Which term matches this description: ""an assessment conducted to determine whether a proposed software project is practical and viable""?",a feasibility study,a stand-up meeting,the MVC (Model-View-Controller) pattern,a bug in software,A,The description matches a feasibility study: an assessment conducted to determine whether a proposed software project is practical and viable,Software,Software Development
What is a service level agreement (SLA)?,a type of software embedded directly into hardware devices to control their basic functions,"software whose source code is made publicly available for anyone to view, modify, and distribute",a widely used commercial relational database management system developed by Oracle Corporation,a formal contract defining the expected level of service between a provider and a customer,D,a service level agreement (SLA) is: a formal contract defining the expected level of service between a provider and a customer,Software,Software Basics
In approximately which year was the programming language FORTRAN created?,1957,1949,1954,1960,A,FORTRAN was created in approximately 1957.,Software,Programming Languages
"Which term matches this description: ""a piece of software designed to update, fix, or improve a program, often addressing security vulnerabilities""?",a code formatter,Git,a patch,software testing,C,"The description matches a patch: a piece of software designed to update, fix, or improve a program, often addressing security vulnerabilities",Software,Software Development
Which statement correctly describes a product backlog?,"a prioritised list of features, changes, and fixes for a product, maintained in Agile development","a tool used to log, track, and manage software bugs throughout the development process",a software architecture style where all components of an application are combined into a single unit,the person responsible for defining and prioritising the features of a product in Agile development,A,"By definition, a product backlog is: a prioritised list of features, changes, and fixes for a product, maintained in Agile development",Software,Software Development
What is malware?,"a piece of software that extends the capabilities of a larger software application, similar to a plugin",the process of organising data to reduce redundancy and improve data integrity,a collection of instructions and programs used to operate computers and execute specific tasks,"malicious software designed to damage, disrupt, or gain unauthorised access to computer systems",D,"malware is: malicious software designed to damage, disrupt, or gain unauthorised access to computer systems",Software,Software Basics
Which statement correctly describes a feasibility study?,a software architecture style where all components of an application are combined into a single unit,"a software development approach emphasising iterative progress, collaboration, and flexibility to change",an assessment conducted to determine whether a proposed software project is practical and viable,a software development practice where code changes are automatically deployed to production after passing tests,C,"By definition, a feasibility study is: an assessment conducted to determine whether a proposed software project is practical and viable",Software,Software Development
Which statement correctly describes freeware?,designing software so it can be used effectively by people with a wide range of abilities and disabilities,"a popular NoSQL database that stores data in flexible, JSON-like documents","a fraudulent attempt to obtain sensitive information by disguising as a trustworthy entity, often via email","software that is available for use at no cost, but not necessarily open-source",D,"By definition, freeware is: software that is available for use at no cost, but not necessarily open-source",Software,Software Basics
What is a runtime error?,"an error that occurs while a program is being executed, after it has been successfully compiled","a blueprint or template used to create objects, defining their properties and behaviours",a reusable block of code designed to perform a specific task,an error detected during the compilation process that prevents source code from being converted into an executable program,A,"a runtime error is: an error that occurs while a program is being executed, after it has been successfully compiled",Software,Programming
"Fill in the blank: ______ refers to ""testing conducted to determine whether a system meets business requirements and is ready for delivery"".",a prototype in software development,software testing,a bug in software,acceptance testing,D,acceptance testing refers to: testing conducted to determine whether a system meets business requirements and is ready for delivery,Software,Software Development
"Fill in the blank: ______ refers to ""a visual project management tool that shows a project schedule with tasks plotted against time"".",a monolithic architecture,a prototype in software development,a Gantt chart,the Software Development Life Cycle (SDLC),C,a Gantt chart refers to: a visual project management tool that shows a project schedule with tasks plotted against time,Software,Software Development
What is uptime?,"a release of new or improved code that fixes bugs, adds features, or improves security",the amount of time a system or service remains operational and available without interruption,"a piece of software that extends the capabilities of a larger software application, similar to a plugin",a computing model in which client devices request services or resources from centralised servers,B,uptime is: the amount of time a system or service remains operational and available without interruption,Software,Software Basics
"Fill in the blank: ______ refers to ""an error or flaw in a program that causes it to behave unexpectedly"".",a commit (in Git),a changelog entry's purpose,unit testing,a bug in software,D,a bug in software refers to: an error or flaw in a program that causes it to behave unexpectedly,Software,Software Development
Which statement correctly describes polymorphism in OOP?,the ability of different objects to respond to the same function call in different ways,a searching algorithm that finds the position of a target value within a sorted array by repeatedly dividing the search interval in half,"a simple sorting algorithm that repeatedly steps through a list, swapping adjacent elements if they are in the wrong order","the bundling of data and methods that operate on that data within a single unit, restricting direct access to some components",A,"By definition, polymorphism in OOP is: the ability of different objects to respond to the same function call in different ways",Software,Programming
"Which file extension is typically used for a Scalable Vector Graphics file, used for resolution-independent images?",.py,.java,.mp4,.svg,D,"Files that are a Scalable Vector Graphics file, used for resolution-independent images typically use the extension '.svg'.",Software,File Formats
What does the keyboard shortcut 'Cmd+Q' typically do?,Apply italic formatting to selected text,Apply underline formatting to selected text,Bookmark the current page in a browser,Quit the current application (macOS),D,'Cmd+Q' is used to quit the current application (macos).,Software,Keyboard Shortcuts
"Fill in the blank: ______ refers to ""a snapshot of changes made to files in a repository, saved with a descriptive message"".",DevOps,an alpha version of software,a commit (in Git),a microservices architecture,C,"a commit (in Git) refers to: a snapshot of changes made to files in a repository, saved with a descriptive message",Software,Software Development
Which statement correctly describes shareware?,"software that is available for use at no cost, but not necessarily open-source","software distributed on a trial basis, often requiring payment for continued or full use",the process of organising data to reduce redundancy and improve data integrity,"a type of database that organises data into tables with rows and columns, linked by relationships",B,"By definition, shareware is: software distributed on a trial basis, often requiring payment for continued or full use",Software,Software Basics
Which statement correctly describes semantic versioning?,a software testing method that examines functionality without looking at internal code structure,a software testing method where individual modules are combined and tested as a group,"to inform users and developers of what has changed, been fixed, or been added in a new software version",a versioning scheme using a three-part number (major.minor.patch) to indicate the nature of software changes,D,"By definition, semantic versioning is: a versioning scheme using a three-part number (major.minor.patch) to indicate the nature of software changes",Software,Software Development
Which statement correctly describes continuous integration (CI)?,"a software development practice where developers frequently merge code changes into a shared repository, testing automatically","a system that records changes to files over time, allowing users to track history and collaborate, such as Git",a visual project management tool that shows a project schedule with tasks plotted against time,an isolated testing environment that allows code to run without affecting the production system,A,"By definition, continuous integration (CI) is: a software development practice where developers frequently merge code changes into a shared repository, testing automatically",Software,Software Development
What is smoke testing?,the process of integrating changes from one branch into another in version control,the phase of software testing where a nearly finished product is released to a limited external audience for feedback,"a general, reusable solution to a commonly occurring problem in software design","a preliminary test to check whether the basic functions of software work, before more detailed testing",D,"smoke testing is: a preliminary test to check whether the basic functions of software work, before more detailed testing",Software,Software Development
What is a merge conflict?,"a prioritised list of features, changes, and fixes for a product, maintained in Agile development",the practice of executing automated tests as part of the software delivery pipeline to get immediate feedback,a situation in version control where changes from different branches cannot be automatically combined,"an Agile framework for managing software development work, organised into sprints",C,a merge conflict is: a situation in version control where changes from different branches cannot be automatically combined,Software,Software Development
"Fill in the blank: ______ refers to ""a field in one table that refers to the primary key in another table, establishing a relationship"".",legacy software,a EULA (End User License Agreement),a foreign key in a database,a software update patch,C,"a foreign key in a database refers to: a field in one table that refers to the primary key in another table, establishing a relationship",Software,Software Basics
Which statement correctly describes technical writing?,a tool that automatically reformats source code to follow consistent style guidelines,"the practice of creating clear, structured documentation for technical products, such as user manuals",testing conducted to ensure that new code changes have not adversely affected existing functionality,the process of evaluating software to identify defects and ensure it meets requirements,B,"By definition, technical writing is: the practice of creating clear, structured documentation for technical products, such as user manuals",Software,Software Development
Which statement correctly describes a software license?,a type of software embedded directly into hardware devices to control their basic functions,a legal agreement that governs the use and distribution of software,"a systematic evaluation of software to ensure compliance with licenses, standards, and regulations","a popular platform used to develop, ship, and run applications inside containers",B,"By definition, a software license is: a legal agreement that governs the use and distribution of software",Software,Software Basics
"Which term matches this description: ""a personal copy of another user's repository, allowing independent development without affecting the original""?",a software requirement specification (SRS),a fork (in version control),version control,a monolithic architecture,B,"The description matches a fork (in version control): a personal copy of another user's repository, allowing independent development without affecting the original",Software,Software Development
"Which term matches this description: ""a software-based emulation of a physical computer, allowing multiple operating systems to run on one machine""?",a virtual machine (VM),localisation of software,Kubernetes,middleware,A,"The description matches a virtual machine (VM): a software-based emulation of a physical computer, allowing multiple operating systems to run on one machine",Software,Software Basics
What does the keyboard shortcut 'Ctrl+O' typically do?,Save the current file,Open File Explorer (Windows),Redo the last undone action,Open an existing file,D,'Ctrl+O' is used to open an existing file.,Software,Keyboard Shortcuts
What is Android?,"a mobile operating system developed by Google, based on a modified version of the Linux kernel","system software that manages computer hardware, software resources, and provides common services for programs",the core component of an operating system that manages system resources and communication between hardware and software,the ability of an operating system to execute multiple tasks or processes concurrently,A,"Android is: a mobile operating system developed by Google, based on a modified version of the Linux kernel",Software,Operating Systems
"Which term matches this description: ""a design approach ensuring software interfaces adapt appropriately to different screen sizes and devices""?",system software,client-server architecture,internationalisation of software,responsive software design,D,The description matches responsive software design: a design approach ensuring software interfaces adapt appropriately to different screen sizes and devices,Software,Software Basics
Which keyboard shortcut is typically used to 'move cursor to the beginning of a document'?,Ctrl+Home,Ctrl+C,F5,Cmd+Q,A,'Ctrl+Home' is used to move cursor to the beginning of a document.,Software,Keyboard Shortcuts
"Which term matches this description: ""a method of submitting proposed changes to a codebase for review before merging into the main branch""?",a use case diagram,pull requests (in Git),integration testing,an IDE (Integrated Development Environment),B,The description matches pull requests (in Git): a method of submitting proposed changes to a codebase for review before merging into the main branch,Software,Software Development
Which statement correctly describes Java?,the ability of different objects to respond to the same function call in different ways,an error detected during the compilation process that prevents source code from being converted into an executable program,"a widely used, class-based, object-oriented programming language designed to be platform-independent","a simple sorting algorithm that repeatedly steps through a list, swapping adjacent elements if they are in the wrong order",C,"By definition, Java is: a widely used, class-based, object-oriented programming language designed to be platform-independent",Software,Programming
What does the keyboard shortcut 'Ctrl+D' typically do?,Close the current window or tab,Quit the current application (macOS),Bookmark the current page in a browser,Apply underline formatting to selected text,C,'Ctrl+D' is used to bookmark the current page in a browser.,Software,Keyboard Shortcuts
What type of file typically has the extension '.sh'?,a shell script file used in Unix/Linux systems,a disc image file,an image file supporting transparency (Portable Network Graphics),a compressed archive file,A,A file with the extension '.sh' is typically a shell script file used in Unix/Linux systems.,Software,File Formats
Which file extension is typically used for a stylesheet file used to style web pages?,.css,.mp3,.c,.js,A,Files that are a stylesheet file used to style web pages typically use the extension '.css'.,Software,File Formats
"Fill in the blank: ______ refers to ""the high-level structure of a software system, defining its components and their relationships"".",a software architecture,a webhook,stress testing,a Gantt chart,A,"a software architecture refers to: the high-level structure of a software system, defining its components and their relationships",Software,Software Development
"Which term matches this description: ""a type of software embedded directly into hardware devices to control their basic functions""?",cross-platform software,firmware,a software vendor,a package manager,B,The description matches firmware: a type of software embedded directly into hardware devices to control their basic functions,Software,Software Basics
"Fill in the blank: ______ refers to ""a value in a program that does not change during execution"".",an interpreter,a constant in programming,Big O notation,an exception in programming,B,a constant in programming refers to: a value in a program that does not change during execution,Software,Programming
"Which term matches this description: ""software designed to manage computer hardware and provide a platform for application software, such as an operating system""?",system software,emulation software,ransomware,Oracle Database,A,"The description matches system software: software designed to manage computer hardware and provide a platform for application software, such as an operating system",Software,Software Basics
Which statement correctly describes a spreadsheet application?,"an open-source platform for automating the deployment, scaling, and management of containerised applications","a prioritised list of features, changes, and fixes for a product, maintained in Agile development","software used to organise, analyse, and store data in tabular form, such as Microsoft Excel",software that enables one computer system to imitate the functions of another system,C,"By definition, a spreadsheet application is: software used to organise, analyse, and store data in tabular form, such as Microsoft Excel",Software,Application Software
"Fill in the blank: ______ refers to ""an event that disrupts the normal flow of a program's execution, often handled using try-catch blocks"".",an exception in programming,a sorting algorithm,data serialization,an interpreter,A,"an exception in programming refers to: an event that disrupts the normal flow of a program's execution, often handled using try-catch blocks",Software,Programming
"Which term matches this description: ""a mechanism by which one class can acquire properties and behaviours from another class""?",encapsulation in OOP,inheritance in OOP,a compiler error,SQL (Structured Query Language),B,The description matches inheritance in OOP: a mechanism by which one class can acquire properties and behaviours from another class,Software,Programming
"Which term matches this description: ""a technique where a function calls itself to solve a smaller instance of the same problem""?",pseudocode,recursion in programming,a compiler,an object in OOP,B,The description matches recursion in programming: a technique where a function calls itself to solve a smaller instance of the same problem,Software,Programming
"Which term matches this description: ""an open-source platform for automating the deployment, scaling, and management of containerised applications""?",cross-platform software,Kubernetes,a service level agreement (SLA),a worm (malware),B,"The description matches Kubernetes: an open-source platform for automating the deployment, scaling, and management of containerised applications",Software,Software Basics
Which statement correctly describes a milestone in project management?,a tool that automatically reformats source code to follow consistent style guidelines,"a tool that analyses source code to flag programming errors, bugs, and stylistic issues","a significant point or event in a project's timeline, marking progress toward completion","a system that records changes to files over time, allowing users to track history and collaborate, such as Git",C,"By definition, a milestone in project management is: a significant point or event in a project's timeline, marking progress toward completion",Software,Software Development
"Which term matches this description: ""an isolated testing environment that allows code to run without affecting the production system""?",pair programming,a sandbox environment,a release candidate,the MVC (Model-View-Controller) pattern,B,The description matches a sandbox environment: an isolated testing environment that allows code to run without affecting the production system,Software,Software Development
"Which term matches this description: ""the delivery of computing services, including storage and processing power, over the internet""?",caching in software,PaaS (Platform as a Service),cloud computing,SaaS (Software as a Service),C,"The description matches cloud computing: the delivery of computing services, including storage and processing power, over the internet",Software,Software Basics
"Which term matches this description: ""a widely used commercial relational database management system developed by Oracle Corporation""?",freeware,IaaS (Infrastructure as a Service),Oracle Database,MongoDB,C,The description matches Oracle Database: a widely used commercial relational database management system developed by Oracle Corporation,Software,Software Basics
"Which term matches this description: ""the person responsible for defining and prioritising the features of a product in Agile development""?",a monolithic architecture,the Software Development Life Cycle (SDLC),continuous integration (CI),a product owner,D,The description matches a product owner: the person responsible for defining and prioritising the features of a product in Agile development,Software,Software Development
Which programming language was created by Yukihiro Matsumoto?,FORTRAN,Objective-C,Ruby,Swift,C,Ruby was created by Yukihiro Matsumoto.,Software,Programming Languages
What is encryption?,"the process of adapting software for a specific region or language, including translations and cultural adjustments",a formal contract defining the expected level of service between a provider and a customer,"a software-based emulation of a physical computer, allowing multiple operating systems to run on one machine",the process of converting data into a coded format to prevent unauthorised access,D,encryption is: the process of converting data into a coded format to prevent unauthorised access,Software,Software Basics
What is a code repository's README file?,testing conducted to evaluate how easy and intuitive a software product is for real users,a document that typically explains what a software project does and how to use it,the process of reverting software to a previous stable version after a failed update or deployment,"the process of restructuring existing code without changing its external behaviour, to improve readability or performance",B,a code repository's README file is: a document that typically explains what a software project does and how to use it,Software,Software Development
What is Agile methodology?,"a software development approach emphasising iterative progress, collaboration, and flexibility to change","written material that explains how software works, including its functionality, usage, and architecture",a popular project management and issue-tracking tool used widely in Agile software development,a visual project management tool that shows a project schedule with tasks plotted against time,A,"Agile methodology is: a software development approach emphasising iterative progress, collaboration, and flexibility to change",Software,Software Development
"Which term matches this description: ""a design pattern that restricts a class to having only one instance and provides a global point of access to it""?",a use case diagram,the Singleton design pattern,a wireframe,an alpha version of software,B,The description matches the Singleton design pattern: a design pattern that restricts a class to having only one instance and provides a global point of access to it,Software,Software Development
Which statement correctly describes a checksum?,software designed to run on multiple operating systems or platforms without modification,a unique identifier for each record in a database table,"a small-sized value derived from a block of data, used to detect errors introduced during transmission or storage",a company or individual that sells software products or services,C,"By definition, a checksum is: a small-sized value derived from a block of data, used to detect errors introduced during transmission or storage",Software,Software Basics
What is a software vendor?,"a piece of software that extends the capabilities of a larger software application, similar to a plugin",malware disguised as legitimate software to trick users into installing it,software designed to run on multiple operating systems or platforms without modification,a company or individual that sells software products or services,D,a software vendor is: a company or individual that sells software products or services,Software,Software Basics
Which keyboard shortcut is typically used to 'switch between open applications (macos)'?,Cmd+V,Cmd+Tab,Ctrl+End,Ctrl+Shift+T,B,'Cmd+Tab' is used to switch between open applications (macos).,Software,Keyboard Shortcuts
"Fill in the blank: ______ refers to ""a software testing method that examines functionality without looking at internal code structure"".",a patch,black-box testing,version control,a wireframe,B,black-box testing refers to: a software testing method that examines functionality without looking at internal code structure,Software,Software Development
"Which term matches this description: ""software whose source code is made publicly available for anyone to view, modify, and distribute""?",a NoSQL database,a software license,firmware,open-source software,D,"The description matches open-source software: software whose source code is made publicly available for anyone to view, modify, and distribute",Software,Software Basics
What is a peer-to-peer (P2P) network?,a software distribution model in which applications are hosted by a provider and made available to users over the internet,"a systematic evaluation of software to ensure compliance with licenses, standards, and regulations",a widely used commercial relational database management system developed by Oracle Corporation,a network architecture in which each computer can act as both a client and a server,D,a peer-to-peer (P2P) network is: a network architecture in which each computer can act as both a client and a server,Software,Software Basics
Which statement correctly describes MongoDB?,a type of malware that self-replicates and spreads across networks without needing to attach to a host program,"a tool that automates the process of installing, upgrading, and managing software packages, such as npm or pip","a field in one table that refers to the primary key in another table, establishing a relationship","a popular NoSQL database that stores data in flexible, JSON-like documents",D,"By definition, MongoDB is: a popular NoSQL database that stores data in flexible, JSON-like documents",Software,Software Basics
What is Java?,a named storage location used to hold data that may change during program execution,the ability of different objects to respond to the same function call in different ways,a step-by-step procedure or set of rules for solving a problem or performing a computation,"a widely used, class-based, object-oriented programming language designed to be platform-independent",D,"Java is: a widely used, class-based, object-oriented programming language designed to be platform-independent",Software,Programming
Which file extension is typically used for a Microsoft Excel spreadsheet?,.svg,.sql,.c,.xlsx,D,Files that are a Microsoft Excel spreadsheet typically use the extension '.xlsx'.,Software,File Formats
"Which term matches this description: ""a visual project management tool that shows a project schedule with tasks plotted against time""?",usability testing,technical writing,a Gantt chart,a milestone in project management,C,The description matches a Gantt chart: a visual project management tool that shows a project schedule with tasks plotted against time,Software,Software Development
"Fill in the blank: ______ refers to ""software that allows developers to interact with a database using object-oriented code instead of writing raw SQL"".",a code repository's README file,white-box testing,an ORM (Object-Relational Mapping) tool,scrum,C,an ORM (Object-Relational Mapping) tool refers to: software that allows developers to interact with a database using object-oriented code instead of writing raw SQL,Software,Software Development
Which statement correctly describes a queue (data structure)?,"the process of converting data structures or objects into a format that can be stored or transmitted, such as JSON",a named storage location used to hold data that may change during program execution,a linear data structure that follows the First-In-First-Out (FIFO) principle,a value in a program that does not change during execution,C,"By definition, a queue (data structure) is: a linear data structure that follows the First-In-First-Out (FIFO) principle",Software,Programming
Which statement correctly describes a firewall (software)?,malicious software that encrypts a victim's files and demands payment for their release,software that monitors and controls incoming and outgoing network traffic based on security rules,a small piece of code released to fix bugs or security vulnerabilities in existing software,"a field in one table that refers to the primary key in another table, establishing a relationship",B,"By definition, a firewall (software) is: software that monitors and controls incoming and outgoing network traffic based on security rules",Software,Software Basics
Who is credited with creating the programming language Java?,Niklaus Wirth,Rasmus Lerdorf,Brad Cox and Tom Love,James Gosling,D,Java is credited to James Gosling.,Software,Programming Languages
"Fill in the blank: ______ refers to ""the practice of creating clear, structured documentation for technical products, such as user manuals"".",technical writing,usability testing,requirements gathering,acceptance testing,A,"technical writing refers to: the practice of creating clear, structured documentation for technical products, such as user manuals",Software,Software Development
Which file extension is typically used for a Java source code file?,.java,.jpg,.pdf,.exe,A,Files that are a Java source code file typically use the extension '.java'.,Software,File Formats
Which statement correctly describes backward compatibility?,the ability of software to work with data or systems created by an older version of the same software,a type of malware that self-replicates and spreads across networks without needing to attach to a host program,"software designed to help users perform specific tasks, such as word processors or web browsers",the amount of time a system or service remains operational and available without interruption,A,"By definition, backward compatibility is: the ability of software to work with data or systems created by an older version of the same software",Software,Software Basics
"Which term matches this description: ""testing conducted to evaluate how easy and intuitive a software product is for real users""?",refactoring,a sandbox environment,usability testing,Visual Studio Code,C,The description matches usability testing: testing conducted to evaluate how easy and intuitive a software product is for real users,Software,Software Development
"Which term matches this description: ""a small piece of code released to fix bugs or security vulnerabilities in existing software""?",a software update patch,MongoDB,a firewall (software),a checksum,A,The description matches a software update patch: a small piece of code released to fix bugs or security vulnerabilities in existing software,Software,Software Basics
What type of file typically has the extension '.html'?,a web page file written in HyperText Markup Language,a Microsoft PowerPoint presentation,a compressed audio file,a JavaScript source code file,A,A file with the extension '.html' is typically a web page file written in HyperText Markup Language.,Software,File Formats
"Which term matches this description: ""a short daily meeting in Agile development where team members discuss progress and blockers""?",a stand-up meeting,an IDE (Integrated Development Environment),a rollback (in deployment),white-box testing,A,The description matches a stand-up meeting: a short daily meeting in Agile development where team members discuss progress and blockers,Software,Software Development
Which statement correctly describes an API (Application Programming Interface)?,"a prioritised list of features, changes, and fixes for a product, maintained in Agile development",an assessment conducted to determine whether a proposed software project is practical and viable,a set of rules that allows different software applications to communicate with each other,a software testing method where individual modules are combined and tested as a group,C,"By definition, an API (Application Programming Interface) is: a set of rules that allows different software applications to communicate with each other",Software,Software Development
"Which term matches this description: ""the process of adapting software for a specific region or language, including translations and cultural adjustments""?",a software audit,npm (Node Package Manager),open-source software,localisation of software,D,"The description matches localisation of software: the process of adapting software for a specific region or language, including translations and cultural adjustments",Software,Software Basics
What is merging (in Git)?,"a piece of software designed to update, fix, or improve a program, often addressing security vulnerabilities","a software design pattern that separates an application into three interconnected components: data, user interface, and logic",the process of integrating changes from one branch into another in version control,"the process of converting source code into a standalone, executable software artefact",C,merging (in Git) is: the process of integrating changes from one branch into another in version control,Software,Software Development
"Fill in the blank: ______ refers to ""malicious software that encrypts a victim's files and demands payment for their release"".",Oracle Database,ransomware,client-server architecture,a software vendor,B,ransomware refers to: malicious software that encrypts a victim's files and demands payment for their release,Software,Software Basics
What is a feasibility study?,an assessment conducted to determine whether a proposed software project is practical and viable,"a software development approach emphasising iterative progress, collaboration, and flexibility to change","a tool that analyses source code to flag programming errors, bugs, and stylistic issues",a software testing method that examines functionality without looking at internal code structure,A,a feasibility study is: an assessment conducted to determine whether a proposed software project is practical and viable,Software,Software Development
Which statement correctly describes a release candidate?,a short daily meeting in Agile development where team members discuss progress and blockers,"a version of software that is potentially ready for release, unless significant bugs are found",a software testing method where individual components or functions are tested in isolation,a web-based platform for hosting and collaborating on Git repositories,B,"By definition, a release candidate is: a version of software that is potentially ready for release, unless significant bugs are found",Software,Software Development
"Which term matches this description: ""a versioning scheme using a three-part number (major.minor.patch) to indicate the nature of software changes""?",a merge conflict,semantic versioning,smoke testing,a prototype in software development,B,The description matches semantic versioning: a versioning scheme using a three-part number (major.minor.patch) to indicate the nature of software changes,Software,Software Development
"Which term matches this description: ""a popular open-source relational database management system""?",a configuration file,a computer virus,ransomware,MySQL,D,The description matches MySQL: a popular open-source relational database management system,Software,Software Basics
Which statement correctly describes a variable in programming?,a named storage location used to hold data that may change during program execution,"a programming paradigm based on the concept of objects, which contain data and methods","the process of converting data structures or objects into a format that can be stored or transmitted, such as JSON",a standard programming language used to manage and manipulate relational databases,A,"By definition, a variable in programming is: a named storage location used to hold data that may change during program execution",Software,Programming
Which statement correctly describes pair programming?,a software development technique where two programmers work together at one workstation,a basic visual guide used to represent the skeletal framework of a software interface before development,"a software development approach emphasising iterative progress, collaboration, and flexibility to change",a document that typically explains what a software project does and how to use it,A,"By definition, pair programming is: a software development technique where two programmers work together at one workstation",Software,Software Development
Which statement correctly describes a hash table?,"an algorithm that arranges elements of a list in a certain order, such as ascending or descending",a technique where a function calls itself to solve a smaller instance of the same problem,a data structure that maps keys to values using a hash function for efficient data retrieval,"a hierarchical data structure in which each node has at most two children, referred to as left and right",C,"By definition, a hash table is: a data structure that maps keys to values using a hash function for efficient data retrieval",Software,Programming
What is a build in software development?,the practice of diverging from the main line of development to work independently without affecting it,"the process of converting source code into a standalone, executable software artefact",a method of submitting proposed changes to a codebase for review before merging into the main branch,the process of reverting software to a previous stable version after a failed update or deployment,B,"a build in software development is: the process of converting source code into a standalone, executable software artefact",Software,Software Development
"Which term matches this description: ""a structured process used to plan, create, test, and deploy software""?",smoke testing,the Software Development Life Cycle (SDLC),Agile methodology,a software requirement specification (SRS),B,"The description matches the Software Development Life Cycle (SDLC): a structured process used to plan, create, test, and deploy software",Software,Software Development
"Which term matches this description: ""a small-sized value derived from a block of data, used to detect errors introduced during transmission or storage""?",software,freeware,a peer-to-peer (P2P) network,a checksum,D,"The description matches a checksum: a small-sized value derived from a block of data, used to detect errors introduced during transmission or storage",Software,Software Basics
Which statement correctly describes a package manager?,"a tool that automates the process of installing, upgrading, and managing software packages, such as npm or pip","software designed to help users perform specific tasks, such as word processors or web browsers","the process of adapting software for a specific region or language, including translations and cultural adjustments","a legal contract between a software provider and the user, outlining terms of use",A,"By definition, a package manager is: a tool that automates the process of installing, upgrading, and managing software packages, such as npm or pip",Software,Software Basics
"Which term matches this description: ""a collection of instructions and programs used to operate computers and execute specific tasks""?",shareware,responsive software design,software,IaaS (Infrastructure as a Service),C,The description matches software: a collection of instructions and programs used to operate computers and execute specific tasks,Software,Software Basics
Which statement correctly describes a compiler error?,the practice of embedding data directly into source code rather than obtaining it from an external source or configuration,"a hierarchical data structure in which each node has at most two children, referred to as left and right","the process of converting data structures or objects into a format that can be stored or transmitted, such as JSON",an error detected during the compilation process that prevents source code from being converted into an executable program,D,"By definition, a compiler error is: an error detected during the compilation process that prevents source code from being converted into an executable program",Software,Programming
"Fill in the blank: ______ refers to ""a cloud computing model that provides a platform allowing developers to build, run, and manage applications"".",containerisation,Docker,load balancing,PaaS (Platform as a Service),D,"PaaS (Platform as a Service) refers to: a cloud computing model that provides a platform allowing developers to build, run, and manage applications",Software,Software Basics
"Which term matches this description: ""software used to organise, analyse, and store data in tabular form, such as Microsoft Excel""?",a spreadsheet application,version control,Git,hard-coding,A,"The description matches a spreadsheet application: software used to organise, analyse, and store data in tabular form, such as Microsoft Excel",Software,Application Software
"Which term matches this description: ""a software testing method that examines internal code structure and logic""?",a patch,white-box testing,beta testing,a linter,B,The description matches white-box testing: a software testing method that examines internal code structure and logic,Software,Software Development
"Fill in the blank: ______ refers to ""a software architecture style where an application is built as a collection of small, independent services"".",a microservices architecture,a defect tracking system,a product backlog,Agile methodology,A,"a microservices architecture refers to: a software architecture style where an application is built as a collection of small, independent services",Software,Software Development
Which statement correctly describes containerisation?,a lightweight virtualisation method that packages applications with their dependencies into isolated containers,a widely used commercial relational database management system developed by Oracle Corporation,a company or individual that sells software products or services,software designed to run on multiple operating systems or platforms without modification,A,"By definition, containerisation is: a lightweight virtualisation method that packages applications with their dependencies into isolated containers",Software,Software Basics
Which statement correctly describes a rollback (in deployment)?,the process of reverting software to a previous stable version after a failed update or deployment,"a system that records changes to files over time, allowing users to track history and collaborate, such as Git","a fixed, short period of time during which a specific set of work must be completed and reviewed","a linear, sequential approach to software development, where each phase must be completed before the next begins",A,"By definition, a rollback (in deployment) is: the process of reverting software to a previous stable version after a failed update or deployment",Software,Software Development
"Which file extension is typically used for a Comma-Separated Values file, often used for spreadsheet data?",.py,.csv,.docx,.apk,B,"Files that are a Comma-Separated Values file, often used for spreadsheet data typically use the extension '.csv'.",Software,File Formats
"Fill in the blank: ______ refers to ""the ability of an operating system to execute multiple tasks or processes concurrently"".",iOS,a file system,an operating system (OS),multitasking in an OS,D,multitasking in an OS refers to: the ability of an operating system to execute multiple tasks or processes concurrently,Software,Operating Systems
What is a EULA (End User License Agreement)?,a legal agreement that governs the use and distribution of software,"malicious software designed to damage, disrupt, or gain unauthorised access to computer systems","a legal contract between a software provider and the user, outlining terms of use",a small piece of code released to fix bugs or security vulnerabilities in existing software,C,"a EULA (End User License Agreement) is: a legal contract between a software provider and the user, outlining terms of use",Software,Software Basics
What type of file typically has the extension '.csv'?,a Portable Document Format file,"a Comma-Separated Values file, often used for spreadsheet data",a compressed image file (JPEG format),a disc image file,B,"A file with the extension '.csv' is typically a Comma-Separated Values file, often used for spreadsheet data.",Software,File Formats
"Fill in the blank: ______ refers to ""a data structure that stores a collection of elements, typically of the same type, in a contiguous block of memory"".",JavaScript,data serialization,an array,a binary tree,C,"an array refers to: a data structure that stores a collection of elements, typically of the same type, in a contiguous block of memory",Software,Programming
"Which term matches this description: ""a document that records all notable changes made to a software project over time""?",pull requests (in Git),a changelog,a code repository's README file,a staging environment,B,The description matches a changelog: a document that records all notable changes made to a software project over time,Software,Software Development
What type of file typically has the extension '.txt'?,a Microsoft Excel spreadsheet,a file that records events or messages generated by software,a plain text file,a stylesheet file used to style web pages,C,A file with the extension '.txt' is typically a plain text file.,Software,File Formats
Which statement correctly describes a compiler?,a searching algorithm that finds the position of a target value within a sorted array by repeatedly dividing the search interval in half,"a programming paradigm based on the concept of objects, which contain data and methods",a value in a program that does not change during execution,a program that translates source code written in a high-level programming language into machine code,D,"By definition, a compiler is: a program that translates source code written in a high-level programming language into machine code",Software,Programming
What is middleware?,"a tool that automates the process of installing, upgrading, and managing software packages, such as npm or pip","software distributed on a trial basis, often requiring payment for continued or full use",software that acts as a bridge between an operating system or database and applications,a type of malware that self-replicates and spreads across networks without needing to attach to a host program,C,middleware is: software that acts as a bridge between an operating system or database and applications,Software,Software Basics
What is a stored procedure?,a set of SQL statements saved in a database that can be executed as a single unit,"a type of database that organises data into tables with rows and columns, linked by relationships","software designed to help users perform specific tasks, such as word processors or web browsers",the process of converting data into a coded format to prevent unauthorised access,A,a stored procedure is: a set of SQL statements saved in a database that can be executed as a single unit,Software,Software Basics
Which statement correctly describes a computer virus?,a package manager used to install and manage software packages written in Python,a type of malware that attaches itself to legitimate programs and replicates when the program is executed,a type of software embedded directly into hardware devices to control their basic functions,the process of organising data to reduce redundancy and improve data integrity,B,"By definition, a computer virus is: a type of malware that attaches itself to legitimate programs and replicates when the program is executed",Software,Software Basics
"Which term matches this description: ""software that allows an operating system to communicate with and control a hardware device""?",multitasking in an OS,a file system,a device driver,Windows,C,The description matches a device driver: software that allows an operating system to communicate with and control a hardware device,Software,Operating Systems
"Which term matches this description: ""a fixed, short period of time during which a specific set of work must be completed and reviewed""?",Visual Studio Code,a sprint (in Scrum),a sandbox environment,a merge conflict,B,"The description matches a sprint (in Scrum): a fixed, short period of time during which a specific set of work must be completed and reviewed",Software,Software Development
"Fill in the blank: ______ refers to ""a type of database designed for storing unstructured or semi-structured data, unlike traditional relational databases"".",a database,a NoSQL database,an add-on,cloud computing,B,"a NoSQL database refers to: a type of database designed for storing unstructured or semi-structured data, unlike traditional relational databases",Software,Software Basics
What does the keyboard shortcut 'Ctrl+W' typically do?,Switch between open tabs in a browser,Open a new tab in a web browser,Move cursor to the beginning of a document,Close the current window or tab,D,'Ctrl+W' is used to close the current window or tab.,Software,Keyboard Shortcuts
Which statement correctly describes Python?,"the process of converting data structures or objects into a format that can be stored or transmitted, such as JSON","a high-level, general-purpose programming language known for its readability and wide use in data science and web development",a value in a program that does not change during execution,the ability of different objects to respond to the same function call in different ways,B,"By definition, Python is: a high-level, general-purpose programming language known for its readability and wide use in data science and web development",Software,Programming
Which statement correctly describes Git?,"an Agile framework for managing software development work, organised into sprints","a tool used to log, track, and manage software bugs throughout the development process",a distributed version control system used to track changes in source code during software development,"the process of converting source code into a standalone, executable software artefact",C,"By definition, Git is: a distributed version control system used to track changes in source code during software development",Software,Software Development
"Which term matches this description: ""any individual or group with an interest in or affected by a software project's outcome""?",a build in software development,a patch,a fork (in version control),the term 'stakeholder' in software projects,D,The description matches the term 'stakeholder' in software projects: any individual or group with an interest in or affected by a software project's outcome,Software,Software Development
"Which term matches this description: ""a tool that analyses source code to flag programming errors, bugs, and stylistic issues""?",continuous testing,a linter,a product backlog,a build in software development,B,"The description matches a linter: a tool that analyses source code to flag programming errors, bugs, and stylistic issues",Software,Software Development
Which statement correctly describes a class in OOP?,"a widely used, class-based, object-oriented programming language designed to be platform-independent","a blueprint or template used to create objects, defining their properties and behaviours",a data structure that maps keys to values using a hash function for efficient data retrieval,a diagram that represents a process or algorithm using various symbols connected by arrows,B,"By definition, a class in OOP is: a blueprint or template used to create objects, defining their properties and behaviours",Software,Programming
"Which term matches this description: ""a cloud computing model that provides virtualised computing resources over the internet""?",a software license,a database,a firewall (software),IaaS (Infrastructure as a Service),D,The description matches IaaS (Infrastructure as a Service): a cloud computing model that provides virtualised computing resources over the internet,Software,Software Basics
What is software testing?,a document that records all notable changes made to a software project over time,"the practice of creating clear, structured documentation for technical products, such as user manuals","the process of restructuring existing code without changing its external behaviour, to improve readability or performance",the process of evaluating software to identify defects and ensure it meets requirements,D,software testing is: the process of evaluating software to identify defects and ensure it meets requirements,Software,Software Development
"Fill in the blank: ______ refers to ""the systematic examination of source code by peers to identify bugs and improve quality"".",an IDE (Integrated Development Environment),a code review,GitHub,Agile methodology,B,a code review refers to: the systematic examination of source code by peers to identify bugs and improve quality,Software,Software Development
Which statement correctly describes hard-coding?,a searching algorithm that finds the position of a target value within a sorted array by repeatedly dividing the search interval in half,"a data structure consisting of a sequence of nodes, where each node points to the next node in the sequence","a programming paradigm based on the concept of objects, which contain data and methods",the practice of embedding data directly into source code rather than obtaining it from an external source or configuration,D,"By definition, hard-coding is: the practice of embedding data directly into source code rather than obtaining it from an external source or configuration",Software,Programming
"Which term matches this description: ""a linear data structure that follows the First-In-First-Out (FIFO) principle""?",Big O notation,a queue (data structure),a function in programming,a linked list,B,The description matches a queue (data structure): a linear data structure that follows the First-In-First-Out (FIFO) principle,Software,Programming
Which statement correctly describes a content delivery network (CDN)?,"malicious software designed to damage, disrupt, or gain unauthorised access to computer systems","a popular NoSQL database that stores data in flexible, JSON-like documents",a distributed network of servers that delivers web content to users based on their geographic location,"a small-sized value derived from a block of data, used to detect errors introduced during transmission or storage",C,"By definition, a content delivery network (CDN) is: a distributed network of servers that delivers web content to users based on their geographic location",Software,Software Basics
What is a constant in programming?,a programming construct that repeats a block of code multiple times based on a condition,a value in a program that does not change during execution,an error detected during the compilation process that prevents source code from being converted into an executable program,"an algorithm that arranges elements of a list in a certain order, such as ascending or descending",B,a constant in programming is: a value in a program that does not change during execution,Software,Programming
In approximately which year was the programming language Pascal created?,1978,1982,1962,1970,D,Pascal was created in approximately 1970.,Software,Programming Languages
Which statement correctly describes legacy software?,"the process of adapting software for a specific region or language, including translations and cultural adjustments","a field in one table that refers to the primary key in another table, establishing a relationship",older software that is still in use but may not be actively supported or updated,"malicious software designed to damage, disrupt, or gain unauthorised access to computer systems",C,"By definition, legacy software is: older software that is still in use but may not be actively supported or updated",Software,Software Basics
What is pull requests (in Git)?,a method of submitting proposed changes to a codebase for review before merging into the main branch,the process of determining the needs and expectations of stakeholders for a new software system,"a general, reusable solution to a commonly occurring problem in software design",a type of performance testing that evaluates how a system behaves under expected user loads,A,pull requests (in Git) is: a method of submitting proposed changes to a codebase for review before merging into the main branch,Software,Software Development
Which file extension is typically used for a compressed archive file?,.zip,.mp4,.csv,.iso,A,Files that are a compressed archive file typically use the extension '.zip'.,Software,File Formats
Which statement correctly describes multitasking in an OS?,the mobile operating system developed by Apple for its iPhone and iPad devices,the ability of an operating system to execute multiple tasks or processes concurrently,the core component of an operating system that manages system resources and communication between hardware and software,software that allows an operating system to communicate with and control a hardware device,B,"By definition, multitasking in an OS is: the ability of an operating system to execute multiple tasks or processes concurrently",Software,Operating Systems
"Which term matches this description: ""an informal, high-level description of a program's logic, not written in any specific programming language""?",object-oriented programming (OOP),data serialization,a linked list,pseudocode,D,"The description matches pseudocode: an informal, high-level description of a program's logic, not written in any specific programming language",Software,Programming
"Fill in the blank: ______ refers to ""a fraudulent attempt to obtain sensitive information by disguising as a trustworthy entity, often via email"".",an environment variable,phishing,a hypervisor,a checksum,B,"phishing refers to: a fraudulent attempt to obtain sensitive information by disguising as a trustworthy entity, often via email",Software,Software Basics
"Which term matches this description: ""the implied cost of additional rework caused by choosing an easy but limited solution instead of a better approach""?",technical debt,software documentation,a repository (in version control),the Waterfall model,A,The description matches technical debt: the implied cost of additional rework caused by choosing an easy but limited solution instead of a better approach,Software,Software Development
"Fill in the blank: ______ refers to ""a software development technique where two programmers work together at one workstation"".",a rollback (in deployment),a use case diagram,pair programming,Git,C,pair programming refers to: a software development technique where two programmers work together at one workstation,Software,Software Development
"Fill in the blank: ______ refers to ""a personal copy of another user's repository, allowing independent development without affecting the original"".",a feasibility study,a changelog,a fork (in version control),a linter,C,"a fork (in version control) refers to: a personal copy of another user's repository, allowing independent development without affecting the original",Software,Software Development
"Which term matches this description: ""a software development practice where developers frequently merge code changes into a shared repository, testing automatically""?",a milestone in project management,an ORM (Object-Relational Mapping) tool,a use case diagram,continuous integration (CI),D,"The description matches continuous integration (CI): a software development practice where developers frequently merge code changes into a shared repository, testing automatically",Software,Software Development
What is a primary key in a database?,"a release of new or improved code that fixes bugs, adds features, or improves security",a collection of instructions and programs used to operate computers and execute specific tasks,a unique identifier for each record in a database table,"software owned by an individual or company, with restricted rights to use, modify, or distribute it",C,a primary key in a database is: a unique identifier for each record in a database table,Software,Software Basics
Which statement correctly describes a repository (in version control)?,the process of reverting software to a previous stable version after a failed update or deployment,a storage location where a project's files and their revision history are kept,a software testing method where individual components or functions are tested in isolation,a software architecture style where all components of an application are combined into a single unit,B,"By definition, a repository (in version control) is: a storage location where a project's files and their revision history are kept",Software,Software Development
"Which term matches this description: ""the core component of an operating system that manages system resources and communication between hardware and software""?",Android,a kernel,iOS,Linux,B,The description matches a kernel: the core component of an operating system that manages system resources and communication between hardware and software,Software,Operating Systems
Which file extension is typically used for a disc image file?,.css,.iso,.cpp,.html,B,Files that are a disc image file typically use the extension '.iso'.,Software,File Formats
Which statement correctly describes npm (Node Package Manager)?,"a package manager for JavaScript, used to install and manage software libraries and dependencies",malicious software that encrypts a victim's files and demands payment for their release,malware disguised as legitimate software to trick users into installing it,a distributed network of servers that delivers web content to users based on their geographic location,A,"By definition, npm (Node Package Manager) is: a package manager for JavaScript, used to install and manage software libraries and dependencies",Software,Software Basics
What is an operating system (OS)?,a widely used operating system developed by Microsoft,software that allows an operating system to communicate with and control a hardware device,"a mobile operating system developed by Google, based on a modified version of the Linux kernel","system software that manages computer hardware, software resources, and provides common services for programs",D,"an operating system (OS) is: system software that manages computer hardware, software resources, and provides common services for programs",Software,Operating Systems
Which statement correctly describes a beta version of software?,"a tool used to log, track, and manage software bugs throughout the development process",a pre-release version of software made available to a limited group of users for testing purposes,an early sample or model of a software product built to test a concept or process,a distributed version control system used to track changes in source code during software development,B,"By definition, a beta version of software is: a pre-release version of software made available to a limited group of users for testing purposes",Software,Software Development
Who is credited with creating the programming language Lisp?,Guido van Rossum,John McCarthy,Roberto Ierusalimschy and colleagues,Apple Inc. (led by Chris Lattner),B,Lisp is credited to John McCarthy.,Software,Programming Languages
What type of file typically has the extension '.bat'?,"an eXtensible Markup Language file, used for structured data",a compressed image file (JPEG format),an executable program file for Windows,a batch file containing a sequence of commands for Windows,D,A file with the extension '.bat' is typically a batch file containing a sequence of commands for Windows.,Software,File Formats
Which file extension is typically used for a Microsoft Word document?,.pdf,.css,.docx,.gif,C,Files that are a Microsoft Word document typically use the extension '.docx'.,Software,File Formats
"Fill in the blank: ______ refers to ""a diagram used in software engineering to represent a user's interactions with a system"".",technical debt,requirements gathering,a use case diagram,a sprint (in Scrum),C,a use case diagram refers to: a diagram used in software engineering to represent a user's interactions with a system,Software,Software Development
What is polymorphism in OOP?,the ability of different objects to respond to the same function call in different ways,"a small, reusable block of source code that performs a specific function",a linear data structure that follows the Last-In-First-Out (LIFO) principle,"a data structure that stores a collection of elements, typically of the same type, in a contiguous block of memory",A,polymorphism in OOP is: the ability of different objects to respond to the same function call in different ways,Software,Programming
Which statement correctly describes an operating system (OS)?,the mobile operating system developed by Apple for its iPhone and iPad devices,"system software that manages computer hardware, software resources, and provides common services for programs",the core component of an operating system that manages system resources and communication between hardware and software,a method used by an operating system to organise and store files on a storage device,B,"By definition, an operating system (OS) is: system software that manages computer hardware, software resources, and provides common services for programs",Software,Operating Systems
What type of file typically has the extension '.c'?,a plain text file,a Java source code file,"an eXtensible Markup Language file, used for structured data",a C programming language source code file,D,A file with the extension '.c' is typically a C programming language source code file.,Software,File Formats
Which statement correctly describes a configuration file?,software that acts as a bridge between an operating system or database and applications,a file used to set parameters and initial settings for a computer program,"a systematic evaluation of software to ensure compliance with licenses, standards, and regulations",a legal agreement that governs the use and distribution of software,B,"By definition, a configuration file is: a file used to set parameters and initial settings for a computer program",Software,Software Basics
Which statement correctly describes a sorting algorithm?,"a widely used, class-based, object-oriented programming language designed to be platform-independent","an algorithm that arranges elements of a list in a certain order, such as ascending or descending","a hierarchical data structure in which each node has at most two children, referred to as left and right",a reusable block of code designed to perform a specific task,B,"By definition, a sorting algorithm is: an algorithm that arranges elements of a list in a certain order, such as ascending or descending",Software,Programming
What is the term 'stakeholder' in software projects?,"a version of software that is potentially ready for release, unless significant bugs are found",any individual or group with an interest in or affected by a software project's outcome,the process of integrating changes from one branch into another in version control,an automated message sent from one application to another when a specific event occurs,B,the term 'stakeholder' in software projects is: any individual or group with an interest in or affected by a software project's outcome,Software,Software Development
Which keyboard shortcut is typically used to 'cut selected content'?,Ctrl+Tab,Cmd+C,Ctrl+X,Ctrl+D,C,'Ctrl+X' is used to cut selected content.,Software,Keyboard Shortcuts
What type of file typically has the extension '.docx'?,a Microsoft Word document,a batch file containing a sequence of commands for Windows,a Microsoft Excel spreadsheet,a compressed image file (JPEG format),A,A file with the extension '.docx' is typically a Microsoft Word document.,Software,File Formats
"Fill in the blank: ______ refers to ""a software component that adds specific features or functionality to an existing application"".",accessibility in software design,a stored procedure,a plugin,encryption,C,a plugin refers to: a software component that adds specific features or functionality to an existing application,Software,Software Basics
Which statement correctly describes GitHub?,a set of rules that allows different software applications to communicate with each other,a design pattern that restricts a class to having only one instance and provides a global point of access to it,a web-based platform for hosting and collaborating on Git repositories,the process of reverting software to a previous stable version after a failed update or deployment,C,"By definition, GitHub is: a web-based platform for hosting and collaborating on Git repositories",Software,Software Development
"Which term matches this description: ""a unique identifier for each record in a database table""?",SaaS (Software as a Service),a foreign key in a database,a peer-to-peer (P2P) network,a primary key in a database,D,The description matches a primary key in a database: a unique identifier for each record in a database table,Software,Software Basics
In approximately which year was the programming language Ruby created?,1990,1983,1995,1992,C,Ruby was created in approximately 1995.,Software,Programming Languages
Which statement correctly describes IaaS (Infrastructure as a Service)?,a cloud computing model that provides virtualised computing resources over the internet,the amount of time a system or service remains operational and available without interruption,malicious software that encrypts a victim's files and demands payment for their release,"software designed to help users perform specific tasks, such as word processors or web browsers",A,"By definition, IaaS (Infrastructure as a Service) is: a cloud computing model that provides virtualised computing resources over the internet",Software,Software Basics
"Fill in the blank: ______ refers to ""a type of software embedded directly into hardware devices to control their basic functions"".",firmware,a package manager,MySQL,a stored procedure,A,firmware refers to: a type of software embedded directly into hardware devices to control their basic functions,Software,Software Basics
Which statement correctly describes technical debt?,"a piece of software designed to update, fix, or improve a program, often addressing security vulnerabilities",the implied cost of additional rework caused by choosing an easy but limited solution instead of a better approach,"the process of restructuring existing code without changing its external behaviour, to improve readability or performance","a software application that provides comprehensive tools for software development, including a code editor and debugger",B,"By definition, technical debt is: the implied cost of additional rework caused by choosing an easy but limited solution instead of a better approach",Software,Software Development
Which statement correctly describes pip?,"a cloud computing model that provides a platform allowing developers to build, run, and manage applications",a package manager used to install and manage software packages written in Python,older software that is still in use but may not be actively supported or updated,"a tool that automates the process of installing, upgrading, and managing software packages, such as npm or pip",B,"By definition, pip is: a package manager used to install and manage software packages written in Python",Software,Software Basics
Which statement correctly describes load balancing?,"software designed to manage computer hardware and provide a platform for application software, such as an operating system","the delivery of computing services, including storage and processing power, over the internet",a type of malware that attaches itself to legitimate programs and replicates when the program is executed,the process of distributing network or application traffic across multiple servers to ensure reliability,D,"By definition, load balancing is: the process of distributing network or application traffic across multiple servers to ensure reliability",Software,Software Basics
Which statement correctly describes normalization in databases?,the amount of time a system or service remains operational and available without interruption,a small piece of code released to fix bugs or security vulnerabilities in existing software,"a type of database that organises data into tables with rows and columns, linked by relationships",the process of organising data to reduce redundancy and improve data integrity,D,"By definition, normalization in databases is: the process of organising data to reduce redundancy and improve data integrity",Software,Software Basics
Which keyboard shortcut is typically used to 'refresh the current page or view'?,Ctrl+V,Cmd+Q,F5,Alt+F4,C,'F5' is used to refresh the current page or view.,Software,Keyboard Shortcuts
"Fill in the blank: ______ refers to ""a linear, sequential approach to software development, where each phase must be completed before the next begins"".",refactoring,load testing,the Waterfall model,a sprint (in Scrum),C,"the Waterfall model refers to: a linear, sequential approach to software development, where each phase must be completed before the next begins",Software,Software Development
What is application software?,the process of converting data into a coded format to prevent unauthorised access,"software owned by an individual or company, with restricted rights to use, modify, or distribute it","software distributed on a trial basis, often requiring payment for continued or full use","software designed to help users perform specific tasks, such as word processors or web browsers",D,"application software is: software designed to help users perform specific tasks, such as word processors or web browsers",Software,Software Basics
Which statement correctly describes refactoring?,"a testing environment that closely mirrors the production environment, used for final pre-release checks","the process of restructuring existing code without changing its external behaviour, to improve readability or performance","the high-level structure of a software system, defining its components and their relationships","a software design pattern that separates an application into three interconnected components: data, user interface, and logic",B,"By definition, refactoring is: the process of restructuring existing code without changing its external behaviour, to improve readability or performance",Software,Software Development
"Which term matches this description: ""a distributed version control system used to track changes in source code during software development""?",Git,a rollback (in deployment),the Waterfall model,a use case diagram,A,The description matches Git: a distributed version control system used to track changes in source code during software development,Software,Software Development
Which keyboard shortcut is typically used to 'redo the last undone action'?,Ctrl+U,Ctrl+N,Ctrl+V,Ctrl+Y,D,'Ctrl+Y' is used to redo the last undone action.,Software,Keyboard Shortcuts
What does the keyboard shortcut 'Ctrl+T' typically do?,Apply bold formatting to selected text,Print the current document,Move cursor to the beginning of a document,Open a new tab in a web browser,D,'Ctrl+T' is used to open a new tab in a web browser.,Software,Keyboard Shortcuts
What does the keyboard shortcut 'Cmd+V' typically do?,Paste copied content,Paste copied content (macOS),Move cursor to the beginning of a document,Open Spotlight search (macOS),B,'Cmd+V' is used to paste copied content (macos).,Software,Keyboard Shortcuts
What is responsive software design?,a design approach ensuring software interfaces adapt appropriately to different screen sizes and devices,a set of SQL statements saved in a database that can be executed as a single unit,"a software-based emulation of a physical computer, allowing multiple operating systems to run on one machine","a cloud computing model that provides a platform allowing developers to build, run, and manage applications",A,responsive software design is: a design approach ensuring software interfaces adapt appropriately to different screen sizes and devices,Software,Software Basics
"Fill in the blank: ______ refers to ""an early sample or model of a software product built to test a concept or process"".",a code review,a prototype in software development,a staging environment,a code repository's README file,B,a prototype in software development refers to: an early sample or model of a software product built to test a concept or process,Software,Software Development
Which statement correctly describes phishing?,a lightweight virtualisation method that packages applications with their dependencies into isolated containers,"software owned by an individual or company, with restricted rights to use, modify, or distribute it","a fraudulent attempt to obtain sensitive information by disguising as a trustworthy entity, often via email",the process of distributing network or application traffic across multiple servers to ensure reliability,C,"By definition, phishing is: a fraudulent attempt to obtain sensitive information by disguising as a trustworthy entity, often via email",Software,Software Basics
"Fill in the blank: ______ refers to ""a high-level, general-purpose programming language known for its readability and wide use in data science and web development"".",inheritance in OOP,Python,a sorting algorithm,a compiler,B,"Python refers to: a high-level, general-purpose programming language known for its readability and wide use in data science and web development",Software,Programming
"Fill in the blank: ______ refers to ""software that monitors and controls incoming and outgoing network traffic based on security rules"".",a virtual machine (VM),Oracle Database,uptime,a firewall (software),D,a firewall (software) refers to: software that monitors and controls incoming and outgoing network traffic based on security rules,Software,Software Basics
Which keyboard shortcut is typically used to 'apply underline formatting to selected text'?,Ctrl+Home,Ctrl+D,Ctrl+U,Cmd+C,C,'Ctrl+U' is used to apply underline formatting to selected text.,Software,Keyboard Shortcuts
What is Visual Studio Code?,a visual project management tool that shows a project schedule with tasks plotted against time,an error or flaw in a program that causes it to behave unexpectedly,"a popular free source-code editor developed by Microsoft, widely used for software development",a pre-release version of software made available to a limited group of users for testing purposes,C,"Visual Studio Code is: a popular free source-code editor developed by Microsoft, widely used for software development",Software,Software Development
What type of file typically has the extension '.pptx'?,a common digital video file format,an executable program file for Windows,a JavaScript source code file,a Microsoft PowerPoint presentation,D,A file with the extension '.pptx' is typically a Microsoft PowerPoint presentation.,Software,File Formats
Which statement correctly describes Big O notation?,a reusable block of code designed to perform a specific task,a mathematical notation used to describe the efficiency or complexity of an algorithm,a mechanism by which one class can acquire properties and behaviours from another class,"the process of converting data structures or objects into a format that can be stored or transmitted, such as JSON",B,"By definition, Big O notation is: a mathematical notation used to describe the efficiency or complexity of an algorithm",Software,Programming
Which statement correctly describes a stand-up meeting?,"a software design pattern that separates an application into three interconnected components: data, user interface, and logic","a personal copy of another user's repository, allowing independent development without affecting the original",a short daily meeting in Agile development where team members discuss progress and blockers,the practice of diverging from the main line of development to work independently without affecting it,C,"By definition, a stand-up meeting is: a short daily meeting in Agile development where team members discuss progress and blockers",Software,Software Development
Which programming language was created by Google?,PHP,Ruby,Dart,Perl,C,Dart was created by Google.,Software,Programming Languages
"Which term matches this description: ""a distributed network of servers that delivers web content to users based on their geographic location""?",a content delivery network (CDN),IaaS (Infrastructure as a Service),firmware,a computer virus,A,The description matches a content delivery network (CDN): a distributed network of servers that delivers web content to users based on their geographic location,Software,Software Basics
"Fill in the blank: ______ refers to ""the process of converting data into a coded format to prevent unauthorised access"".",encryption,Docker,IaaS (Infrastructure as a Service),a foreign key in a database,A,encryption refers to: the process of converting data into a coded format to prevent unauthorised access,Software,Software Basics
What is Kubernetes?,"a systematic evaluation of software to ensure compliance with licenses, standards, and regulations","an open-source platform for automating the deployment, scaling, and management of containerised applications",a type of malware that attaches itself to legitimate programs and replicates when the program is executed,a type of malware that self-replicates and spreads across networks without needing to attach to a host program,B,"Kubernetes is: an open-source platform for automating the deployment, scaling, and management of containerised applications",Software,Software Basics
"Fill in the blank: ______ refers to ""a legal contract between a software provider and the user, outlining terms of use"".",a EULA (End User License Agreement),spyware,encryption,a virtual machine (VM),A,"a EULA (End User License Agreement) refers to: a legal contract between a software provider and the user, outlining terms of use",Software,Software Basics
What does the keyboard shortcut 'Ctrl+P' typically do?,Refresh the current page or view,Cut selected content,Print the current document,Move cursor to the end of a document,C,'Ctrl+P' is used to print the current document.,Software,Keyboard Shortcuts
What is localisation of software?,"the process of adapting software for a specific region or language, including translations and cultural adjustments","a systematic evaluation of software to ensure compliance with licenses, standards, and regulations",designing software so it can be used effectively by people with a wide range of abilities and disabilities,software that secretly monitors and collects user information without their knowledge,A,"localisation of software is: the process of adapting software for a specific region or language, including translations and cultural adjustments",Software,Software Basics
What is a file system?,the operating system developed by Apple for its Macintosh computers,a method used by an operating system to organise and store files on a storage device,the ability of an operating system to execute multiple tasks or processes concurrently,software that allows an operating system to communicate with and control a hardware device,B,a file system is: a method used by an operating system to organise and store files on a storage device,Software,Operating Systems
What does the keyboard shortcut 'Ctrl+C' typically do?,Open Windows security/task manager options,Copy selected content,Select all content,Save the current file,B,'Ctrl+C' is used to copy selected content.,Software,Keyboard Shortcuts
"Fill in the blank: ______ refers to ""a step-by-step procedure or set of rules for solving a problem or performing a computation"".",a code snippet,an exception in programming,an algorithm,an array,C,an algorithm refers to: a step-by-step procedure or set of rules for solving a problem or performing a computation,Software,Programming
What is a syntax error?,a programming construct that repeats a block of code multiple times based on a condition,"an error that occurs while a program is being executed, after it has been successfully compiled","a small, reusable block of source code that performs a specific function",an error caused by incorrect use of a programming language's grammar rules,D,a syntax error is: an error caused by incorrect use of a programming language's grammar rules,Software,Programming
Which statement correctly describes a use case diagram?,a diagram used in software engineering to represent a user's interactions with a system,the process of reverting software to a previous stable version after a failed update or deployment,"a tool used to log, track, and manage software bugs throughout the development process",the process of integrating changes from one branch into another in version control,A,"By definition, a use case diagram is: a diagram used in software engineering to represent a user's interactions with a system",Software,Software Development
What is MySQL?,"a package manager for JavaScript, used to install and manage software libraries and dependencies",a package manager used to install and manage software packages written in Python,an organised collection of structured data stored electronically for easy access and management,a popular open-source relational database management system,D,MySQL is: a popular open-source relational database management system,Software,Software Basics
What is a code review?,"a software architecture style where an application is built as a collection of small, independent services",a short daily meeting in Agile development where team members discuss progress and blockers,"a software development practice where developers frequently merge code changes into a shared repository, testing automatically",the systematic examination of source code by peers to identify bugs and improve quality,D,a code review is: the systematic examination of source code by peers to identify bugs and improve quality,Software,Software Development
What type of file typically has the extension '.xml'?,a JavaScript source code file,a Microsoft Word document,a compressed audio file,"an eXtensible Markup Language file, used for structured data",D,"A file with the extension '.xml' is typically an eXtensible Markup Language file, used for structured data.",Software,File Formats
"Which term matches this description: ""a snapshot of changes made to files in a repository, saved with a descriptive message""?",semantic versioning,version control,a fork (in version control),a commit (in Git),D,"The description matches a commit (in Git): a snapshot of changes made to files in a repository, saved with a descriptive message",Software,Software Development
"Which term matches this description: ""a type of database designed for storing unstructured or semi-structured data, unlike traditional relational databases""?",Kubernetes,a NoSQL database,a software license,a virtual machine (VM),B,"The description matches a NoSQL database: a type of database designed for storing unstructured or semi-structured data, unlike traditional relational databases",Software,Software Basics
"Fill in the blank: ______ refers to ""testing conducted to evaluate how easy and intuitive a software product is for real users"".",a release candidate,a commit (in Git),usability testing,pull requests (in Git),C,usability testing refers to: testing conducted to evaluate how easy and intuitive a software product is for real users,Software,Software Development
What is refactoring?,"the process of restructuring existing code without changing its external behaviour, to improve readability or performance","the process of converting source code into a standalone, executable software artefact",the process of determining the needs and expectations of stakeholders for a new software system,"a general, reusable solution to a commonly occurring problem in software design",A,"refactoring is: the process of restructuring existing code without changing its external behaviour, to improve readability or performance",Software,Software Development
Which keyboard shortcut is typically used to 'bookmark the current page in a browser'?,Ctrl+D,Ctrl+Alt+Delete,Ctrl+Z,Ctrl+P,A,'Ctrl+D' is used to bookmark the current page in a browser.,Software,Keyboard Shortcuts
Which statement correctly describes a monolithic architecture?,"an early, internal version of software, often unstable, used for initial testing before beta release",an isolated testing environment that allows code to run without affecting the production system,"a version of software that is potentially ready for release, unless significant bugs are found",a software architecture style where all components of an application are combined into a single unit,D,"By definition, a monolithic architecture is: a software architecture style where all components of an application are combined into a single unit",Software,Software Development
"Fill in the blank: ______ refers to ""a set of SQL statements saved in a database that can be executed as a single unit"".",application software,a stored procedure,a firewall (software),internationalisation of software,B,a stored procedure refers to: a set of SQL statements saved in a database that can be executed as a single unit,Software,Software Basics
"Fill in the blank: ______ refers to ""a type of performance testing that evaluates how a system behaves under expected user loads"".",a code repository's README file,load testing,a staging environment,stress testing,B,load testing refers to: a type of performance testing that evaluates how a system behaves under expected user loads,Software,Software Development
"Fill in the blank: ______ refers to ""a versioning scheme using a three-part number (major.minor.patch) to indicate the nature of software changes"".",a webhook,a defect tracking system,semantic versioning,Git,C,semantic versioning refers to: a versioning scheme using a three-part number (major.minor.patch) to indicate the nature of software changes,Software,Software Development
Which keyboard shortcut is typically used to 'open a new tab in a web browser'?,Ctrl+End,Cmd+Tab,Ctrl+A,Ctrl+T,D,'Ctrl+T' is used to open a new tab in a web browser.,Software,Keyboard Shortcuts
Which statement correctly describes an interpreter?,"the bundling of data and methods that operate on that data within a single unit, restricting direct access to some components","an informal, high-level description of a program's logic, not written in any specific programming language","a hierarchical data structure in which each node has at most two children, referred to as left and right","a program that executes source code directly, translating and running it line by line without producing a separate executable file",D,"By definition, an interpreter is: a program that executes source code directly, translating and running it line by line without producing a separate executable file",Software,Programming
What is technical debt?,the implied cost of additional rework caused by choosing an easy but limited solution instead of a better approach,"a snapshot of changes made to files in a repository, saved with a descriptive message","a software development practice where developers frequently merge code changes into a shared repository, testing automatically",a tool that automatically reformats source code to follow consistent style guidelines,A,technical debt is: the implied cost of additional rework caused by choosing an easy but limited solution instead of a better approach,Software,Software Development
"Fill in the blank: ______ refers to ""a pre-release version of software made available to a limited group of users for testing purposes"".",a microservices architecture,stress testing,a test case,a beta version of software,D,a beta version of software refers to: a pre-release version of software made available to a limited group of users for testing purposes,Software,Software Development
"Which term matches this description: ""a computing model in which client devices request services or resources from centralised servers""?",a software update,MySQL,client-server architecture,malware,C,The description matches client-server architecture: a computing model in which client devices request services or resources from centralised servers,Software,Software Basics
"Fill in the blank: ______ refers to ""software whose source code is made publicly available for anyone to view, modify, and distribute"".",open-source software,firmware,a primary key in a database,backward compatibility,A,"open-source software refers to: software whose source code is made publicly available for anyone to view, modify, and distribute",Software,Software Basics
Who is credited with creating the programming language Rust?,Yukihiro Matsumoto,Apple Inc. (led by Chris Lattner),Graydon Hoare (at Mozilla),"Robert Griesemer, Rob Pike, and Ken Thompson at Google",C,Rust is credited to Graydon Hoare (at Mozilla).,Software,Programming Languages
"Fill in the blank: ______ refers to ""an open-source platform for automating the deployment, scaling, and management of containerised applications"".",pip,Kubernetes,npm (Node Package Manager),a relational database,B,"Kubernetes refers to: an open-source platform for automating the deployment, scaling, and management of containerised applications",Software,Software Basics
What is version control?,the practice of diverging from the main line of development to work independently without affecting it,"a system that records changes to files over time, allowing users to track history and collaborate, such as Git","a significant point or event in a project's timeline, marking progress toward completion",a visual project management tool that shows a project schedule with tasks plotted against time,B,"version control is: a system that records changes to files over time, allowing users to track history and collaborate, such as Git",Software,Software Development
Which statement correctly describes a binary tree?,a standard programming language used to manage and manipulate relational databases,"a blueprint or template used to create objects, defining their properties and behaviours","a simple sorting algorithm that repeatedly steps through a list, swapping adjacent elements if they are in the wrong order","a hierarchical data structure in which each node has at most two children, referred to as left and right",D,"By definition, a binary tree is: a hierarchical data structure in which each node has at most two children, referred to as left and right",Software,Programming
What is a wireframe?,an error or flaw in a program that causes it to behave unexpectedly,the process of determining the needs and expectations of stakeholders for a new software system,testing conducted to evaluate how easy and intuitive a software product is for real users,a basic visual guide used to represent the skeletal framework of a software interface before development,D,a wireframe is: a basic visual guide used to represent the skeletal framework of a software interface before development,Software,Software Development
"Which term matches this description: ""the ability of an operating system to execute multiple tasks or processes concurrently""?",an operating system (OS),iOS,multitasking in an OS,Android,C,The description matches multitasking in an OS: the ability of an operating system to execute multiple tasks or processes concurrently,Software,Operating Systems
"Fill in the blank: ______ refers to ""a type of malware that attaches itself to legitimate programs and replicates when the program is executed"".",a computer virus,load balancing,a database,encryption,A,a computer virus refers to: a type of malware that attaches itself to legitimate programs and replicates when the program is executed,Software,Software Basics
Which keyboard shortcut is typically used to 'open spotlight search (macos)'?,Ctrl+Z,Windows+D,Ctrl+Shift+Esc,Cmd+Space,D,'Cmd+Space' is used to open spotlight search (macos).,Software,Keyboard Shortcuts
What does the keyboard shortcut 'Ctrl+End' typically do?,Copy selected content (macOS),Save the current file,Switch between open tabs in a browser,Move cursor to the end of a document,D,'Ctrl+End' is used to move cursor to the end of a document.,Software,Keyboard Shortcuts
Which programming language was created by Microsoft (led by Anders Hejlsberg)?,C#,Haskell,PHP,Perl,A,C# was created by Microsoft (led by Anders Hejlsberg).,Software,Programming Languages
Which statement correctly describes a stack (data structure)?,a linear data structure that follows the Last-In-First-Out (LIFO) principle,"a programming paradigm based on the concept of objects, which contain data and methods",a technique where a function calls itself to solve a smaller instance of the same problem,"an informal, high-level description of a program's logic, not written in any specific programming language",A,"By definition, a stack (data structure) is: a linear data structure that follows the Last-In-First-Out (LIFO) principle",Software,Programming
"Which term matches this description: ""a facilitator responsible for ensuring a Scrum team follows Agile practices and removing obstacles""?",pull requests (in Git),a scrum master,a software requirement specification (SRS),a use case diagram,B,The description matches a scrum master: a facilitator responsible for ensuring a Scrum team follows Agile practices and removing obstacles,Software,Software Development
What is accessibility in software design?,"the delivery of computing services, including storage and processing power, over the internet",a file used to set parameters and initial settings for a computer program,designing software so it can be used effectively by people with a wide range of abilities and disabilities,software that creates and manages virtual machines by allocating physical resources among them,C,accessibility in software design is: designing software so it can be used effectively by people with a wide range of abilities and disabilities,Software,Software Basics
"Which term matches this description: ""a basic visual guide used to represent the skeletal framework of a software interface before development""?",a code formatter,a wireframe,a rollback (in deployment),a software requirement specification (SRS),B,The description matches a wireframe: a basic visual guide used to represent the skeletal framework of a software interface before development,Software,Software Development
"Which term matches this description: ""a set of conditions and inputs used to determine whether a software feature works as intended""?",a test case,a webhook,a merge conflict,a bug in software,A,The description matches a test case: a set of conditions and inputs used to determine whether a software feature works as intended,Software,Software Development
Who is credited with creating the programming language Python?,Ross Ihaka and Robert Gentleman,John McCarthy,Guido van Rossum,"Robert Griesemer, Rob Pike, and Ken Thompson at Google",C,Python is credited to Guido van Rossum.,Software,Programming Languages
What is a binary tree?,a mechanism by which one class can acquire properties and behaviours from another class,"a formal language comprising a set of instructions used to produce various kinds of output, such as software programs","a data structure consisting of a sequence of nodes, where each node points to the next node in the sequence","a hierarchical data structure in which each node has at most two children, referred to as left and right",D,"a binary tree is: a hierarchical data structure in which each node has at most two children, referred to as left and right",Software,Programming
What is technical writing?,a set of rules that allows different software applications to communicate with each other,the practice of diverging from the main line of development to work independently without affecting it,"the practice of creating clear, structured documentation for technical products, such as user manuals","the process of restructuring existing code without changing its external behaviour, to improve readability or performance",C,"technical writing is: the practice of creating clear, structured documentation for technical products, such as user manuals",Software,Software Development
Which keyboard shortcut is typically used to 'quit the current application (macos)'?,Ctrl+Shift+T,Cmd+Tab,Cmd+Q,Cmd+V,C,'Cmd+Q' is used to quit the current application (macos).,Software,Keyboard Shortcuts
Who is credited with creating the programming language Scala?,Brendan Eich,a committee of researchers,Martin Odersky,"Robert Griesemer, Rob Pike, and Ken Thompson at Google",C,Scala is credited to Martin Odersky.,Software,Programming Languages
What is white-box testing?,a software testing method that examines internal code structure and logic,a set of practices combining software development and IT operations to shorten the development lifecycle,a visual project management tool that shows a project schedule with tasks plotted against time,the practice of executing automated tests as part of the software delivery pipeline to get immediate feedback,A,white-box testing is: a software testing method that examines internal code structure and logic,Software,Software Development
What does the keyboard shortcut 'Ctrl+Shift+Esc' typically do?,Switch between open applications (macOS),Open the Task Manager directly (Windows),Paste copied content,Quit the current application (macOS),B,'Ctrl+Shift+Esc' is used to open the task manager directly (windows).,Software,Keyboard Shortcuts
"Fill in the blank: ______ refers to ""the person responsible for defining and prioritising the features of a product in Agile development"".",a defect tracking system,scrum,a product owner,version control,C,a product owner refers to: the person responsible for defining and prioritising the features of a product in Agile development,Software,Software Development
"Which term matches this description: ""the amount of time a system or service remains operational and available without interruption""?",uptime,a EULA (End User License Agreement),a package manager,shareware,A,The description matches uptime: the amount of time a system or service remains operational and available without interruption,Software,Software Basics
What does the keyboard shortcut 'Ctrl+F' typically do?,Open the Task Manager directly (Windows),Paste copied content (macOS),Find text within a document or page,Select all content,C,'Ctrl+F' is used to find text within a document or page.,Software,Keyboard Shortcuts
What does the keyboard shortcut 'Ctrl+Shift+T' typically do?,Open Spotlight search (macOS),Print the current document,Reopen the last closed tab in a web browser,Show the desktop by minimising all windows,C,'Ctrl+Shift+T' is used to reopen the last closed tab in a web browser.,Software,Keyboard Shortcuts
In approximately which year was the programming language Perl created?,1987,1979,1982,1992,A,Perl was created in approximately 1987.,Software,Programming Languages
What is a device driver?,the mobile operating system developed by Apple for its iPhone and iPad devices,"system software that manages computer hardware, software resources, and provides common services for programs","an open-source operating system kernel, the basis for many free operating system distributions",software that allows an operating system to communicate with and control a hardware device,D,a device driver is: software that allows an operating system to communicate with and control a hardware device,Software,Operating Systems
What is Linux?,"system software that manages computer hardware, software resources, and provides common services for programs",a method used by an operating system to organise and store files on a storage device,a widely used operating system developed by Microsoft,"an open-source operating system kernel, the basis for many free operating system distributions",D,"Linux is: an open-source operating system kernel, the basis for many free operating system distributions",Software,Operating Systems
Which statement correctly describes responsive software design?,a value set outside a program that can affect how running processes behave on a computer,a design approach ensuring software interfaces adapt appropriately to different screen sizes and devices,an organised collection of structured data stored electronically for easy access and management,"software that is available for use at no cost, but not necessarily open-source",B,"By definition, responsive software design is: a design approach ensuring software interfaces adapt appropriately to different screen sizes and devices",Software,Software Basics
"Fill in the blank: ______ refers to ""a formal contract defining the expected level of service between a provider and a customer"".",containerisation,encryption,a service level agreement (SLA),MongoDB,C,a service level agreement (SLA) refers to: a formal contract defining the expected level of service between a provider and a customer,Software,Software Basics
What is black-box testing?,testing conducted to ensure that new code changes have not adversely affected existing functionality,a type of testing that evaluates a system's stability under extreme or unfavourable conditions,testing conducted to determine whether a system meets business requirements and is ready for delivery,a software testing method that examines functionality without looking at internal code structure,D,black-box testing is: a software testing method that examines functionality without looking at internal code structure,Software,Software Development
"Which term matches this description: ""a tool that automates the process of installing, upgrading, and managing software packages, such as npm or pip""?",internationalisation of software,MySQL,a peer-to-peer (P2P) network,a package manager,D,"The description matches a package manager: a tool that automates the process of installing, upgrading, and managing software packages, such as npm or pip",Software,Software Basics
"Which term matches this description: ""a popular free source-code editor developed by Microsoft, widely used for software development""?",Visual Studio Code,a sandbox environment,continuous deployment (CD),a software architecture,A,"The description matches Visual Studio Code: a popular free source-code editor developed by Microsoft, widely used for software development",Software,Software Development
Which statement correctly describes open-source software?,"the process of adapting software for a specific region or language, including translations and cultural adjustments",software that secretly monitors and collects user information without their knowledge,"a package manager for JavaScript, used to install and manage software libraries and dependencies","software whose source code is made publicly available for anyone to view, modify, and distribute",D,"By definition, open-source software is: software whose source code is made publicly available for anyone to view, modify, and distribute",Software,Software Basics
Which statement correctly describes scrum?,the process of evaluating software to identify defects and ensure it meets requirements,"an Agile framework for managing software development work, organised into sprints","a snapshot of changes made to files in a repository, saved with a descriptive message","an early, internal version of software, often unstable, used for initial testing before beta release",B,"By definition, scrum is: an Agile framework for managing software development work, organised into sprints",Software,Software Development
"Which term matches this description: ""the process of converting data into a coded format to prevent unauthorised access""?",a plugin,encryption,freeware,MongoDB,B,The description matches encryption: the process of converting data into a coded format to prevent unauthorised access,Software,Software Basics
"Which term matches this description: ""an error or flaw in a program that causes it to behave unexpectedly""?",a commit (in Git),semantic versioning,a bug in software,a test case,C,The description matches a bug in software: an error or flaw in a program that causes it to behave unexpectedly,Software,Software Development
What is freeware?,a formal contract defining the expected level of service between a provider and a customer,"software that is available for use at no cost, but not necessarily open-source",designing software so it can be used effectively by people with a wide range of abilities and disabilities,a legal agreement that governs the use and distribution of software,B,"freeware is: software that is available for use at no cost, but not necessarily open-source",Software,Software Basics
"Which term matches this description: ""an error that occurs while a program is being executed, after it has been successfully compiled""?",a function in programming,a sorting algorithm,a runtime error,hard-coding,C,"The description matches a runtime error: an error that occurs while a program is being executed, after it has been successfully compiled",Software,Programming
What is a loop in programming?,"an error that occurs while a program is being executed, after it has been successfully compiled","a line of text in source code ignored by the compiler or interpreter, used to explain the code to human readers",a programming construct that repeats a block of code multiple times based on a condition,a technique where a function calls itself to solve a smaller instance of the same problem,C,a loop in programming is: a programming construct that repeats a block of code multiple times based on a condition,Software,Programming
"Fill in the blank: ______ refers to ""a web-based platform for hosting and collaborating on Git repositories"".",a software architecture,a sandbox environment,Agile methodology,GitHub,D,GitHub refers to: a web-based platform for hosting and collaborating on Git repositories,Software,Software Development
What type of file typically has the extension '.mp3'?,a Portable Document Format file,a JavaScript source code file,a compressed audio file,an Android application package file,C,A file with the extension '.mp3' is typically a compressed audio file.,Software,File Formats
What is a class in OOP?,a technique where a function calls itself to solve a smaller instance of the same problem,"a blueprint or template used to create objects, defining their properties and behaviours","a formal language comprising a set of instructions used to produce various kinds of output, such as software programs","a line of text in source code ignored by the compiler or interpreter, used to explain the code to human readers",B,"a class in OOP is: a blueprint or template used to create objects, defining their properties and behaviours",Software,Programming
Which programming language was created by John G. Kemeny and Thomas E. Kurtz?,BASIC,Dart,Ruby,TypeScript,A,BASIC was created by John G. Kemeny and Thomas E. Kurtz.,Software,Programming Languages
Which statement correctly describes C++?,a general-purpose programming language that extends the C language with object-oriented features,a programming construct that repeats a block of code multiple times based on a condition,"an algorithm that arranges elements of a list in a certain order, such as ascending or descending","the process of converting data structures or objects into a format that can be stored or transmitted, such as JSON",A,"By definition, C++ is: a general-purpose programming language that extends the C language with object-oriented features",Software,Programming
"Fill in the blank: ______ refers to ""an automated message sent from one application to another when a specific event occurs"".",a webhook,Agile methodology,an ORM (Object-Relational Mapping) tool,a Gantt chart,A,a webhook refers to: an automated message sent from one application to another when a specific event occurs,Software,Software Development
What does the keyboard shortcut 'Ctrl+U' typically do?,Reopen the last closed tab in a web browser,Apply underline formatting to selected text,Find text within a document or page,Open a new tab in a web browser,B,'Ctrl+U' is used to apply underline formatting to selected text.,Software,Keyboard Shortcuts
Which statement correctly describes JavaScript?,a general-purpose programming language that extends the C language with object-oriented features,a programming language commonly used to create interactive effects within web browsers,a diagram that represents a process or algorithm using various symbols connected by arrows,a program that translates source code written in a high-level programming language into machine code,B,"By definition, JavaScript is: a programming language commonly used to create interactive effects within web browsers",Software,Programming
What is a hash table?,a programming language commonly used to create interactive effects within web browsers,a programming construct that repeats a block of code multiple times based on a condition,a data structure that maps keys to values using a hash function for efficient data retrieval,"a blueprint or template used to create objects, defining their properties and behaviours",C,a hash table is: a data structure that maps keys to values using a hash function for efficient data retrieval,Software,Programming
What is a milestone in project management?,a type of performance testing that evaluates how a system behaves under expected user loads,a pre-release version of software made available to a limited group of users for testing purposes,"a significant point or event in a project's timeline, marking progress toward completion",a web-based platform for hosting and collaborating on Git repositories,C,"a milestone in project management is: a significant point or event in a project's timeline, marking progress toward completion",Software,Software Development
"Which term matches this description: ""a fraudulent attempt to obtain sensitive information by disguising as a trustworthy entity, often via email""?",cloud computing,phishing,a primary key in a database,Docker,B,"The description matches phishing: a fraudulent attempt to obtain sensitive information by disguising as a trustworthy entity, often via email",Software,Software Basics
"Which term matches this description: ""a type of malware that self-replicates and spreads across networks without needing to attach to a host program""?",a worm (malware),SaaS (Software as a Service),a configuration file,legacy software,A,The description matches a worm (malware): a type of malware that self-replicates and spreads across networks without needing to attach to a host program,Software,Software Basics
What is a fork (in version control)?,a software testing method that examines internal code structure and logic,a pre-release version of software made available to a limited group of users for testing purposes,"a personal copy of another user's repository, allowing independent development without affecting the original","a linear, sequential approach to software development, where each phase must be completed before the next begins",C,"a fork (in version control) is: a personal copy of another user's repository, allowing independent development without affecting the original",Software,Software Development
What is hard-coding?,a mathematical notation used to describe the efficiency or complexity of an algorithm,a program that translates source code written in a high-level programming language into machine code,the practice of embedding data directly into source code rather than obtaining it from an external source or configuration,an error caused by incorrect use of a programming language's grammar rules,C,hard-coding is: the practice of embedding data directly into source code rather than obtaining it from an external source or configuration,Software,Programming
What is a webhook?,a pre-release version of software made available to a limited group of users for testing purposes,software that allows developers to interact with a database using object-oriented code instead of writing raw SQL,an automated message sent from one application to another when a specific event occurs,a document that records all notable changes made to a software project over time,C,a webhook is: an automated message sent from one application to another when a specific event occurs,Software,Software Development
Which statement correctly describes a test case?,a set of conditions and inputs used to determine whether a software feature works as intended,"a fixed, short period of time during which a specific set of work must be completed and reviewed","a tool that analyses source code to flag programming errors, bugs, and stylistic issues",the implied cost of additional rework caused by choosing an easy but limited solution instead of a better approach,A,"By definition, a test case is: a set of conditions and inputs used to determine whether a software feature works as intended",Software,Software Development
"Fill in the blank: ______ refers to ""a formal language comprising a set of instructions used to produce various kinds of output, such as software programs"".",a programming language,Big O notation,a comment in code,a compiler error,A,"a programming language refers to: a formal language comprising a set of instructions used to produce various kinds of output, such as software programs",Software,Programming
"Fill in the blank: ______ refers to ""software that creates and manages virtual machines by allocating physical resources among them"".",a hypervisor,a virtual machine (VM),localisation of software,Oracle Database,A,a hypervisor refers to: software that creates and manages virtual machines by allocating physical resources among them,Software,Software Basics
"Which term matches this description: ""software that monitors and controls incoming and outgoing network traffic based on security rules""?",middleware,MongoDB,Docker,a firewall (software),D,The description matches a firewall (software): software that monitors and controls incoming and outgoing network traffic based on security rules,Software,Software Basics
Who is credited with creating the programming language Kotlin?,John G. Kemeny and Thomas E. Kurtz,Google,James Gosling,JetBrains,D,Kotlin is credited to JetBrains.,Software,Programming Languages
Which statement correctly describes a linked list?,a technique where a function calls itself to solve a smaller instance of the same problem,"a data structure consisting of a sequence of nodes, where each node points to the next node in the sequence",the practice of embedding data directly into source code rather than obtaining it from an external source or configuration,a programming language commonly used to create interactive effects within web browsers,B,"By definition, a linked list is: a data structure consisting of a sequence of nodes, where each node points to the next node in the sequence",Software,Programming
Which statement correctly describes a word processor?,"an instance of a class, containing specific data and the ability to perform actions defined by its class","software used to create, edit, and format text documents, such as Microsoft Word","software used to organise, analyse, and store data in tabular form, such as Microsoft Excel",a design pattern that restricts a class to having only one instance and provides a global point of access to it,B,"By definition, a word processor is: software used to create, edit, and format text documents, such as Microsoft Word",Software,Application Software
Which programming language was created by Ross Ihaka and Robert Gentleman?,Perl,COBOL,Kotlin,R,D,R was created by Ross Ihaka and Robert Gentleman.,Software,Programming Languages
Which statement correctly describes a fork (in version control)?,the process of identifying and fixing errors or bugs in software code,the process of integrating changes from one branch into another in version control,"a software architecture style where an application is built as a collection of small, independent services","a personal copy of another user's repository, allowing independent development without affecting the original",D,"By definition, a fork (in version control) is: a personal copy of another user's repository, allowing independent development without affecting the original",Software,Software Development
"Which term matches this description: ""a storage location where a project's files and their revision history are kept""?",continuous integration (CI),an IDE (Integrated Development Environment),a repository (in version control),a stand-up meeting,C,The description matches a repository (in version control): a storage location where a project's files and their revision history are kept,Software,Software Development
"Fill in the blank: ______ refers to ""a general, reusable solution to a commonly occurring problem in software design"".",a stand-up meeting,continuous deployment (CD),a design pattern,pull requests (in Git),C,"a design pattern refers to: a general, reusable solution to a commonly occurring problem in software design",Software,Software Development
Which statement correctly describes a software requirement specification (SRS)?,a software testing method where individual modules are combined and tested as a group,the systematic examination of source code by peers to identify bugs and improve quality,a document that describes the intended purpose and functional requirements of a software system,a set of rules that allows different software applications to communicate with each other,C,"By definition, a software requirement specification (SRS) is: a document that describes the intended purpose and functional requirements of a software system",Software,Software Development
What is a variable in programming?,"a high-level, general-purpose programming language known for its readability and wide use in data science and web development","the bundling of data and methods that operate on that data within a single unit, restricting direct access to some components",the practice of embedding data directly into source code rather than obtaining it from an external source or configuration,a named storage location used to hold data that may change during program execution,D,a variable in programming is: a named storage location used to hold data that may change during program execution,Software,Programming
"Fill in the blank: ______ refers to ""a technique where a function calls itself to solve a smaller instance of the same problem"".",binary search,an array,recursion in programming,a runtime error,C,recursion in programming refers to: a technique where a function calls itself to solve a smaller instance of the same problem,Software,Programming
"Fill in the blank: ______ refers to ""a piece of software designed to update, fix, or improve a program, often addressing security vulnerabilities"".",integration testing,a merge conflict,a patch,continuous integration (CI),C,"a patch refers to: a piece of software designed to update, fix, or improve a program, often addressing security vulnerabilities",Software,Software Development
Which programming language was created by JetBrains?,BASIC,Pascal,COBOL,Kotlin,D,Kotlin was created by JetBrains.,Software,Programming Languages
Which keyboard shortcut is typically used to 'paste copied content'?,Ctrl+Home,Ctrl+V,F5,Windows+L,B,'Ctrl+V' is used to paste copied content.,Software,Keyboard Shortcuts
"Fill in the blank: ______ refers to ""an assessment conducted to determine whether a proposed software project is practical and viable"".",a rollback (in deployment),a microservices architecture,pull requests (in Git),a feasibility study,D,a feasibility study refers to: an assessment conducted to determine whether a proposed software project is practical and viable,Software,Software Development
"Fill in the blank: ______ refers to ""a piece of software that extends the capabilities of a larger software application, similar to a plugin"".",load balancing,an add-on,normalization in databases,a package manager,B,"an add-on refers to: a piece of software that extends the capabilities of a larger software application, similar to a plugin",Software,Software Basics
Which file extension is typically used for a compressed archive file format?,.txt,.gif,.c,.rar,D,Files that are a compressed archive file format typically use the extension '.rar'.,Software,File Formats
Which keyboard shortcut is typically used to 'undo the last action'?,Cmd+Space,Ctrl+P,Ctrl+Z,Cmd+Tab,C,'Ctrl+Z' is used to undo the last action.,Software,Keyboard Shortcuts
What is a virtual machine (VM)?,"a popular platform used to develop, ship, and run applications inside containers","a software-based emulation of a physical computer, allowing multiple operating systems to run on one machine","a small-sized value derived from a block of data, used to detect errors introduced during transmission or storage",designing software so it can be easily adapted to different languages and regions without engineering changes,B,"a virtual machine (VM) is: a software-based emulation of a physical computer, allowing multiple operating systems to run on one machine",Software,Software Basics
Which statement correctly describes encapsulation in OOP?,an error caused by incorrect use of a programming language's grammar rules,the ability of different objects to respond to the same function call in different ways,"an error that occurs while a program is being executed, after it has been successfully compiled","the bundling of data and methods that operate on that data within a single unit, restricting direct access to some components",D,"By definition, encapsulation in OOP is: the bundling of data and methods that operate on that data within a single unit, restricting direct access to some components",Software,Programming
"Which term matches this description: ""a package manager used to install and manage software packages written in Python""?",a hypervisor,pip,a configuration file,load balancing,B,The description matches pip: a package manager used to install and manage software packages written in Python,Software,Software Basics
What does the keyboard shortcut 'Windows+D' typically do?,Show the desktop by minimising all windows,Move cursor to the beginning of a document,Quit the current application (macOS),Select all content,A,'Windows+D' is used to show the desktop by minimising all windows.,Software,Keyboard Shortcuts
"Which term matches this description: ""the process of identifying and fixing errors or bugs in software code""?",debugging,regression testing,a rollback (in deployment),a staging environment,A,The description matches debugging: the process of identifying and fixing errors or bugs in software code,Software,Software Development
"Fill in the blank: ______ refers to ""an error detected during the compilation process that prevents source code from being converted into an executable program"".",Python,a function in programming,a compiler error,encapsulation in OOP,C,a compiler error refers to: an error detected during the compilation process that prevents source code from being converted into an executable program,Software,Programming
"Which term matches this description: ""the practice of executing automated tests as part of the software delivery pipeline to get immediate feedback""?",a merge conflict,continuous testing,usability testing,software testing,B,The description matches continuous testing: the practice of executing automated tests as part of the software delivery pipeline to get immediate feedback,Software,Software Development
In approximately which year was the programming language BASIC created?,1959,1964,1967,1969,B,BASIC was created in approximately 1964.,Software,Programming Languages
What type of file typically has the extension '.zip'?,a disc image file,a Microsoft Word document,an executable program file for Windows,a compressed archive file,D,A file with the extension '.zip' is typically a compressed archive file.,Software,File Formats
Which programming language was created by Apple Inc. (led by Chris Lattner)?,C++,Pascal,Swift,Ruby,C,Swift was created by Apple Inc. (led by Chris Lattner).,Software,Programming Languages
What does the keyboard shortcut 'Alt+F4' typically do?,Undo the last action,Apply italic formatting to selected text,Close the currently active window (Windows),Select all content,C,'Alt+F4' is used to close the currently active window (windows).,Software,Keyboard Shortcuts
"Which term matches this description: ""an Agile framework for managing software development work, organised into sprints""?",a release candidate,scrum,pair programming,an API (Application Programming Interface),B,"The description matches scrum: an Agile framework for managing software development work, organised into sprints",Software,Software Development
"Fill in the blank: ______ refers to ""an error that occurs while a program is being executed, after it has been successfully compiled"".",a runtime error,polymorphism in OOP,recursion in programming,a hash table,A,"a runtime error refers to: an error that occurs while a program is being executed, after it has been successfully compiled",Software,Programming
"Fill in the blank: ______ refers to ""a short daily meeting in Agile development where team members discuss progress and blockers"".",a stand-up meeting,a patch,version control,merging (in Git),A,a stand-up meeting refers to: a short daily meeting in Agile development where team members discuss progress and blockers,Software,Software Development
"Which term matches this description: ""the ability of software to work with data or systems created by an older version of the same software""?",backward compatibility,a content delivery network (CDN),SaaS (Software as a Service),firmware,A,The description matches backward compatibility: the ability of software to work with data or systems created by an older version of the same software,Software,Software Basics
What type of file typically has the extension '.pdf'?,a plain text file,a shell script file used in Unix/Linux systems,a Portable Document Format file,a JavaScript source code file,C,A file with the extension '.pdf' is typically a Portable Document Format file.,Software,File Formats
What is a computer virus?,"a software-based emulation of a physical computer, allowing multiple operating systems to run on one machine","a systematic evaluation of software to ensure compliance with licenses, standards, and regulations",a design approach ensuring software interfaces adapt appropriately to different screen sizes and devices,a type of malware that attaches itself to legitimate programs and replicates when the program is executed,D,a computer virus is: a type of malware that attaches itself to legitimate programs and replicates when the program is executed,Software,Software Basics
What is Big O notation?,"an error that occurs while a program is being executed, after it has been successfully compiled",a mathematical notation used to describe the efficiency or complexity of an algorithm,a technique where a function calls itself to solve a smaller instance of the same problem,"the process of converting data structures or objects into a format that can be stored or transmitted, such as JSON",B,Big O notation is: a mathematical notation used to describe the efficiency or complexity of an algorithm,Software,Programming
Which statement correctly describes a merge conflict?,a situation in version control where changes from different branches cannot be automatically combined,software that allows developers to interact with a database using object-oriented code instead of writing raw SQL,the practice of diverging from the main line of development to work independently without affecting it,the implied cost of additional rework caused by choosing an easy but limited solution instead of a better approach,A,"By definition, a merge conflict is: a situation in version control where changes from different branches cannot be automatically combined",Software,Software Development
What is a checksum?,malicious software that encrypts a victim's files and demands payment for their release,a computing model in which client devices request services or resources from centralised servers,"a small-sized value derived from a block of data, used to detect errors introduced during transmission or storage","a legal contract between a software provider and the user, outlining terms of use",C,"a checksum is: a small-sized value derived from a block of data, used to detect errors introduced during transmission or storage",Software,Software Basics
What is a product owner?,"a software design pattern that separates an application into three interconnected components: data, user interface, and logic","a software application that provides comprehensive tools for software development, including a code editor and debugger",the person responsible for defining and prioritising the features of a product in Agile development,a set of conditions and inputs used to determine whether a software feature works as intended,C,a product owner is: the person responsible for defining and prioritising the features of a product in Agile development,Software,Software Development
"Which term matches this description: ""software owned by an individual or company, with restricted rights to use, modify, or distribute it""?",Docker,proprietary software,client-server architecture,load balancing,B,"The description matches proprietary software: software owned by an individual or company, with restricted rights to use, modify, or distribute it",Software,Software Basics
"Fill in the blank: ______ refers to ""malicious software designed to damage, disrupt, or gain unauthorised access to computer systems"".",firmware,phishing,shareware,malware,D,"malware refers to: malicious software designed to damage, disrupt, or gain unauthorised access to computer systems",Software,Software Basics
Who is credited with creating the programming language C#?,Roberto Ierusalimschy and colleagues,Microsoft (led by Anders Hejlsberg),Brendan Eich,John McCarthy,B,C# is credited to Microsoft (led by Anders Hejlsberg).,Software,Programming Languages
"Which term matches this description: ""an open-source operating system kernel, the basis for many free operating system distributions""?",a device driver,multitasking in an OS,Linux,an operating system (OS),C,"The description matches Linux: an open-source operating system kernel, the basis for many free operating system distributions",Software,Operating Systems
"Which term matches this description: ""an early sample or model of a software product built to test a concept or process""?",continuous testing,load testing,a bug in software,a prototype in software development,D,The description matches a prototype in software development: an early sample or model of a software product built to test a concept or process,Software,Software Development
"Fill in the blank: ______ refers to ""a reusable block of code designed to perform a specific task"".",a function in programming,inheritance in OOP,a compiler,a constant in programming,A,a function in programming refers to: a reusable block of code designed to perform a specific task,Software,Programming
"Which term matches this description: ""a software application that provides comprehensive tools for software development, including a code editor and debugger""?",an IDE (Integrated Development Environment),a test case,continuous integration (CI),technical debt,A,"The description matches an IDE (Integrated Development Environment): a software application that provides comprehensive tools for software development, including a code editor and debugger",Software,Software Development
"Fill in the blank: ______ refers to ""a mobile operating system developed by Google, based on a modified version of the Linux kernel"".",a file system,iOS,multitasking in an OS,Android,D,"Android refers to: a mobile operating system developed by Google, based on a modified version of the Linux kernel",Software,Operating Systems
Which statement correctly describes DevOps?,a situation in version control where changes from different branches cannot be automatically combined,the process of reverting software to a previous stable version after a failed update or deployment,an assessment conducted to determine whether a proposed software project is practical and viable,a set of practices combining software development and IT operations to shorten the development lifecycle,D,"By definition, DevOps is: a set of practices combining software development and IT operations to shorten the development lifecycle",Software,Software Development
Which statement correctly describes a runtime error?,"an error that occurs while a program is being executed, after it has been successfully compiled",a linear data structure that follows the First-In-First-Out (FIFO) principle,"a high-level, general-purpose programming language known for its readability and wide use in data science and web development","the process of converting data structures or objects into a format that can be stored or transmitted, such as JSON",A,"By definition, a runtime error is: an error that occurs while a program is being executed, after it has been successfully compiled",Software,Programming
Which statement correctly describes bubble sort?,a diagram that represents a process or algorithm using various symbols connected by arrows,"a line of text in source code ignored by the compiler or interpreter, used to explain the code to human readers","a simple sorting algorithm that repeatedly steps through a list, swapping adjacent elements if they are in the wrong order","a programming paradigm based on the concept of objects, which contain data and methods",C,"By definition, bubble sort is: a simple sorting algorithm that repeatedly steps through a list, swapping adjacent elements if they are in the wrong order",Software,Programming
"Fill in the blank: ______ refers to ""a tool that analyses source code to flag programming errors, bugs, and stylistic issues"".",a product owner,a changelog entry's purpose,a feasibility study,a linter,D,"a linter refers to: a tool that analyses source code to flag programming errors, bugs, and stylistic issues",Software,Software Development
Which statement correctly describes object-oriented programming (OOP)?,a step-by-step procedure or set of rules for solving a problem or performing a computation,"a data structure that stores a collection of elements, typically of the same type, in a contiguous block of memory","an error that occurs while a program is being executed, after it has been successfully compiled","a programming paradigm based on the concept of objects, which contain data and methods",D,"By definition, object-oriented programming (OOP) is: a programming paradigm based on the concept of objects, which contain data and methods",Software,Programming
What is phishing?,"a fraudulent attempt to obtain sensitive information by disguising as a trustworthy entity, often via email",a type of malware that attaches itself to legitimate programs and replicates when the program is executed,the process of distributing network or application traffic across multiple servers to ensure reliability,software that creates and manages virtual machines by allocating physical resources among them,A,"phishing is: a fraudulent attempt to obtain sensitive information by disguising as a trustworthy entity, often via email",Software,Software Basics
"Which term matches this description: ""a formal contract defining the expected level of service between a provider and a customer""?",emulation software,a peer-to-peer (P2P) network,a service level agreement (SLA),a EULA (End User License Agreement),C,The description matches a service level agreement (SLA): a formal contract defining the expected level of service between a provider and a customer,Software,Software Basics
Which statement correctly describes application software?,a widely used commercial relational database management system developed by Oracle Corporation,a type of software embedded directly into hardware devices to control their basic functions,the process of organising data to reduce redundancy and improve data integrity,"software designed to help users perform specific tasks, such as word processors or web browsers",D,"By definition, application software is: software designed to help users perform specific tasks, such as word processors or web browsers",Software,Software Basics
"Which term matches this description: ""a searching algorithm that finds the position of a target value within a sorted array by repeatedly dividing the search interval in half""?",a sorting algorithm,a stack (data structure),binary search,a class in OOP,C,The description matches binary search: a searching algorithm that finds the position of a target value within a sorted array by repeatedly dividing the search interval in half,Software,Programming
Which statement correctly describes an algorithm?,a step-by-step procedure or set of rules for solving a problem or performing a computation,a technique where a function calls itself to solve a smaller instance of the same problem,"a data structure that stores a collection of elements, typically of the same type, in a contiguous block of memory","an error that occurs while a program is being executed, after it has been successfully compiled",A,"By definition, an algorithm is: a step-by-step procedure or set of rules for solving a problem or performing a computation",Software,Programming
In approximately which year was the programming language Objective-C created?,1996,1984,1972,1992,B,Objective-C was created in approximately 1984.,Software,Programming Languages
Which statement correctly describes a stored procedure?,the process of organising data to reduce redundancy and improve data integrity,an organised collection of structured data stored electronically for easy access and management,a lightweight virtualisation method that packages applications with their dependencies into isolated containers,a set of SQL statements saved in a database that can be executed as a single unit,D,"By definition, a stored procedure is: a set of SQL statements saved in a database that can be executed as a single unit",Software,Software Basics
Which keyboard shortcut is typically used to 'open an existing file'?,Ctrl+Shift+Esc,Ctrl+O,Ctrl+T,Ctrl+S,B,'Ctrl+O' is used to open an existing file.,Software,Keyboard Shortcuts
What is a patch?,"a software development approach emphasising iterative progress, collaboration, and flexibility to change",any individual or group with an interest in or affected by a software project's outcome,a set of rules that allows different software applications to communicate with each other,"a piece of software designed to update, fix, or improve a program, often addressing security vulnerabilities",D,"a patch is: a piece of software designed to update, fix, or improve a program, often addressing security vulnerabilities",Software,Software Development
What is system software?,a collection of instructions and programs used to operate computers and execute specific tasks,"a fraudulent attempt to obtain sensitive information by disguising as a trustworthy entity, often via email",a value set outside a program that can affect how running processes behave on a computer,"software designed to manage computer hardware and provide a platform for application software, such as an operating system",D,"system software is: software designed to manage computer hardware and provide a platform for application software, such as an operating system",Software,Software Basics
Which statement correctly describes load testing?,"a software development approach emphasising iterative progress, collaboration, and flexibility to change",an early sample or model of a software product built to test a concept or process,the process of determining the needs and expectations of stakeholders for a new software system,a type of performance testing that evaluates how a system behaves under expected user loads,D,"By definition, load testing is: a type of performance testing that evaluates how a system behaves under expected user loads",Software,Software Development
"Which term matches this description: ""the process of converting source code into a standalone, executable software artefact""?",scrum,requirements gathering,pull requests (in Git),a build in software development,D,"The description matches a build in software development: the process of converting source code into a standalone, executable software artefact",Software,Software Development
"Which term matches this description: ""a company or individual that sells software products or services""?",ransomware,normalization in databases,phishing,a software vendor,D,The description matches a software vendor: a company or individual that sells software products or services,Software,Software Basics
What type of file typically has the extension '.apk'?,a Microsoft Excel spreadsheet,a shell script file used in Unix/Linux systems,"a Comma-Separated Values file, often used for spreadsheet data",an Android application package file,D,A file with the extension '.apk' is typically an Android application package file.,Software,File Formats
Which statement correctly describes white-box testing?,"the practice of creating clear, structured documentation for technical products, such as user manuals",a software testing method that examines internal code structure and logic,a set of conditions and inputs used to determine whether a software feature works as intended,a facilitator responsible for ensuring a Scrum team follows Agile practices and removing obstacles,B,"By definition, white-box testing is: a software testing method that examines internal code structure and logic",Software,Software Development
"Which term matches this description: ""a program that executes source code directly, translating and running it line by line without producing a separate executable file""?",an interpreter,JavaScript,hard-coding,Java,A,"The description matches an interpreter: a program that executes source code directly, translating and running it line by line without producing a separate executable file",Software,Programming
What is a NoSQL database?,"software that is available for use at no cost, but not necessarily open-source",a file used to set parameters and initial settings for a computer program,"a release of new or improved code that fixes bugs, adds features, or improves security","a type of database designed for storing unstructured or semi-structured data, unlike traditional relational databases",D,"a NoSQL database is: a type of database designed for storing unstructured or semi-structured data, unlike traditional relational databases",Software,Software Basics
"Fill in the blank: ______ refers to ""a system that records changes to files over time, allowing users to track history and collaborate, such as Git"".",the MVC (Model-View-Controller) pattern,a changelog,version control,a wireframe,C,"version control refers to: a system that records changes to files over time, allowing users to track history and collaborate, such as Git",Software,Software Development
Which statement correctly describes a design pattern?,the process of identifying and fixing errors or bugs in software code,a situation in version control where changes from different branches cannot be automatically combined,"a general, reusable solution to a commonly occurring problem in software design","to inform users and developers of what has changed, been fixed, or been added in a new software version",C,"By definition, a design pattern is: a general, reusable solution to a commonly occurring problem in software design",Software,Software Development
What is the MVC (Model-View-Controller) pattern?,a software testing method that examines functionality without looking at internal code structure,"a general, reusable solution to a commonly occurring problem in software design","a software design pattern that separates an application into three interconnected components: data, user interface, and logic",a set of conditions and inputs used to determine whether a software feature works as intended,C,"the MVC (Model-View-Controller) pattern is: a software design pattern that separates an application into three interconnected components: data, user interface, and logic",Software,Software Development
What is a linked list?,"an error that occurs while a program is being executed, after it has been successfully compiled","the bundling of data and methods that operate on that data within a single unit, restricting direct access to some components","a line of text in source code ignored by the compiler or interpreter, used to explain the code to human readers","a data structure consisting of a sequence of nodes, where each node points to the next node in the sequence",D,"a linked list is: a data structure consisting of a sequence of nodes, where each node points to the next node in the sequence",Software,Programming
"Fill in the blank: ______ refers to ""the core component of an operating system that manages system resources and communication between hardware and software"".",an operating system (OS),iOS,a kernel,Linux,C,a kernel refers to: the core component of an operating system that manages system resources and communication between hardware and software,Software,Operating Systems
"Fill in the blank: ______ refers to ""a version of software that is potentially ready for release, unless significant bugs are found"".",a release candidate,a beta version of software,technical writing,pair programming,A,"a release candidate refers to: a version of software that is potentially ready for release, unless significant bugs are found",Software,Software Development
"Which term matches this description: ""the phase of software testing where a nearly finished product is released to a limited external audience for feedback""?",a product owner,beta testing,a fork (in version control),a changelog entry's purpose,B,The description matches beta testing: the phase of software testing where a nearly finished product is released to a limited external audience for feedback,Software,Software Development
What is a software audit?,"a piece of software that extends the capabilities of a larger software application, similar to a plugin",a set of SQL statements saved in a database that can be executed as a single unit,"a systematic evaluation of software to ensure compliance with licenses, standards, and regulations","malicious software designed to damage, disrupt, or gain unauthorised access to computer systems",C,"a software audit is: a systematic evaluation of software to ensure compliance with licenses, standards, and regulations",Software,Software Basics
"Which term matches this description: ""a widely used operating system developed by Microsoft""?",a file system,Android,Linux,Windows,D,The description matches Windows: a widely used operating system developed by Microsoft,Software,Operating Systems
What is Windows?,the core component of an operating system that manages system resources and communication between hardware and software,"system software that manages computer hardware, software resources, and provides common services for programs",software that allows an operating system to communicate with and control a hardware device,a widely used operating system developed by Microsoft,D,Windows is: a widely used operating system developed by Microsoft,Software,Operating Systems
"Which term matches this description: ""a software development approach emphasising iterative progress, collaboration, and flexibility to change""?",a wireframe,a merge conflict,continuous integration (CI),Agile methodology,D,"The description matches Agile methodology: a software development approach emphasising iterative progress, collaboration, and flexibility to change",Software,Software Development
Which statement correctly describes an ORM (Object-Relational Mapping) tool?,"a tool that analyses source code to flag programming errors, bugs, and stylistic issues","a personal copy of another user's repository, allowing independent development without affecting the original",software that allows developers to interact with a database using object-oriented code instead of writing raw SQL,"a testing environment that closely mirrors the production environment, used for final pre-release checks",C,"By definition, an ORM (Object-Relational Mapping) tool is: software that allows developers to interact with a database using object-oriented code instead of writing raw SQL",Software,Software Development
"Fill in the blank: ______ refers to ""a facilitator responsible for ensuring a Scrum team follows Agile practices and removing obstacles"".",continuous integration (CI),a scrum master,a release candidate,a design pattern,B,a scrum master refers to: a facilitator responsible for ensuring a Scrum team follows Agile practices and removing obstacles,Software,Software Development
Which statement correctly describes the term 'stakeholder' in software projects?,"the practice of creating clear, structured documentation for technical products, such as user manuals",any individual or group with an interest in or affected by a software project's outcome,"a linear, sequential approach to software development, where each phase must be completed before the next begins",a software testing method where individual components or functions are tested in isolation,B,"By definition, the term 'stakeholder' in software projects is: any individual or group with an interest in or affected by a software project's outcome",Software,Software Development
"Fill in the blank: ______ refers to ""an instance of a class, containing specific data and the ability to perform actions defined by its class"".",an object in OOP,object-oriented programming (OOP),a compiler,a comment in code,A,"an object in OOP refers to: an instance of a class, containing specific data and the ability to perform actions defined by its class",Software,Programming
"Which term matches this description: ""malware disguised as legitimate software to trick users into installing it""?",ransomware,a relational database,pip,a Trojan horse (malware),D,The description matches a Trojan horse (malware): malware disguised as legitimate software to trick users into installing it,Software,Software Basics
Which statement correctly describes the MVC (Model-View-Controller) pattern?,an early sample or model of a software product built to test a concept or process,the practice of diverging from the main line of development to work independently without affecting it,"a software design pattern that separates an application into three interconnected components: data, user interface, and logic","the practice of creating clear, structured documentation for technical products, such as user manuals",C,"By definition, the MVC (Model-View-Controller) pattern is: a software design pattern that separates an application into three interconnected components: data, user interface, and logic",Software,Software Development
"Fill in the blank: ______ refers to ""a tool that automatically reformats source code to follow consistent style guidelines"".",unit testing,a code formatter,a design pattern,software documentation,B,a code formatter refers to: a tool that automatically reformats source code to follow consistent style guidelines,Software,Software Development
Which statement correctly describes a hypervisor?,a value set outside a program that can affect how running processes behave on a computer,software that creates and manages virtual machines by allocating physical resources among them,the ability of software to work with data or systems created by an older version of the same software,"a tool that automates the process of installing, upgrading, and managing software packages, such as npm or pip",B,"By definition, a hypervisor is: software that creates and manages virtual machines by allocating physical resources among them",Software,Software Basics
"Which term matches this description: ""a line of text in source code ignored by the compiler or interpreter, used to explain the code to human readers""?",a class in OOP,a comment in code,bubble sort,a hash table,B,"The description matches a comment in code: a line of text in source code ignored by the compiler or interpreter, used to explain the code to human readers",Software,Programming
What does the keyboard shortcut 'F5' typically do?,Refresh the current page or view,Open the Task Manager directly (Windows),Reopen the last closed tab in a web browser,Select all content,A,'F5' is used to refresh the current page or view.,Software,Keyboard Shortcuts
"Which term matches this description: ""the practice of embedding data directly into source code rather than obtaining it from an external source or configuration""?",inheritance in OOP,hard-coding,a code snippet,a flowchart,B,The description matches hard-coding: the practice of embedding data directly into source code rather than obtaining it from an external source or configuration,Software,Programming
What is an algorithm?,"a data structure that stores a collection of elements, typically of the same type, in a contiguous block of memory","a program that executes source code directly, translating and running it line by line without producing a separate executable file",a step-by-step procedure or set of rules for solving a problem or performing a computation,a diagram that represents a process or algorithm using various symbols connected by arrows,C,an algorithm is: a step-by-step procedure or set of rules for solving a problem or performing a computation,Software,Programming
"Which term matches this description: ""a standard programming language used to manage and manipulate relational databases""?",binary search,Big O notation,data serialization,SQL (Structured Query Language),D,The description matches SQL (Structured Query Language): a standard programming language used to manage and manipulate relational databases,Software,Programming
"Fill in the blank: ______ refers to ""a linear data structure that follows the Last-In-First-Out (LIFO) principle"".",data serialization,an array,a stack (data structure),a compiler,C,a stack (data structure) refers to: a linear data structure that follows the Last-In-First-Out (LIFO) principle,Software,Programming
"Fill in the blank: ______ refers to ""a company or individual that sells software products or services"".",cloud computing,a hypervisor,a peer-to-peer (P2P) network,a software vendor,D,a software vendor refers to: a company or individual that sells software products or services,Software,Software Basics
Which file extension is typically used for a Python source code file?,.docx,.apk,.py,.cpp,C,Files that are a Python source code file typically use the extension '.py'.,Software,File Formats
What is an interpreter?,a data structure that maps keys to values using a hash function for efficient data retrieval,a linear data structure that follows the First-In-First-Out (FIFO) principle,a mathematical notation used to describe the efficiency or complexity of an algorithm,"a program that executes source code directly, translating and running it line by line without producing a separate executable file",D,"an interpreter is: a program that executes source code directly, translating and running it line by line without producing a separate executable file",Software,Programming
What type of file typically has the extension '.log'?,a file containing Structured Query Language database commands,a common digital video file format,"a JavaScript Object Notation file, used for structured data exchange",a file that records events or messages generated by software,D,A file with the extension '.log' is typically a file that records events or messages generated by software.,Software,File Formats
"Fill in the blank: ______ refers to ""a structured process used to plan, create, test, and deploy software"".",load testing,the Software Development Life Cycle (SDLC),requirements gathering,smoke testing,B,"the Software Development Life Cycle (SDLC) refers to: a structured process used to plan, create, test, and deploy software",Software,Software Development
What is software?,a widely used commercial relational database management system developed by Oracle Corporation,"a field in one table that refers to the primary key in another table, establishing a relationship",the process of storing frequently accessed data temporarily for faster future retrieval,a collection of instructions and programs used to operate computers and execute specific tasks,D,software is: a collection of instructions and programs used to operate computers and execute specific tasks,Software,Software Basics
Which statement correctly describes binary search?,a searching algorithm that finds the position of a target value within a sorted array by repeatedly dividing the search interval in half,"an algorithm that arranges elements of a list in a certain order, such as ascending or descending","a blueprint or template used to create objects, defining their properties and behaviours","a widely used, class-based, object-oriented programming language designed to be platform-independent",A,"By definition, binary search is: a searching algorithm that finds the position of a target value within a sorted array by repeatedly dividing the search interval in half",Software,Programming
"Which term matches this description: ""a hierarchical data structure in which each node has at most two children, referred to as left and right""?",an interpreter,a binary tree,Big O notation,an object in OOP,B,"The description matches a binary tree: a hierarchical data structure in which each node has at most two children, referred to as left and right",Software,Programming
"Fill in the blank: ______ refers to ""a popular platform used to develop, ship, and run applications inside containers"".",a plugin,Docker,a software audit,cloud computing,B,"Docker refers to: a popular platform used to develop, ship, and run applications inside containers",Software,Software Basics
Which keyboard shortcut is typically used to 'reopen the last closed tab in a web browser'?,Cmd+Tab,Ctrl+Shift+T,Cmd+C,Ctrl+Tab,B,'Ctrl+Shift+T' is used to reopen the last closed tab in a web browser.,Software,Keyboard Shortcuts
"Fill in the blank: ______ refers to ""to inform users and developers of what has changed, been fixed, or been added in a new software version"".",software documentation,a software requirement specification (SRS),a changelog entry's purpose,a webhook,C,"a changelog entry's purpose refers to: to inform users and developers of what has changed, been fixed, or been added in a new software version",Software,Software Development
What is pseudocode?,"an informal, high-level description of a program's logic, not written in any specific programming language",a linear data structure that follows the First-In-First-Out (FIFO) principle,"a small, reusable block of source code that performs a specific function",a linear data structure that follows the Last-In-First-Out (LIFO) principle,A,"pseudocode is: an informal, high-level description of a program's logic, not written in any specific programming language",Software,Programming
"Fill in the blank: ______ refers to ""a standard programming language used to manage and manipulate relational databases"".",SQL (Structured Query Language),binary search,inheritance in OOP,a sorting algorithm,A,SQL (Structured Query Language) refers to: a standard programming language used to manage and manipulate relational databases,Software,Programming
"Which file extension is typically used for an eXtensible Markup Language file, used for structured data?",.json,.py,.xml,.sh,C,"Files that are an eXtensible Markup Language file, used for structured data typically use the extension '.xml'.",Software,File Formats
What is a stack (data structure)?,a value in a program that does not change during execution,a linear data structure that follows the Last-In-First-Out (LIFO) principle,"a formal language comprising a set of instructions used to produce various kinds of output, such as software programs",a mechanism by which one class can acquire properties and behaviours from another class,B,a stack (data structure) is: a linear data structure that follows the Last-In-First-Out (LIFO) principle,Software,Programming
"Fill in the blank: ______ refers to ""a set of rules that allows different software applications to communicate with each other"".",integration testing,an API (Application Programming Interface),a repository (in version control),a prototype in software development,B,an API (Application Programming Interface) refers to: a set of rules that allows different software applications to communicate with each other,Software,Software Development
What is an array?,an error detected during the compilation process that prevents source code from being converted into an executable program,"a programming paradigm based on the concept of objects, which contain data and methods",a mathematical notation used to describe the efficiency or complexity of an algorithm,"a data structure that stores a collection of elements, typically of the same type, in a contiguous block of memory",D,"an array is: a data structure that stores a collection of elements, typically of the same type, in a contiguous block of memory",Software,Programming
Which statement correctly describes a foreign key in a database?,"a tool that automates the process of installing, upgrading, and managing software packages, such as npm or pip","a type of database that organises data into tables with rows and columns, linked by relationships","a field in one table that refers to the primary key in another table, establishing a relationship",software that monitors and controls incoming and outgoing network traffic based on security rules,C,"By definition, a foreign key in a database is: a field in one table that refers to the primary key in another table, establishing a relationship",Software,Software Basics
"Which term matches this description: ""a type of malware that attaches itself to legitimate programs and replicates when the program is executed""?",pip,a computer virus,load balancing,middleware,B,The description matches a computer virus: a type of malware that attaches itself to legitimate programs and replicates when the program is executed,Software,Software Basics
Which statement correctly describes Linux?,the ability of an operating system to execute multiple tasks or processes concurrently,"an open-source operating system kernel, the basis for many free operating system distributions",the core component of an operating system that manages system resources and communication between hardware and software,the operating system developed by Apple for its Macintosh computers,B,"By definition, Linux is: an open-source operating system kernel, the basis for many free operating system distributions",Software,Operating Systems
In approximately which year was the programming language JavaScript created?,1998,1987,2003,1995,D,JavaScript was created in approximately 1995.,Software,Programming Languages
What is pip?,a set of SQL statements saved in a database that can be executed as a single unit,a collection of instructions and programs used to operate computers and execute specific tasks,malicious software that encrypts a victim's files and demands payment for their release,a package manager used to install and manage software packages written in Python,D,pip is: a package manager used to install and manage software packages written in Python,Software,Software Basics
"Which term matches this description: ""a data structure that maps keys to values using a hash function for efficient data retrieval""?",object-oriented programming (OOP),hard-coding,a flowchart,a hash table,D,The description matches a hash table: a data structure that maps keys to values using a hash function for efficient data retrieval,Software,Programming
"Which term matches this description: ""a formal language comprising a set of instructions used to produce various kinds of output, such as software programs""?",a comment in code,a programming language,inheritance in OOP,an array,B,"The description matches a programming language: a formal language comprising a set of instructions used to produce various kinds of output, such as software programs",Software,Programming
Which file extension is typically used for a Portable Document Format file?,.apk,.pdf,.rar,.json,B,Files that are a Portable Document Format file typically use the extension '.pdf'.,Software,File Formats
"Fill in the blank: ______ refers to ""a software testing method where individual modules are combined and tested as a group"".",a software architecture,integration testing,a sprint (in Scrum),refactoring,B,integration testing refers to: a software testing method where individual modules are combined and tested as a group,Software,Software Development
What is an alpha version of software?,the practice of executing automated tests as part of the software delivery pipeline to get immediate feedback,"an early, internal version of software, often unstable, used for initial testing before beta release",a versioning scheme using a three-part number (major.minor.patch) to indicate the nature of software changes,the process of determining the needs and expectations of stakeholders for a new software system,B,"an alpha version of software is: an early, internal version of software, often unstable, used for initial testing before beta release",Software,Software Development
"Fill in the blank: ______ refers to ""the operating system developed by Apple for its Macintosh computers"".",Android,macOS,Windows,a kernel,B,macOS refers to: the operating system developed by Apple for its Macintosh computers,Software,Operating Systems
"Fill in the blank: ______ refers to ""a fixed, short period of time during which a specific set of work must be completed and reviewed"".",a commit (in Git),the MVC (Model-View-Controller) pattern,a code formatter,a sprint (in Scrum),D,"a sprint (in Scrum) refers to: a fixed, short period of time during which a specific set of work must be completed and reviewed",Software,Software Development
Which keyboard shortcut is typically used to 'open windows security/task manager options'?,Ctrl+Alt+Delete,Ctrl+O,Ctrl+S,Windows+D,A,'Ctrl+Alt+Delete' is used to open windows security/task manager options.,Software,Keyboard Shortcuts
"Which term matches this description: ""the process of integrating changes from one branch into another in version control""?",a bug in software,the Software Development Life Cycle (SDLC),merging (in Git),a build in software development,C,The description matches merging (in Git): the process of integrating changes from one branch into another in version control,Software,Software Development
Which statement correctly describes integration testing?,a software testing method where individual modules are combined and tested as a group,a versioning scheme using a three-part number (major.minor.patch) to indicate the nature of software changes,the practice of diverging from the main line of development to work independently without affecting it,a software development technique where two programmers work together at one workstation,A,"By definition, integration testing is: a software testing method where individual modules are combined and tested as a group",Software,Software Development
"Fill in the blank: ______ refers to ""a set of conditions and inputs used to determine whether a software feature works as intended"".",GitHub,regression testing,a wireframe,a test case,D,a test case refers to: a set of conditions and inputs used to determine whether a software feature works as intended,Software,Software Development
What is Docker?,a value set outside a program that can affect how running processes behave on a computer,"a popular platform used to develop, ship, and run applications inside containers",a lightweight virtualisation method that packages applications with their dependencies into isolated containers,"software designed to manage computer hardware and provide a platform for application software, such as an operating system",B,"Docker is: a popular platform used to develop, ship, and run applications inside containers",Software,Software Basics
What is a worm (malware)?,"the delivery of computing services, including storage and processing power, over the internet",a type of malware that self-replicates and spreads across networks without needing to attach to a host program,"a tool that automates the process of installing, upgrading, and managing software packages, such as npm or pip","a fraudulent attempt to obtain sensitive information by disguising as a trustworthy entity, often via email",B,a worm (malware) is: a type of malware that self-replicates and spreads across networks without needing to attach to a host program,Software,Software Basics
Which statement correctly describes a loop in programming?,a programming construct that repeats a block of code multiple times based on a condition,a data structure that maps keys to values using a hash function for efficient data retrieval,"a small, reusable block of source code that performs a specific function",an error caused by incorrect use of a programming language's grammar rules,A,"By definition, a loop in programming is: a programming construct that repeats a block of code multiple times based on a condition",Software,Programming
What does the keyboard shortcut 'F11' typically do?,Open a new tab in a web browser,Apply bold formatting to selected text,Open File Explorer (Windows),Toggle full-screen mode in a browser,D,'F11' is used to toggle full-screen mode in a browser.,Software,Keyboard Shortcuts
"Which term matches this description: ""a software design pattern that separates an application into three interconnected components: data, user interface, and logic""?",a software architecture,the MVC (Model-View-Controller) pattern,Git,continuous deployment (CD),B,"The description matches the MVC (Model-View-Controller) pattern: a software design pattern that separates an application into three interconnected components: data, user interface, and logic",Software,Software Development
"Fill in the blank: ______ refers to ""a design approach ensuring software interfaces adapt appropriately to different screen sizes and devices"".",responsive software design,software,a software update patch,a Trojan horse (malware),A,responsive software design refers to: a design approach ensuring software interfaces adapt appropriately to different screen sizes and devices,Software,Software Basics
What does the keyboard shortcut 'Ctrl+Alt+Delete' typically do?,Open Windows security/task manager options,Copy selected content,Open the Task Manager directly (Windows),Apply underline formatting to selected text,A,'Ctrl+Alt+Delete' is used to open windows security/task manager options.,Software,Keyboard Shortcuts
"Fill in the blank: ______ refers to ""written material that explains how software works, including its functionality, usage, and architecture"".",Visual Studio Code,a milestone in project management,the MVC (Model-View-Controller) pattern,software documentation,D,"software documentation refers to: written material that explains how software works, including its functionality, usage, and architecture",Software,Software Development
What does the keyboard shortcut 'Ctrl+V' typically do?,Show the desktop by minimising all windows,Reopen the last closed tab in a web browser,Toggle full-screen mode in a browser,Paste copied content,D,'Ctrl+V' is used to paste copied content.,Software,Keyboard Shortcuts
"Which term matches this description: ""an organised collection of structured data stored electronically for easy access and management""?",a database,open-source software,pip,a software license,A,The description matches a database: an organised collection of structured data stored electronically for easy access and management,Software,Software Basics
"Fill in the blank: ______ refers to ""software that enables one computer system to imitate the functions of another system"".",a content delivery network (CDN),localisation of software,uptime,emulation software,D,emulation software refers to: software that enables one computer system to imitate the functions of another system,Software,Software Basics
Which keyboard shortcut is typically used to 'switch between open tabs in a browser'?,Ctrl+B,Ctrl+X,Ctrl+O,Ctrl+Tab,D,'Ctrl+Tab' is used to switch between open tabs in a browser.,Software,Keyboard Shortcuts
Which statement correctly describes a Gantt chart?,"a prioritised list of features, changes, and fixes for a product, maintained in Agile development",a software development technique where two programmers work together at one workstation,"an early, internal version of software, often unstable, used for initial testing before beta release",a visual project management tool that shows a project schedule with tasks plotted against time,D,"By definition, a Gantt chart is: a visual project management tool that shows a project schedule with tasks plotted against time",Software,Software Development
What is a staging environment?,the person responsible for defining and prioritising the features of a product in Agile development,"a linear, sequential approach to software development, where each phase must be completed before the next begins","a testing environment that closely mirrors the production environment, used for final pre-release checks",a type of testing that evaluates a system's stability under extreme or unfavourable conditions,C,"a staging environment is: a testing environment that closely mirrors the production environment, used for final pre-release checks",Software,Software Development
"Which term matches this description: ""software that is available for use at no cost, but not necessarily open-source""?",client-server architecture,freeware,a firewall (software),containerisation,B,"The description matches freeware: software that is available for use at no cost, but not necessarily open-source",Software,Software Basics
What is a comment in code?,"a line of text in source code ignored by the compiler or interpreter, used to explain the code to human readers","a programming paradigm based on the concept of objects, which contain data and methods","an event that disrupts the normal flow of a program's execution, often handled using try-catch blocks","a hierarchical data structure in which each node has at most two children, referred to as left and right",A,"a comment in code is: a line of text in source code ignored by the compiler or interpreter, used to explain the code to human readers",Software,Programming
Which statement correctly describes the Singleton design pattern?,a design pattern that restricts a class to having only one instance and provides a global point of access to it,"the practice of creating clear, structured documentation for technical products, such as user manuals",a web-based platform for hosting and collaborating on Git repositories,a versioning scheme using a three-part number (major.minor.patch) to indicate the nature of software changes,A,"By definition, the Singleton design pattern is: a design pattern that restricts a class to having only one instance and provides a global point of access to it",Software,Software Development
Which keyboard shortcut is typically used to 'print the current document'?,Cmd+Q,F11,Ctrl+D,Ctrl+P,D,'Ctrl+P' is used to print the current document.,Software,Keyboard Shortcuts
What is a changelog?,a diagram used in software engineering to represent a user's interactions with a system,a document that records all notable changes made to a software project over time,"a fixed, short period of time during which a specific set of work must be completed and reviewed","a structured process used to plan, create, test, and deploy software",B,a changelog is: a document that records all notable changes made to a software project over time,Software,Software Development
Which statement correctly describes an environment variable?,a value set outside a program that can affect how running processes behave on a computer,a popular open-source relational database management system,a software component that adds specific features or functionality to an existing application,a formal contract defining the expected level of service between a provider and a customer,A,"By definition, an environment variable is: a value set outside a program that can affect how running processes behave on a computer",Software,Software Basics
Which statement correctly describes pseudocode?,"the bundling of data and methods that operate on that data within a single unit, restricting direct access to some components",an error caused by incorrect use of a programming language's grammar rules,the ability of different objects to respond to the same function call in different ways,"an informal, high-level description of a program's logic, not written in any specific programming language",D,"By definition, pseudocode is: an informal, high-level description of a program's logic, not written in any specific programming language",Software,Programming
Who is credited with creating the programming language FORTRAN?,Google,a committee led by Grace Hopper's influence,John Backus (at IBM),Niklaus Wirth,C,FORTRAN is credited to John Backus (at IBM).,Software,Programming Languages
Which statement correctly describes caching in software?,a software distribution model in which applications are hosted by a provider and made available to users over the internet,"a software-based emulation of a physical computer, allowing multiple operating systems to run on one machine",the process of storing frequently accessed data temporarily for faster future retrieval,"a tool that automates the process of installing, upgrading, and managing software packages, such as npm or pip",C,"By definition, caching in software is: the process of storing frequently accessed data temporarily for faster future retrieval",Software,Software Basics
What is a prototype in software development?,a software testing method that examines internal code structure and logic,an early sample or model of a software product built to test a concept or process,"a popular free source-code editor developed by Microsoft, widely used for software development","an early, internal version of software, often unstable, used for initial testing before beta release",B,a prototype in software development is: an early sample or model of a software product built to test a concept or process,Software,Software Development
What is debugging?,a diagram used in software engineering to represent a user's interactions with a system,"a popular free source-code editor developed by Microsoft, widely used for software development","a significant point or event in a project's timeline, marking progress toward completion",the process of identifying and fixing errors or bugs in software code,D,debugging is: the process of identifying and fixing errors or bugs in software code,Software,Software Development
What is branching (in Git)?,the practice of diverging from the main line of development to work independently without affecting it,a basic visual guide used to represent the skeletal framework of a software interface before development,"the process of converting source code into a standalone, executable software artefact","a preliminary test to check whether the basic functions of software work, before more detailed testing",A,branching (in Git) is: the practice of diverging from the main line of development to work independently without affecting it,Software,Software Development
"Which term matches this description: ""a file used to set parameters and initial settings for a computer program""?",a service level agreement (SLA),a configuration file,emulation software,Oracle Database,B,The description matches a configuration file: a file used to set parameters and initial settings for a computer program,Software,Software Basics
Who is credited with creating the programming language Perl?,JetBrains,Apple Inc. (led by Chris Lattner),Larry Wall,Ross Ihaka and Robert Gentleman,C,Perl is credited to Larry Wall.,Software,Programming Languages
What is an API (Application Programming Interface)?,a set of rules that allows different software applications to communicate with each other,testing conducted to ensure that new code changes have not adversely affected existing functionality,a pre-release version of software made available to a limited group of users for testing purposes,the process of determining the needs and expectations of stakeholders for a new software system,A,an API (Application Programming Interface) is: a set of rules that allows different software applications to communicate with each other,Software,Software Development
Which statement correctly describes Agile methodology?,an isolated testing environment that allows code to run without affecting the production system,an early sample or model of a software product built to test a concept or process,a set of conditions and inputs used to determine whether a software feature works as intended,"a software development approach emphasising iterative progress, collaboration, and flexibility to change",D,"By definition, Agile methodology is: a software development approach emphasising iterative progress, collaboration, and flexibility to change",Software,Software Development
What does the keyboard shortcut 'Ctrl+Z' typically do?,Open a new tab in a web browser,Undo the last action,Switch between open tabs in a browser,Lock the computer (Windows),B,'Ctrl+Z' is used to undo the last action.,Software,Keyboard Shortcuts
What is regression testing?,"a snapshot of changes made to files in a repository, saved with a descriptive message",the process of determining the needs and expectations of stakeholders for a new software system,an assessment conducted to determine whether a proposed software project is practical and viable,testing conducted to ensure that new code changes have not adversely affected existing functionality,D,regression testing is: testing conducted to ensure that new code changes have not adversely affected existing functionality,Software,Software Development
Which statement correctly describes version control?,"a system that records changes to files over time, allowing users to track history and collaborate, such as Git",the practice of executing automated tests as part of the software delivery pipeline to get immediate feedback,a type of performance testing that evaluates how a system behaves under expected user loads,an automated message sent from one application to another when a specific event occurs,A,"By definition, version control is: a system that records changes to files over time, allowing users to track history and collaborate, such as Git",Software,Software Development
"Fill in the blank: ______ refers to ""a significant point or event in a project's timeline, marking progress toward completion"".",a sandbox environment,Agile methodology,a milestone in project management,JIRA,C,"a milestone in project management refers to: a significant point or event in a project's timeline, marking progress toward completion",Software,Software Development
"Fill in the blank: ______ refers to ""a software design pattern that separates an application into three interconnected components: data, user interface, and logic"".",the MVC (Model-View-Controller) pattern,a feasibility study,merging (in Git),a Gantt chart,A,"the MVC (Model-View-Controller) pattern refers to: a software design pattern that separates an application into three interconnected components: data, user interface, and logic",Software,Software Development
What is a relational database?,a value set outside a program that can affect how running processes behave on a computer,a file used to set parameters and initial settings for a computer program,a widely used commercial relational database management system developed by Oracle Corporation,"a type of database that organises data into tables with rows and columns, linked by relationships",D,"a relational database is: a type of database that organises data into tables with rows and columns, linked by relationships",Software,Software Basics
"Which term matches this description: ""a popular NoSQL database that stores data in flexible, JSON-like documents""?",phishing,an add-on,MongoDB,a software audit,C,"The description matches MongoDB: a popular NoSQL database that stores data in flexible, JSON-like documents",Software,Software Basics
Which statement correctly describes pull requests (in Git)?,an automated message sent from one application to another when a specific event occurs,"a system that records changes to files over time, allowing users to track history and collaborate, such as Git",a set of rules that allows different software applications to communicate with each other,a method of submitting proposed changes to a codebase for review before merging into the main branch,D,"By definition, pull requests (in Git) is: a method of submitting proposed changes to a codebase for review before merging into the main branch",Software,Software Development
Which statement correctly describes branching (in Git)?,the process of integrating changes from one branch into another in version control,the phase of software testing where a nearly finished product is released to a limited external audience for feedback,the practice of diverging from the main line of development to work independently without affecting it,an early sample or model of a software product built to test a concept or process,C,"By definition, branching (in Git) is: the practice of diverging from the main line of development to work independently without affecting it",Software,Software Development
What is multitasking in an OS?,"an open-source operating system kernel, the basis for many free operating system distributions",a method used by an operating system to organise and store files on a storage device,the core component of an operating system that manages system resources and communication between hardware and software,the ability of an operating system to execute multiple tasks or processes concurrently,D,multitasking in an OS is: the ability of an operating system to execute multiple tasks or processes concurrently,Software,Operating Systems
What does the keyboard shortcut 'Cmd+Tab' typically do?,Quit the current application (macOS),Switch between open applications (macOS),Apply underline formatting to selected text,Redo the last undone action,B,'Cmd+Tab' is used to switch between open applications (macos).,Software,Keyboard Shortcuts
Which statement correctly describes stress testing?,software that allows developers to interact with a database using object-oriented code instead of writing raw SQL,a type of testing that evaluates a system's stability under extreme or unfavourable conditions,"the process of restructuring existing code without changing its external behaviour, to improve readability or performance",a software testing method where individual components or functions are tested in isolation,B,"By definition, stress testing is: a type of testing that evaluates a system's stability under extreme or unfavourable conditions",Software,Software Development
What is continuous deployment (CD)?,"a system that records changes to files over time, allowing users to track history and collaborate, such as Git",a set of conditions and inputs used to determine whether a software feature works as intended,"a general, reusable solution to a commonly occurring problem in software design",a software development practice where code changes are automatically deployed to production after passing tests,D,continuous deployment (CD) is: a software development practice where code changes are automatically deployed to production after passing tests,Software,Software Development
Who is credited with creating the programming language JavaScript?,Microsoft (led by Anders Hejlsberg),Dennis Ritchie,Brendan Eich,Martin Odersky,C,JavaScript is credited to Brendan Eich.,Software,Programming Languages
What is integration testing?,the process of determining the needs and expectations of stakeholders for a new software system,a software testing method where individual modules are combined and tested as a group,a set of rules that allows different software applications to communicate with each other,a tool that automatically reformats source code to follow consistent style guidelines,B,integration testing is: a software testing method where individual modules are combined and tested as a group,Software,Software Development
"Which programming language was created by Robert Griesemer, Rob Pike, and Ken Thompson at Google?",Dart,Go (Golang),Swift,Pascal,B,"Go (Golang) was created by Robert Griesemer, Rob Pike, and Ken Thompson at Google.",Software,Programming Languages
"Which term matches this description: ""a network architecture in which each computer can act as both a client and a server""?",Kubernetes,malware,a peer-to-peer (P2P) network,MySQL,C,The description matches a peer-to-peer (P2P) network: a network architecture in which each computer can act as both a client and a server,Software,Software Basics
What is data serialization?,"the process of converting data structures or objects into a format that can be stored or transmitted, such as JSON",a technique where a function calls itself to solve a smaller instance of the same problem,a program that translates source code written in a high-level programming language into machine code,a linear data structure that follows the First-In-First-Out (FIFO) principle,A,"data serialization is: the process of converting data structures or objects into a format that can be stored or transmitted, such as JSON",Software,Programming
What is a beta version of software?,a pre-release version of software made available to a limited group of users for testing purposes,an isolated testing environment that allows code to run without affecting the production system,"a significant point or event in a project's timeline, marking progress toward completion",a popular project management and issue-tracking tool used widely in Agile software development,A,a beta version of software is: a pre-release version of software made available to a limited group of users for testing purposes,Software,Software Development
"Which term matches this description: ""the process of converting data structures or objects into a format that can be stored or transmitted, such as JSON""?",data serialization,a queue (data structure),a binary tree,JavaScript,A,"The description matches data serialization: the process of converting data structures or objects into a format that can be stored or transmitted, such as JSON",Software,Programming
"Fill in the blank: ______ refers to ""software designed to help users perform specific tasks, such as word processors or web browsers"".",middleware,internationalisation of software,application software,a database,C,"application software refers to: software designed to help users perform specific tasks, such as word processors or web browsers",Software,Software Basics
"Fill in the blank: ______ refers to ""the mobile operating system developed by Apple for its iPhone and iPad devices"".",a device driver,Android,an operating system (OS),iOS,D,iOS refers to: the mobile operating system developed by Apple for its iPhone and iPad devices,Software,Operating Systems
What is requirements gathering?,"the high-level structure of a software system, defining its components and their relationships",the process of determining the needs and expectations of stakeholders for a new software system,testing conducted to determine whether a system meets business requirements and is ready for delivery,an assessment conducted to determine whether a proposed software project is practical and viable,B,requirements gathering is: the process of determining the needs and expectations of stakeholders for a new software system,Software,Software Development
"Fill in the blank: ______ refers to ""a small, reusable block of source code that performs a specific function"".",a code snippet,C++,a variable in programming,a syntax error,A,"a code snippet refers to: a small, reusable block of source code that performs a specific function",Software,Programming
"Which term matches this description: ""a set of practices combining software development and IT operations to shorten the development lifecycle""?",a prototype in software development,a patch,pull requests (in Git),DevOps,D,The description matches DevOps: a set of practices combining software development and IT operations to shorten the development lifecycle,Software,Software Development
Which statement correctly describes Oracle Database?,"a software-based emulation of a physical computer, allowing multiple operating systems to run on one machine",a widely used commercial relational database management system developed by Oracle Corporation,"software distributed on a trial basis, often requiring payment for continued or full use",an organised collection of structured data stored electronically for easy access and management,B,"By definition, Oracle Database is: a widely used commercial relational database management system developed by Oracle Corporation",Software,Software Basics
What type of file typically has the extension '.png'?,a stylesheet file used to style web pages,an image file supporting transparency (Portable Network Graphics),a batch file containing a sequence of commands for Windows,a JavaScript source code file,B,A file with the extension '.png' is typically an image file supporting transparency (Portable Network Graphics).,Software,File Formats
"Which term matches this description: ""the high-level structure of a software system, defining its components and their relationships""?",pull requests (in Git),a feasibility study,a software architecture,refactoring,C,"The description matches a software architecture: the high-level structure of a software system, defining its components and their relationships",Software,Software Development
Which statement correctly describes a product owner?,"written material that explains how software works, including its functionality, usage, and architecture","to inform users and developers of what has changed, been fixed, or been added in a new software version","the high-level structure of a software system, defining its components and their relationships",the person responsible for defining and prioritising the features of a product in Agile development,D,"By definition, a product owner is: the person responsible for defining and prioritising the features of a product in Agile development",Software,Software Development
"Which term matches this description: ""an event that disrupts the normal flow of a program's execution, often handled using try-catch blocks""?",a compiler,an exception in programming,Python,encapsulation in OOP,B,"The description matches an exception in programming: an event that disrupts the normal flow of a program's execution, often handled using try-catch blocks",Software,Programming
"Fill in the blank: ______ refers to ""testing conducted to ensure that new code changes have not adversely affected existing functionality"".",a stand-up meeting,a rollback (in deployment),an alpha version of software,regression testing,D,regression testing refers to: testing conducted to ensure that new code changes have not adversely affected existing functionality,Software,Software Development
What is Oracle Database?,malware disguised as legitimate software to trick users into installing it,a widely used commercial relational database management system developed by Oracle Corporation,a collection of instructions and programs used to operate computers and execute specific tasks,a software component that adds specific features or functionality to an existing application,B,Oracle Database is: a widely used commercial relational database management system developed by Oracle Corporation,Software,Software Basics
What is client-server architecture?,a computing model in which client devices request services or resources from centralised servers,a design approach ensuring software interfaces adapt appropriately to different screen sizes and devices,"a popular NoSQL database that stores data in flexible, JSON-like documents",a company or individual that sells software products or services,A,client-server architecture is: a computing model in which client devices request services or resources from centralised servers,Software,Software Basics
In approximately which year was the programming language C++ created?,1980,1990,1985,1997,C,C++ was created in approximately 1985.,Software,Programming Languages
Which statement correctly describes antivirus software?,"software designed to detect, prevent, and remove malicious software from a computer",a type of malware that attaches itself to legitimate programs and replicates when the program is executed,software that allows an operating system to communicate with and control a hardware device,the process of reverting software to a previous stable version after a failed update or deployment,A,"By definition, antivirus software is: software designed to detect, prevent, and remove malicious software from a computer",Software,Application Software
"Which term matches this description: ""the process of distributing network or application traffic across multiple servers to ensure reliability""?",client-server architecture,load balancing,Oracle Database,accessibility in software design,B,The description matches load balancing: the process of distributing network or application traffic across multiple servers to ensure reliability,Software,Software Basics
"Which term matches this description: ""a popular project management and issue-tracking tool used widely in Agile software development""?",JIRA,a commit (in Git),usability testing,an alpha version of software,A,The description matches JIRA: a popular project management and issue-tracking tool used widely in Agile software development,Software,Software Development
Which statement correctly describes a defect tracking system?,the person responsible for defining and prioritising the features of a product in Agile development,testing conducted to ensure that new code changes have not adversely affected existing functionality,"a tool used to log, track, and manage software bugs throughout the development process",a short daily meeting in Agile development where team members discuss progress and blockers,C,"By definition, a defect tracking system is: a tool used to log, track, and manage software bugs throughout the development process",Software,Software Development
Which statement correctly describes a commit (in Git)?,"a prioritised list of features, changes, and fixes for a product, maintained in Agile development",a design pattern that restricts a class to having only one instance and provides a global point of access to it,"a testing environment that closely mirrors the production environment, used for final pre-release checks","a snapshot of changes made to files in a repository, saved with a descriptive message",D,"By definition, a commit (in Git) is: a snapshot of changes made to files in a repository, saved with a descriptive message",Software,Software Development
Who is credited with creating the programming language Pascal?,Microsoft (led by Anders Hejlsberg),James Gosling,Niklaus Wirth,John McCarthy,C,Pascal is credited to Niklaus Wirth.,Software,Programming Languages
What is unit testing?,the process of reverting software to a previous stable version after a failed update or deployment,a visual project management tool that shows a project schedule with tasks plotted against time,"a tool used to log, track, and manage software bugs throughout the development process",a software testing method where individual components or functions are tested in isolation,D,unit testing is: a software testing method where individual components or functions are tested in isolation,Software,Software Development
Which keyboard shortcut is typically used to 'open the task manager directly (windows)'?,Ctrl+P,Ctrl+Shift+Esc,Ctrl+Shift+T,Ctrl+Home,B,'Ctrl+Shift+Esc' is used to open the task manager directly (windows).,Software,Keyboard Shortcuts
Which keyboard shortcut is typically used to 'copy selected content'?,Ctrl+Home,Ctrl+C,Ctrl+D,Ctrl+T,B,'Ctrl+C' is used to copy selected content.,Software,Keyboard Shortcuts
"Fill in the blank: ______ refers to ""a cloud computing model that provides virtualised computing resources over the internet"".",internationalisation of software,IaaS (Infrastructure as a Service),malware,a software license,B,IaaS (Infrastructure as a Service) refers to: a cloud computing model that provides virtualised computing resources over the internet,Software,Software Basics
Which statement correctly describes usability testing?,"a tool that analyses source code to flag programming errors, bugs, and stylistic issues","a structured process used to plan, create, test, and deploy software",an early sample or model of a software product built to test a concept or process,testing conducted to evaluate how easy and intuitive a software product is for real users,D,"By definition, usability testing is: testing conducted to evaluate how easy and intuitive a software product is for real users",Software,Software Development
What is a bug in software?,the process of evaluating software to identify defects and ensure it meets requirements,a set of rules that allows different software applications to communicate with each other,"a system that records changes to files over time, allowing users to track history and collaborate, such as Git",an error or flaw in a program that causes it to behave unexpectedly,D,a bug in software is: an error or flaw in a program that causes it to behave unexpectedly,Software,Software Development
What is a software update?,"the process of adapting software for a specific region or language, including translations and cultural adjustments",the process of organising data to reduce redundancy and improve data integrity,"a release of new or improved code that fixes bugs, adds features, or improves security","software designed to manage computer hardware and provide a platform for application software, such as an operating system",C,"a software update is: a release of new or improved code that fixes bugs, adds features, or improves security",Software,Software Basics
What is a web browser?,"a prioritised list of features, changes, and fixes for a product, maintained in Agile development",an automated message sent from one application to another when a specific event occurs,"an event that disrupts the normal flow of a program's execution, often handled using try-catch blocks","software used to access and view websites on the internet, such as Chrome or Firefox",D,"a web browser is: software used to access and view websites on the internet, such as Chrome or Firefox",Software,Application Software
"Fill in the blank: ______ refers to ""a data structure that maps keys to values using a hash function for efficient data retrieval"".",a hash table,an interpreter,a compiler,a stack (data structure),A,a hash table refers to: a data structure that maps keys to values using a hash function for efficient data retrieval,Software,Programming
"Fill in the blank: ______ refers to ""the process of restructuring existing code without changing its external behaviour, to improve readability or performance"".",a microservices architecture,refactoring,continuous deployment (CD),a code repository's README file,B,"refactoring refers to: the process of restructuring existing code without changing its external behaviour, to improve readability or performance",Software,Software Development
Which statement correctly describes debugging?,testing conducted to determine whether a system meets business requirements and is ready for delivery,the process of identifying and fixing errors or bugs in software code,a method of submitting proposed changes to a codebase for review before merging into the main branch,a design pattern that restricts a class to having only one instance and provides a global point of access to it,B,"By definition, debugging is: the process of identifying and fixing errors or bugs in software code",Software,Software Development
Which statement correctly describes merging (in Git)?,the process of integrating changes from one branch into another in version control,software that allows developers to interact with a database using object-oriented code instead of writing raw SQL,a software development technique where two programmers work together at one workstation,"a version of software that is potentially ready for release, unless significant bugs are found",A,"By definition, merging (in Git) is: the process of integrating changes from one branch into another in version control",Software,Software Development
In approximately which year was the programming language Dart created?,2003,2011,2006,2008,B,Dart was created in approximately 2011.,Software,Programming Languages
Which file extension is typically used for a file containing Structured Query Language database commands?,.jpg,.svg,.sql,.xml,C,Files that are a file containing Structured Query Language database commands typically use the extension '.sql'.,Software,File Formats
Which statement correctly describes continuous testing?,a software testing method where individual components or functions are tested in isolation,the practice of executing automated tests as part of the software delivery pipeline to get immediate feedback,"a popular free source-code editor developed by Microsoft, widely used for software development","a version of software that is potentially ready for release, unless significant bugs are found",B,"By definition, continuous testing is: the practice of executing automated tests as part of the software delivery pipeline to get immediate feedback",Software,Software Development
"Which term matches this description: ""a diagram used in software engineering to represent a user's interactions with a system""?",the Software Development Life Cycle (SDLC),the Singleton design pattern,a software architecture,a use case diagram,D,The description matches a use case diagram: a diagram used in software engineering to represent a user's interactions with a system,Software,Software Development
"Which term matches this description: ""the operating system developed by Apple for its Macintosh computers""?",a file system,multitasking in an OS,macOS,Android,C,The description matches macOS: the operating system developed by Apple for its Macintosh computers,Software,Operating Systems
What type of file typically has the extension '.sql'?,"an eXtensible Markup Language file, used for structured data",a file containing Structured Query Language database commands,a web page file written in HyperText Markup Language,a plain text file,B,A file with the extension '.sql' is typically a file containing Structured Query Language database commands.,Software,File Formats
"Fill in the blank: ______ refers to ""software designed to detect, prevent, and remove malicious software from a computer"".",a software architecture,antivirus software,a virtual machine (VM),a loop in programming,B,"antivirus software refers to: software designed to detect, prevent, and remove malicious software from a computer",Software,Application Software
Who is credited with creating the programming language Objective-C?,Brad Cox and Tom Love,Guido van Rossum,a committee led by Grace Hopper's influence,Google,A,Objective-C is credited to Brad Cox and Tom Love.,Software,Programming Languages
Which statement correctly describes a webhook?,an automated message sent from one application to another when a specific event occurs,a type of testing that evaluates a system's stability under extreme or unfavourable conditions,the process of identifying and fixing errors or bugs in software code,the person responsible for defining and prioritising the features of a product in Agile development,A,"By definition, a webhook is: an automated message sent from one application to another when a specific event occurs",Software,Software Development
What is Git?,"a system that records changes to files over time, allowing users to track history and collaborate, such as Git",a distributed version control system used to track changes in source code during software development,"a linear, sequential approach to software development, where each phase must be completed before the next begins","to inform users and developers of what has changed, been fixed, or been added in a new software version",B,Git is: a distributed version control system used to track changes in source code during software development,Software,Software Development
What is Python?,"a high-level, general-purpose programming language known for its readability and wide use in data science and web development","a widely used, class-based, object-oriented programming language designed to be platform-independent",a general-purpose programming language that extends the C language with object-oriented features,an error detected during the compilation process that prevents source code from being converted into an executable program,A,"Python is: a high-level, general-purpose programming language known for its readability and wide use in data science and web development",Software,Programming
Which file extension is typically used for a shell script file used in Unix/Linux systems?,.py,.gif,.sh,.exe,C,Files that are a shell script file used in Unix/Linux systems typically use the extension '.sh'.,Software,File Formats
"Which term matches this description: ""a software component that adds specific features or functionality to an existing application""?",a plugin,a software audit,firmware,malware,A,The description matches a plugin: a software component that adds specific features or functionality to an existing application,Software,Software Basics
"Fill in the blank: ______ refers to ""a tool used to log, track, and manage software bugs throughout the development process"".",a feasibility study,an API (Application Programming Interface),a defect tracking system,software documentation,C,"a defect tracking system refers to: a tool used to log, track, and manage software bugs throughout the development process",Software,Software Development
"Which term matches this description: ""a preliminary test to check whether the basic functions of software work, before more detailed testing""?",smoke testing,the MVC (Model-View-Controller) pattern,the Waterfall model,Agile methodology,A,"The description matches smoke testing: a preliminary test to check whether the basic functions of software work, before more detailed testing",Software,Software Development
What type of file typically has the extension '.json'?,a compressed audio file,a plain text file,an image file supporting transparency (Portable Network Graphics),"a JavaScript Object Notation file, used for structured data exchange",D,"A file with the extension '.json' is typically a JavaScript Object Notation file, used for structured data exchange.",Software,File Formats
What is a sprint (in Scrum)?,"a fixed, short period of time during which a specific set of work must be completed and reviewed","an early, internal version of software, often unstable, used for initial testing before beta release","a software design pattern that separates an application into three interconnected components: data, user interface, and logic",a document that records all notable changes made to a software project over time,A,"a sprint (in Scrum) is: a fixed, short period of time during which a specific set of work must be completed and reviewed",Software,Software Development
"Which term matches this description: ""a mathematical notation used to describe the efficiency or complexity of an algorithm""?",a programming language,Big O notation,a syntax error,polymorphism in OOP,B,The description matches Big O notation: a mathematical notation used to describe the efficiency or complexity of an algorithm,Software,Programming
"Which term matches this description: ""an error detected during the compilation process that prevents source code from being converted into an executable program""?",C++,SQL (Structured Query Language),a loop in programming,a compiler error,D,The description matches a compiler error: an error detected during the compilation process that prevents source code from being converted into an executable program,Software,Programming
In approximately which year was the programming language Lua created?,1998,2001,1993,1988,C,Lua was created in approximately 1993.,Software,Programming Languages
"Fill in the blank: ______ refers to ""a software development practice where code changes are automatically deployed to production after passing tests"".",an IDE (Integrated Development Environment),a Gantt chart,branching (in Git),continuous deployment (CD),D,continuous deployment (CD) refers to: a software development practice where code changes are automatically deployed to production after passing tests,Software,Software Development
Which file extension is typically used for a C programming language source code file?,.jpg,.c,.css,.mp3,B,Files that are a C programming language source code file typically use the extension '.c'.,Software,File Formats
Which statement correctly describes unit testing?,"written material that explains how software works, including its functionality, usage, and architecture","an early, internal version of software, often unstable, used for initial testing before beta release","a system that records changes to files over time, allowing users to track history and collaborate, such as Git",a software testing method where individual components or functions are tested in isolation,D,"By definition, unit testing is: a software testing method where individual components or functions are tested in isolation",Software,Software Development
"Fill in the blank: ______ refers to ""a mechanism by which one class can acquire properties and behaviours from another class"".",a compiler,a hash table,inheritance in OOP,a sorting algorithm,C,inheritance in OOP refers to: a mechanism by which one class can acquire properties and behaviours from another class,Software,Programming
What is a release candidate?,a visual project management tool that shows a project schedule with tasks plotted against time,"the process of restructuring existing code without changing its external behaviour, to improve readability or performance",any individual or group with an interest in or affected by a software project's outcome,"a version of software that is potentially ready for release, unless significant bugs are found",D,"a release candidate is: a version of software that is potentially ready for release, unless significant bugs are found",Software,Software Development
"Fill in the blank: ______ refers to ""a software distribution model in which applications are hosted by a provider and made available to users over the internet"".",firmware,a firewall (software),a relational database,SaaS (Software as a Service),D,SaaS (Software as a Service) refers to: a software distribution model in which applications are hosted by a provider and made available to users over the internet,Software,Software Basics
In approximately which year was the programming language Go (Golang) created?,2006,2001,2004,2009,D,Go (Golang) was created in approximately 2009.,Software,Programming Languages
What is a hypervisor?,"a fraudulent attempt to obtain sensitive information by disguising as a trustworthy entity, often via email",the process of storing frequently accessed data temporarily for faster future retrieval,software that creates and manages virtual machines by allocating physical resources among them,a legal agreement that governs the use and distribution of software,C,a hypervisor is: software that creates and manages virtual machines by allocating physical resources among them,Software,Software Basics
"Which term matches this description: ""a software testing method where individual modules are combined and tested as a group""?",requirements gathering,a test case,integration testing,scrum,C,The description matches integration testing: a software testing method where individual modules are combined and tested as a group,Software,Software Development
"Which term matches this description: ""a set of SQL statements saved in a database that can be executed as a single unit""?",a stored procedure,a database,a firewall (software),a software audit,A,The description matches a stored procedure: a set of SQL statements saved in a database that can be executed as a single unit,Software,Software Basics
What is a design pattern?,a design pattern that restricts a class to having only one instance and provides a global point of access to it,an automated message sent from one application to another when a specific event occurs,"a general, reusable solution to a commonly occurring problem in software design",the implied cost of additional rework caused by choosing an easy but limited solution instead of a better approach,C,"a design pattern is: a general, reusable solution to a commonly occurring problem in software design",Software,Software Development
"Which term matches this description: ""a general-purpose programming language that extends the C language with object-oriented features""?",a linked list,data serialization,polymorphism in OOP,C++,D,The description matches C++: a general-purpose programming language that extends the C language with object-oriented features,Software,Programming
Which statement correctly describes firmware?,a type of software embedded directly into hardware devices to control their basic functions,software designed to run on multiple operating systems or platforms without modification,a legal agreement that governs the use and distribution of software,"a cloud computing model that provides a platform allowing developers to build, run, and manage applications",A,"By definition, firmware is: a type of software embedded directly into hardware devices to control their basic functions",Software,Software Basics
"Fill in the blank: ______ refers to ""the ability of software to work with data or systems created by an older version of the same software"".",client-server architecture,encryption,application software,backward compatibility,D,backward compatibility refers to: the ability of software to work with data or systems created by an older version of the same software,Software,Software Basics
"Fill in the blank: ______ refers to ""a file used to set parameters and initial settings for a computer program"".",a configuration file,a EULA (End User License Agreement),an add-on,npm (Node Package Manager),A,a configuration file refers to: a file used to set parameters and initial settings for a computer program,Software,Software Basics
What is acceptance testing?,a popular project management and issue-tracking tool used widely in Agile software development,a facilitator responsible for ensuring a Scrum team follows Agile practices and removing obstacles,testing conducted to determine whether a system meets business requirements and is ready for delivery,a software development practice where code changes are automatically deployed to production after passing tests,C,acceptance testing is: testing conducted to determine whether a system meets business requirements and is ready for delivery,Software,Software Development
"Fill in the blank: ______ refers to ""the process of adapting software for a specific region or language, including translations and cultural adjustments"".",legacy software,a service level agreement (SLA),localisation of software,a hypervisor,C,"localisation of software refers to: the process of adapting software for a specific region or language, including translations and cultural adjustments",Software,Software Basics
"Fill in the blank: ______ refers to ""the ability of different objects to respond to the same function call in different ways"".",polymorphism in OOP,encapsulation in OOP,a flowchart,inheritance in OOP,A,polymorphism in OOP refers to: the ability of different objects to respond to the same function call in different ways,Software,Programming
What is the Singleton design pattern?,"a structured process used to plan, create, test, and deploy software","a prioritised list of features, changes, and fixes for a product, maintained in Agile development",an error or flaw in a program that causes it to behave unexpectedly,a design pattern that restricts a class to having only one instance and provides a global point of access to it,D,the Singleton design pattern is: a design pattern that restricts a class to having only one instance and provides a global point of access to it,Software,Software Development
"Fill in the blank: ______ refers to ""a distributed version control system used to track changes in source code during software development"".",Git,the term 'stakeholder' in software projects,a rollback (in deployment),a software requirement specification (SRS),A,Git refers to: a distributed version control system used to track changes in source code during software development,Software,Software Development
Which statement correctly describes an object in OOP?,a step-by-step procedure or set of rules for solving a problem or performing a computation,the practice of embedding data directly into source code rather than obtaining it from an external source or configuration,"an instance of a class, containing specific data and the ability to perform actions defined by its class","a hierarchical data structure in which each node has at most two children, referred to as left and right",C,"By definition, an object in OOP is: an instance of a class, containing specific data and the ability to perform actions defined by its class",Software,Programming
"Which term matches this description: ""a diagram that represents a process or algorithm using various symbols connected by arrows""?",Java,a flowchart,an exception in programming,an algorithm,B,The description matches a flowchart: a diagram that represents a process or algorithm using various symbols connected by arrows,Software,Programming
What is usability testing?,testing conducted to evaluate how easy and intuitive a software product is for real users,a diagram used in software engineering to represent a user's interactions with a system,a software testing method where individual modules are combined and tested as a group,a type of testing that evaluates a system's stability under extreme or unfavourable conditions,A,usability testing is: testing conducted to evaluate how easy and intuitive a software product is for real users,Software,Software Development
Which statement correctly describes a software architecture?,"a prioritised list of features, changes, and fixes for a product, maintained in Agile development",an error or flaw in a program that causes it to behave unexpectedly,the implied cost of additional rework caused by choosing an easy but limited solution instead of a better approach,"the high-level structure of a software system, defining its components and their relationships",D,"By definition, a software architecture is: the high-level structure of a software system, defining its components and their relationships",Software,Software Development
Which programming language was created by Larry Wall?,Perl,C#,Go (Golang),PHP,A,Perl was created by Larry Wall.,Software,Programming Languages
"Which term matches this description: ""a method used by an operating system to organise and store files on a storage device""?",iOS,an operating system (OS),a file system,multitasking in an OS,C,The description matches a file system: a method used by an operating system to organise and store files on a storage device,Software,Operating Systems
"Which term matches this description: ""a mobile operating system developed by Google, based on a modified version of the Linux kernel""?",macOS,a device driver,Android,multitasking in an OS,C,"The description matches Android: a mobile operating system developed by Google, based on a modified version of the Linux kernel",Software,Operating Systems
"Fill in the blank: ______ refers to ""a collection of instructions and programs used to operate computers and execute specific tasks"".",containerisation,software,middleware,proprietary software,B,software refers to: a collection of instructions and programs used to operate computers and execute specific tasks,Software,Software Basics
What is stress testing?,a type of testing that evaluates a system's stability under extreme or unfavourable conditions,a software architecture style where all components of an application are combined into a single unit,a versioning scheme using a three-part number (major.minor.patch) to indicate the nature of software changes,"a version of software that is potentially ready for release, unless significant bugs are found",A,stress testing is: a type of testing that evaluates a system's stability under extreme or unfavourable conditions,Software,Software Development
"Which term matches this description: ""a linear, sequential approach to software development, where each phase must be completed before the next begins""?",the Waterfall model,a microservices architecture,Agile methodology,technical debt,A,"The description matches the Waterfall model: a linear, sequential approach to software development, where each phase must be completed before the next begins",Software,Software Development
What is a software architecture?,"the practice of creating clear, structured documentation for technical products, such as user manuals","the high-level structure of a software system, defining its components and their relationships",an isolated testing environment that allows code to run without affecting the production system,"a tool used to log, track, and manage software bugs throughout the development process",B,"a software architecture is: the high-level structure of a software system, defining its components and their relationships",Software,Software Development
What does the keyboard shortcut 'Ctrl+A' typically do?,Open Spotlight search (macOS),Select all content,Quit the current application (macOS),Apply underline formatting to selected text,B,'Ctrl+A' is used to select all content.,Software,Keyboard Shortcuts
What type of file typically has the extension '.jpg'?,a Python source code file,"a Scalable Vector Graphics file, used for resolution-independent images",a compressed image file (JPEG format),a Java source code file,C,A file with the extension '.jpg' is typically a compressed image file (JPEG format).,Software,File Formats
Who is credited with creating the programming language TypeScript?,Google,Microsoft (led by Anders Hejlsberg),John Backus (at IBM),Ross Ihaka and Robert Gentleman,B,TypeScript is credited to Microsoft (led by Anders Hejlsberg).,Software,Programming Languages
Which statement correctly describes macOS?,"a mobile operating system developed by Google, based on a modified version of the Linux kernel",a widely used operating system developed by Microsoft,the operating system developed by Apple for its Macintosh computers,a method used by an operating system to organise and store files on a storage device,C,"By definition, macOS is: the operating system developed by Apple for its Macintosh computers",Software,Operating Systems
What is npm (Node Package Manager)?,"a package manager for JavaScript, used to install and manage software libraries and dependencies",a set of SQL statements saved in a database that can be executed as a single unit,"software that is available for use at no cost, but not necessarily open-source",a software distribution model in which applications are hosted by a provider and made available to users over the internet,A,"npm (Node Package Manager) is: a package manager for JavaScript, used to install and manage software libraries and dependencies",Software,Software Basics
"Which term matches this description: ""the process of evaluating software to identify defects and ensure it meets requirements""?",software testing,smoke testing,the Waterfall model,refactoring,A,The description matches software testing: the process of evaluating software to identify defects and ensure it meets requirements,Software,Software Development
Which keyboard shortcut is typically used to 'paste copied content (macos)'?,Ctrl+End,Cmd+V,Alt+F4,Ctrl+V,B,'Cmd+V' is used to paste copied content (macos).,Software,Keyboard Shortcuts
Which statement correctly describes a Trojan horse (malware)?,a file used to set parameters and initial settings for a computer program,a type of malware that attaches itself to legitimate programs and replicates when the program is executed,"a field in one table that refers to the primary key in another table, establishing a relationship",malware disguised as legitimate software to trick users into installing it,D,"By definition, a Trojan horse (malware) is: malware disguised as legitimate software to trick users into installing it",Software,Software Basics
Which file extension is typically used for a JavaScript source code file?,.js,.xlsx,.zip,.csv,A,Files that are a JavaScript source code file typically use the extension '.js'.,Software,File Formats
"Fill in the blank: ______ refers to ""software that acts as a bridge between an operating system or database and applications"".",an environment variable,middleware,proprietary software,a software license,B,middleware refers to: software that acts as a bridge between an operating system or database and applications,Software,Software Basics
Which programming language was created by Martin Odersky?,C++,Swift,Scala,COBOL,C,Scala was created by Martin Odersky.,Software,Programming Languages
Which programming language was created by a committee of researchers?,Rust,Ruby,Haskell,Kotlin,C,Haskell was created by a committee of researchers.,Software,Programming Languages
What is an object in OOP?,a searching algorithm that finds the position of a target value within a sorted array by repeatedly dividing the search interval in half,"a simple sorting algorithm that repeatedly steps through a list, swapping adjacent elements if they are in the wrong order","the bundling of data and methods that operate on that data within a single unit, restricting direct access to some components","an instance of a class, containing specific data and the ability to perform actions defined by its class",D,"an object in OOP is: an instance of a class, containing specific data and the ability to perform actions defined by its class",Software,Programming
Which statement correctly describes the Software Development Life Cycle (SDLC)?,testing conducted to evaluate how easy and intuitive a software product is for real users,the practice of executing automated tests as part of the software delivery pipeline to get immediate feedback,the person responsible for defining and prioritising the features of a product in Agile development,"a structured process used to plan, create, test, and deploy software",D,"By definition, the Software Development Life Cycle (SDLC) is: a structured process used to plan, create, test, and deploy software",Software,Software Development
What is a commit (in Git)?,"a snapshot of changes made to files in a repository, saved with a descriptive message",a software testing method where individual modules are combined and tested as a group,a storage location where a project's files and their revision history are kept,"a general, reusable solution to a commonly occurring problem in software design",A,"a commit (in Git) is: a snapshot of changes made to files in a repository, saved with a descriptive message",Software,Software Development
Which statement correctly describes a software audit?,a formal contract defining the expected level of service between a provider and a customer,"a systematic evaluation of software to ensure compliance with licenses, standards, and regulations","software designed to manage computer hardware and provide a platform for application software, such as an operating system",a lightweight virtualisation method that packages applications with their dependencies into isolated containers,B,"By definition, a software audit is: a systematic evaluation of software to ensure compliance with licenses, standards, and regulations",Software,Software Basics
Which statement correctly describes a bug in software?,an error or flaw in a program that causes it to behave unexpectedly,a pre-release version of software made available to a limited group of users for testing purposes,"a significant point or event in a project's timeline, marking progress toward completion","a software development practice where developers frequently merge code changes into a shared repository, testing automatically",A,"By definition, a bug in software is: an error or flaw in a program that causes it to behave unexpectedly",Software,Software Development
In approximately which year was the programming language PHP created?,2002,1994,1991,2006,B,PHP was created in approximately 1994.,Software,Programming Languages
"Fill in the blank: ______ refers to ""designing software so it can be easily adapted to different languages and regions without engineering changes"".",a hypervisor,MongoDB,internationalisation of software,uptime,C,internationalisation of software refers to: designing software so it can be easily adapted to different languages and regions without engineering changes,Software,Software Basics
"Which term matches this description: ""a software testing method that examines functionality without looking at internal code structure""?",black-box testing,beta testing,a software requirement specification (SRS),regression testing,A,The description matches black-box testing: a software testing method that examines functionality without looking at internal code structure,Software,Software Development
Which statement correctly describes smoke testing?,"a preliminary test to check whether the basic functions of software work, before more detailed testing","a software architecture style where an application is built as a collection of small, independent services","a testing environment that closely mirrors the production environment, used for final pre-release checks",a short daily meeting in Agile development where team members discuss progress and blockers,A,"By definition, smoke testing is: a preliminary test to check whether the basic functions of software work, before more detailed testing",Software,Software Development
What is encapsulation in OOP?,a general-purpose programming language that extends the C language with object-oriented features,"an event that disrupts the normal flow of a program's execution, often handled using try-catch blocks","a program that executes source code directly, translating and running it line by line without producing a separate executable file","the bundling of data and methods that operate on that data within a single unit, restricting direct access to some components",D,"encapsulation in OOP is: the bundling of data and methods that operate on that data within a single unit, restricting direct access to some components",Software,Programming
What is a code formatter?,a design pattern that restricts a class to having only one instance and provides a global point of access to it,a pre-release version of software made available to a limited group of users for testing purposes,a tool that automatically reformats source code to follow consistent style guidelines,a set of rules that allows different software applications to communicate with each other,C,a code formatter is: a tool that automatically reformats source code to follow consistent style guidelines,Software,Software Development
Which programming language was created by Guido van Rossum?,Python,FORTRAN,Dart,Rust,A,Python was created by Guido van Rossum.,Software,Programming Languages
Which file extension is typically used for a batch file containing a sequence of commands for Windows?,.bat,.jpg,.sh,.svg,A,Files that are a batch file containing a sequence of commands for Windows typically use the extension '.bat'.,Software,File Formats
Which statement correctly describes a comment in code?,"a line of text in source code ignored by the compiler or interpreter, used to explain the code to human readers",a data structure that maps keys to values using a hash function for efficient data retrieval,"an informal, high-level description of a program's logic, not written in any specific programming language",a general-purpose programming language that extends the C language with object-oriented features,A,"By definition, a comment in code is: a line of text in source code ignored by the compiler or interpreter, used to explain the code to human readers",Software,Programming
Which statement correctly describes a code repository's README file?,a set of practices combining software development and IT operations to shorten the development lifecycle,a document that typically explains what a software project does and how to use it,a short daily meeting in Agile development where team members discuss progress and blockers,an assessment conducted to determine whether a proposed software project is practical and viable,B,"By definition, a code repository's README file is: a document that typically explains what a software project does and how to use it",Software,Software Development
Who is credited with creating the programming language BASIC?,Microsoft (led by Anders Hejlsberg),Brendan Eich,Google,John G. Kemeny and Thomas E. Kurtz,D,BASIC is credited to John G. Kemeny and Thomas E. Kurtz.,Software,Programming Languages
Which statement correctly describes a worm (malware)?,"a package manager for JavaScript, used to install and manage software libraries and dependencies","a piece of software that extends the capabilities of a larger software application, similar to a plugin",a type of malware that self-replicates and spreads across networks without needing to attach to a host program,a formal contract defining the expected level of service between a provider and a customer,C,"By definition, a worm (malware) is: a type of malware that self-replicates and spreads across networks without needing to attach to a host program",Software,Software Basics
"Fill in the blank: ______ refers to ""a set of practices combining software development and IT operations to shorten the development lifecycle"".",DevOps,Git,an IDE (Integrated Development Environment),a beta version of software,A,DevOps refers to: a set of practices combining software development and IT operations to shorten the development lifecycle,Software,Software Development
Which statement correctly describes a scrum master?,an assessment conducted to determine whether a proposed software project is practical and viable,a software testing method that examines internal code structure and logic,the practice of diverging from the main line of development to work independently without affecting it,a facilitator responsible for ensuring a Scrum team follows Agile practices and removing obstacles,D,"By definition, a scrum master is: a facilitator responsible for ensuring a Scrum team follows Agile practices and removing obstacles",Software,Software Development
"Fill in the blank: ______ refers to ""a popular open-source relational database management system"".",a foreign key in a database,pip,Docker,MySQL,D,MySQL refers to: a popular open-source relational database management system,Software,Software Basics
Which statement correctly describes MySQL?,"a package manager for JavaScript, used to install and manage software libraries and dependencies","software owned by an individual or company, with restricted rights to use, modify, or distribute it",a popular open-source relational database management system,"a small-sized value derived from a block of data, used to detect errors introduced during transmission or storage",C,"By definition, MySQL is: a popular open-source relational database management system",Software,Software Basics
What is cloud computing?,"the delivery of computing services, including storage and processing power, over the internet",a type of malware that self-replicates and spreads across networks without needing to attach to a host program,"malicious software designed to damage, disrupt, or gain unauthorised access to computer systems",malware disguised as legitimate software to trick users into installing it,A,"cloud computing is: the delivery of computing services, including storage and processing power, over the internet",Software,Software Basics
What is emulation software?,"software that is available for use at no cost, but not necessarily open-source",a lightweight virtualisation method that packages applications with their dependencies into isolated containers,software that enables one computer system to imitate the functions of another system,a legal agreement that governs the use and distribution of software,C,emulation software is: software that enables one computer system to imitate the functions of another system,Software,Software Basics
"Fill in the blank: ______ refers to ""the implied cost of additional rework caused by choosing an easy but limited solution instead of a better approach"".",technical debt,a build in software development,a release candidate,a code repository's README file,A,technical debt refers to: the implied cost of additional rework caused by choosing an easy but limited solution instead of a better approach,Software,Software Development
Which programming language was created by Roberto Ierusalimschy and colleagues?,Haskell,Lua,Rust,Objective-C,B,Lua was created by Roberto Ierusalimschy and colleagues.,Software,Programming Languages
"Fill in the blank: ______ refers to ""a method of submitting proposed changes to a codebase for review before merging into the main branch"".",pull requests (in Git),the Waterfall model,a patch,software documentation,A,pull requests (in Git) refers to: a method of submitting proposed changes to a codebase for review before merging into the main branch,Software,Software Development
"Fill in the blank: ______ refers to ""the delivery of computing services, including storage and processing power, over the internet"".",cloud computing,spyware,internationalisation of software,cross-platform software,A,"cloud computing refers to: the delivery of computing services, including storage and processing power, over the internet",Software,Software Basics
"Which term matches this description: ""software distributed on a trial basis, often requiring payment for continued or full use""?",shareware,phishing,a checksum,uptime,A,"The description matches shareware: software distributed on a trial basis, often requiring payment for continued or full use",Software,Software Basics
"Which term matches this description: ""the practice of diverging from the main line of development to work independently without affecting it""?",branching (in Git),Visual Studio Code,software testing,a product backlog,A,The description matches branching (in Git): the practice of diverging from the main line of development to work independently without affecting it,Software,Software Development
What is a compiler error?,an error detected during the compilation process that prevents source code from being converted into an executable program,"a high-level, general-purpose programming language known for its readability and wide use in data science and web development","the bundling of data and methods that operate on that data within a single unit, restricting direct access to some components",a linear data structure that follows the First-In-First-Out (FIFO) principle,A,a compiler error is: an error detected during the compilation process that prevents source code from being converted into an executable program,Software,Programming
Which statement correctly describes uptime?,"a type of database that organises data into tables with rows and columns, linked by relationships",a distributed network of servers that delivers web content to users based on their geographic location,the amount of time a system or service remains operational and available without interruption,"a field in one table that refers to the primary key in another table, establishing a relationship",C,"By definition, uptime is: the amount of time a system or service remains operational and available without interruption",Software,Software Basics
"Fill in the blank: ______ refers to ""the phase of software testing where a nearly finished product is released to a limited external audience for feedback"".",a repository (in version control),white-box testing,beta testing,the MVC (Model-View-Controller) pattern,C,beta testing refers to: the phase of software testing where a nearly finished product is released to a limited external audience for feedback,Software,Software Development
What is SaaS (Software as a Service)?,"a type of database that organises data into tables with rows and columns, linked by relationships",a software distribution model in which applications are hosted by a provider and made available to users over the internet,"software whose source code is made publicly available for anyone to view, modify, and distribute",software that acts as a bridge between an operating system or database and applications,B,SaaS (Software as a Service) is: a software distribution model in which applications are hosted by a provider and made available to users over the internet,Software,Software Basics
Which statement correctly describes SQL (Structured Query Language)?,a technique where a function calls itself to solve a smaller instance of the same problem,a standard programming language used to manage and manipulate relational databases,"a hierarchical data structure in which each node has at most two children, referred to as left and right",a named storage location used to hold data that may change during program execution,B,"By definition, SQL (Structured Query Language) is: a standard programming language used to manage and manipulate relational databases",Software,Programming
