Question,Option A,Option B,Option C,Option D,Correct Answer,Solution,Category,Subcategory
What is a monitor?,dedicated memory on a graphics card used to store image data for rendering,"a socket on a motherboard used to install additional hardware components, such as graphics cards",an output device that visually displays information processed by a computer,a port used to connect a computer to a wired network using an ethernet cable,C,a monitor is: an output device that visually displays information processed by a computer,Hardware,Output Devices
How many Petabyte (PB)s is 38 Byte(s) equal to?,3.37508e-15,3.37508e-17,3.29597e-17,3.37508e-14,D,"1 Byte = 1024^-5 Petabyte (PB)(s) (relative scale), so 38 Byte(s) = 3.37508e-14 Petabyte (PB)(s).",Hardware,Storage Units
How many Megabyte (MB)s is 45 Kilobyte (KB)(s) equal to?,45,4.29153e-05,0.0439453,4.39453e-05,C,"1 Kilobyte (KB) = 1024^-1 Megabyte (MB)(s) (relative scale), so 45 Kilobyte (KB)(s) = 0.0439453 Megabyte (MB)(s).",Hardware,Storage Units
What is an ethernet cable?,a wireless networking technology that allows devices to connect to the internet without physical cables,"a basic networking device that connects multiple devices, broadcasting data to all connected ports",a cable used to connect devices within a local area network for wired internet access,a device that converts digital data into analog signals (and vice versa) for transmission over communication lines,C,an ethernet cable is: a cable used to connect devices within a local area network for wired internet access,Hardware,Networking Hardware
Which statement correctly describes the GPU (Graphics Processing Unit)?,"a keyboard that uses individual mechanical switches for each key, often preferred for tactile feedback","a small, portable data storage device that uses flash memory and connects via a USB port","a specialised processor designed to accelerate rendering of images, video, and animations",a wireless networking technology that allows devices to connect to the internet without physical cables,C,"By definition, the GPU (Graphics Processing Unit) is: a specialised processor designed to accelerate rendering of images, video, and animations",Hardware,Processors
How many Bytes is 46 Megabyte (MB)(s) equal to?,47104,4.82345e+07,9.6469e+07,4.82345e+10,B,"1 Megabyte (MB) = 1024^2 Byte(s) (relative scale), so 46 Megabyte (MB)(s) = 4.82345e+07 Byte(s).",Hardware,Storage Units
How many Bytes is 32 Petabyte (PB)(s) equal to?,3.68935e+19,3.60288e+15,3.60288e+17,3.60288e+16,D,"1 Petabyte (PB) = 1024^5 Byte(s) (relative scale), so 32 Petabyte (PB)(s) = 3.60288e+16 Byte(s).",Hardware,Storage Units
How many Gigabyte (GB)s is 22 Byte(s) equal to?,2.04891e-08,2.09808e-05,2.04891e-05,2.00089e-11,A,"1 Byte = 1024^-3 Gigabyte (GB)(s) (relative scale), so 22 Byte(s) = 2.04891e-08 Gigabyte (GB)(s).",Hardware,Storage Units
"Fill in the blank: ______ refers to ""the physical components of a computer system, such as the CPU, memory, and storage devices"".",a data centre,a DAC (Digital-to-Analog Converter),a hard disk drive (HDD),hardware,D,"hardware refers to: the physical components of a computer system, such as the CPU, memory, and storage devices",Hardware,Hardware Basics
Which statement correctly describes a webcam?,"an input device used to capture video, typically for video calls or streaming",an input device that allows users to draw or write digitally using a stylus,"a touch-sensitive input device built into laptops, used as an alternative to a mouse",an input device used to read and decode information stored in barcodes,A,"By definition, a webcam is: an input device used to capture video, typically for video calls or streaming",Hardware,Input Devices
How many Terabyte (TB)s is 41 Gigabyte (GB)(s) equal to?,3.91006e-05,0.0400391,0.0200195,4.00391e-05,B,"1 Gigabyte (GB) = 1024^-1 Terabyte (TB)(s) (relative scale), so 41 Gigabyte (GB)(s) = 0.0400391 Terabyte (TB)(s).",Hardware,Storage Units
How many Petabyte (PB)s is 40 Byte(s) equal to?,3.46945e-17,3.55271e-11,3.55271e-13,3.55271e-14,D,"1 Byte = 1024^-5 Petabyte (PB)(s) (relative scale), so 40 Byte(s) = 3.55271e-14 Petabyte (PB)(s).",Hardware,Storage Units
How many Kilobyte (KB)s is 29 Byte(s) equal to?,28.3203,0.0283203,0.0141602,2.83203e-05,B,"1 Byte = 1024^-1 Kilobyte (KB)(s) (relative scale), so 29 Byte(s) = 0.0283203 Kilobyte (KB)(s).",Hardware,Storage Units
How many Gigabyte (GB)s is 26 Kilobyte (KB)(s) equal to?,2.47955e-05,1.23978e-05,0.0247955,0.000247955,A,"1 Kilobyte (KB) = 1024^-2 Gigabyte (GB)(s) (relative scale), so 26 Kilobyte (KB)(s) = 2.47955e-05 Gigabyte (GB)(s).",Hardware,Storage Units
What is clock speed?,a data storage device that uses spinning magnetic disks to store and retrieve digital information,"the rate at which a CPU executes instructions, measured in hertz (Hz), typically gigahertz (GHz)",a device that converts analog signals into digital data that a computer can process,a networking device that connects devices within a network and forwards data based on MAC addresses,B,"clock speed is: the rate at which a CPU executes instructions, measured in hertz (Hz), typically gigahertz (GHz)",Hardware,Processors
How many Bytes is 16 Megabyte (MB)(s) equal to?,1.67772e+06,1.67772e+08,1.67772e+07,8.38861e+06,C,"1 Megabyte (MB) = 1024^2 Byte(s) (relative scale), so 16 Megabyte (MB)(s) = 1.67772e+07 Byte(s).",Hardware,Storage Units
How many Megabyte (MB)s is 33 Kilobyte (KB)(s) equal to?,0.0322266,3.22266e-05,0.0161133,0.322266,A,"1 Kilobyte (KB) = 1024^-1 Megabyte (MB)(s) (relative scale), so 33 Kilobyte (KB)(s) = 0.0322266 Megabyte (MB)(s).",Hardware,Storage Units
How many Megabyte (MB)s is 12 Byte(s) equal to?,0.000114441,1.14441e-05,2.28882e-05,0.0117188,B,"1 Byte = 1024^-2 Megabyte (MB)(s) (relative scale), so 12 Byte(s) = 1.14441e-05 Megabyte (MB)(s).",Hardware,Storage Units
How many Gigabyte (GB)s is 33 Kilobyte (KB)(s) equal to?,0.0322266,0.0314713,6.29425e-05,3.14713e-05,D,"1 Kilobyte (KB) = 1024^-2 Gigabyte (GB)(s) (relative scale), so 33 Kilobyte (KB)(s) = 3.14713e-05 Gigabyte (GB)(s).",Hardware,Storage Units
What is the CPU (Central Processing Unit)?,a type of volatile memory used to temporarily store data that a computer is actively using,"the primary component of a computer that executes instructions, often called the 'brain' of the computer",a substance applied between a CPU and its heat sink to improve heat conduction,a rechargeable power source that allows a laptop to operate without being plugged into an outlet,B,"the CPU (Central Processing Unit) is: the primary component of a computer that executes instructions, often called the 'brain' of the computer",Hardware,Processors
How many Megabyte (MB)s is 42 Terabyte (TB)(s) equal to?,4.40402e+08,4.40402e+06,2.20201e+07,4.40402e+07,D,"1 Terabyte (TB) = 1024^2 Megabyte (MB)(s) (relative scale), so 42 Terabyte (TB)(s) = 4.40402e+07 Megabyte (MB)(s).",Hardware,Storage Units
How many Gigabyte (GB)s is 17 Megabyte (MB)(s) equal to?,0.0332031,0.0166016,16.6016,1.66016e-05,B,"1 Megabyte (MB) = 1024^-1 Gigabyte (GB)(s) (relative scale), so 17 Megabyte (MB)(s) = 0.0166016 Gigabyte (GB)(s).",Hardware,Storage Units
How many Megabyte (MB)s is 49 Petabyte (PB)(s) equal to?,5.26133e+10,5.26133e+11,5.26133e+07,5.13802e+07,A,"1 Petabyte (PB) = 1024^3 Megabyte (MB)(s) (relative scale), so 49 Petabyte (PB)(s) = 5.26133e+10 Megabyte (MB)(s).",Hardware,Storage Units
"Fill in the blank: ______ refers to ""a standard connector used to connect peripherals like keyboards, mice, and storage devices to a computer"".",a USB port,a SIM card,a projector,a USB-C port,A,"a USB port refers to: a standard connector used to connect peripherals like keyboards, mice, and storage devices to a computer",Hardware,Ports and Connectors
How many Gigabyte (GB)s is 21 Terabyte (TB)(s) equal to?,2150.4,43008,21504,21.504,C,"1 Terabyte (TB) = 1024^1 Gigabyte (GB)(s) (relative scale), so 21 Terabyte (TB)(s) = 21504 Gigabyte (GB)(s).",Hardware,Storage Units
How many Gigabyte (GB)s is 46 Terabyte (TB)(s) equal to?,23552,471040,46,47104,D,"1 Terabyte (TB) = 1024^1 Gigabyte (GB)(s) (relative scale), so 46 Terabyte (TB)(s) = 47104 Gigabyte (GB)(s).",Hardware,Storage Units
What is a barcode scanner?,an input and output device that allows users to interact with a display by touching it directly,an input device that allows users to draw or write digitally using a stylus,"a device that captures and identifies unique physical characteristics, such as fingerprints, for authentication",an input device used to read and decode information stored in barcodes,D,a barcode scanner is: an input device used to read and decode information stored in barcodes,Hardware,Input Devices
"Fill in the blank: ______ refers to ""a device that converts digital data back into analog signals, such as for audio output"".",a sound card,a DAC (Digital-to-Analog Converter),a server (hardware),a cooling fan,B,"a DAC (Digital-to-Analog Converter) refers to: a device that converts digital data back into analog signals, such as for audio output",Hardware,Computer Components
How many Gigabyte (GB)s is 40 Terabyte (TB)(s) equal to?,40960,4.1943e+07,409600,40,A,"1 Terabyte (TB) = 1024^1 Gigabyte (GB)(s) (relative scale), so 40 Terabyte (TB)(s) = 40960 Gigabyte (GB)(s).",Hardware,Storage Units
Which statement correctly describes UEFI (Unified Extensible Firmware Interface)?,"a service model that allows data to be stored, managed, and backed up remotely over the internet","a modern firmware interface that replaces the traditional BIOS, offering more features and faster boot times",a device that converts analog signals into digital data that a computer can process,"an input device used to capture video, typically for video calls or streaming",B,"By definition, UEFI (Unified Extensible Firmware Interface) is: a modern firmware interface that replaces the traditional BIOS, offering more features and faster boot times",Hardware,Motherboard
Which statement correctly describes a projector?,"a small, fast type of volatile memory located close to the CPU, used to speed up data access","an output device that displays an image or video onto a larger surface, such as a screen or wall",a substance applied between a CPU and its heat sink to improve heat conduction,an input device used to convert physical documents or images into digital format,B,"By definition, a projector is: an output device that displays an image or video onto a larger surface, such as a screen or wall",Hardware,Output Devices
How many Kilobyte (KB)s is 31 Gigabyte (GB)(s) equal to?,6.50117e+07,3.25059e+10,1.62529e+07,3.25059e+07,D,"1 Gigabyte (GB) = 1024^2 Kilobyte (KB)(s) (relative scale), so 31 Gigabyte (GB)(s) = 3.25059e+07 Kilobyte (KB)(s).",Hardware,Storage Units
How many Gigabyte (GB)s is 49 Terabyte (TB)(s) equal to?,50176,50.176,49,25088,A,"1 Terabyte (TB) = 1024^1 Gigabyte (GB)(s) (relative scale), so 49 Terabyte (TB)(s) = 50176 Gigabyte (GB)(s).",Hardware,Storage Units
How many Petabyte (PB)s is 26 Megabyte (MB)(s) equal to?,4.84288e-08,2.42144e-07,2.47955e-05,2.42144e-08,D,"1 Megabyte (MB) = 1024^-3 Petabyte (PB)(s) (relative scale), so 26 Megabyte (MB)(s) = 2.42144e-08 Petabyte (PB)(s).",Hardware,Storage Units
How many Kilobyte (KB)s is 37 Megabyte (MB)(s) equal to?,37.888,37888,37,3788.8,B,"1 Megabyte (MB) = 1024^1 Kilobyte (KB)(s) (relative scale), so 37 Megabyte (MB)(s) = 37888 Kilobyte (KB)(s).",Hardware,Storage Units
How many Terabyte (TB)s is 45 Byte(s) equal to?,4.09273e-11,4.19095e-08,4.09273e-12,4.09273e-14,A,"1 Byte = 1024^-4 Terabyte (TB)(s) (relative scale), so 45 Byte(s) = 4.09273e-11 Terabyte (TB)(s).",Hardware,Storage Units
What is the primary function of a printer?,"producing a physical, paper copy of a digital document",executing instructions and performing calculations for the computer,"allowing a user to point, click, and navigate a graphical interface",providing emergency backup power to keep a computer running during an outage,A,"The primary function of a printer is producing a physical, paper copy of a digital document.",Hardware,Device Functions
How many Bytes is 44 Petabyte (PB)(s) equal to?,2.47698e+16,4.95396e+16,4.95396e+13,4.95396e+15,B,"1 Petabyte (PB) = 1024^5 Byte(s) (relative scale), so 44 Petabyte (PB)(s) = 4.95396e+16 Byte(s).",Hardware,Storage Units
How many Kilobyte (KB)s is 19 Petabyte (PB)(s) equal to?,2.08907e+13,2.08907e+12,1.04454e+13,2.08907e+10,A,"1 Petabyte (PB) = 1024^4 Kilobyte (KB)(s) (relative scale), so 19 Petabyte (PB)(s) = 2.08907e+13 Kilobyte (KB)(s).",Hardware,Storage Units
How many Terabyte (TB)s is 21 Gigabyte (GB)(s) equal to?,0.0205078,0.0410156,2.05078e-05,20.5078,A,"1 Gigabyte (GB) = 1024^-1 Terabyte (TB)(s) (relative scale), so 21 Gigabyte (GB)(s) = 0.0205078 Terabyte (TB)(s).",Hardware,Storage Units
How many Kilobyte (KB)s is 24 Byte(s) equal to?,23.4375,0.0234375,24,0.00234375,B,"1 Byte = 1024^-1 Kilobyte (KB)(s) (relative scale), so 24 Byte(s) = 0.0234375 Kilobyte (KB)(s).",Hardware,Storage Units
How many Kilobyte (KB)s is 42 Petabyte (PB)(s) equal to?,4.61795e+13,4.61795e+14,2.30897e+13,4.61795e+10,A,"1 Petabyte (PB) = 1024^4 Kilobyte (KB)(s) (relative scale), so 42 Petabyte (PB)(s) = 4.61795e+13 Kilobyte (KB)(s).",Hardware,Storage Units
What is a laptop's trackpad?,"hardware used to enter data or commands into a computer, such as a keyboard or mouse","a keyboard that uses individual mechanical switches for each key, often preferred for tactile feedback","a touch-sensitive input device built into laptops, used as an alternative to a mouse",an input device used to type text and commands into a computer,C,"a laptop's trackpad is: a touch-sensitive input device built into laptops, used as an alternative to a mouse",Hardware,Input Devices
How many Bytes is 44 Megabyte (MB)(s) equal to?,46137.3,4.61373e+07,2.30687e+07,45056,B,"1 Megabyte (MB) = 1024^2 Byte(s) (relative scale), so 44 Megabyte (MB)(s) = 4.61373e+07 Byte(s).",Hardware,Storage Units
How many Kilobyte (KB)s is 23 Terabyte (TB)(s) equal to?,2.52888e+13,4.93921e+10,2.46961e+13,2.46961e+10,D,"1 Terabyte (TB) = 1024^3 Kilobyte (KB)(s) (relative scale), so 23 Terabyte (TB)(s) = 2.46961e+10 Kilobyte (KB)(s).",Hardware,Storage Units
"Which term matches this description: ""a wireless networking technology that allows devices to connect to the internet without physical cables""?",Wi-Fi,a router,a hub (networking device),Bluetooth,A,The description matches Wi-Fi: a wireless networking technology that allows devices to connect to the internet without physical cables,Hardware,Networking Hardware
How many Bytes is 14 Gigabyte (GB)(s) equal to?,1.50324e+09,1.53932e+13,1.50324e+10,7.51619e+09,C,"1 Gigabyte (GB) = 1024^3 Byte(s) (relative scale), so 14 Gigabyte (GB)(s) = 1.50324e+10 Byte(s).",Hardware,Storage Units
"Which term matches this description: ""a data storage device that uses spinning magnetic disks to store and retrieve digital information""?",a chipset,a projector,a SIM card,a hard disk drive (HDD),D,The description matches a hard disk drive (HDD): a data storage device that uses spinning magnetic disks to store and retrieve digital information,Hardware,Storage Devices
How many Petabyte (PB)s is 19 Terabyte (TB)(s) equal to?,0.0185547,0.0371094,18.5547,1.81198e-05,A,"1 Terabyte (TB) = 1024^-1 Petabyte (PB)(s) (relative scale), so 19 Terabyte (TB)(s) = 0.0185547 Petabyte (PB)(s).",Hardware,Storage Units
How many Gigabyte (GB)s is 20 Byte(s) equal to?,1.86265e-08,1.86265e-09,1.86265e-07,1.90735e-05,A,"1 Byte = 1024^-3 Gigabyte (GB)(s) (relative scale), so 20 Byte(s) = 1.86265e-08 Gigabyte (GB)(s).",Hardware,Storage Units
Which statement correctly describes a laptop's trackpad?,an input device that allows users to draw or write digitally using a stylus,an input device used to convert physical documents or images into digital format,"a touch-sensitive input device built into laptops, used as an alternative to a mouse","a type of mouse that uses a light source and sensor to detect movement, rather than a mechanical ball",C,"By definition, a laptop's trackpad is: a touch-sensitive input device built into laptops, used as an alternative to a mouse",Hardware,Input Devices
How many Petabyte (PB)s is 32 Byte(s) equal to?,2.91038e-11,5.68434e-14,2.84217e-14,1.42109e-14,C,"1 Byte = 1024^-5 Petabyte (PB)(s) (relative scale), so 32 Byte(s) = 2.84217e-14 Petabyte (PB)(s).",Hardware,Storage Units
How many Bytes is 42 Petabyte (PB)(s) equal to?,4.72878e+17,4.72878e+19,4.72878e+15,4.72878e+16,D,"1 Petabyte (PB) = 1024^5 Byte(s) (relative scale), so 42 Petabyte (PB)(s) = 4.72878e+16 Byte(s).",Hardware,Storage Units
"Which hardware device is primarily responsible for producing a physical, paper copy of a digital document?",modem,printer,scanner,sound card,B,"A printer is responsible for producing a physical, paper copy of a digital document.",Hardware,Device Functions
How many Gigabyte (GB)s is 14 Megabyte (MB)(s) equal to?,1.36719e-05,0.0136719,0.00683594,1.33514e-05,B,"1 Megabyte (MB) = 1024^-1 Gigabyte (GB)(s) (relative scale), so 14 Megabyte (MB)(s) = 0.0136719 Gigabyte (GB)(s).",Hardware,Storage Units
"Fill in the blank: ______ refers to ""the primary component of a computer that executes instructions, often called the 'brain' of the computer"".",a laptop's trackpad,thermal paste,the CPU (Central Processing Unit),UEFI (Unified Extensible Firmware Interface),C,"the CPU (Central Processing Unit) refers to: the primary component of a computer that executes instructions, often called the 'brain' of the computer",Hardware,Processors
How many Petabyte (PB)s is 40 Gigabyte (GB)(s) equal to?,0.0390625,3.72529e-08,7.62939e-05,3.8147e-05,D,"1 Gigabyte (GB) = 1024^-2 Petabyte (PB)(s) (relative scale), so 40 Gigabyte (GB)(s) = 3.8147e-05 Petabyte (PB)(s).",Hardware,Storage Units
How many Petabyte (PB)s is 31 Kilobyte (KB)(s) equal to?,2.81943e-10,2.81943e-11,2.81943e-14,2.8871e-08,B,"1 Kilobyte (KB) = 1024^-4 Petabyte (PB)(s) (relative scale), so 31 Kilobyte (KB)(s) = 2.81943e-11 Petabyte (PB)(s).",Hardware,Storage Units
"Fill in the blank: ______ refers to ""firmware used to perform hardware initialization during the booting process of a computer"".",UEFI (Unified Extensible Firmware Interface),an ethernet port,the BIOS (Basic Input/Output System),a SIM card,C,the BIOS (Basic Input/Output System) refers to: firmware used to perform hardware initialization during the booting process of a computer,Hardware,Motherboard
How many Gigabyte (GB)s is 19 Terabyte (TB)(s) equal to?,194560,38912,19456,19.456,C,"1 Terabyte (TB) = 1024^1 Gigabyte (GB)(s) (relative scale), so 19 Terabyte (TB)(s) = 19456 Gigabyte (GB)(s).",Hardware,Storage Units
How many Petabyte (PB)s is 2 Megabyte (MB)(s) equal to?,1.86265e-09,1.86265e-08,3.72529e-09,1.86265e-06,A,"1 Megabyte (MB) = 1024^-3 Petabyte (PB)(s) (relative scale), so 2 Megabyte (MB)(s) = 1.86265e-09 Petabyte (PB)(s).",Hardware,Storage Units
How many Gigabyte (GB)s is 28 Petabyte (PB)(s) equal to?,2.93601e+07,29360.1,2.93601e+06,5.87203e+07,A,"1 Petabyte (PB) = 1024^2 Gigabyte (GB)(s) (relative scale), so 28 Petabyte (PB)(s) = 2.93601e+07 Gigabyte (GB)(s).",Hardware,Storage Units
Which statement correctly describes the BIOS (Basic Input/Output System)?,"a type of non-volatile memory that permanently stores data, typically used for firmware",firmware used to perform hardware initialization during the booting process of a computer,"a service model that allows data to be stored, managed, and backed up remotely over the internet","hardware that allows a computer to connect to a network, either wired or wireless",B,"By definition, the BIOS (Basic Input/Output System) is: firmware used to perform hardware initialization during the booting process of a computer",Hardware,Motherboard
What is a data centre?,a hardware component designed to absorb and dissipate heat away from a computer's processor,a hardware component used to circulate air and prevent computer components from overheating,"a facility used to house computer systems and associated components, such as servers and storage systems",a device that allows a laptop to connect to multiple peripherals through a single connection,C,"a data centre is: a facility used to house computer systems and associated components, such as servers and storage systems",Hardware,Computer Components
How many Gigabyte (GB)s is 6 Petabyte (PB)(s) equal to?,6144,6.29146e+06,1.25829e+07,629146,B,"1 Petabyte (PB) = 1024^2 Gigabyte (GB)(s) (relative scale), so 6 Petabyte (PB)(s) = 6.29146e+06 Gigabyte (GB)(s).",Hardware,Storage Units
How many Kilobyte (KB)s is 46 Petabyte (PB)(s) equal to?,1.01155e+14,5.05775e+13,2.52888e+13,5.05775e+12,B,"1 Petabyte (PB) = 1024^4 Kilobyte (KB)(s) (relative scale), so 46 Petabyte (PB)(s) = 5.05775e+13 Kilobyte (KB)(s).",Hardware,Storage Units
What is the primary function of a UPS (Uninterruptible Power Supply)?,providing emergency backup power to keep a computer running during an outage,"allowing a user to point, click, and navigate a graphical interface",converting a physical document or photo into a digital image,converting digital signals to analog (and back) for internet transmission over telephone or cable lines,A,The primary function of a UPS (Uninterruptible Power Supply) is providing emergency backup power to keep a computer running during an outage.,Hardware,Device Functions
How many Kilobyte (KB)s is 10 Byte(s) equal to?,0.0195312,9.76563e-06,10,0.00976562,D,"1 Byte = 1024^-1 Kilobyte (KB)(s) (relative scale), so 10 Byte(s) = 0.00976562 Kilobyte (KB)(s).",Hardware,Storage Units
"Which term matches this description: ""a device that captures and identifies unique physical characteristics, such as fingerprints, for authentication""?",a biometric scanner,a barcode scanner,a keyboard,a joystick,A,"The description matches a biometric scanner: a device that captures and identifies unique physical characteristics, such as fingerprints, for authentication",Hardware,Input Devices
How many Terabyte (TB)s is 2 Byte(s) equal to?,1.81899e-13,9.09495e-13,1.81899e-09,1.81899e-12,D,"1 Byte = 1024^-4 Terabyte (TB)(s) (relative scale), so 2 Byte(s) = 1.81899e-12 Terabyte (TB)(s).",Hardware,Storage Units
How many Terabyte (TB)s is 25 Byte(s) equal to?,4.54747e-11,2.27374e-11,2.22045e-14,2.27374e-10,B,"1 Byte = 1024^-4 Terabyte (TB)(s) (relative scale), so 25 Byte(s) = 2.27374e-11 Terabyte (TB)(s).",Hardware,Storage Units
How many Bytes is 11 Gigabyte (GB)(s) equal to?,1.18112e+09,1.18112e+10,1.18112e+11,2.36223e+10,B,"1 Gigabyte (GB) = 1024^3 Byte(s) (relative scale), so 11 Gigabyte (GB)(s) = 1.18112e+10 Byte(s).",Hardware,Storage Units
Which statement correctly describes a speaker?,a hardware component that converts electrical power from an outlet into usable power for computer components,a data storage device that uses spinning magnetic disks to store and retrieve digital information,a networking device that connects devices within a network and forwards data based on MAC addresses,an output device that converts electrical signals into audible sound,D,"By definition, a speaker is: an output device that converts electrical signals into audible sound",Hardware,Output Devices
Which hardware device is primarily responsible for converting digital signals to analog (and back) for internet transmission over telephone or cable lines?,UPS (Uninterruptible Power Supply),plotter,modem,monitor,C,A modem is responsible for converting digital signals to analog (and back) for internet transmission over telephone or cable lines.,Hardware,Device Functions
How many Petabyte (PB)s is 28 Gigabyte (GB)(s) equal to?,0.0273438,5.34058e-05,2.6077e-08,2.67029e-05,D,"1 Gigabyte (GB) = 1024^-2 Petabyte (PB)(s) (relative scale), so 28 Gigabyte (GB)(s) = 2.67029e-05 Petabyte (PB)(s).",Hardware,Storage Units
How many Kilobyte (KB)s is 39 Terabyte (TB)(s) equal to?,4.08945e+07,4.18759e+09,4.18759e+13,4.18759e+10,D,"1 Terabyte (TB) = 1024^3 Kilobyte (KB)(s) (relative scale), so 39 Terabyte (TB)(s) = 4.18759e+10 Kilobyte (KB)(s).",Hardware,Storage Units
How many Kilobyte (KB)s is 4 Gigabyte (GB)(s) equal to?,2.09715e+06,4.1943e+06,4.1943e+07,419430,B,"1 Gigabyte (GB) = 1024^2 Kilobyte (KB)(s) (relative scale), so 4 Gigabyte (GB)(s) = 4.1943e+06 Kilobyte (KB)(s).",Hardware,Storage Units
How many Petabyte (PB)s is 17 Megabyte (MB)(s) equal to?,1.54614e-11,1.58325e-08,1.58325e-09,1.58325e-07,B,"1 Megabyte (MB) = 1024^-3 Petabyte (PB)(s) (relative scale), so 17 Megabyte (MB)(s) = 1.58325e-08 Petabyte (PB)(s).",Hardware,Storage Units
What is a USB port?,a device that converts digital data into analog signals (and vice versa) for transmission over communication lines,an input device that converts sound into an electrical signal for recording or processing,"a standard connector used to connect peripherals like keyboards, mice, and storage devices to a computer",a device that converts analog signals into digital data that a computer can process,C,"a USB port is: a standard connector used to connect peripherals like keyboards, mice, and storage devices to a computer",Hardware,Ports and Connectors
How many Gigabyte (GB)s is 48 Terabyte (TB)(s) equal to?,49152,491520,4915.2,5.03316e+07,A,"1 Terabyte (TB) = 1024^1 Gigabyte (GB)(s) (relative scale), so 48 Terabyte (TB)(s) = 49152 Gigabyte (GB)(s).",Hardware,Storage Units
How many Petabyte (PB)s is 46 Byte(s) equal to?,4.08562e-13,8.17124e-14,4.08562e-11,4.08562e-14,D,"1 Byte = 1024^-5 Petabyte (PB)(s) (relative scale), so 46 Byte(s) = 4.08562e-14 Petabyte (PB)(s).",Hardware,Storage Units
How many Petabyte (PB)s is 2 Gigabyte (GB)(s) equal to?,1.90735e-06,9.53674e-07,1.90735e-09,0.00190735,A,"1 Gigabyte (GB) = 1024^-2 Petabyte (PB)(s) (relative scale), so 2 Gigabyte (GB)(s) = 1.90735e-06 Petabyte (PB)(s).",Hardware,Storage Units
How many Kilobyte (KB)s is 46 Gigabyte (GB)(s) equal to?,9.6469e+07,4.82345e+08,4.82345e+07,47104,C,"1 Gigabyte (GB) = 1024^2 Kilobyte (KB)(s) (relative scale), so 46 Gigabyte (GB)(s) = 4.82345e+07 Kilobyte (KB)(s).",Hardware,Storage Units
How many Terabyte (TB)s is 44 Petabyte (PB)(s) equal to?,4.5056e+07,45056,450560,22528,B,"1 Petabyte (PB) = 1024^1 Terabyte (TB)(s) (relative scale), so 44 Petabyte (PB)(s) = 45056 Terabyte (TB)(s).",Hardware,Storage Units
How many Gigabyte (GB)s is 1 Byte(s) equal to?,9.31323e-10,1.86265e-09,9.09495e-13,9.31323e-07,A,"1 Byte = 1024^-3 Gigabyte (GB)(s) (relative scale), so 1 Byte(s) = 9.31323e-10 Gigabyte (GB)(s).",Hardware,Storage Units
What is Bluetooth?,a networking device that forwards data packets between computer networks,a wireless technology standard used for exchanging data over short distances between devices,a networking device that connects devices within a network and forwards data based on MAC addresses,a cable used to connect devices within a local area network for wired internet access,B,Bluetooth is: a wireless technology standard used for exchanging data over short distances between devices,Hardware,Networking Hardware
"Which term matches this description: ""the specification defining the size, shape, and layout of a motherboard, such as ATX or Micro-ATX""?",a SIM card,a motherboard's form factor,Wi-Fi,virtual memory,B,"The description matches a motherboard's form factor: the specification defining the size, shape, and layout of a motherboard, such as ATX or Micro-ATX",Hardware,Motherboard
What is a smartphone's processor?,a connector used to transmit high-definition video and audio between devices,a memory management technique that uses hard disk space to simulate additional RAM,an older analog video connector used to connect monitors to computers,"typically a system-on-chip (SoC) that integrates the CPU, GPU, and other components into a single chip",D,"a smartphone's processor is: typically a system-on-chip (SoC) that integrates the CPU, GPU, and other components into a single chip",Hardware,Hardware Basics
How many Gigabyte (GB)s is 36 Kilobyte (KB)(s) equal to?,3.43323e-05,0.0351562,3.43323e-08,6.86646e-05,A,"1 Kilobyte (KB) = 1024^-2 Gigabyte (GB)(s) (relative scale), so 36 Kilobyte (KB)(s) = 3.43323e-05 Gigabyte (GB)(s).",Hardware,Storage Units
"Fill in the blank: ______ refers to ""a connector used to transmit high-definition video and audio between devices"".",a webcam,an HDMI port,a smartphone's processor,a laptop's trackpad,B,an HDMI port refers to: a connector used to transmit high-definition video and audio between devices,Hardware,Ports and Connectors
How many Gigabyte (GB)s is 11 Petabyte (PB)(s) equal to?,1.15343e+10,1.15343e+07,11534.3,2.30687e+07,B,"1 Petabyte (PB) = 1024^2 Gigabyte (GB)(s) (relative scale), so 11 Petabyte (PB)(s) = 1.15343e+07 Gigabyte (GB)(s).",Hardware,Storage Units
How many Gigabyte (GB)s is 43 Megabyte (MB)(s) equal to?,0.419922,0.0209961,41.9922,0.0419922,D,"1 Megabyte (MB) = 1024^-1 Gigabyte (GB)(s) (relative scale), so 43 Megabyte (MB)(s) = 0.0419922 Gigabyte (GB)(s).",Hardware,Storage Units
How many Bytes is 10 Petabyte (PB)(s) equal to?,1.1259e+16,2.2518e+16,1.1259e+17,1.09951e+13,A,"1 Petabyte (PB) = 1024^5 Byte(s) (relative scale), so 10 Petabyte (PB)(s) = 1.1259e+16 Byte(s).",Hardware,Storage Units
How many Petabyte (PB)s is 41 Terabyte (TB)(s) equal to?,0.0200195,0.0800781,3.91006e-05,0.0400391,D,"1 Terabyte (TB) = 1024^-1 Petabyte (PB)(s) (relative scale), so 41 Terabyte (TB)(s) = 0.0400391 Petabyte (PB)(s).",Hardware,Storage Units
"Fill in the blank: ______ refers to ""a modern, reversible connector used for data transfer, video output, and charging"".",a speaker,a server (hardware),a motherboard's form factor,a USB-C port,D,"a USB-C port refers to: a modern, reversible connector used for data transfer, video output, and charging",Hardware,Ports and Connectors
"Fill in the blank: ______ refers to ""a cable used to connect devices within a local area network for wired internet access"".",a hub (networking device),an ethernet cable,Wi-Fi,a network interface card (NIC),B,an ethernet cable refers to: a cable used to connect devices within a local area network for wired internet access,Hardware,Networking Hardware
What is a speaker?,"a service model that allows data to be stored, managed, and backed up remotely over the internet",an output device that converts electrical signals into audible sound,"the rate at which a CPU executes instructions, measured in hertz (Hz), typically gigahertz (GHz)",an input device used to type text and commands into a computer,B,a speaker is: an output device that converts electrical signals into audible sound,Hardware,Output Devices
"Fill in the blank: ______ refers to ""a set of electronic components on a motherboard that manages data flow between the CPU, memory, and peripherals"".",a laptop battery,a hard disk drive (HDD),hardware,a chipset,D,"a chipset refers to: a set of electronic components on a motherboard that manages data flow between the CPU, memory, and peripherals",Hardware,Motherboard
How many Terabyte (TB)s is 39 Petabyte (PB)(s) equal to?,39,19968,3.9936e+07,39936,D,"1 Petabyte (PB) = 1024^1 Terabyte (TB)(s) (relative scale), so 39 Petabyte (PB)(s) = 39936 Terabyte (TB)(s).",Hardware,Storage Units
How many Gigabyte (GB)s is 2 Byte(s) equal to?,1.90735e-06,3.72529e-09,1.86265e-09,1.86265e-10,C,"1 Byte = 1024^-3 Gigabyte (GB)(s) (relative scale), so 2 Byte(s) = 1.86265e-09 Gigabyte (GB)(s).",Hardware,Storage Units
How many Bytes is 7 Terabyte (TB)(s) equal to?,7.69658e+12,7.69658e+09,7.51619e+09,7.69658e+15,A,"1 Terabyte (TB) = 1024^4 Byte(s) (relative scale), so 7 Terabyte (TB)(s) = 7.69658e+12 Byte(s).",Hardware,Storage Units
How many Petabyte (PB)s is 18 Terabyte (TB)(s) equal to?,17.5781,0.00878906,0.0175781,18,C,"1 Terabyte (TB) = 1024^-1 Petabyte (PB)(s) (relative scale), so 18 Terabyte (TB)(s) = 0.0175781 Petabyte (PB)(s).",Hardware,Storage Units
How many Kilobyte (KB)s is 7 Byte(s) equal to?,6.83594e-06,0.00683594,0.00341797,6.83594,B,"1 Byte = 1024^-1 Kilobyte (KB)(s) (relative scale), so 7 Byte(s) = 0.00683594 Kilobyte (KB)(s).",Hardware,Storage Units
How many Megabyte (MB)s is 18 Petabyte (PB)(s) equal to?,1.93274e+10,1.93274e+09,9.66368e+09,1.93274e+11,A,"1 Petabyte (PB) = 1024^3 Megabyte (MB)(s) (relative scale), so 18 Petabyte (PB)(s) = 1.93274e+10 Megabyte (MB)(s).",Hardware,Storage Units
How many Terabyte (TB)s is 49 Kilobyte (KB)(s) equal to?,4.56348e-05,4.56348e-09,4.56348e-08,9.12696e-08,C,"1 Kilobyte (KB) = 1024^-3 Terabyte (TB)(s) (relative scale), so 49 Kilobyte (KB)(s) = 4.56348e-08 Terabyte (TB)(s).",Hardware,Storage Units
How many Kilobyte (KB)s is 9 Gigabyte (GB)(s) equal to?,9.66368e+09,9.43718e+06,1.88744e+07,9.43718e+09,B,"1 Gigabyte (GB) = 1024^2 Kilobyte (KB)(s) (relative scale), so 9 Gigabyte (GB)(s) = 9.43718e+06 Kilobyte (KB)(s).",Hardware,Storage Units
How many Terabyte (TB)s is 3 Megabyte (MB)(s) equal to?,2.86102e-06,5.72205e-06,2.86102e-09,0.00292969,A,"1 Megabyte (MB) = 1024^-2 Terabyte (TB)(s) (relative scale), so 3 Megabyte (MB)(s) = 2.86102e-06 Terabyte (TB)(s).",Hardware,Storage Units
"Which term matches this description: ""an older analog video connector used to connect monitors to computers""?",a smartphone's processor,a VGA port,a SIM card,a USB flash drive,B,The description matches a VGA port: an older analog video connector used to connect monitors to computers,Hardware,Ports and Connectors
How many Bytes is 24 Kilobyte (KB)(s) equal to?,24,2.4576e+07,24576,12288,C,"1 Kilobyte (KB) = 1024^1 Byte(s) (relative scale), so 24 Kilobyte (KB)(s) = 24576 Byte(s).",Hardware,Storage Units
How many Megabyte (MB)s is 41 Kilobyte (KB)(s) equal to?,0.00400391,0.0200195,0.400391,0.0400391,D,"1 Kilobyte (KB) = 1024^-1 Megabyte (MB)(s) (relative scale), so 41 Kilobyte (KB)(s) = 0.0400391 Megabyte (MB)(s).",Hardware,Storage Units
"Fill in the blank: ______ refers to ""a modern firmware interface that replaces the traditional BIOS, offering more features and faster boot times"".",UEFI (Unified Extensible Firmware Interface),a router,a speaker,the CPU (Central Processing Unit),A,"UEFI (Unified Extensible Firmware Interface) refers to: a modern firmware interface that replaces the traditional BIOS, offering more features and faster boot times",Hardware,Motherboard
How many Megabyte (MB)s is 18 Kilobyte (KB)(s) equal to?,0.0175781,0.00175781,0.175781,0.00878906,A,"1 Kilobyte (KB) = 1024^-1 Megabyte (MB)(s) (relative scale), so 18 Kilobyte (KB)(s) = 0.0175781 Megabyte (MB)(s).",Hardware,Storage Units
How many Bytes is 4 Megabyte (MB)(s) equal to?,4194.3,419430,4.1943e+06,4.1943e+09,C,"1 Megabyte (MB) = 1024^2 Byte(s) (relative scale), so 4 Megabyte (MB)(s) = 4.1943e+06 Byte(s).",Hardware,Storage Units
How many Kilobyte (KB)s is 49 Byte(s) equal to?,0.0239258,0.0957031,4.673e-05,0.0478516,D,"1 Byte = 1024^-1 Kilobyte (KB)(s) (relative scale), so 49 Byte(s) = 0.0478516 Kilobyte (KB)(s).",Hardware,Storage Units
"Fill in the blank: ______ refers to ""hardware used to present data processed by a computer, such as a monitor or printer"".",a projector,a keyboard,an output device,an expansion slot,C,"an output device refers to: hardware used to present data processed by a computer, such as a monitor or printer",Hardware,Output Devices
How many Gigabyte (GB)s is 21 Byte(s) equal to?,3.91155e-08,1.95578e-08,1.95578e-09,1.95578e-11,B,"1 Byte = 1024^-3 Gigabyte (GB)(s) (relative scale), so 21 Byte(s) = 1.95578e-08 Gigabyte (GB)(s).",Hardware,Storage Units
How many Petabyte (PB)s is 20 Byte(s) equal to?,1.77636e-13,1.77636e-15,1.77636e-14,3.55271e-14,C,"1 Byte = 1024^-5 Petabyte (PB)(s) (relative scale), so 20 Byte(s) = 1.77636e-14 Petabyte (PB)(s).",Hardware,Storage Units
How many Terabyte (TB)s is 22 Petabyte (PB)(s) equal to?,22528,45056,2252.8,22,A,"1 Petabyte (PB) = 1024^1 Terabyte (TB)(s) (relative scale), so 22 Petabyte (PB)(s) = 22528 Terabyte (TB)(s).",Hardware,Storage Units
How many Bytes is 10 Megabyte (MB)(s) equal to?,1.04858e+08,10240,1.04858e+06,1.04858e+07,D,"1 Megabyte (MB) = 1024^2 Byte(s) (relative scale), so 10 Megabyte (MB)(s) = 1.04858e+07 Byte(s).",Hardware,Storage Units
How many Terabyte (TB)s is 21 Petabyte (PB)(s) equal to?,43008,2150.4,21504,10752,C,"1 Petabyte (PB) = 1024^1 Terabyte (TB)(s) (relative scale), so 21 Petabyte (PB)(s) = 21504 Terabyte (TB)(s).",Hardware,Storage Units
How many Petabyte (PB)s is 16 Byte(s) equal to?,1.42109e-13,7.10543e-15,1.42109e-17,1.42109e-14,D,"1 Byte = 1024^-5 Petabyte (PB)(s) (relative scale), so 16 Byte(s) = 1.42109e-14 Petabyte (PB)(s).",Hardware,Storage Units
How many Bytes is 47 Kilobyte (KB)(s) equal to?,4812.8,48.128,48128,4.92831e+07,C,"1 Kilobyte (KB) = 1024^1 Byte(s) (relative scale), so 47 Kilobyte (KB)(s) = 48128 Byte(s).",Hardware,Storage Units
"Fill in the blank: ______ refers to ""an input device used to type text and commands into a computer"".",a barcode scanner,a keyboard,an input device,a mechanical keyboard,B,a keyboard refers to: an input device used to type text and commands into a computer,Hardware,Input Devices
What is an input device?,an input device used to convert physical documents or images into digital format,"hardware used to enter data or commands into a computer, such as a keyboard or mouse",an input device used to read and decode information stored in barcodes,an input device that allows users to draw or write digitally using a stylus,B,"an input device is: hardware used to enter data or commands into a computer, such as a keyboard or mouse",Hardware,Input Devices
How many Bytes is 9 Gigabyte (GB)(s) equal to?,9.66368e+09,9.66368e+10,9.8956e+12,9.66368e+12,A,"1 Gigabyte (GB) = 1024^3 Byte(s) (relative scale), so 9 Gigabyte (GB)(s) = 9.66368e+09 Byte(s).",Hardware,Storage Units
How many Petabyte (PB)s is 50 Kilobyte (KB)(s) equal to?,2.27374e-11,4.44089e-14,4.54747e-08,4.54747e-11,D,"1 Kilobyte (KB) = 1024^-4 Petabyte (PB)(s) (relative scale), so 50 Kilobyte (KB)(s) = 4.54747e-11 Petabyte (PB)(s).",Hardware,Storage Units
How many Kilobyte (KB)s is 40 Petabyte (PB)(s) equal to?,2.19902e+13,4.39805e+13,4.39805e+16,4.39805e+14,B,"1 Petabyte (PB) = 1024^4 Kilobyte (KB)(s) (relative scale), so 40 Petabyte (PB)(s) = 4.39805e+13 Kilobyte (KB)(s).",Hardware,Storage Units
How many Bytes is 38 Gigabyte (GB)(s) equal to?,4.08022e+07,4.08022e+11,4.08022e+10,4.08022e+13,C,"1 Gigabyte (GB) = 1024^3 Byte(s) (relative scale), so 38 Gigabyte (GB)(s) = 4.08022e+10 Byte(s).",Hardware,Storage Units
How many Gigabyte (GB)s is 17 Kilobyte (KB)(s) equal to?,3.24249e-05,1.62125e-05,8.10623e-06,0.0166016,B,"1 Kilobyte (KB) = 1024^-2 Gigabyte (GB)(s) (relative scale), so 17 Kilobyte (KB)(s) = 1.62125e-05 Gigabyte (GB)(s).",Hardware,Storage Units
How many Bytes is 12 Megabyte (MB)(s) equal to?,1.28849e+10,12582.9,1.25829e+10,1.25829e+07,D,"1 Megabyte (MB) = 1024^2 Byte(s) (relative scale), so 12 Megabyte (MB)(s) = 1.25829e+07 Byte(s).",Hardware,Storage Units
"Which term matches this description: ""an input device used to capture video, typically for video calls or streaming""?",an optical mouse,a laptop's trackpad,a graphics tablet,a webcam,D,"The description matches a webcam: an input device used to capture video, typically for video calls or streaming",Hardware,Input Devices
How many Terabyte (TB)s is 44 Byte(s) equal to?,4.00178e-11,4.00178e-08,2.00089e-11,4.00178e-14,A,"1 Byte = 1024^-4 Terabyte (TB)(s) (relative scale), so 44 Byte(s) = 4.00178e-11 Terabyte (TB)(s).",Hardware,Storage Units
How many Terabyte (TB)s is 49 Gigabyte (GB)(s) equal to?,0.00478516,49,0.0478516,0.0239258,C,"1 Gigabyte (GB) = 1024^-1 Terabyte (TB)(s) (relative scale), so 49 Gigabyte (GB)(s) = 0.0478516 Terabyte (TB)(s).",Hardware,Storage Units
How many Terabyte (TB)s is 6 Byte(s) equal to?,2.72848e-12,5.45697e-15,5.45697e-12,1.09139e-11,C,"1 Byte = 1024^-4 Terabyte (TB)(s) (relative scale), so 6 Byte(s) = 5.45697e-12 Terabyte (TB)(s).",Hardware,Storage Units
How many Megabyte (MB)s is 33 Petabyte (PB)(s) equal to?,3.54335e+13,3.54335e+10,1.77167e+10,3.4603e+07,B,"1 Petabyte (PB) = 1024^3 Megabyte (MB)(s) (relative scale), so 33 Petabyte (PB)(s) = 3.54335e+10 Megabyte (MB)(s).",Hardware,Storage Units
How many Petabyte (PB)s is 5 Byte(s) equal to?,4.44089e-18,4.44089e-16,4.44089e-15,2.22045e-15,C,"1 Byte = 1024^-5 Petabyte (PB)(s) (relative scale), so 5 Byte(s) = 4.44089e-15 Petabyte (PB)(s).",Hardware,Storage Units
How many Petabyte (PB)s is 33 Kilobyte (KB)(s) equal to?,3.07336e-08,6.00267e-11,3.00133e-10,3.00133e-11,D,"1 Kilobyte (KB) = 1024^-4 Petabyte (PB)(s) (relative scale), so 33 Kilobyte (KB)(s) = 3.00133e-11 Petabyte (PB)(s).",Hardware,Storage Units
"Which term matches this description: ""hardware that allows a computer to connect to a network, either wired or wireless""?",a modem,Bluetooth,a switch (networking device),a network interface card (NIC),D,"The description matches a network interface card (NIC): hardware that allows a computer to connect to a network, either wired or wireless",Hardware,Networking Hardware
How many Terabyte (TB)s is 49 Byte(s) equal to?,4.45652e-10,4.45652e-12,4.45652e-11,4.45652e-14,C,"1 Byte = 1024^-4 Terabyte (TB)(s) (relative scale), so 49 Byte(s) = 4.45652e-11 Terabyte (TB)(s).",Hardware,Storage Units
What is an ADC (Analog-to-Digital Converter)?,a device that converts analog signals into digital data that a computer can process,a hardware component used to circulate air and prevent computer components from overheating,an expansion card responsible for rendering images and video for display on a monitor,"a device that converts digital data back into analog signals, such as for audio output",A,an ADC (Analog-to-Digital Converter) is: a device that converts analog signals into digital data that a computer can process,Hardware,Computer Components
How many Bytes is 30 Megabyte (MB)(s) equal to?,3.14573e+07,3.14573e+10,30720,31457.3,A,"1 Megabyte (MB) = 1024^2 Byte(s) (relative scale), so 30 Megabyte (MB)(s) = 3.14573e+07 Byte(s).",Hardware,Storage Units
How many Kilobyte (KB)s is 8 Terabyte (TB)(s) equal to?,8.58993e+09,1.71799e+10,8.58993e+12,8.79609e+12,A,"1 Terabyte (TB) = 1024^3 Kilobyte (KB)(s) (relative scale), so 8 Terabyte (TB)(s) = 8.58993e+09 Kilobyte (KB)(s).",Hardware,Storage Units
How many Terabyte (TB)s is 24 Petabyte (PB)(s) equal to?,49152,2.51658e+07,24576,245760,C,"1 Petabyte (PB) = 1024^1 Terabyte (TB)(s) (relative scale), so 24 Petabyte (PB)(s) = 24576 Terabyte (TB)(s).",Hardware,Storage Units
How many Bytes is 43 Gigabyte (GB)(s) equal to?,9.23418e+10,4.61709e+10,4.61709e+07,4.50888e+07,B,"1 Gigabyte (GB) = 1024^3 Byte(s) (relative scale), so 43 Gigabyte (GB)(s) = 4.61709e+10 Byte(s).",Hardware,Storage Units
How many Kilobyte (KB)s is 27 Gigabyte (GB)(s) equal to?,1.41558e+07,2.83116e+07,2.8991e+10,28311.6,B,"1 Gigabyte (GB) = 1024^2 Kilobyte (KB)(s) (relative scale), so 27 Gigabyte (GB)(s) = 2.83116e+07 Kilobyte (KB)(s).",Hardware,Storage Units
How many Megabyte (MB)s is 25 Terabyte (TB)(s) equal to?,2.62144e+10,2.62144e+08,2.62144e+06,2.62144e+07,D,"1 Terabyte (TB) = 1024^2 Megabyte (MB)(s) (relative scale), so 25 Terabyte (TB)(s) = 2.62144e+07 Megabyte (MB)(s).",Hardware,Storage Units
How many Terabyte (TB)s is 5 Gigabyte (GB)(s) equal to?,4.88281,5,0.00976562,0.00488281,D,"1 Gigabyte (GB) = 1024^-1 Terabyte (TB)(s) (relative scale), so 5 Gigabyte (GB)(s) = 0.00488281 Terabyte (TB)(s).",Hardware,Storage Units
How many Bytes is 35 Megabyte (MB)(s) equal to?,7.34003e+07,3.67002e+07,3.67002e+06,1.83501e+07,B,"1 Megabyte (MB) = 1024^2 Byte(s) (relative scale), so 35 Megabyte (MB)(s) = 3.67002e+07 Byte(s).",Hardware,Storage Units
"Fill in the blank: ______ refers to ""a data storage device that uses spinning magnetic disks to store and retrieve digital information"".",an optical mouse,virtual memory,a VGA port,a hard disk drive (HDD),D,a hard disk drive (HDD) refers to: a data storage device that uses spinning magnetic disks to store and retrieve digital information,Hardware,Storage Devices
"Which term matches this description: ""a connector used to transmit high-definition video and audio between devices""?",a switch (networking device),a laptop's trackpad,overclocking,an HDMI port,D,The description matches an HDMI port: a connector used to transmit high-definition video and audio between devices,Hardware,Ports and Connectors
How many Bytes is 7 Kilobyte (KB)(s) equal to?,71680,7.168e+06,7168,14336,C,"1 Kilobyte (KB) = 1024^1 Byte(s) (relative scale), so 7 Kilobyte (KB)(s) = 7168 Byte(s).",Hardware,Storage Units
How many Kilobyte (KB)s is 36 Byte(s) equal to?,0.0351562,36,0.351562,3.51563e-05,A,"1 Byte = 1024^-1 Kilobyte (KB)(s) (relative scale), so 36 Byte(s) = 0.0351562 Kilobyte (KB)(s).",Hardware,Storage Units
How many Petabyte (PB)s is 22 Gigabyte (GB)(s) equal to?,0.000209808,2.09808e-05,0.0209808,2.09808e-06,B,"1 Gigabyte (GB) = 1024^-2 Petabyte (PB)(s) (relative scale), so 22 Gigabyte (GB)(s) = 2.09808e-05 Petabyte (PB)(s).",Hardware,Storage Units
What is the primary function of a CPU (processor)?,directing data packets between different computer networks,"storing data electronically using flash memory, with no moving parts",executing instructions and performing calculations for the computer,displaying a computer's output onto a large screen or wall,C,The primary function of a CPU (processor) is executing instructions and performing calculations for the computer.,Hardware,Device Functions
Which statement correctly describes an ethernet port?,a connector used to transmit high-definition video and audio between devices,an output device that visually displays information processed by a computer,a port used to connect a computer to a wired network using an ethernet cable,dedicated memory on a graphics card used to store image data for rendering,C,"By definition, an ethernet port is: a port used to connect a computer to a wired network using an ethernet cable",Hardware,Ports and Connectors
How many Kilobyte (KB)s is 15 Byte(s) equal to?,0.0146484,15,1.46484e-05,0.00732422,A,"1 Byte = 1024^-1 Kilobyte (KB)(s) (relative scale), so 15 Byte(s) = 0.0146484 Kilobyte (KB)(s).",Hardware,Storage Units
"Which term matches this description: ""a memory management technique that uses hard disk space to simulate additional RAM""?",RAM (Random Access Memory),virtual memory,a USB port,a core (in a CPU),B,The description matches virtual memory: a memory management technique that uses hard disk space to simulate additional RAM,Hardware,Memory
What is a joystick?,"an input device used to capture video, typically for video calls or streaming","an input device commonly used for gaming, allowing control of movement in multiple directions",an input device that allows users to draw or write digitally using a stylus,an input and output device that allows users to interact with a display by touching it directly,B,"a joystick is: an input device commonly used for gaming, allowing control of movement in multiple directions",Hardware,Input Devices
How many Kilobyte (KB)s is 25 Gigabyte (GB)(s) equal to?,2.62144e+07,2.62144e+10,2.68435e+10,5.24288e+07,A,"1 Gigabyte (GB) = 1024^2 Kilobyte (KB)(s) (relative scale), so 25 Gigabyte (GB)(s) = 2.62144e+07 Kilobyte (KB)(s).",Hardware,Storage Units
"Which term matches this description: ""an output device that visually displays information processed by a computer""?",a USB-C port,an input device,a monitor,Wi-Fi,C,The description matches a monitor: an output device that visually displays information processed by a computer,Hardware,Output Devices
How many Gigabyte (GB)s is 3 Kilobyte (KB)(s) equal to?,2.86102e-07,2.86102e-06,0.00286102,5.72205e-06,B,"1 Kilobyte (KB) = 1024^-2 Gigabyte (GB)(s) (relative scale), so 3 Kilobyte (KB)(s) = 2.86102e-06 Gigabyte (GB)(s).",Hardware,Storage Units
Which hardware device is primarily responsible for displaying a computer's output onto a large screen or wall?,projector,webcam,scanner,modem,A,A projector is responsible for displaying a computer's output onto a large screen or wall.,Hardware,Device Functions
How many Gigabyte (GB)s is 22 Kilobyte (KB)(s) equal to?,4.19617e-05,2.09808e-05,0.000209808,2.09808e-06,B,"1 Kilobyte (KB) = 1024^-2 Gigabyte (GB)(s) (relative scale), so 22 Kilobyte (KB)(s) = 2.09808e-05 Gigabyte (GB)(s).",Hardware,Storage Units
Which statement correctly describes an input device?,"hardware used to enter data or commands into a computer, such as a keyboard or mouse",an input device that allows users to draw or write digitally using a stylus,an input device that converts sound into an electrical signal for recording or processing,an input device used to type text and commands into a computer,A,"By definition, an input device is: hardware used to enter data or commands into a computer, such as a keyboard or mouse",Hardware,Input Devices
How many Petabyte (PB)s is 25 Byte(s) equal to?,2.27374e-11,2.22045e-14,4.44089e-14,2.22045e-11,B,"1 Byte = 1024^-5 Petabyte (PB)(s) (relative scale), so 25 Byte(s) = 2.22045e-14 Petabyte (PB)(s).",Hardware,Storage Units
How many Megabyte (MB)s is 18 Terabyte (TB)(s) equal to?,18432,1.88744e+07,18874.4,1.88744e+06,B,"1 Terabyte (TB) = 1024^2 Megabyte (MB)(s) (relative scale), so 18 Terabyte (TB)(s) = 1.88744e+07 Megabyte (MB)(s).",Hardware,Storage Units
How many Bytes is 33 Kilobyte (KB)(s) equal to?,3379.2,33.792,3.4603e+07,33792,D,"1 Kilobyte (KB) = 1024^1 Byte(s) (relative scale), so 33 Kilobyte (KB)(s) = 33792 Byte(s).",Hardware,Storage Units
"Which term matches this description: ""an output device used to produce a physical copy of digital documents or images""?",a USB-C port,a graphics card's VRAM,a solid-state drive (SSD),a printer,D,The description matches a printer: an output device used to produce a physical copy of digital documents or images,Hardware,Output Devices
How many Gigabyte (GB)s is 32 Megabyte (MB)(s) equal to?,0.03125,0.015625,3.05176e-05,31.25,A,"1 Megabyte (MB) = 1024^-1 Gigabyte (GB)(s) (relative scale), so 32 Megabyte (MB)(s) = 0.03125 Gigabyte (GB)(s).",Hardware,Storage Units
How many Petabyte (PB)s is 49 Kilobyte (KB)(s) equal to?,4.45652e-12,4.35207e-14,2.22826e-11,4.45652e-11,D,"1 Kilobyte (KB) = 1024^-4 Petabyte (PB)(s) (relative scale), so 49 Kilobyte (KB)(s) = 4.45652e-11 Petabyte (PB)(s).",Hardware,Storage Units
How many Terabyte (TB)s is 3 Petabyte (PB)(s) equal to?,3072,3,307.2,3.14573e+06,A,"1 Petabyte (PB) = 1024^1 Terabyte (TB)(s) (relative scale), so 3 Petabyte (PB)(s) = 3072 Terabyte (TB)(s).",Hardware,Storage Units
How many Petabyte (PB)s is 35 Gigabyte (GB)(s) equal to?,3.33786e-05,3.33786e-08,0.000333786,0.0333786,A,"1 Gigabyte (GB) = 1024^-2 Petabyte (PB)(s) (relative scale), so 35 Gigabyte (GB)(s) = 3.33786e-05 Petabyte (PB)(s).",Hardware,Storage Units
How many Kilobyte (KB)s is 36 Terabyte (TB)(s) equal to?,3.86547e+10,3.95824e+13,3.86547e+13,3.86547e+07,A,"1 Terabyte (TB) = 1024^3 Kilobyte (KB)(s) (relative scale), so 36 Terabyte (TB)(s) = 3.86547e+10 Kilobyte (KB)(s).",Hardware,Storage Units
"Which term matches this description: ""a CPU containing two or more independent processing units (cores) on a single chip""?",overclocking,a laptop's trackpad,a multi-core processor,a graphics card,C,The description matches a multi-core processor: a CPU containing two or more independent processing units (cores) on a single chip,Hardware,Processors
How many Kilobyte (KB)s is 10 Terabyte (TB)(s) equal to?,5.36871e+09,1.07374e+11,1.07374e+10,1.07374e+09,C,"1 Terabyte (TB) = 1024^3 Kilobyte (KB)(s) (relative scale), so 10 Terabyte (TB)(s) = 1.07374e+10 Kilobyte (KB)(s).",Hardware,Storage Units
How many Kilobyte (KB)s is 10 Gigabyte (GB)(s) equal to?,10485.8,1.04858e+06,10240,1.04858e+07,D,"1 Gigabyte (GB) = 1024^2 Kilobyte (KB)(s) (relative scale), so 10 Gigabyte (GB)(s) = 1.04858e+07 Kilobyte (KB)(s).",Hardware,Storage Units
How many Gigabyte (GB)s is 36 Byte(s) equal to?,3.35276e-08,3.35276e-09,3.43323e-05,3.35276e-05,A,"1 Byte = 1024^-3 Gigabyte (GB)(s) (relative scale), so 36 Byte(s) = 3.35276e-08 Gigabyte (GB)(s).",Hardware,Storage Units
How many Bytes is 8 Terabyte (TB)(s) equal to?,8.79609e+15,4.39805e+12,9.0072e+15,8.79609e+12,D,"1 Terabyte (TB) = 1024^4 Byte(s) (relative scale), so 8 Terabyte (TB)(s) = 8.79609e+12 Byte(s).",Hardware,Storage Units
How many Terabyte (TB)s is 42 Kilobyte (KB)(s) equal to?,3.81988e-11,3.91155e-11,3.91155e-08,3.91155e-05,C,"1 Kilobyte (KB) = 1024^-3 Terabyte (TB)(s) (relative scale), so 42 Kilobyte (KB)(s) = 3.91155e-08 Terabyte (TB)(s).",Hardware,Storage Units
"Fill in the blank: ______ refers to ""a networking device that connects devices within a network and forwards data based on MAC addresses"".",a switch (networking device),Wi-Fi,a router,a hub (networking device),A,a switch (networking device) refers to: a networking device that connects devices within a network and forwards data based on MAC addresses,Hardware,Networking Hardware
How many Kilobyte (KB)s is 27 Megabyte (MB)(s) equal to?,2.83116e+07,2764.8,27.648,27648,D,"1 Megabyte (MB) = 1024^1 Kilobyte (KB)(s) (relative scale), so 27 Megabyte (MB)(s) = 27648 Kilobyte (KB)(s).",Hardware,Storage Units
How many Terabyte (TB)s is 40 Byte(s) equal to?,3.55271e-14,3.63798e-11,3.72529e-08,3.63798e-08,B,"1 Byte = 1024^-4 Terabyte (TB)(s) (relative scale), so 40 Byte(s) = 3.63798e-11 Terabyte (TB)(s).",Hardware,Storage Units
"Fill in the blank: ______ refers to ""an input device that allows users to draw or write digitally using a stylus"".",a biometric scanner,a graphics tablet,a barcode scanner,a laptop's trackpad,B,a graphics tablet refers to: an input device that allows users to draw or write digitally using a stylus,Hardware,Input Devices
How many Megabyte (MB)s is 15 Gigabyte (GB)(s) equal to?,153600,15360,15.36,7680,B,"1 Gigabyte (GB) = 1024^1 Megabyte (MB)(s) (relative scale), so 15 Gigabyte (GB)(s) = 15360 Megabyte (MB)(s).",Hardware,Storage Units
How many Petabyte (PB)s is 8 Byte(s) equal to?,7.10543e-16,7.10543e-15,3.55271e-15,7.10543e-18,B,"1 Byte = 1024^-5 Petabyte (PB)(s) (relative scale), so 8 Byte(s) = 7.10543e-15 Petabyte (PB)(s).",Hardware,Storage Units
How many Gigabyte (GB)s is 13 Terabyte (TB)(s) equal to?,13312,1331.2,1.3312e+07,13,A,"1 Terabyte (TB) = 1024^1 Gigabyte (GB)(s) (relative scale), so 13 Terabyte (TB)(s) = 13312 Gigabyte (GB)(s).",Hardware,Storage Units
How many Gigabyte (GB)s is 33 Megabyte (MB)(s) equal to?,0.0161133,3.14713e-05,0.00322266,0.0322266,D,"1 Megabyte (MB) = 1024^-1 Gigabyte (GB)(s) (relative scale), so 33 Megabyte (MB)(s) = 0.0322266 Gigabyte (GB)(s).",Hardware,Storage Units
"Which term matches this description: ""a data storage device that uses flash memory to store data, offering faster speeds than traditional HDDs""?",a cooling fan,a hard disk drive (HDD),a solid-state drive (SSD),clock speed,C,"The description matches a solid-state drive (SSD): a data storage device that uses flash memory to store data, offering faster speeds than traditional HDDs",Hardware,Storage Devices
"Fill in the blank: ______ refers to ""a small, portable data storage device that uses flash memory and connects via a USB port"".",a hard disk drive (HDD),a cooling fan,hardware,a USB flash drive,D,"a USB flash drive refers to: a small, portable data storage device that uses flash memory and connects via a USB port",Hardware,Storage Devices
Which statement correctly describes a hub (networking device)?,"a basic networking device that connects multiple devices, broadcasting data to all connected ports",a wireless networking technology that allows devices to connect to the internet without physical cables,a networking device that forwards data packets between computer networks,a device that converts digital data into analog signals (and vice versa) for transmission over communication lines,A,"By definition, a hub (networking device) is: a basic networking device that connects multiple devices, broadcasting data to all connected ports",Hardware,Networking Hardware
Which statement correctly describes an expansion slot?,"a specialised processor designed to accelerate rendering of images, video, and animations",a device that provides backup power to a computer system in the event of a power outage,a device that converts digital data into analog signals (and vice versa) for transmission over communication lines,"a socket on a motherboard used to install additional hardware components, such as graphics cards",D,"By definition, an expansion slot is: a socket on a motherboard used to install additional hardware components, such as graphics cards",Hardware,Motherboard
How many Kilobyte (KB)s is 25 Megabyte (MB)(s) equal to?,51200,25600,2560,2.56e+07,B,"1 Megabyte (MB) = 1024^1 Kilobyte (KB)(s) (relative scale), so 25 Megabyte (MB)(s) = 25600 Kilobyte (KB)(s).",Hardware,Storage Units
"Fill in the blank: ______ refers to ""an input device that converts sound into an electrical signal for recording or processing"".",a scanner,a microphone,a keyboard,a biometric scanner,B,a microphone refers to: an input device that converts sound into an electrical signal for recording or processing,Hardware,Input Devices
How many Petabyte (PB)s is 41 Kilobyte (KB)(s) equal to?,3.72893e-11,3.64153e-14,3.81842e-08,7.45786e-11,A,"1 Kilobyte (KB) = 1024^-4 Petabyte (PB)(s) (relative scale), so 41 Kilobyte (KB)(s) = 3.72893e-11 Petabyte (PB)(s).",Hardware,Storage Units
How many Petabyte (PB)s is 17 Gigabyte (GB)(s) equal to?,0.0166016,1.62125e-08,3.24249e-05,1.62125e-05,D,"1 Gigabyte (GB) = 1024^-2 Petabyte (PB)(s) (relative scale), so 17 Gigabyte (GB)(s) = 1.62125e-05 Petabyte (PB)(s).",Hardware,Storage Units
How many Terabyte (TB)s is 9 Megabyte (MB)(s) equal to?,8.58307e-06,8.3819e-09,8.58307e-09,8.58307e-07,A,"1 Megabyte (MB) = 1024^-2 Terabyte (TB)(s) (relative scale), so 9 Megabyte (MB)(s) = 8.58307e-06 Terabyte (TB)(s).",Hardware,Storage Units
How many Terabyte (TB)s is 21 Kilobyte (KB)(s) equal to?,2.00272e-05,1.90994e-11,1.95578e-05,1.95578e-08,D,"1 Kilobyte (KB) = 1024^-3 Terabyte (TB)(s) (relative scale), so 21 Kilobyte (KB)(s) = 1.95578e-08 Terabyte (TB)(s).",Hardware,Storage Units
How many Megabyte (MB)s is 21 Terabyte (TB)(s) equal to?,1.101e+07,2.20201e+06,21504,2.20201e+07,D,"1 Terabyte (TB) = 1024^2 Megabyte (MB)(s) (relative scale), so 21 Terabyte (TB)(s) = 2.20201e+07 Megabyte (MB)(s).",Hardware,Storage Units
Which statement correctly describes a UPS (Uninterruptible Power Supply)?,"a facility used to house computer systems and associated components, such as servers and storage systems","a powerful computer designed to provide services, resources, or data to other computers on a network",a device that provides backup power to a computer system in the event of a power outage,the enclosure that houses and protects a computer's internal components,C,"By definition, a UPS (Uninterruptible Power Supply) is: a device that provides backup power to a computer system in the event of a power outage",Hardware,Computer Components
How many Gigabyte (GB)s is 30 Byte(s) equal to?,2.79397e-11,2.79397e-05,2.79397e-08,2.79397e-07,C,"1 Byte = 1024^-3 Gigabyte (GB)(s) (relative scale), so 30 Byte(s) = 2.79397e-08 Gigabyte (GB)(s).",Hardware,Storage Units
How many Megabyte (MB)s is 1 Byte(s) equal to?,0.000953674,9.53674e-07,9.53674e-10,0.000976562,B,"1 Byte = 1024^-2 Megabyte (MB)(s) (relative scale), so 1 Byte(s) = 9.53674e-07 Megabyte (MB)(s).",Hardware,Storage Units
How many Bytes is 30 Petabyte (PB)(s) equal to?,3.45876e+19,6.7554e+16,3.3777e+16,3.3777e+13,C,"1 Petabyte (PB) = 1024^5 Byte(s) (relative scale), so 30 Petabyte (PB)(s) = 3.3777e+16 Byte(s).",Hardware,Storage Units
How many Petabyte (PB)s is 41 Byte(s) equal to?,3.64153e-17,3.55618e-17,3.64153e-14,3.64153e-15,C,"1 Byte = 1024^-5 Petabyte (PB)(s) (relative scale), so 41 Byte(s) = 3.64153e-14 Petabyte (PB)(s).",Hardware,Storage Units
"Which term matches this description: ""an input device used to convert physical documents or images into digital format""?",an optical mouse,a scanner,a keyboard,a joystick,B,The description matches a scanner: an input device used to convert physical documents or images into digital format,Hardware,Input Devices
Which statement correctly describes a sound card?,an expansion card that enables a computer to process and output audio signals,a hardware component used to circulate air and prevent computer components from overheating,a device that converts analog signals into digital data that a computer can process,a rechargeable power source that allows a laptop to operate without being plugged into an outlet,A,"By definition, a sound card is: an expansion card that enables a computer to process and output audio signals",Hardware,Computer Components
How many Terabyte (TB)s is 5 Megabyte (MB)(s) equal to?,4.65661e-09,0.00488281,2.38419e-06,4.76837e-06,D,"1 Megabyte (MB) = 1024^-2 Terabyte (TB)(s) (relative scale), so 5 Megabyte (MB)(s) = 4.76837e-06 Terabyte (TB)(s).",Hardware,Storage Units
How many Petabyte (PB)s is 39 Gigabyte (GB)(s) equal to?,3.71933e-06,3.71933e-05,0.000371933,0.0380859,B,"1 Gigabyte (GB) = 1024^-2 Petabyte (PB)(s) (relative scale), so 39 Gigabyte (GB)(s) = 3.71933e-05 Petabyte (PB)(s).",Hardware,Storage Units
How many Petabyte (PB)s is 33 Gigabyte (GB)(s) equal to?,0.000314713,3.14713e-05,3.07336e-08,0.0322266,B,"1 Gigabyte (GB) = 1024^-2 Petabyte (PB)(s) (relative scale), so 33 Gigabyte (GB)(s) = 3.14713e-05 Petabyte (PB)(s).",Hardware,Storage Units
"Fill in the blank: ______ refers to ""a socket on a motherboard used to install additional hardware components, such as graphics cards"".",cache memory,Wi-Fi,an expansion slot,a keyboard,C,"an expansion slot refers to: a socket on a motherboard used to install additional hardware components, such as graphics cards",Hardware,Motherboard
How many Petabyte (PB)s is 28 Byte(s) equal to?,2.4869e-14,2.4869e-11,1.24345e-14,2.42861e-17,A,"1 Byte = 1024^-5 Petabyte (PB)(s) (relative scale), so 28 Byte(s) = 2.4869e-14 Petabyte (PB)(s).",Hardware,Storage Units
How many Megabyte (MB)s is 11 Kilobyte (KB)(s) equal to?,11,0.0107422,0.00107422,10.7422,B,"1 Kilobyte (KB) = 1024^-1 Megabyte (MB)(s) (relative scale), so 11 Kilobyte (KB)(s) = 0.0107422 Megabyte (MB)(s).",Hardware,Storage Units
How many Petabyte (PB)s is 3 Gigabyte (GB)(s) equal to?,5.72205e-06,0.00286102,2.86102e-05,2.86102e-06,D,"1 Gigabyte (GB) = 1024^-2 Petabyte (PB)(s) (relative scale), so 3 Gigabyte (GB)(s) = 2.86102e-06 Petabyte (PB)(s).",Hardware,Storage Units
How many Megabyte (MB)s is 12 Kilobyte (KB)(s) equal to?,0.0117188,11.7188,12,0.00117188,A,"1 Kilobyte (KB) = 1024^-1 Megabyte (MB)(s) (relative scale), so 12 Kilobyte (KB)(s) = 0.0117188 Megabyte (MB)(s).",Hardware,Storage Units
How many Megabyte (MB)s is 18 Byte(s) equal to?,3.43323e-05,1.71661e-05,0.0171661,1.71661e-08,B,"1 Byte = 1024^-2 Megabyte (MB)(s) (relative scale), so 18 Byte(s) = 1.71661e-05 Megabyte (MB)(s).",Hardware,Storage Units
How many Terabyte (TB)s is 29 Byte(s) equal to?,2.70084e-08,2.63753e-11,5.27507e-11,2.63753e-10,B,"1 Byte = 1024^-4 Terabyte (TB)(s) (relative scale), so 29 Byte(s) = 2.63753e-11 Terabyte (TB)(s).",Hardware,Storage Units
Which statement correctly describes a scanner?,an input device used to convert physical documents or images into digital format,an input device that allows users to draw or write digitally using a stylus,an input device that converts sound into an electrical signal for recording or processing,"hardware used to enter data or commands into a computer, such as a keyboard or mouse",A,"By definition, a scanner is: an input device used to convert physical documents or images into digital format",Hardware,Input Devices
How many Megabyte (MB)s is 27 Petabyte (PB)(s) equal to?,2.8991e+10,2.96868e+13,2.83116e+07,1.44955e+10,A,"1 Petabyte (PB) = 1024^3 Megabyte (MB)(s) (relative scale), so 27 Petabyte (PB)(s) = 2.8991e+10 Megabyte (MB)(s).",Hardware,Storage Units
"Fill in the blank: ______ refers to ""an input device commonly used for gaming, allowing control of movement in multiple directions"".",an optical mouse,a joystick,a barcode scanner,a biometric scanner,B,"a joystick refers to: an input device commonly used for gaming, allowing control of movement in multiple directions",Hardware,Input Devices
"Which term matches this description: ""a standard connector used to connect peripherals like keyboards, mice, and storage devices to a computer""?",a modem,a USB port,a chipset,cache memory,B,"The description matches a USB port: a standard connector used to connect peripherals like keyboards, mice, and storage devices to a computer",Hardware,Ports and Connectors
"Fill in the blank: ______ refers to ""typically a system-on-chip (SoC) that integrates the CPU, GPU, and other components into a single chip"".",a graphics card,virtual memory,a smartphone's processor,UEFI (Unified Extensible Firmware Interface),C,"a smartphone's processor refers to: typically a system-on-chip (SoC) that integrates the CPU, GPU, and other components into a single chip",Hardware,Hardware Basics
How many Bytes is 42 Megabyte (MB)(s) equal to?,8.80804e+07,4.40402e+10,2.20201e+07,4.40402e+07,D,"1 Megabyte (MB) = 1024^2 Byte(s) (relative scale), so 42 Megabyte (MB)(s) = 4.40402e+07 Byte(s).",Hardware,Storage Units
Which hardware device is primarily responsible for capturing live video for calls or recording?,plotter,webcam,solid-state drive (SSD),microphone,B,A webcam is responsible for capturing live video for calls or recording.,Hardware,Device Functions
How many Terabyte (TB)s is 40 Petabyte (PB)(s) equal to?,409600,40.96,81920,40960,D,"1 Petabyte (PB) = 1024^1 Terabyte (TB)(s) (relative scale), so 40 Petabyte (PB)(s) = 40960 Terabyte (TB)(s).",Hardware,Storage Units
Which statement correctly describes a plotter?,"an output device used to produce high-quality vector graphics, often used in engineering and architecture",the main circuit board of a computer that connects and allows communication between components,"a powerful computer designed to provide services, resources, or data to other computers on a network",a pointing input device used to interact with a computer's graphical user interface,A,"By definition, a plotter is: an output device used to produce high-quality vector graphics, often used in engineering and architecture",Hardware,Output Devices
"Fill in the blank: ______ refers to ""a hardware component designed to absorb and dissipate heat away from a computer's processor"".",overclocking,a server (hardware),a DAC (Digital-to-Analog Converter),a heat sink,D,a heat sink refers to: a hardware component designed to absorb and dissipate heat away from a computer's processor,Hardware,Computer Components
How many Megabyte (MB)s is 2 Terabyte (TB)(s) equal to?,2.09715e+07,1.04858e+06,2.09715e+06,4.1943e+06,C,"1 Terabyte (TB) = 1024^2 Megabyte (MB)(s) (relative scale), so 2 Terabyte (TB)(s) = 2.09715e+06 Megabyte (MB)(s).",Hardware,Storage Units
How many Bytes is 5 Gigabyte (GB)(s) equal to?,1.07374e+10,5.49756e+12,5.36871e+09,5.24288e+06,C,"1 Gigabyte (GB) = 1024^3 Byte(s) (relative scale), so 5 Gigabyte (GB)(s) = 5.36871e+09 Byte(s).",Hardware,Storage Units
How many Gigabyte (GB)s is 37 Kilobyte (KB)(s) equal to?,7.05719e-05,0.0352859,0.000352859,3.52859e-05,D,"1 Kilobyte (KB) = 1024^-2 Gigabyte (GB)(s) (relative scale), so 37 Kilobyte (KB)(s) = 3.52859e-05 Gigabyte (GB)(s).",Hardware,Storage Units
What is UEFI (Unified Extensible Firmware Interface)?,"a small, fast type of volatile memory located close to the CPU, used to speed up data access","a modern firmware interface that replaces the traditional BIOS, offering more features and faster boot times",an output device used to produce a physical copy of digital documents or images,"an output device used to produce high-quality vector graphics, often used in engineering and architecture",B,"UEFI (Unified Extensible Firmware Interface) is: a modern firmware interface that replaces the traditional BIOS, offering more features and faster boot times",Hardware,Motherboard
"Which term matches this description: ""an input device that allows users to draw or write digitally using a stylus""?",a mouse,a biometric scanner,a joystick,a graphics tablet,D,The description matches a graphics tablet: an input device that allows users to draw or write digitally using a stylus,Hardware,Input Devices
"Which term matches this description: ""a type of volatile memory used to temporarily store data that a computer is actively using""?",a power supply unit (PSU),RAM (Random Access Memory),a graphics tablet,hardware,B,The description matches RAM (Random Access Memory): a type of volatile memory used to temporarily store data that a computer is actively using,Hardware,Memory
What is an output device?,an input and output device that allows users to interact with a display by touching it directly,"hardware used to present data processed by a computer, such as a monitor or printer","an output device used to produce high-quality vector graphics, often used in engineering and architecture","a storage medium, such as a CD or DVD, that uses laser technology to read and write data",B,"an output device is: hardware used to present data processed by a computer, such as a monitor or printer",Hardware,Output Devices
How many Kilobyte (KB)s is 11 Megabyte (MB)(s) equal to?,11264,5632,1.1264e+07,112640,A,"1 Megabyte (MB) = 1024^1 Kilobyte (KB)(s) (relative scale), so 11 Megabyte (MB)(s) = 11264 Kilobyte (KB)(s).",Hardware,Storage Units
How many Terabyte (TB)s is 47 Kilobyte (KB)(s) equal to?,8.75443e-08,4.48227e-05,4.37722e-09,4.37722e-08,D,"1 Kilobyte (KB) = 1024^-3 Terabyte (TB)(s) (relative scale), so 47 Kilobyte (KB)(s) = 4.37722e-08 Terabyte (TB)(s).",Hardware,Storage Units
Which statement correctly describes a solid-state drive (SSD)?,"an input device commonly used for gaming, allowing control of movement in multiple directions",a port used to connect a computer to a wired network using an ethernet cable,"a data storage device that uses flash memory to store data, offering faster speeds than traditional HDDs",an older analog video connector used to connect monitors to computers,C,"By definition, a solid-state drive (SSD) is: a data storage device that uses flash memory to store data, offering faster speeds than traditional HDDs",Hardware,Storage Devices
How many Gigabyte (GB)s is 8 Petabyte (PB)(s) equal to?,8.38861e+06,8.58993e+09,8388.61,1.67772e+07,A,"1 Petabyte (PB) = 1024^2 Gigabyte (GB)(s) (relative scale), so 8 Petabyte (PB)(s) = 8.38861e+06 Gigabyte (GB)(s).",Hardware,Storage Units
"Which term matches this description: ""an input device used to type text and commands into a computer""?",an optical mouse,a keyboard,a mechanical keyboard,an input device,B,The description matches a keyboard: an input device used to type text and commands into a computer,Hardware,Input Devices
How many Gigabyte (GB)s is 10 Terabyte (TB)(s) equal to?,1.04858e+07,1024,10.24,10240,D,"1 Terabyte (TB) = 1024^1 Gigabyte (GB)(s) (relative scale), so 10 Terabyte (TB)(s) = 10240 Gigabyte (GB)(s).",Hardware,Storage Units
How many Kilobyte (KB)s is 5 Byte(s) equal to?,0.0488281,4.88281e-06,0.000488281,0.00488281,D,"1 Byte = 1024^-1 Kilobyte (KB)(s) (relative scale), so 5 Byte(s) = 0.00488281 Kilobyte (KB)(s).",Hardware,Storage Units
How many Terabyte (TB)s is 11 Byte(s) equal to?,1.00044e-10,9.76996e-15,2.00089e-11,1.00044e-11,D,"1 Byte = 1024^-4 Terabyte (TB)(s) (relative scale), so 11 Byte(s) = 1.00044e-11 Terabyte (TB)(s).",Hardware,Storage Units
How many Kilobyte (KB)s is 11 Gigabyte (GB)(s) equal to?,1.18112e+10,1.15343e+10,11264,1.15343e+07,D,"1 Gigabyte (GB) = 1024^2 Kilobyte (KB)(s) (relative scale), so 11 Gigabyte (GB)(s) = 1.15343e+07 Kilobyte (KB)(s).",Hardware,Storage Units
"Fill in the blank: ______ refers to ""a wireless technology standard used for exchanging data over short distances between devices"".",a router,a switch (networking device),a hub (networking device),Bluetooth,D,Bluetooth refers to: a wireless technology standard used for exchanging data over short distances between devices,Hardware,Networking Hardware
How many Petabyte (PB)s is 6 Byte(s) equal to?,5.32907e-16,5.32907e-15,1.06581e-14,5.32907e-12,B,"1 Byte = 1024^-5 Petabyte (PB)(s) (relative scale), so 6 Byte(s) = 5.32907e-15 Petabyte (PB)(s).",Hardware,Storage Units
How many Kilobyte (KB)s is 11 Byte(s) equal to?,1.07422e-05,11,1.04904e-05,0.0107422,D,"1 Byte = 1024^-1 Kilobyte (KB)(s) (relative scale), so 11 Byte(s) = 0.0107422 Kilobyte (KB)(s).",Hardware,Storage Units
How many Megabyte (MB)s is 27 Kilobyte (KB)(s) equal to?,2.57492e-05,2.63672e-05,0.0263672,0.00263672,C,"1 Kilobyte (KB) = 1024^-1 Megabyte (MB)(s) (relative scale), so 27 Kilobyte (KB)(s) = 0.0263672 Megabyte (MB)(s).",Hardware,Storage Units
How many Gigabyte (GB)s is 49 Kilobyte (KB)(s) equal to?,4.56348e-08,9.34601e-05,0.0004673,4.673e-05,D,"1 Kilobyte (KB) = 1024^-2 Gigabyte (GB)(s) (relative scale), so 49 Kilobyte (KB)(s) = 4.673e-05 Gigabyte (GB)(s).",Hardware,Storage Units
How many Megabyte (MB)s is 20 Petabyte (PB)(s) equal to?,4.29497e+10,2.14748e+10,2.09715e+07,2.14748e+11,B,"1 Petabyte (PB) = 1024^3 Megabyte (MB)(s) (relative scale), so 20 Petabyte (PB)(s) = 2.14748e+10 Megabyte (MB)(s).",Hardware,Storage Units
How many Gigabyte (GB)s is 39 Kilobyte (KB)(s) equal to?,0.000371933,3.71933e-05,3.63216e-08,0.0371933,B,"1 Kilobyte (KB) = 1024^-2 Gigabyte (GB)(s) (relative scale), so 39 Kilobyte (KB)(s) = 3.71933e-05 Gigabyte (GB)(s).",Hardware,Storage Units
How many Megabyte (MB)s is 20 Kilobyte (KB)(s) equal to?,20,0.0195312,1.95313e-05,0.00976562,B,"1 Kilobyte (KB) = 1024^-1 Megabyte (MB)(s) (relative scale), so 20 Kilobyte (KB)(s) = 0.0195312 Megabyte (MB)(s).",Hardware,Storage Units
How many Gigabyte (GB)s is 38 Petabyte (PB)(s) equal to?,3.98459e+10,3.98459e+07,39845.9,38912,B,"1 Petabyte (PB) = 1024^2 Gigabyte (GB)(s) (relative scale), so 38 Petabyte (PB)(s) = 3.98459e+07 Gigabyte (GB)(s).",Hardware,Storage Units
Which statement correctly describes a VGA port?,an older analog video connector used to connect monitors to computers,an input and output device that allows users to interact with a display by touching it directly,an output device used to produce a physical copy of digital documents or images,an expansion card that enables a computer to process and output audio signals,A,"By definition, a VGA port is: an older analog video connector used to connect monitors to computers",Hardware,Ports and Connectors
"Which term matches this description: ""a powerful computer designed to provide services, resources, or data to other computers on a network""?",a docking station,a server (hardware),a graphics card's VRAM,a laptop battery,B,"The description matches a server (hardware): a powerful computer designed to provide services, resources, or data to other computers on a network",Hardware,Computer Components
How many Gigabyte (GB)s is 32 Kilobyte (KB)(s) equal to?,1.52588e-05,3.05176e-06,0.0305176,3.05176e-05,D,"1 Kilobyte (KB) = 1024^-2 Gigabyte (GB)(s) (relative scale), so 32 Kilobyte (KB)(s) = 3.05176e-05 Gigabyte (GB)(s).",Hardware,Storage Units
How many Bytes is 50 Kilobyte (KB)(s) equal to?,5120,5.24288e+07,5.12e+07,51200,D,"1 Kilobyte (KB) = 1024^1 Byte(s) (relative scale), so 50 Kilobyte (KB)(s) = 51200 Byte(s).",Hardware,Storage Units
How many Gigabyte (GB)s is 29 Terabyte (TB)(s) equal to?,59392,2.9696e+07,14848,29696,D,"1 Terabyte (TB) = 1024^1 Gigabyte (GB)(s) (relative scale), so 29 Terabyte (TB)(s) = 29696 Gigabyte (GB)(s).",Hardware,Storage Units
How many Terabyte (TB)s is 31 Megabyte (MB)(s) equal to?,0.0295639,5.91278e-05,2.95639e-05,0.000295639,C,"1 Megabyte (MB) = 1024^-2 Terabyte (TB)(s) (relative scale), so 31 Megabyte (MB)(s) = 2.95639e-05 Terabyte (TB)(s).",Hardware,Storage Units
How many Megabyte (MB)s is 35 Gigabyte (GB)(s) equal to?,35.84,35,35840,17920,C,"1 Gigabyte (GB) = 1024^1 Megabyte (MB)(s) (relative scale), so 35 Gigabyte (GB)(s) = 35840 Megabyte (MB)(s).",Hardware,Storage Units
How many Megabyte (MB)s is 25 Gigabyte (GB)(s) equal to?,12800,25.6,2560,25600,D,"1 Gigabyte (GB) = 1024^1 Megabyte (MB)(s) (relative scale), so 25 Gigabyte (GB)(s) = 25600 Megabyte (MB)(s).",Hardware,Storage Units
How many Kilobyte (KB)s is 35 Terabyte (TB)(s) equal to?,3.7581e+13,3.7581e+10,3.67002e+07,3.84829e+13,B,"1 Terabyte (TB) = 1024^3 Kilobyte (KB)(s) (relative scale), so 35 Terabyte (TB)(s) = 3.7581e+10 Kilobyte (KB)(s).",Hardware,Storage Units
How many Megabyte (MB)s is 8 Byte(s) equal to?,1.52588e-05,7.62939e-09,7.62939e-06,7.62939e-05,C,"1 Byte = 1024^-2 Megabyte (MB)(s) (relative scale), so 8 Byte(s) = 7.62939e-06 Megabyte (MB)(s).",Hardware,Storage Units
How many Megabyte (MB)s is 16 Terabyte (TB)(s) equal to?,1.71799e+10,1.67772e+10,16384,1.67772e+07,D,"1 Terabyte (TB) = 1024^2 Megabyte (MB)(s) (relative scale), so 16 Terabyte (TB)(s) = 1.67772e+07 Megabyte (MB)(s).",Hardware,Storage Units
How many Gigabyte (GB)s is 10 Petabyte (PB)(s) equal to?,10240,1.04858e+06,2.09715e+07,1.04858e+07,D,"1 Petabyte (PB) = 1024^2 Gigabyte (GB)(s) (relative scale), so 10 Petabyte (PB)(s) = 1.04858e+07 Gigabyte (GB)(s).",Hardware,Storage Units
How many Terabyte (TB)s is 29 Kilobyte (KB)(s) equal to?,2.70084e-08,2.70084e-11,2.76566e-05,2.70084e-05,A,"1 Kilobyte (KB) = 1024^-3 Terabyte (TB)(s) (relative scale), so 29 Kilobyte (KB)(s) = 2.70084e-08 Terabyte (TB)(s).",Hardware,Storage Units
How many Terabyte (TB)s is 26 Byte(s) equal to?,1.18234e-11,2.36469e-12,2.36469e-11,2.30926e-14,C,"1 Byte = 1024^-4 Terabyte (TB)(s) (relative scale), so 26 Byte(s) = 2.36469e-11 Terabyte (TB)(s).",Hardware,Storage Units
What is ROM (Read-Only Memory)?,an older analog video connector used to connect monitors to computers,the practice of increasing a computer component's operating speed beyond its factory-set limits,"a type of non-volatile memory that permanently stores data, typically used for firmware",a memory management technique that uses hard disk space to simulate additional RAM,C,"ROM (Read-Only Memory) is: a type of non-volatile memory that permanently stores data, typically used for firmware",Hardware,Memory
How many Terabyte (TB)s is 12 Byte(s) equal to?,1.09139e-11,1.09139e-08,1.09139e-10,1.06581e-14,A,"1 Byte = 1024^-4 Terabyte (TB)(s) (relative scale), so 12 Byte(s) = 1.09139e-11 Terabyte (TB)(s).",Hardware,Storage Units
How many Gigabyte (GB)s is 7 Terabyte (TB)(s) equal to?,7,716.8,7.34003e+06,7168,D,"1 Terabyte (TB) = 1024^1 Gigabyte (GB)(s) (relative scale), so 7 Terabyte (TB)(s) = 7168 Gigabyte (GB)(s).",Hardware,Storage Units
Which statement correctly describes a modem?,a cable used to connect devices within a local area network for wired internet access,a device that converts digital data into analog signals (and vice versa) for transmission over communication lines,a networking device that connects devices within a network and forwards data based on MAC addresses,"hardware that allows a computer to connect to a network, either wired or wireless",B,"By definition, a modem is: a device that converts digital data into analog signals (and vice versa) for transmission over communication lines",Hardware,Networking Hardware
Which hardware device is primarily responsible for executing instructions and performing calculations for the computer?,CPU (processor),network interface card (NIC),RAM module,microphone,A,A CPU (processor) is responsible for executing instructions and performing calculations for the computer.,Hardware,Device Functions
"Which term matches this description: ""typically a system-on-chip (SoC) that integrates the CPU, GPU, and other components into a single chip""?",a USB port,clock speed,a smartphone's processor,a joystick,C,"The description matches a smartphone's processor: typically a system-on-chip (SoC) that integrates the CPU, GPU, and other components into a single chip",Hardware,Hardware Basics
Which statement correctly describes a USB flash drive?,"a small, portable data storage device that uses flash memory and connects via a USB port","an input device commonly used for gaming, allowing control of movement in multiple directions","a socket on a motherboard used to install additional hardware components, such as graphics cards",an output device that converts electrical signals into audible sound,A,"By definition, a USB flash drive is: a small, portable data storage device that uses flash memory and connects via a USB port",Hardware,Storage Devices
How many Petabyte (PB)s is 11 Kilobyte (KB)(s) equal to?,1.02445e-08,1.00044e-11,1.00044e-14,1.00044e-08,B,"1 Kilobyte (KB) = 1024^-4 Petabyte (PB)(s) (relative scale), so 11 Kilobyte (KB)(s) = 1.00044e-11 Petabyte (PB)(s).",Hardware,Storage Units
"Fill in the blank: ______ refers to ""the enclosure that houses and protects a computer's internal components"".",a computer case (chassis),a graphics card's VRAM,a power supply unit (PSU),a server (hardware),A,a computer case (chassis) refers to: the enclosure that houses and protects a computer's internal components,Hardware,Computer Components
How many Kilobyte (KB)s is 34 Petabyte (PB)(s) equal to?,3.73834e+14,3.73834e+16,3.73834e+12,3.73834e+13,D,"1 Petabyte (PB) = 1024^4 Kilobyte (KB)(s) (relative scale), so 34 Petabyte (PB)(s) = 3.73834e+13 Kilobyte (KB)(s).",Hardware,Storage Units
How many Terabyte (TB)s is 1 Megabyte (MB)(s) equal to?,0.000953674,9.53674e-07,1.90735e-06,9.53674e-10,B,"1 Megabyte (MB) = 1024^-2 Terabyte (TB)(s) (relative scale), so 1 Megabyte (MB)(s) = 9.53674e-07 Terabyte (TB)(s).",Hardware,Storage Units
How many Petabyte (PB)s is 6 Terabyte (TB)(s) equal to?,0.000585938,0.0117188,0.0585938,0.00585938,D,"1 Terabyte (TB) = 1024^-1 Petabyte (PB)(s) (relative scale), so 6 Terabyte (TB)(s) = 0.00585938 Petabyte (PB)(s).",Hardware,Storage Units
How many Petabyte (PB)s is 11 Megabyte (MB)(s) equal to?,5.12227e-09,1.02445e-08,1.02445e-05,1.00044e-11,B,"1 Megabyte (MB) = 1024^-3 Petabyte (PB)(s) (relative scale), so 11 Megabyte (MB)(s) = 1.02445e-08 Petabyte (PB)(s).",Hardware,Storage Units
Which hardware device is primarily responsible for processing and outputting audio signals from a computer?,RAM module,sound card,scanner,graphics card (GPU),B,A sound card is responsible for processing and outputting audio signals from a computer.,Hardware,Device Functions
How many Gigabyte (GB)s is 42 Terabyte (TB)(s) equal to?,4.3008e+07,42,4.40402e+07,43008,D,"1 Terabyte (TB) = 1024^1 Gigabyte (GB)(s) (relative scale), so 42 Terabyte (TB)(s) = 43008 Gigabyte (GB)(s).",Hardware,Storage Units
How many Gigabyte (GB)s is 14 Byte(s) equal to?,1.30385e-09,1.30385e-05,2.6077e-08,1.30385e-08,D,"1 Byte = 1024^-3 Gigabyte (GB)(s) (relative scale), so 14 Byte(s) = 1.30385e-08 Gigabyte (GB)(s).",Hardware,Storage Units
How many Terabyte (TB)s is 50 Gigabyte (GB)(s) equal to?,4.76837e-05,0.00488281,0.488281,0.0488281,D,"1 Gigabyte (GB) = 1024^-1 Terabyte (TB)(s) (relative scale), so 50 Gigabyte (GB)(s) = 0.0488281 Terabyte (TB)(s).",Hardware,Storage Units
What is a scanner?,"a touch-sensitive input device built into laptops, used as an alternative to a mouse",an input device used to read and decode information stored in barcodes,an input device used to convert physical documents or images into digital format,"an input device commonly used for gaming, allowing control of movement in multiple directions",C,a scanner is: an input device used to convert physical documents or images into digital format,Hardware,Input Devices
Which statement correctly describes a biometric scanner?,"a device that captures and identifies unique physical characteristics, such as fingerprints, for authentication","a keyboard that uses individual mechanical switches for each key, often preferred for tactile feedback","an input device used to capture video, typically for video calls or streaming",an input device that converts sound into an electrical signal for recording or processing,A,"By definition, a biometric scanner is: a device that captures and identifies unique physical characteristics, such as fingerprints, for authentication",Hardware,Input Devices
How many Megabyte (MB)s is 14 Byte(s) equal to?,6.67572e-06,0.0133514,1.33514e-08,1.33514e-05,D,"1 Byte = 1024^-2 Megabyte (MB)(s) (relative scale), so 14 Byte(s) = 1.33514e-05 Megabyte (MB)(s).",Hardware,Storage Units
How many Petabyte (PB)s is 16 Gigabyte (GB)(s) equal to?,1.52588e-05,1.52588e-06,1.52588e-08,3.05176e-05,A,"1 Gigabyte (GB) = 1024^-2 Petabyte (PB)(s) (relative scale), so 16 Gigabyte (GB)(s) = 1.52588e-05 Petabyte (PB)(s).",Hardware,Storage Units
How many Petabyte (PB)s is 34 Megabyte (MB)(s) equal to?,3.1665e-08,3.09228e-11,3.1665e-05,3.24249e-05,A,"1 Megabyte (MB) = 1024^-3 Petabyte (PB)(s) (relative scale), so 34 Megabyte (MB)(s) = 3.1665e-08 Petabyte (PB)(s).",Hardware,Storage Units
"Which term matches this description: ""hardware used to enter data or commands into a computer, such as a keyboard or mouse""?",a scanner,a barcode scanner,a graphics tablet,an input device,D,"The description matches an input device: hardware used to enter data or commands into a computer, such as a keyboard or mouse",Hardware,Input Devices
How many Terabyte (TB)s is 15 Gigabyte (GB)(s) equal to?,0.0146484,14.6484,0.0292969,0.00732422,A,"1 Gigabyte (GB) = 1024^-1 Terabyte (TB)(s) (relative scale), so 15 Gigabyte (GB)(s) = 0.0146484 Terabyte (TB)(s).",Hardware,Storage Units
How many Megabyte (MB)s is 37 Byte(s) equal to?,3.52859e-05,0.0352859,1.7643e-05,0.0361328,A,"1 Byte = 1024^-2 Megabyte (MB)(s) (relative scale), so 37 Byte(s) = 3.52859e-05 Megabyte (MB)(s).",Hardware,Storage Units
How many Kilobyte (KB)s is 21 Byte(s) equal to?,0.0410156,0.0205078,2.00272e-05,2.05078e-05,B,"1 Byte = 1024^-1 Kilobyte (KB)(s) (relative scale), so 21 Byte(s) = 0.0205078 Kilobyte (KB)(s).",Hardware,Storage Units
How many Gigabyte (GB)s is 18 Petabyte (PB)(s) equal to?,18432,1.88744e+06,9.43718e+06,1.88744e+07,D,"1 Petabyte (PB) = 1024^2 Gigabyte (GB)(s) (relative scale), so 18 Petabyte (PB)(s) = 1.88744e+07 Gigabyte (GB)(s).",Hardware,Storage Units
How many Petabyte (PB)s is 18 Gigabyte (GB)(s) equal to?,3.43323e-05,0.000171661,1.71661e-05,1.67638e-08,C,"1 Gigabyte (GB) = 1024^-2 Petabyte (PB)(s) (relative scale), so 18 Gigabyte (GB)(s) = 1.71661e-05 Petabyte (PB)(s).",Hardware,Storage Units
How many Kilobyte (KB)s is 48 Byte(s) equal to?,4.57764e-05,0.0046875,0.0234375,0.046875,D,"1 Byte = 1024^-1 Kilobyte (KB)(s) (relative scale), so 48 Byte(s) = 0.046875 Kilobyte (KB)(s).",Hardware,Storage Units
How many Bytes is 8 Gigabyte (GB)(s) equal to?,8.58993e+06,1.71799e+10,8.38861e+06,8.58993e+09,D,"1 Gigabyte (GB) = 1024^3 Byte(s) (relative scale), so 8 Gigabyte (GB)(s) = 8.58993e+09 Byte(s).",Hardware,Storage Units
Which statement correctly describes a cooling fan?,a hardware component designed to absorb and dissipate heat away from a computer's processor,a hardware component that converts electrical power from an outlet into usable power for computer components,a hardware component used to circulate air and prevent computer components from overheating,an expansion card responsible for rendering images and video for display on a monitor,C,"By definition, a cooling fan is: a hardware component used to circulate air and prevent computer components from overheating",Hardware,Computer Components
How many Bytes is 17 Gigabyte (GB)(s) equal to?,1.82536e+07,3.65072e+10,1.82536e+11,1.82536e+10,D,"1 Gigabyte (GB) = 1024^3 Byte(s) (relative scale), so 17 Gigabyte (GB)(s) = 1.82536e+10 Byte(s).",Hardware,Storage Units
How many Gigabyte (GB)s is 43 Byte(s) equal to?,8.00937e-08,4.00469e-05,4.00469e-08,4.00469e-09,C,"1 Byte = 1024^-3 Gigabyte (GB)(s) (relative scale), so 43 Byte(s) = 4.00469e-08 Gigabyte (GB)(s).",Hardware,Storage Units
How many Terabyte (TB)s is 20 Petabyte (PB)(s) equal to?,20.48,10240,40960,20480,D,"1 Petabyte (PB) = 1024^1 Terabyte (TB)(s) (relative scale), so 20 Petabyte (PB)(s) = 20480 Terabyte (TB)(s).",Hardware,Storage Units
How many Kilobyte (KB)s is 43 Terabyte (TB)(s) equal to?,4.61709e+13,4.61709e+07,4.61709e+10,4.61709e+09,C,"1 Terabyte (TB) = 1024^3 Kilobyte (KB)(s) (relative scale), so 43 Terabyte (TB)(s) = 4.61709e+10 Kilobyte (KB)(s).",Hardware,Storage Units
How many Megabyte (MB)s is 6 Kilobyte (KB)(s) equal to?,0.00585938,5.85938,0.0585938,5.85938e-06,A,"1 Kilobyte (KB) = 1024^-1 Megabyte (MB)(s) (relative scale), so 6 Kilobyte (KB)(s) = 0.00585938 Megabyte (MB)(s).",Hardware,Storage Units
Which statement correctly describes hardware?,"the physical components of a computer system, such as the CPU, memory, and storage devices","an output device used to produce high-quality vector graphics, often used in engineering and architecture",an output device that converts electrical signals into audible sound,"hardware that allows a computer to connect to a network, either wired or wireless",A,"By definition, hardware is: the physical components of a computer system, such as the CPU, memory, and storage devices",Hardware,Hardware Basics
"Which term matches this description: ""a socket on a motherboard used to install additional hardware components, such as graphics cards""?",an expansion slot,a server (hardware),a sound card,the GPU (Graphics Processing Unit),A,"The description matches an expansion slot: a socket on a motherboard used to install additional hardware components, such as graphics cards",Hardware,Motherboard
"Which term matches this description: ""a pointing input device used to interact with a computer's graphical user interface""?",a biometric scanner,a joystick,a touchscreen,a mouse,D,The description matches a mouse: a pointing input device used to interact with a computer's graphical user interface,Hardware,Input Devices
How many Gigabyte (GB)s is 30 Petabyte (PB)(s) equal to?,1.57286e+07,3.14573e+10,30720,3.14573e+07,D,"1 Petabyte (PB) = 1024^2 Gigabyte (GB)(s) (relative scale), so 30 Petabyte (PB)(s) = 3.14573e+07 Gigabyte (GB)(s).",Hardware,Storage Units
How many Petabyte (PB)s is 27 Gigabyte (GB)(s) equal to?,2.57492e-08,5.14984e-05,2.57492e-05,0.0257492,C,"1 Gigabyte (GB) = 1024^-2 Petabyte (PB)(s) (relative scale), so 27 Gigabyte (GB)(s) = 2.57492e-05 Petabyte (PB)(s).",Hardware,Storage Units
How many Kilobyte (KB)s is 16 Byte(s) equal to?,0.015625,0.0015625,1.5625e-05,16,A,"1 Byte = 1024^-1 Kilobyte (KB)(s) (relative scale), so 16 Byte(s) = 0.015625 Kilobyte (KB)(s).",Hardware,Storage Units
How many Gigabyte (GB)s is 3 Terabyte (TB)(s) equal to?,307.2,3.14573e+06,3072,1536,C,"1 Terabyte (TB) = 1024^1 Gigabyte (GB)(s) (relative scale), so 3 Terabyte (TB)(s) = 3072 Gigabyte (GB)(s).",Hardware,Storage Units
How many Megabyte (MB)s is 9 Petabyte (PB)(s) equal to?,4.83184e+09,9.43718e+06,9.66368e+09,9.66368e+10,C,"1 Petabyte (PB) = 1024^3 Megabyte (MB)(s) (relative scale), so 9 Petabyte (PB)(s) = 9.66368e+09 Megabyte (MB)(s).",Hardware,Storage Units
How many Terabyte (TB)s is 9 Gigabyte (GB)(s) equal to?,8.58307e-06,0.00878906,8.78906,8.78906e-06,B,"1 Gigabyte (GB) = 1024^-1 Terabyte (TB)(s) (relative scale), so 9 Gigabyte (GB)(s) = 0.00878906 Terabyte (TB)(s).",Hardware,Storage Units
How many Kilobyte (KB)s is 40 Byte(s) equal to?,0.0390625,0.00390625,40,0.078125,A,"1 Byte = 1024^-1 Kilobyte (KB)(s) (relative scale), so 40 Byte(s) = 0.0390625 Kilobyte (KB)(s).",Hardware,Storage Units
"Fill in the blank: ______ refers to ""a networking device that forwards data packets between computer networks"".",a network interface card (NIC),a router,a switch (networking device),a modem,B,a router refers to: a networking device that forwards data packets between computer networks,Hardware,Networking Hardware
How many Petabyte (PB)s is 25 Kilobyte (KB)(s) equal to?,2.27374e-12,2.32831e-08,2.27374e-10,2.27374e-11,D,"1 Kilobyte (KB) = 1024^-4 Petabyte (PB)(s) (relative scale), so 25 Kilobyte (KB)(s) = 2.27374e-11 Petabyte (PB)(s).",Hardware,Storage Units
How many Megabyte (MB)s is 4 Gigabyte (GB)(s) equal to?,4096,4.096e+06,2048,4.096,A,"1 Gigabyte (GB) = 1024^1 Megabyte (MB)(s) (relative scale), so 4 Gigabyte (GB)(s) = 4096 Megabyte (MB)(s).",Hardware,Storage Units
How many Kilobyte (KB)s is 45 Gigabyte (GB)(s) equal to?,4.71859e+06,4.71859e+07,2.3593e+07,4.83184e+10,B,"1 Gigabyte (GB) = 1024^2 Kilobyte (KB)(s) (relative scale), so 45 Gigabyte (GB)(s) = 4.71859e+07 Kilobyte (KB)(s).",Hardware,Storage Units
"Fill in the blank: ______ refers to ""a data storage device that uses flash memory to store data, offering faster speeds than traditional HDDs"".",an ethernet port,a solid-state drive (SSD),a touchscreen,a router,B,"a solid-state drive (SSD) refers to: a data storage device that uses flash memory to store data, offering faster speeds than traditional HDDs",Hardware,Storage Devices
How many Terabyte (TB)s is 12 Gigabyte (GB)(s) equal to?,12,11.7188,1.14441e-05,0.0117188,D,"1 Gigabyte (GB) = 1024^-1 Terabyte (TB)(s) (relative scale), so 12 Gigabyte (GB)(s) = 0.0117188 Terabyte (TB)(s).",Hardware,Storage Units
How many Terabyte (TB)s is 10 Byte(s) equal to?,9.09495e-13,8.88178e-15,9.09495e-12,4.54747e-12,C,"1 Byte = 1024^-4 Terabyte (TB)(s) (relative scale), so 10 Byte(s) = 9.09495e-12 Terabyte (TB)(s).",Hardware,Storage Units
"Which term matches this description: ""a modern, reversible connector used for data transfer, video output, and charging""?",the BIOS (Basic Input/Output System),a USB-C port,a speaker,an optical disc,B,"The description matches a USB-C port: a modern, reversible connector used for data transfer, video output, and charging",Hardware,Ports and Connectors
What is a multi-core processor?,a data storage device that uses spinning magnetic disks to store and retrieve digital information,an output device that visually displays information processed by a computer,a networking device that forwards data packets between computer networks,a CPU containing two or more independent processing units (cores) on a single chip,D,a multi-core processor is: a CPU containing two or more independent processing units (cores) on a single chip,Hardware,Processors
How many Petabyte (PB)s is 16 Kilobyte (KB)(s) equal to?,1.45519e-14,1.45519e-08,1.45519e-11,2.91038e-11,C,"1 Kilobyte (KB) = 1024^-4 Petabyte (PB)(s) (relative scale), so 16 Kilobyte (KB)(s) = 1.45519e-11 Petabyte (PB)(s).",Hardware,Storage Units
How many Terabyte (TB)s is 28 Gigabyte (GB)(s) equal to?,2.73438e-05,0.0273438,2.67029e-05,0.273438,B,"1 Gigabyte (GB) = 1024^-1 Terabyte (TB)(s) (relative scale), so 28 Gigabyte (GB)(s) = 0.0273438 Terabyte (TB)(s).",Hardware,Storage Units
How many Terabyte (TB)s is 19 Byte(s) equal to?,1.72804e-14,1.72804e-11,3.45608e-11,1.72804e-12,B,"1 Byte = 1024^-4 Terabyte (TB)(s) (relative scale), so 19 Byte(s) = 1.72804e-11 Terabyte (TB)(s).",Hardware,Storage Units
How many Megabyte (MB)s is 8 Petabyte (PB)(s) equal to?,8.58993e+10,8.58993e+12,8.58993e+09,8.38861e+06,C,"1 Petabyte (PB) = 1024^3 Megabyte (MB)(s) (relative scale), so 8 Petabyte (PB)(s) = 8.58993e+09 Megabyte (MB)(s).",Hardware,Storage Units
"Which term matches this description: ""a type of mouse that uses a light source and sensor to detect movement, rather than a mechanical ball""?",a webcam,a mouse,an optical mouse,a mechanical keyboard,C,"The description matches an optical mouse: a type of mouse that uses a light source and sensor to detect movement, rather than a mechanical ball",Hardware,Input Devices
How many Terabyte (TB)s is 16 Gigabyte (GB)(s) equal to?,0.03125,0.0015625,0.015625,16,C,"1 Gigabyte (GB) = 1024^-1 Terabyte (TB)(s) (relative scale), so 16 Gigabyte (GB)(s) = 0.015625 Terabyte (TB)(s).",Hardware,Storage Units
How many Petabyte (PB)s is 25 Terabyte (TB)(s) equal to?,25,0.0244141,0.244141,24.4141,B,"1 Terabyte (TB) = 1024^-1 Petabyte (PB)(s) (relative scale), so 25 Terabyte (TB)(s) = 0.0244141 Petabyte (PB)(s).",Hardware,Storage Units
How many Gigabyte (GB)s is 7 Byte(s) equal to?,6.51926e-09,1.30385e-08,6.51926e-08,6.67572e-06,A,"1 Byte = 1024^-3 Gigabyte (GB)(s) (relative scale), so 7 Byte(s) = 6.51926e-09 Gigabyte (GB)(s).",Hardware,Storage Units
How many Kilobyte (KB)s is 17 Byte(s) equal to?,1.66016e-05,1.62125e-05,0.00830078,0.0166016,D,"1 Byte = 1024^-1 Kilobyte (KB)(s) (relative scale), so 17 Byte(s) = 0.0166016 Kilobyte (KB)(s).",Hardware,Storage Units
What is the primary function of a plotter?,capturing sound and converting it into an electrical signal,"producing high-precision vector drawings, often for engineering or design",visually displaying output from a computer,converting electrical audio signals into audible sound,B,"The primary function of a plotter is producing high-precision vector drawings, often for engineering or design.",Hardware,Device Functions
How many Megabyte (MB)s is 30 Terabyte (TB)(s) equal to?,31457.3,3.14573e+08,30720,3.14573e+07,D,"1 Terabyte (TB) = 1024^2 Megabyte (MB)(s) (relative scale), so 30 Terabyte (TB)(s) = 3.14573e+07 Megabyte (MB)(s).",Hardware,Storage Units
Which statement correctly describes an HDMI port?,an input device used to type text and commands into a computer,"an output device used to produce high-quality vector graphics, often used in engineering and architecture",a CPU containing two or more independent processing units (cores) on a single chip,a connector used to transmit high-definition video and audio between devices,D,"By definition, an HDMI port is: a connector used to transmit high-definition video and audio between devices",Hardware,Ports and Connectors
Which statement correctly describes a joystick?,"an input device commonly used for gaming, allowing control of movement in multiple directions","hardware used to enter data or commands into a computer, such as a keyboard or mouse","a keyboard that uses individual mechanical switches for each key, often preferred for tactile feedback","a touch-sensitive input device built into laptops, used as an alternative to a mouse",A,"By definition, a joystick is: an input device commonly used for gaming, allowing control of movement in multiple directions",Hardware,Input Devices
How many Kilobyte (KB)s is 13 Terabyte (TB)(s) equal to?,1.39586e+09,1.39586e+07,1.39586e+10,1.36315e+07,C,"1 Terabyte (TB) = 1024^3 Kilobyte (KB)(s) (relative scale), so 13 Terabyte (TB)(s) = 1.39586e+10 Kilobyte (KB)(s).",Hardware,Storage Units
"Which term matches this description: ""an input device used to read and decode information stored in barcodes""?",a barcode scanner,a touchscreen,a keyboard,an optical mouse,A,The description matches a barcode scanner: an input device used to read and decode information stored in barcodes,Hardware,Input Devices
How many Kilobyte (KB)s is 26 Gigabyte (GB)(s) equal to?,2.7263e+10,5.4526e+07,2.7263e+06,2.7263e+07,D,"1 Gigabyte (GB) = 1024^2 Kilobyte (KB)(s) (relative scale), so 26 Gigabyte (GB)(s) = 2.7263e+07 Kilobyte (KB)(s).",Hardware,Storage Units
Which hardware device is primarily responsible for providing emergency backup power to keep a computer running during an outage?,CPU (processor),UPS (Uninterruptible Power Supply),sound card,keyboard,B,A UPS (Uninterruptible Power Supply) is responsible for providing emergency backup power to keep a computer running during an outage.,Hardware,Device Functions
How many Terabyte (TB)s is 2 Petabyte (PB)(s) equal to?,2.048e+06,4096,204.8,2048,D,"1 Petabyte (PB) = 1024^1 Terabyte (TB)(s) (relative scale), so 2 Petabyte (PB)(s) = 2048 Terabyte (TB)(s).",Hardware,Storage Units
How many Petabyte (PB)s is 16 Terabyte (TB)(s) equal to?,15.625,0.015625,0.0078125,1.52588e-05,B,"1 Terabyte (TB) = 1024^-1 Petabyte (PB)(s) (relative scale), so 16 Terabyte (TB)(s) = 0.015625 Petabyte (PB)(s).",Hardware,Storage Units
"Which term matches this description: ""a port used to connect a computer to a wired network using an ethernet cable""?",an ethernet port,cloud storage,a power supply unit (PSU),a hub (networking device),A,The description matches an ethernet port: a port used to connect a computer to a wired network using an ethernet cable,Hardware,Ports and Connectors
How many Kilobyte (KB)s is 40 Terabyte (TB)(s) equal to?,4.29497e+07,4.29497e+10,4.29497e+13,4.29497e+11,B,"1 Terabyte (TB) = 1024^3 Kilobyte (KB)(s) (relative scale), so 40 Terabyte (TB)(s) = 4.29497e+10 Kilobyte (KB)(s).",Hardware,Storage Units
How many Terabyte (TB)s is 29 Megabyte (MB)(s) equal to?,5.53131e-05,2.76566e-05,2.76566e-06,0.0283203,B,"1 Megabyte (MB) = 1024^-2 Terabyte (TB)(s) (relative scale), so 29 Megabyte (MB)(s) = 2.76566e-05 Terabyte (TB)(s).",Hardware,Storage Units
How many Kilobyte (KB)s is 44 Megabyte (MB)(s) equal to?,4505.6,22528,45056,450560,C,"1 Megabyte (MB) = 1024^1 Kilobyte (KB)(s) (relative scale), so 44 Megabyte (MB)(s) = 45056 Kilobyte (KB)(s).",Hardware,Storage Units
How many Terabyte (TB)s is 1 Kilobyte (KB)(s) equal to?,9.31323e-13,9.31323e-10,4.65661e-10,9.09495e-13,B,"1 Kilobyte (KB) = 1024^-3 Terabyte (TB)(s) (relative scale), so 1 Kilobyte (KB)(s) = 9.31323e-10 Terabyte (TB)(s).",Hardware,Storage Units
Which statement correctly describes cache memory?,a rechargeable power source that allows a laptop to operate without being plugged into an outlet,"a socket on a motherboard used to install additional hardware components, such as graphics cards",a substance applied between a CPU and its heat sink to improve heat conduction,"a small, fast type of volatile memory located close to the CPU, used to speed up data access",D,"By definition, cache memory is: a small, fast type of volatile memory located close to the CPU, used to speed up data access",Hardware,Memory
What is a UPS (Uninterruptible Power Supply)?,an expansion card responsible for rendering images and video for display on a monitor,a rechargeable power source that allows a laptop to operate without being plugged into an outlet,a device that provides backup power to a computer system in the event of a power outage,the enclosure that houses and protects a computer's internal components,C,a UPS (Uninterruptible Power Supply) is: a device that provides backup power to a computer system in the event of a power outage,Hardware,Computer Components
"Which term matches this description: ""a substance applied between a CPU and its heat sink to improve heat conduction""?",a graphics card's VRAM,a graphics card,thermal paste,a laptop battery,C,The description matches thermal paste: a substance applied between a CPU and its heat sink to improve heat conduction,Hardware,Computer Components
How many Petabyte (PB)s is 13 Kilobyte (KB)(s) equal to?,1.18234e-11,1.18234e-12,1.18234e-14,1.18234e-10,A,"1 Kilobyte (KB) = 1024^-4 Petabyte (PB)(s) (relative scale), so 13 Kilobyte (KB)(s) = 1.18234e-11 Petabyte (PB)(s).",Hardware,Storage Units
"Fill in the blank: ______ refers to ""an output device that converts electrical signals into audible sound"".",an ADC (Analog-to-Digital Converter),a power supply unit (PSU),an ethernet cable,a speaker,D,a speaker refers to: an output device that converts electrical signals into audible sound,Hardware,Output Devices
How many Megabyte (MB)s is 35 Kilobyte (KB)(s) equal to?,0.341797,0.00341797,0.0341797,3.41797e-05,C,"1 Kilobyte (KB) = 1024^-1 Megabyte (MB)(s) (relative scale), so 35 Kilobyte (KB)(s) = 0.0341797 Megabyte (MB)(s).",Hardware,Storage Units
How many Megabyte (MB)s is 50 Petabyte (PB)(s) equal to?,1.07374e+11,5.49756e+13,5.36871e+09,5.36871e+10,D,"1 Petabyte (PB) = 1024^3 Megabyte (MB)(s) (relative scale), so 50 Petabyte (PB)(s) = 5.36871e+10 Megabyte (MB)(s).",Hardware,Storage Units
How many Terabyte (TB)s is 17 Gigabyte (GB)(s) equal to?,0.0166016,0.00830078,0.00166016,0.0332031,A,"1 Gigabyte (GB) = 1024^-1 Terabyte (TB)(s) (relative scale), so 17 Gigabyte (GB)(s) = 0.0166016 Terabyte (TB)(s).",Hardware,Storage Units
"Fill in the blank: ______ refers to ""a device that converts analog signals into digital data that a computer can process"".",a graphics card,a computer case (chassis),an ADC (Analog-to-Digital Converter),a laptop battery,C,an ADC (Analog-to-Digital Converter) refers to: a device that converts analog signals into digital data that a computer can process,Hardware,Computer Components
How many Bytes is 19 Petabyte (PB)(s) equal to?,2.08907e+13,1.0696e+16,2.13921e+16,2.13921e+19,C,"1 Petabyte (PB) = 1024^5 Byte(s) (relative scale), so 19 Petabyte (PB)(s) = 2.13921e+16 Byte(s).",Hardware,Storage Units
How many Gigabyte (GB)s is 3 Byte(s) equal to?,2.72848e-12,2.79397e-09,2.79397e-10,5.58794e-09,B,"1 Byte = 1024^-3 Gigabyte (GB)(s) (relative scale), so 3 Byte(s) = 2.79397e-09 Gigabyte (GB)(s).",Hardware,Storage Units
What is a hard disk drive (HDD)?,"the specification defining the size, shape, and layout of a motherboard, such as ATX or Micro-ATX",a data storage device that uses spinning magnetic disks to store and retrieve digital information,the main circuit board of a computer that connects and allows communication between components,a hardware component used to circulate air and prevent computer components from overheating,B,a hard disk drive (HDD) is: a data storage device that uses spinning magnetic disks to store and retrieve digital information,Hardware,Storage Devices
What is the primary function of a router?,"producing high-precision vector drawings, often for engineering or design",enabling a computer to connect to a network,directing data packets between different computer networks,"producing a physical, paper copy of a digital document",C,The primary function of a router is directing data packets between different computer networks.,Hardware,Device Functions
Which statement correctly describes the motherboard?,the main circuit board of a computer that connects and allows communication between components,an expansion card responsible for rendering images and video for display on a monitor,an older analog video connector used to connect monitors to computers,a device that converts analog signals into digital data that a computer can process,A,"By definition, the motherboard is: the main circuit board of a computer that connects and allows communication between components",Hardware,Motherboard
How many Petabyte (PB)s is 29 Byte(s) equal to?,2.57572e-14,2.51535e-17,2.57572e-15,2.57572e-13,A,"1 Byte = 1024^-5 Petabyte (PB)(s) (relative scale), so 29 Byte(s) = 2.57572e-14 Petabyte (PB)(s).",Hardware,Storage Units
How many Terabyte (TB)s is 3 Byte(s) equal to?,2.72848e-12,2.72848e-11,2.79397e-09,2.72848e-13,A,"1 Byte = 1024^-4 Terabyte (TB)(s) (relative scale), so 3 Byte(s) = 2.72848e-12 Terabyte (TB)(s).",Hardware,Storage Units
What is a cooling fan?,"a powerful computer designed to provide services, resources, or data to other computers on a network",a device that converts analog signals into digital data that a computer can process,"a facility used to house computer systems and associated components, such as servers and storage systems",a hardware component used to circulate air and prevent computer components from overheating,D,a cooling fan is: a hardware component used to circulate air and prevent computer components from overheating,Hardware,Computer Components
How many Megabyte (MB)s is 40 Kilobyte (KB)(s) equal to?,3.8147e-05,39.0625,3.90625e-05,0.0390625,D,"1 Kilobyte (KB) = 1024^-1 Megabyte (MB)(s) (relative scale), so 40 Kilobyte (KB)(s) = 0.0390625 Megabyte (MB)(s).",Hardware,Storage Units
How many Gigabyte (GB)s is 21 Megabyte (MB)(s) equal to?,0.205078,21,0.0102539,0.0205078,D,"1 Megabyte (MB) = 1024^-1 Gigabyte (GB)(s) (relative scale), so 21 Megabyte (MB)(s) = 0.0205078 Gigabyte (GB)(s).",Hardware,Storage Units
How many Megabyte (MB)s is 45 Byte(s) equal to?,4.29153e-06,8.58307e-05,0.000429153,4.29153e-05,D,"1 Byte = 1024^-2 Megabyte (MB)(s) (relative scale), so 45 Byte(s) = 4.29153e-05 Megabyte (MB)(s).",Hardware,Storage Units
What is a graphics tablet?,an input device used to convert physical documents or images into digital format,"an input device used to capture video, typically for video calls or streaming","a device that captures and identifies unique physical characteristics, such as fingerprints, for authentication",an input device that allows users to draw or write digitally using a stylus,D,a graphics tablet is: an input device that allows users to draw or write digitally using a stylus,Hardware,Input Devices
How many Kilobyte (KB)s is 50 Terabyte (TB)(s) equal to?,5.36871e+10,5.36871e+09,5.49756e+13,1.07374e+11,A,"1 Terabyte (TB) = 1024^3 Kilobyte (KB)(s) (relative scale), so 50 Terabyte (TB)(s) = 5.36871e+10 Kilobyte (KB)(s).",Hardware,Storage Units
"Fill in the blank: ______ refers to ""a device that converts digital data into analog signals (and vice versa) for transmission over communication lines"".",a modem,a router,a hub (networking device),Wi-Fi,A,a modem refers to: a device that converts digital data into analog signals (and vice versa) for transmission over communication lines,Hardware,Networking Hardware
How many Petabyte (PB)s is 37 Byte(s) equal to?,3.28626e-11,3.28626e-14,3.36513e-11,3.20924e-17,B,"1 Byte = 1024^-5 Petabyte (PB)(s) (relative scale), so 37 Byte(s) = 3.28626e-14 Petabyte (PB)(s).",Hardware,Storage Units
How many Megabyte (MB)s is 48 Terabyte (TB)(s) equal to?,50331.6,5.03316e+07,5.03316e+08,49152,B,"1 Terabyte (TB) = 1024^2 Megabyte (MB)(s) (relative scale), so 48 Terabyte (TB)(s) = 5.03316e+07 Megabyte (MB)(s).",Hardware,Storage Units
Which statement correctly describes a printer?,a connector used to transmit high-definition video and audio between devices,an output device used to produce a physical copy of digital documents or images,"a data storage device that uses flash memory to store data, offering faster speeds than traditional HDDs",a memory management technique that uses hard disk space to simulate additional RAM,B,"By definition, a printer is: an output device used to produce a physical copy of digital documents or images",Hardware,Output Devices
How many Terabyte (TB)s is 11 Megabyte (MB)(s) equal to?,1.04904e-06,5.24521e-06,1.04904e-05,1.04904e-08,C,"1 Megabyte (MB) = 1024^-2 Terabyte (TB)(s) (relative scale), so 11 Megabyte (MB)(s) = 1.04904e-05 Terabyte (TB)(s).",Hardware,Storage Units
"Fill in the blank: ______ refers to ""an individual processing unit within a CPU capable of executing instructions independently"".",a router,a projector,a core (in a CPU),a cooling fan,C,a core (in a CPU) refers to: an individual processing unit within a CPU capable of executing instructions independently,Hardware,Processors
How many Megabyte (MB)s is 26 Gigabyte (GB)(s) equal to?,26,2.6624e+07,26.624,26624,D,"1 Gigabyte (GB) = 1024^1 Megabyte (MB)(s) (relative scale), so 26 Gigabyte (GB)(s) = 26624 Megabyte (MB)(s).",Hardware,Storage Units
How many Kilobyte (KB)s is 16 Petabyte (PB)(s) equal to?,1.80144e+16,1.75922e+13,1.75922e+16,1.75922e+14,B,"1 Petabyte (PB) = 1024^4 Kilobyte (KB)(s) (relative scale), so 16 Petabyte (PB)(s) = 1.75922e+13 Kilobyte (KB)(s).",Hardware,Storage Units
How many Terabyte (TB)s is 15 Petabyte (PB)(s) equal to?,15.36,7680,15360,1.57286e+07,C,"1 Petabyte (PB) = 1024^1 Terabyte (TB)(s) (relative scale), so 15 Petabyte (PB)(s) = 15360 Terabyte (TB)(s).",Hardware,Storage Units
How many Terabyte (TB)s is 7 Petabyte (PB)(s) equal to?,7.168e+06,7168,7,7.168,B,"1 Petabyte (PB) = 1024^1 Terabyte (TB)(s) (relative scale), so 7 Petabyte (PB)(s) = 7168 Terabyte (TB)(s).",Hardware,Storage Units
How many Kilobyte (KB)s is 16 Terabyte (TB)(s) equal to?,1.67772e+07,1.71799e+10,8.58993e+09,1.71799e+11,B,"1 Terabyte (TB) = 1024^3 Kilobyte (KB)(s) (relative scale), so 16 Terabyte (TB)(s) = 1.71799e+10 Kilobyte (KB)(s).",Hardware,Storage Units
How many Terabyte (TB)s is 1 Byte(s) equal to?,9.09495e-12,9.09495e-13,8.88178e-16,9.09495e-10,B,"1 Byte = 1024^-4 Terabyte (TB)(s) (relative scale), so 1 Byte(s) = 9.09495e-13 Terabyte (TB)(s).",Hardware,Storage Units
How many Terabyte (TB)s is 31 Petabyte (PB)(s) equal to?,31744,317440,3.25059e+07,3174.4,A,"1 Petabyte (PB) = 1024^1 Terabyte (TB)(s) (relative scale), so 31 Petabyte (PB)(s) = 31744 Terabyte (TB)(s).",Hardware,Storage Units
"Which term matches this description: ""a rechargeable power source that allows a laptop to operate without being plugged into an outlet""?",a docking station,a laptop battery,an ADC (Analog-to-Digital Converter),a computer case (chassis),B,The description matches a laptop battery: a rechargeable power source that allows a laptop to operate without being plugged into an outlet,Hardware,Computer Components
How many Megabyte (MB)s is 1 Kilobyte (KB)(s) equal to?,0.00195312,9.76563e-05,0.000976562,0.000488281,C,"1 Kilobyte (KB) = 1024^-1 Megabyte (MB)(s) (relative scale), so 1 Kilobyte (KB)(s) = 0.000976562 Megabyte (MB)(s).",Hardware,Storage Units
What is a mouse?,"an input device used to capture video, typically for video calls or streaming",a pointing input device used to interact with a computer's graphical user interface,an input device that allows users to draw or write digitally using a stylus,an input device used to read and decode information stored in barcodes,B,a mouse is: a pointing input device used to interact with a computer's graphical user interface,Hardware,Input Devices
How many Terabyte (TB)s is 46 Byte(s) equal to?,4.18368e-11,4.28408e-08,2.09184e-11,8.36735e-11,A,"1 Byte = 1024^-4 Terabyte (TB)(s) (relative scale), so 46 Byte(s) = 4.18368e-11 Terabyte (TB)(s).",Hardware,Storage Units
How many Kilobyte (KB)s is 39 Byte(s) equal to?,0.0380859,0.019043,0.0761719,39,A,"1 Byte = 1024^-1 Kilobyte (KB)(s) (relative scale), so 39 Byte(s) = 0.0380859 Kilobyte (KB)(s).",Hardware,Storage Units
How many Terabyte (TB)s is 36 Megabyte (MB)(s) equal to?,0.0351562,3.43323e-05,3.43323e-08,6.86646e-05,B,"1 Megabyte (MB) = 1024^-2 Terabyte (TB)(s) (relative scale), so 36 Megabyte (MB)(s) = 3.43323e-05 Terabyte (TB)(s).",Hardware,Storage Units
"Which term matches this description: ""the rate at which a CPU executes instructions, measured in hertz (Hz), typically gigahertz (GHz)""?",the GPU (Graphics Processing Unit),clock speed,a USB port,a router,B,"The description matches clock speed: the rate at which a CPU executes instructions, measured in hertz (Hz), typically gigahertz (GHz)",Hardware,Processors
How many Petabyte (PB)s is 29 Terabyte (TB)(s) equal to?,0.0283203,2.76566e-05,0.00283203,0.0566406,A,"1 Terabyte (TB) = 1024^-1 Petabyte (PB)(s) (relative scale), so 29 Terabyte (TB)(s) = 0.0283203 Petabyte (PB)(s).",Hardware,Storage Units
How many Kilobyte (KB)s is 26 Megabyte (MB)(s) equal to?,26.624,2.7263e+07,26624,266240,C,"1 Megabyte (MB) = 1024^1 Kilobyte (KB)(s) (relative scale), so 26 Megabyte (MB)(s) = 26624 Kilobyte (KB)(s).",Hardware,Storage Units
How many Kilobyte (KB)s is 21 Megabyte (MB)(s) equal to?,215040,21504,10752,43008,B,"1 Megabyte (MB) = 1024^1 Kilobyte (KB)(s) (relative scale), so 21 Megabyte (MB)(s) = 21504 Kilobyte (KB)(s).",Hardware,Storage Units
Which statement correctly describes Bluetooth?,a wireless technology standard used for exchanging data over short distances between devices,"hardware that allows a computer to connect to a network, either wired or wireless",a wireless networking technology that allows devices to connect to the internet without physical cables,"a basic networking device that connects multiple devices, broadcasting data to all connected ports",A,"By definition, Bluetooth is: a wireless technology standard used for exchanging data over short distances between devices",Hardware,Networking Hardware
How many Bytes is 27 Gigabyte (GB)(s) equal to?,2.8991e+10,2.8991e+11,5.79821e+10,2.96868e+13,A,"1 Gigabyte (GB) = 1024^3 Byte(s) (relative scale), so 27 Gigabyte (GB)(s) = 2.8991e+10 Byte(s).",Hardware,Storage Units
"Which term matches this description: ""a hardware component that converts electrical power from an outlet into usable power for computer components""?",a sound card,a data centre,a UPS (Uninterruptible Power Supply),a power supply unit (PSU),D,The description matches a power supply unit (PSU): a hardware component that converts electrical power from an outlet into usable power for computer components,Hardware,Computer Components
How many Petabyte (PB)s is 46 Gigabyte (GB)(s) equal to?,8.7738e-05,2.19345e-05,4.3869e-06,4.3869e-05,D,"1 Gigabyte (GB) = 1024^-2 Petabyte (PB)(s) (relative scale), so 46 Gigabyte (GB)(s) = 4.3869e-05 Petabyte (PB)(s).",Hardware,Storage Units
How many Bytes is 26 Petabyte (PB)(s) equal to?,2.92734e+16,2.92734e+13,2.92734e+15,5.85468e+16,A,"1 Petabyte (PB) = 1024^5 Byte(s) (relative scale), so 26 Petabyte (PB)(s) = 2.92734e+16 Byte(s).",Hardware,Storage Units
"Which term matches this description: ""the main circuit board of a computer that connects and allows communication between components""?",a data centre,a scanner,the motherboard,a smartphone's processor,C,The description matches the motherboard: the main circuit board of a computer that connects and allows communication between components,Hardware,Motherboard
What is a server (hardware)?,dedicated memory on a graphics card used to store image data for rendering,"a powerful computer designed to provide services, resources, or data to other computers on a network",an expansion card that enables a computer to process and output audio signals,a hardware component used to circulate air and prevent computer components from overheating,B,"a server (hardware) is: a powerful computer designed to provide services, resources, or data to other computers on a network",Hardware,Computer Components
How many Gigabyte (GB)s is 50 Terabyte (TB)(s) equal to?,5120,51.2,51200,5.24288e+07,C,"1 Terabyte (TB) = 1024^1 Gigabyte (GB)(s) (relative scale), so 50 Terabyte (TB)(s) = 51200 Gigabyte (GB)(s).",Hardware,Storage Units
How many Gigabyte (GB)s is 11 Kilobyte (KB)(s) equal to?,2.09808e-05,0.0104904,1.04904e-05,0.0107422,C,"1 Kilobyte (KB) = 1024^-2 Gigabyte (GB)(s) (relative scale), so 11 Kilobyte (KB)(s) = 1.04904e-05 Gigabyte (GB)(s).",Hardware,Storage Units
Which statement correctly describes thermal paste?,a device that converts analog signals into digital data that a computer can process,a substance applied between a CPU and its heat sink to improve heat conduction,an expansion card responsible for rendering images and video for display on a monitor,a hardware component used to circulate air and prevent computer components from overheating,B,"By definition, thermal paste is: a substance applied between a CPU and its heat sink to improve heat conduction",Hardware,Computer Components
How many Bytes is 50 Terabyte (TB)(s) equal to?,1.09951e+14,5.49756e+13,5.36871e+10,5.49756e+10,B,"1 Terabyte (TB) = 1024^4 Byte(s) (relative scale), so 50 Terabyte (TB)(s) = 5.49756e+13 Byte(s).",Hardware,Storage Units
How many Megabyte (MB)s is 9 Terabyte (TB)(s) equal to?,9.66368e+09,943718,9.43718e+06,9.43718e+07,C,"1 Terabyte (TB) = 1024^2 Megabyte (MB)(s) (relative scale), so 9 Terabyte (TB)(s) = 9.43718e+06 Megabyte (MB)(s).",Hardware,Storage Units
How many Bytes is 4 Kilobyte (KB)(s) equal to?,4096,409.6,40960,4,A,"1 Kilobyte (KB) = 1024^1 Byte(s) (relative scale), so 4 Kilobyte (KB)(s) = 4096 Byte(s).",Hardware,Storage Units
How many Kilobyte (KB)s is 48 Terabyte (TB)(s) equal to?,5.03316e+07,2.57698e+10,1.03079e+11,5.15396e+10,D,"1 Terabyte (TB) = 1024^3 Kilobyte (KB)(s) (relative scale), so 48 Terabyte (TB)(s) = 5.15396e+10 Kilobyte (KB)(s).",Hardware,Storage Units
What is a graphics card's VRAM?,"a facility used to house computer systems and associated components, such as servers and storage systems",dedicated memory on a graphics card used to store image data for rendering,an expansion card responsible for rendering images and video for display on a monitor,"a device that converts digital data back into analog signals, such as for audio output",B,a graphics card's VRAM is: dedicated memory on a graphics card used to store image data for rendering,Hardware,Computer Components
How many Bytes is 6 Petabyte (PB)(s) equal to?,6.7554e+16,6.7554e+18,6.7554e+15,1.35108e+16,C,"1 Petabyte (PB) = 1024^5 Byte(s) (relative scale), so 6 Petabyte (PB)(s) = 6.7554e+15 Byte(s).",Hardware,Storage Units
How many Terabyte (TB)s is 13 Petabyte (PB)(s) equal to?,1.36315e+07,13312,26624,13.312,B,"1 Petabyte (PB) = 1024^1 Terabyte (TB)(s) (relative scale), so 13 Petabyte (PB)(s) = 13312 Terabyte (TB)(s).",Hardware,Storage Units
"Fill in the blank: ______ refers to ""a type of non-volatile memory that permanently stores data, typically used for firmware"".",a core (in a CPU),a power supply unit (PSU),ROM (Read-Only Memory),cache memory,C,"ROM (Read-Only Memory) refers to: a type of non-volatile memory that permanently stores data, typically used for firmware",Hardware,Memory
How many Megabyte (MB)s is 31 Terabyte (TB)(s) equal to?,3.3286e+10,3.25059e+07,31744,6.50117e+07,B,"1 Terabyte (TB) = 1024^2 Megabyte (MB)(s) (relative scale), so 31 Terabyte (TB)(s) = 3.25059e+07 Megabyte (MB)(s).",Hardware,Storage Units
How many Terabyte (TB)s is 22 Megabyte (MB)(s) equal to?,0.0209808,2.09808e-08,2.04891e-08,2.09808e-05,D,"1 Megabyte (MB) = 1024^-2 Terabyte (TB)(s) (relative scale), so 22 Megabyte (MB)(s) = 2.09808e-05 Terabyte (TB)(s).",Hardware,Storage Units
How many Gigabyte (GB)s is 20 Terabyte (TB)(s) equal to?,20.48,20480,40960,10240,B,"1 Terabyte (TB) = 1024^1 Gigabyte (GB)(s) (relative scale), so 20 Terabyte (TB)(s) = 20480 Gigabyte (GB)(s).",Hardware,Storage Units
What is a plotter?,"a storage medium, such as a CD or DVD, that uses laser technology to read and write data","an output device used to produce high-quality vector graphics, often used in engineering and architecture","a basic networking device that connects multiple devices, broadcasting data to all connected ports",an input and output device that allows users to interact with a display by touching it directly,B,"a plotter is: an output device used to produce high-quality vector graphics, often used in engineering and architecture",Hardware,Output Devices
How many Petabyte (PB)s is 40 Kilobyte (KB)(s) equal to?,3.72529e-08,3.63798e-11,3.63798e-10,3.63798e-12,B,"1 Kilobyte (KB) = 1024^-4 Petabyte (PB)(s) (relative scale), so 40 Kilobyte (KB)(s) = 3.63798e-11 Petabyte (PB)(s).",Hardware,Storage Units
What is a DAC (Digital-to-Analog Converter)?,a hardware component designed to absorb and dissipate heat away from a computer's processor,a hardware component that converts electrical power from an outlet into usable power for computer components,"a device that converts digital data back into analog signals, such as for audio output",an expansion card that enables a computer to process and output audio signals,C,"a DAC (Digital-to-Analog Converter) is: a device that converts digital data back into analog signals, such as for audio output",Hardware,Computer Components
How many Petabyte (PB)s is 29 Gigabyte (GB)(s) equal to?,2.70084e-08,0.0283203,2.76566e-05,0.000276566,C,"1 Gigabyte (GB) = 1024^-2 Petabyte (PB)(s) (relative scale), so 29 Gigabyte (GB)(s) = 2.76566e-05 Petabyte (PB)(s).",Hardware,Storage Units
What is a sound card?,a rechargeable power source that allows a laptop to operate without being plugged into an outlet,an expansion card responsible for rendering images and video for display on a monitor,"a facility used to house computer systems and associated components, such as servers and storage systems",an expansion card that enables a computer to process and output audio signals,D,a sound card is: an expansion card that enables a computer to process and output audio signals,Hardware,Computer Components
"Which term matches this description: ""an input device commonly used for gaming, allowing control of movement in multiple directions""?",a joystick,a scanner,a touchscreen,a graphics tablet,A,"The description matches a joystick: an input device commonly used for gaming, allowing control of movement in multiple directions",Hardware,Input Devices
How many Bytes is 39 Terabyte (TB)(s) equal to?,4.2881e+13,4.39101e+16,4.2881e+14,4.2881e+10,A,"1 Terabyte (TB) = 1024^4 Byte(s) (relative scale), so 39 Terabyte (TB)(s) = 4.2881e+13 Byte(s).",Hardware,Storage Units
"Which term matches this description: ""an expansion card that enables a computer to process and output audio signals""?",a sound card,an ADC (Analog-to-Digital Converter),a UPS (Uninterruptible Power Supply),a power supply unit (PSU),A,The description matches a sound card: an expansion card that enables a computer to process and output audio signals,Hardware,Computer Components
What is RAM (Random Access Memory)?,a device that provides backup power to a computer system in the event of a power outage,"hardware that allows a computer to connect to a network, either wired or wireless",a type of volatile memory used to temporarily store data that a computer is actively using,an input device used to type text and commands into a computer,C,RAM (Random Access Memory) is: a type of volatile memory used to temporarily store data that a computer is actively using,Hardware,Memory
How many Terabyte (TB)s is 26 Gigabyte (GB)(s) equal to?,0.0253906,0.0507812,25.3906,2.47955e-05,A,"1 Gigabyte (GB) = 1024^-1 Terabyte (TB)(s) (relative scale), so 26 Gigabyte (GB)(s) = 0.0253906 Terabyte (TB)(s).",Hardware,Storage Units
Which hardware device is primarily responsible for capturing sound and converting it into an electrical signal?,RAM module,microphone,mouse,printer,B,A microphone is responsible for capturing sound and converting it into an electrical signal.,Hardware,Device Functions
"Fill in the blank: ______ refers to ""a basic networking device that connects multiple devices, broadcasting data to all connected ports"".",an ethernet cable,a hub (networking device),Wi-Fi,a network interface card (NIC),B,"a hub (networking device) refers to: a basic networking device that connects multiple devices, broadcasting data to all connected ports",Hardware,Networking Hardware
How many Terabyte (TB)s is 23 Byte(s) equal to?,1.04592e-11,2.04281e-14,2.14204e-08,2.09184e-11,D,"1 Byte = 1024^-4 Terabyte (TB)(s) (relative scale), so 23 Byte(s) = 2.09184e-11 Terabyte (TB)(s).",Hardware,Storage Units
"Which term matches this description: ""a device that converts analog signals into digital data that a computer can process""?",a graphics card,an ADC (Analog-to-Digital Converter),a sound card,thermal paste,B,The description matches an ADC (Analog-to-Digital Converter): a device that converts analog signals into digital data that a computer can process,Hardware,Computer Components
How many Terabyte (TB)s is 33 Megabyte (MB)(s) equal to?,3.14713e-08,3.14713e-05,6.29425e-05,0.0314713,B,"1 Megabyte (MB) = 1024^-2 Terabyte (TB)(s) (relative scale), so 33 Megabyte (MB)(s) = 3.14713e-05 Terabyte (TB)(s).",Hardware,Storage Units
How many Petabyte (PB)s is 10 Terabyte (TB)(s) equal to?,9.76562,0.0976562,0.0195312,0.00976562,D,"1 Terabyte (TB) = 1024^-1 Petabyte (PB)(s) (relative scale), so 10 Terabyte (TB)(s) = 0.00976562 Petabyte (PB)(s).",Hardware,Storage Units
"Fill in the blank: ______ refers to ""an output device that visually displays information processed by a computer"".",ROM (Read-Only Memory),a USB port,Bluetooth,a monitor,D,a monitor refers to: an output device that visually displays information processed by a computer,Hardware,Output Devices
How many Terabyte (TB)s is 35 Byte(s) equal to?,3.18323e-08,3.10862e-14,3.18323e-11,3.18323e-12,C,"1 Byte = 1024^-4 Terabyte (TB)(s) (relative scale), so 35 Byte(s) = 3.18323e-11 Terabyte (TB)(s).",Hardware,Storage Units
How many Kilobyte (KB)s is 5 Terabyte (TB)(s) equal to?,5.36871e+10,5.49756e+12,5.24288e+06,5.36871e+09,D,"1 Terabyte (TB) = 1024^3 Kilobyte (KB)(s) (relative scale), so 5 Terabyte (TB)(s) = 5.36871e+09 Kilobyte (KB)(s).",Hardware,Storage Units
How many Kilobyte (KB)s is 41 Terabyte (TB)(s) equal to?,4.40234e+10,4.40234e+13,4.29916e+07,2.20117e+10,A,"1 Terabyte (TB) = 1024^3 Kilobyte (KB)(s) (relative scale), so 41 Terabyte (TB)(s) = 4.40234e+10 Kilobyte (KB)(s).",Hardware,Storage Units
How many Kilobyte (KB)s is 9 Terabyte (TB)(s) equal to?,9.66368e+12,4.83184e+09,9.66368e+09,1.93274e+10,C,"1 Terabyte (TB) = 1024^3 Kilobyte (KB)(s) (relative scale), so 9 Terabyte (TB)(s) = 9.66368e+09 Kilobyte (KB)(s).",Hardware,Storage Units
How many Terabyte (TB)s is 49 Petabyte (PB)(s) equal to?,50176,501760,5.0176e+07,5017.6,A,"1 Petabyte (PB) = 1024^1 Terabyte (TB)(s) (relative scale), so 49 Petabyte (PB)(s) = 50176 Terabyte (TB)(s).",Hardware,Storage Units
"Which term matches this description: ""a small, portable data storage device that uses flash memory and connects via a USB port""?",a USB flash drive,RAM (Random Access Memory),an ADC (Analog-to-Digital Converter),a graphics card's VRAM,A,"The description matches a USB flash drive: a small, portable data storage device that uses flash memory and connects via a USB port",Hardware,Storage Devices
How many Bytes is 28 Terabyte (TB)(s) equal to?,1.53932e+13,3.07863e+12,3.07863e+13,3.07863e+14,C,"1 Terabyte (TB) = 1024^4 Byte(s) (relative scale), so 28 Terabyte (TB)(s) = 3.07863e+13 Byte(s).",Hardware,Storage Units
What is the motherboard?,the main circuit board of a computer that connects and allows communication between components,a networking device that forwards data packets between computer networks,a wireless networking technology that allows devices to connect to the internet without physical cables,"an output device that displays an image or video onto a larger surface, such as a screen or wall",A,the motherboard is: the main circuit board of a computer that connects and allows communication between components,Hardware,Motherboard
Which statement correctly describes a USB-C port?,a hardware component that converts electrical power from an outlet into usable power for computer components,"a modern, reversible connector used for data transfer, video output, and charging","a keyboard that uses individual mechanical switches for each key, often preferred for tactile feedback","the rate at which a CPU executes instructions, measured in hertz (Hz), typically gigahertz (GHz)",B,"By definition, a USB-C port is: a modern, reversible connector used for data transfer, video output, and charging",Hardware,Ports and Connectors
How many Bytes is 33 Petabyte (PB)(s) equal to?,3.80464e+19,3.71547e+15,3.71547e+17,3.71547e+16,D,"1 Petabyte (PB) = 1024^5 Byte(s) (relative scale), so 33 Petabyte (PB)(s) = 3.71547e+16 Byte(s).",Hardware,Storage Units
Which hardware device is primarily responsible for temporarily storing data that the CPU is actively using?,monitor,router,RAM module,printer,C,A RAM module is responsible for temporarily storing data that the CPU is actively using.,Hardware,Device Functions
What is thermal paste?,an expansion card responsible for rendering images and video for display on a monitor,a device that converts analog signals into digital data that a computer can process,the practice of increasing a computer component's operating speed beyond its factory-set limits,a substance applied between a CPU and its heat sink to improve heat conduction,D,thermal paste is: a substance applied between a CPU and its heat sink to improve heat conduction,Hardware,Computer Components
How many Petabyte (PB)s is 36 Kilobyte (KB)(s) equal to?,3.27418e-11,3.27418e-10,6.54836e-11,1.63709e-11,A,"1 Kilobyte (KB) = 1024^-4 Petabyte (PB)(s) (relative scale), so 36 Kilobyte (KB)(s) = 3.27418e-11 Petabyte (PB)(s).",Hardware,Storage Units
"Which term matches this description: ""a device that allows a laptop to connect to multiple peripherals through a single connection""?",a laptop battery,thermal paste,a docking station,a DAC (Digital-to-Analog Converter),C,The description matches a docking station: a device that allows a laptop to connect to multiple peripherals through a single connection,Hardware,Computer Components
How many Terabyte (TB)s is 37 Byte(s) equal to?,3.36513e-10,3.36513e-08,1.68257e-11,3.36513e-11,D,"1 Byte = 1024^-4 Terabyte (TB)(s) (relative scale), so 37 Byte(s) = 3.36513e-11 Terabyte (TB)(s).",Hardware,Storage Units
How many Megabyte (MB)s is 43 Petabyte (PB)(s) equal to?,4.61709e+10,4.50888e+07,4.7279e+13,4.61709e+11,A,"1 Petabyte (PB) = 1024^3 Megabyte (MB)(s) (relative scale), so 43 Petabyte (PB)(s) = 4.61709e+10 Megabyte (MB)(s).",Hardware,Storage Units
What is a biometric scanner?,"an input device used to capture video, typically for video calls or streaming","hardware used to enter data or commands into a computer, such as a keyboard or mouse","a device that captures and identifies unique physical characteristics, such as fingerprints, for authentication",an input device used to type text and commands into a computer,C,"a biometric scanner is: a device that captures and identifies unique physical characteristics, such as fingerprints, for authentication",Hardware,Input Devices
"Fill in the blank: ______ refers to ""an input device used to read and decode information stored in barcodes"".",a mechanical keyboard,a joystick,a barcode scanner,a webcam,C,a barcode scanner refers to: an input device used to read and decode information stored in barcodes,Hardware,Input Devices
How many Megabyte (MB)s is 34 Gigabyte (GB)(s) equal to?,17408,34816,3481.6,3.4816e+07,B,"1 Gigabyte (GB) = 1024^1 Megabyte (MB)(s) (relative scale), so 34 Gigabyte (GB)(s) = 34816 Megabyte (MB)(s).",Hardware,Storage Units
"Fill in the blank: ______ refers to ""an output device used to produce high-quality vector graphics, often used in engineering and architecture"".",a plotter,Wi-Fi,an ethernet cable,an optical mouse,A,"a plotter refers to: an output device used to produce high-quality vector graphics, often used in engineering and architecture",Hardware,Output Devices
What is the primary function of a keyboard?,allowing a user to input text and commands via keys,enabling a computer to connect to a network,converting digital signals to analog (and back) for internet transmission over telephone or cable lines,capturing sound and converting it into an electrical signal,A,The primary function of a keyboard is allowing a user to input text and commands via keys.,Hardware,Device Functions
How many Kilobyte (KB)s is 36 Petabyte (PB)(s) equal to?,4.05324e+16,3.86547e+10,7.91648e+13,3.95824e+13,D,"1 Petabyte (PB) = 1024^4 Kilobyte (KB)(s) (relative scale), so 36 Petabyte (PB)(s) = 3.95824e+13 Kilobyte (KB)(s).",Hardware,Storage Units
What is an optical mouse?,an input device used to read and decode information stored in barcodes,an input device that allows users to draw or write digitally using a stylus,"a type of mouse that uses a light source and sensor to detect movement, rather than a mechanical ball",an input and output device that allows users to interact with a display by touching it directly,C,"an optical mouse is: a type of mouse that uses a light source and sensor to detect movement, rather than a mechanical ball",Hardware,Input Devices
How many Bytes is 45 Terabyte (TB)(s) equal to?,4.83184e+10,5.06655e+16,4.9478e+16,4.9478e+13,D,"1 Terabyte (TB) = 1024^4 Byte(s) (relative scale), so 45 Terabyte (TB)(s) = 4.9478e+13 Byte(s).",Hardware,Storage Units
How many Gigabyte (GB)s is 15 Megabyte (MB)(s) equal to?,0.0146484,0.0292969,0.00146484,0.00732422,A,"1 Megabyte (MB) = 1024^-1 Gigabyte (GB)(s) (relative scale), so 15 Megabyte (MB)(s) = 0.0146484 Gigabyte (GB)(s).",Hardware,Storage Units
Which statement correctly describes a keyboard?,an input device used to type text and commands into a computer,an input device used to convert physical documents or images into digital format,an input device that converts sound into an electrical signal for recording or processing,an input and output device that allows users to interact with a display by touching it directly,A,"By definition, a keyboard is: an input device used to type text and commands into a computer",Hardware,Input Devices
How many Terabyte (TB)s is 34 Petabyte (PB)(s) equal to?,3.4816e+07,348160,34816,34,C,"1 Petabyte (PB) = 1024^1 Terabyte (TB)(s) (relative scale), so 34 Petabyte (PB)(s) = 34816 Terabyte (TB)(s).",Hardware,Storage Units
"Fill in the blank: ______ refers to ""a service model that allows data to be stored, managed, and backed up remotely over the internet"".",a core (in a CPU),a DAC (Digital-to-Analog Converter),a microphone,cloud storage,D,"cloud storage refers to: a service model that allows data to be stored, managed, and backed up remotely over the internet",Hardware,Storage Devices
How many Kilobyte (KB)s is 28 Terabyte (TB)(s) equal to?,3.00648e+07,3.00648e+11,3.00648e+10,3.00648e+09,C,"1 Terabyte (TB) = 1024^3 Kilobyte (KB)(s) (relative scale), so 28 Terabyte (TB)(s) = 3.00648e+10 Kilobyte (KB)(s).",Hardware,Storage Units
How many Gigabyte (GB)s is 44 Kilobyte (KB)(s) equal to?,8.39233e-05,2.09808e-05,4.19617e-08,4.19617e-05,D,"1 Kilobyte (KB) = 1024^-2 Gigabyte (GB)(s) (relative scale), so 44 Kilobyte (KB)(s) = 4.19617e-05 Gigabyte (GB)(s).",Hardware,Storage Units
How many Bytes is 38 Petabyte (PB)(s) equal to?,4.17814e+13,4.27842e+16,4.27842e+15,2.13921e+16,B,"1 Petabyte (PB) = 1024^5 Byte(s) (relative scale), so 38 Petabyte (PB)(s) = 4.27842e+16 Byte(s).",Hardware,Storage Units
"Which term matches this description: ""a cable used to connect devices within a local area network for wired internet access""?",Wi-Fi,a network interface card (NIC),a router,an ethernet cable,D,The description matches an ethernet cable: a cable used to connect devices within a local area network for wired internet access,Hardware,Networking Hardware
How many Petabyte (PB)s is 35 Kilobyte (KB)(s) equal to?,1.59162e-11,3.18323e-11,3.10862e-14,3.18323e-14,B,"1 Kilobyte (KB) = 1024^-4 Petabyte (PB)(s) (relative scale), so 35 Kilobyte (KB)(s) = 3.18323e-11 Petabyte (PB)(s).",Hardware,Storage Units
How many Petabyte (PB)s is 4 Gigabyte (GB)(s) equal to?,0.00390625,3.8147e-06,3.72529e-09,3.8147e-05,B,"1 Gigabyte (GB) = 1024^-2 Petabyte (PB)(s) (relative scale), so 4 Gigabyte (GB)(s) = 3.8147e-06 Petabyte (PB)(s).",Hardware,Storage Units
Which statement correctly describes a power supply unit (PSU)?,a device that provides backup power to a computer system in the event of a power outage,a hardware component used to circulate air and prevent computer components from overheating,a hardware component that converts electrical power from an outlet into usable power for computer components,dedicated memory on a graphics card used to store image data for rendering,C,"By definition, a power supply unit (PSU) is: a hardware component that converts electrical power from an outlet into usable power for computer components",Hardware,Computer Components
How many Kilobyte (KB)s is 15 Petabyte (PB)(s) equal to?,1.68885e+16,1.64927e+13,1.64927e+10,1.61061e+10,B,"1 Petabyte (PB) = 1024^4 Kilobyte (KB)(s) (relative scale), so 15 Petabyte (PB)(s) = 1.64927e+13 Kilobyte (KB)(s).",Hardware,Storage Units
"Fill in the blank: ______ refers to ""a storage medium, such as a CD or DVD, that uses laser technology to read and write data"".",a multi-core processor,an ADC (Analog-to-Digital Converter),an optical disc,the BIOS (Basic Input/Output System),C,"an optical disc refers to: a storage medium, such as a CD or DVD, that uses laser technology to read and write data",Hardware,Storage Devices
How many Megabyte (MB)s is 40 Terabyte (TB)(s) equal to?,40960,8.38861e+07,4.1943e+07,4.1943e+10,C,"1 Terabyte (TB) = 1024^2 Megabyte (MB)(s) (relative scale), so 40 Terabyte (TB)(s) = 4.1943e+07 Megabyte (MB)(s).",Hardware,Storage Units
"Which term matches this description: ""firmware used to perform hardware initialization during the booting process of a computer""?",cache memory,the BIOS (Basic Input/Output System),a hard disk drive (HDD),overclocking,B,The description matches the BIOS (Basic Input/Output System): firmware used to perform hardware initialization during the booting process of a computer,Hardware,Motherboard
"Fill in the blank: ______ refers to ""an output device used to produce a physical copy of digital documents or images"".",a printer,a data centre,a sound card,an optical disc,A,a printer refers to: an output device used to produce a physical copy of digital documents or images,Hardware,Output Devices
How many Kilobyte (KB)s is 13 Gigabyte (GB)(s) equal to?,6.81574e+06,1.36315e+06,1.36315e+07,13631.5,C,"1 Gigabyte (GB) = 1024^2 Kilobyte (KB)(s) (relative scale), so 13 Gigabyte (GB)(s) = 1.36315e+07 Kilobyte (KB)(s).",Hardware,Storage Units
How many Petabyte (PB)s is 48 Byte(s) equal to?,2.13163e-14,4.26326e-14,4.26326e-17,4.36557e-11,B,"1 Byte = 1024^-5 Petabyte (PB)(s) (relative scale), so 48 Byte(s) = 4.26326e-14 Petabyte (PB)(s).",Hardware,Storage Units
How many Terabyte (TB)s is 7 Gigabyte (GB)(s) equal to?,6.67572e-06,0.0136719,0.00683594,6.83594e-06,C,"1 Gigabyte (GB) = 1024^-1 Terabyte (TB)(s) (relative scale), so 7 Gigabyte (GB)(s) = 0.00683594 Terabyte (TB)(s).",Hardware,Storage Units
How many Kilobyte (KB)s is 13 Petabyte (PB)(s) equal to?,7.14683e+12,1.42937e+16,1.46367e+16,1.42937e+13,D,"1 Petabyte (PB) = 1024^4 Kilobyte (KB)(s) (relative scale), so 13 Petabyte (PB)(s) = 1.42937e+13 Kilobyte (KB)(s).",Hardware,Storage Units
How many Megabyte (MB)s is 12 Petabyte (PB)(s) equal to?,1.28849e+13,1.31941e+13,1.28849e+10,1.28849e+11,C,"1 Petabyte (PB) = 1024^3 Megabyte (MB)(s) (relative scale), so 12 Petabyte (PB)(s) = 1.28849e+10 Megabyte (MB)(s).",Hardware,Storage Units
How many Megabyte (MB)s is 50 Kilobyte (KB)(s) equal to?,0.00488281,4.88281e-05,0.0488281,50,C,"1 Kilobyte (KB) = 1024^-1 Megabyte (MB)(s) (relative scale), so 50 Kilobyte (KB)(s) = 0.0488281 Megabyte (MB)(s).",Hardware,Storage Units
What is the BIOS (Basic Input/Output System)?,an input device used to convert physical documents or images into digital format,"a type of mouse that uses a light source and sensor to detect movement, rather than a mechanical ball",a small card used in mobile devices to store subscriber information and enable network connectivity,firmware used to perform hardware initialization during the booting process of a computer,D,the BIOS (Basic Input/Output System) is: firmware used to perform hardware initialization during the booting process of a computer,Hardware,Motherboard
What is a touchscreen?,"a type of mouse that uses a light source and sensor to detect movement, rather than a mechanical ball",an input and output device that allows users to interact with a display by touching it directly,an input device that allows users to draw or write digitally using a stylus,"a device that captures and identifies unique physical characteristics, such as fingerprints, for authentication",B,a touchscreen is: an input and output device that allows users to interact with a display by touching it directly,Hardware,Input Devices
How many Megabyte (MB)s is 28 Kilobyte (KB)(s) equal to?,0.273438,0.0273438,0.0136719,2.73438e-05,B,"1 Kilobyte (KB) = 1024^-1 Megabyte (MB)(s) (relative scale), so 28 Kilobyte (KB)(s) = 0.0273438 Megabyte (MB)(s).",Hardware,Storage Units
What is a keyboard?,"a type of mouse that uses a light source and sensor to detect movement, rather than a mechanical ball",a pointing input device used to interact with a computer's graphical user interface,an input device used to type text and commands into a computer,"a device that captures and identifies unique physical characteristics, such as fingerprints, for authentication",C,a keyboard is: an input device used to type text and commands into a computer,Hardware,Input Devices
"Which term matches this description: ""a storage medium, such as a CD or DVD, that uses laser technology to read and write data""?",an optical disc,overclocking,a barcode scanner,a laptop battery,A,"The description matches an optical disc: a storage medium, such as a CD or DVD, that uses laser technology to read and write data",Hardware,Storage Devices
How many Kilobyte (KB)s is 26 Byte(s) equal to?,0.0253906,25.3906,26,0.253906,A,"1 Byte = 1024^-1 Kilobyte (KB)(s) (relative scale), so 26 Byte(s) = 0.0253906 Kilobyte (KB)(s).",Hardware,Storage Units
How many Megabyte (MB)s is 28 Petabyte (PB)(s) equal to?,3.00648e+13,3.07863e+13,3.00648e+07,3.00648e+10,D,"1 Petabyte (PB) = 1024^3 Megabyte (MB)(s) (relative scale), so 28 Petabyte (PB)(s) = 3.00648e+10 Megabyte (MB)(s).",Hardware,Storage Units
How many Kilobyte (KB)s is 29 Megabyte (MB)(s) equal to?,296960,29.696,2.9696e+07,29696,D,"1 Megabyte (MB) = 1024^1 Kilobyte (KB)(s) (relative scale), so 29 Megabyte (MB)(s) = 29696 Kilobyte (KB)(s).",Hardware,Storage Units
How many Bytes is 38 Megabyte (MB)(s) equal to?,39845.9,3.98459e+08,3.98459e+07,3.98459e+06,C,"1 Megabyte (MB) = 1024^2 Byte(s) (relative scale), so 38 Megabyte (MB)(s) = 3.98459e+07 Byte(s).",Hardware,Storage Units
What is the primary function of a projector?,"storing data electronically using flash memory, with no moving parts",displaying a computer's output onto a large screen or wall,converting electrical audio signals into audible sound,"allowing a user to point, click, and navigate a graphical interface",B,The primary function of a projector is displaying a computer's output onto a large screen or wall.,Hardware,Device Functions
How many Terabyte (TB)s is 44 Gigabyte (GB)(s) equal to?,0.0859375,44,0.0429688,0.429688,C,"1 Gigabyte (GB) = 1024^-1 Terabyte (TB)(s) (relative scale), so 44 Gigabyte (GB)(s) = 0.0429688 Terabyte (TB)(s).",Hardware,Storage Units
How many Bytes is 27 Petabyte (PB)(s) equal to?,3.03993e+15,3.03993e+17,3.11289e+19,3.03993e+16,D,"1 Petabyte (PB) = 1024^5 Byte(s) (relative scale), so 27 Petabyte (PB)(s) = 3.03993e+16 Byte(s).",Hardware,Storage Units
How many Megabyte (MB)s is 33 Gigabyte (GB)(s) equal to?,33792,3.4603e+07,67584,337920,A,"1 Gigabyte (GB) = 1024^1 Megabyte (MB)(s) (relative scale), so 33 Gigabyte (GB)(s) = 33792 Megabyte (MB)(s).",Hardware,Storage Units
How many Terabyte (TB)s is 32 Gigabyte (GB)(s) equal to?,0.0625,0.03125,0.015625,0.003125,B,"1 Gigabyte (GB) = 1024^-1 Terabyte (TB)(s) (relative scale), so 32 Gigabyte (GB)(s) = 0.03125 Terabyte (TB)(s).",Hardware,Storage Units
How many Megabyte (MB)s is 49 Byte(s) equal to?,0.04673,2.3365e-05,4.673e-05,4.56348e-08,C,"1 Byte = 1024^-2 Megabyte (MB)(s) (relative scale), so 49 Byte(s) = 4.673e-05 Megabyte (MB)(s).",Hardware,Storage Units
"Which term matches this description: ""a keyboard that uses individual mechanical switches for each key, often preferred for tactile feedback""?",a webcam,a keyboard,a scanner,a mechanical keyboard,D,"The description matches a mechanical keyboard: a keyboard that uses individual mechanical switches for each key, often preferred for tactile feedback",Hardware,Input Devices
Which hardware device is primarily responsible for converting electrical audio signals into audible sound?,hard disk drive (HDD),router,webcam,speaker,D,A speaker is responsible for converting electrical audio signals into audible sound.,Hardware,Device Functions
How many Kilobyte (KB)s is 38 Byte(s) equal to?,0.0185547,0.00371094,0.0371094,3.62396e-05,C,"1 Byte = 1024^-1 Kilobyte (KB)(s) (relative scale), so 38 Byte(s) = 0.0371094 Kilobyte (KB)(s).",Hardware,Storage Units
How many Kilobyte (KB)s is 29 Terabyte (TB)(s) equal to?,3.04087e+07,3.11385e+10,3.18858e+13,1.55693e+10,B,"1 Terabyte (TB) = 1024^3 Kilobyte (KB)(s) (relative scale), so 29 Terabyte (TB)(s) = 3.11385e+10 Kilobyte (KB)(s).",Hardware,Storage Units
"Which term matches this description: ""a specialised processor designed to accelerate rendering of images, video, and animations""?",a smartphone's processor,virtual memory,hardware,the GPU (Graphics Processing Unit),D,"The description matches the GPU (Graphics Processing Unit): a specialised processor designed to accelerate rendering of images, video, and animations",Hardware,Processors
"Which term matches this description: ""a type of non-volatile memory that permanently stores data, typically used for firmware""?",a core (in a CPU),ROM (Read-Only Memory),a multi-core processor,a microphone,B,"The description matches ROM (Read-Only Memory): a type of non-volatile memory that permanently stores data, typically used for firmware",Hardware,Memory
How many Megabyte (MB)s is 32 Byte(s) equal to?,3.05176e-05,3.05176e-06,0.0305176,2.98023e-08,A,"1 Byte = 1024^-2 Megabyte (MB)(s) (relative scale), so 32 Byte(s) = 3.05176e-05 Megabyte (MB)(s).",Hardware,Storage Units
How many Megabyte (MB)s is 44 Kilobyte (KB)(s) equal to?,0.0214844,0.0859375,4.19617e-05,0.0429688,D,"1 Kilobyte (KB) = 1024^-1 Megabyte (MB)(s) (relative scale), so 44 Kilobyte (KB)(s) = 0.0429688 Megabyte (MB)(s).",Hardware,Storage Units
How many Bytes is 35 Petabyte (PB)(s) equal to?,3.94065e+19,3.84829e+13,3.94065e+13,3.94065e+16,D,"1 Petabyte (PB) = 1024^5 Byte(s) (relative scale), so 35 Petabyte (PB)(s) = 3.94065e+16 Byte(s).",Hardware,Storage Units
How many Terabyte (TB)s is 25 Gigabyte (GB)(s) equal to?,0.00244141,2.38419e-05,0.0244141,2.44141e-05,C,"1 Gigabyte (GB) = 1024^-1 Terabyte (TB)(s) (relative scale), so 25 Gigabyte (GB)(s) = 0.0244141 Terabyte (TB)(s).",Hardware,Storage Units
How many Gigabyte (GB)s is 8 Kilobyte (KB)(s) equal to?,7.62939e-05,7.62939e-07,7.62939e-06,7.62939e-09,C,"1 Kilobyte (KB) = 1024^-2 Gigabyte (GB)(s) (relative scale), so 8 Kilobyte (KB)(s) = 7.62939e-06 Gigabyte (GB)(s).",Hardware,Storage Units
How many Bytes is 20 Kilobyte (KB)(s) equal to?,40960,20,20480,204800,C,"1 Kilobyte (KB) = 1024^1 Byte(s) (relative scale), so 20 Kilobyte (KB)(s) = 20480 Byte(s).",Hardware,Storage Units
How many Petabyte (PB)s is 21 Megabyte (MB)(s) equal to?,3.91155e-08,1.95578e-08,9.77889e-09,1.95578e-11,B,"1 Megabyte (MB) = 1024^-3 Petabyte (PB)(s) (relative scale), so 21 Megabyte (MB)(s) = 1.95578e-08 Petabyte (PB)(s).",Hardware,Storage Units
What is a VGA port?,a networking device that connects devices within a network and forwards data based on MAC addresses,"a small, fast type of volatile memory located close to the CPU, used to speed up data access",dedicated memory on a graphics card used to store image data for rendering,an older analog video connector used to connect monitors to computers,D,a VGA port is: an older analog video connector used to connect monitors to computers,Hardware,Ports and Connectors
How many Terabyte (TB)s is 12 Petabyte (PB)(s) equal to?,122880,12.288,1.25829e+07,12288,D,"1 Petabyte (PB) = 1024^1 Terabyte (TB)(s) (relative scale), so 12 Petabyte (PB)(s) = 12288 Terabyte (TB)(s).",Hardware,Storage Units
How many Kilobyte (KB)s is 19 Byte(s) equal to?,1.81198e-05,19,0.0185547,0.0371094,C,"1 Byte = 1024^-1 Kilobyte (KB)(s) (relative scale), so 19 Byte(s) = 0.0185547 Kilobyte (KB)(s).",Hardware,Storage Units
How many Kilobyte (KB)s is 21 Petabyte (PB)(s) equal to?,2.36439e+16,1.15449e+13,2.30897e+13,2.30897e+12,C,"1 Petabyte (PB) = 1024^4 Kilobyte (KB)(s) (relative scale), so 21 Petabyte (PB)(s) = 2.30897e+13 Kilobyte (KB)(s).",Hardware,Storage Units
How many Gigabyte (GB)s is 28 Terabyte (TB)(s) equal to?,2.8672e+07,28.672,2.93601e+07,28672,D,"1 Terabyte (TB) = 1024^1 Gigabyte (GB)(s) (relative scale), so 28 Terabyte (TB)(s) = 28672 Gigabyte (GB)(s).",Hardware,Storage Units
How many Megabyte (MB)s is 16 Kilobyte (KB)(s) equal to?,1.52588e-05,16,0.015625,1.5625e-05,C,"1 Kilobyte (KB) = 1024^-1 Megabyte (MB)(s) (relative scale), so 16 Kilobyte (KB)(s) = 0.015625 Megabyte (MB)(s).",Hardware,Storage Units
How many Petabyte (PB)s is 9 Megabyte (MB)(s) equal to?,4.19095e-09,8.3819e-09,8.58307e-06,8.3819e-10,B,"1 Megabyte (MB) = 1024^-3 Petabyte (PB)(s) (relative scale), so 9 Megabyte (MB)(s) = 8.3819e-09 Petabyte (PB)(s).",Hardware,Storage Units
"Fill in the blank: ______ refers to ""hardware that allows a computer to connect to a network, either wired or wireless"".",Bluetooth,an ethernet cable,a network interface card (NIC),Wi-Fi,C,"a network interface card (NIC) refers to: hardware that allows a computer to connect to a network, either wired or wireless",Hardware,Networking Hardware
How many Gigabyte (GB)s is 20 Megabyte (MB)(s) equal to?,20,0.00976562,1.95313e-05,0.0195312,D,"1 Megabyte (MB) = 1024^-1 Gigabyte (GB)(s) (relative scale), so 20 Megabyte (MB)(s) = 0.0195312 Gigabyte (GB)(s).",Hardware,Storage Units
How many Gigabyte (GB)s is 49 Megabyte (MB)(s) equal to?,0.0239258,0.478516,0.0478516,4.673e-05,C,"1 Megabyte (MB) = 1024^-1 Gigabyte (GB)(s) (relative scale), so 49 Megabyte (MB)(s) = 0.0478516 Gigabyte (GB)(s).",Hardware,Storage Units
How many Kilobyte (KB)s is 22 Terabyte (TB)(s) equal to?,2.36223e+13,2.30687e+07,1.18112e+10,2.36223e+10,D,"1 Terabyte (TB) = 1024^3 Kilobyte (KB)(s) (relative scale), so 22 Terabyte (TB)(s) = 2.36223e+10 Kilobyte (KB)(s).",Hardware,Storage Units
How many Bytes is 44 Gigabyte (GB)(s) equal to?,4.72446e+10,4.72446e+11,4.72446e+13,4.83785e+13,A,"1 Gigabyte (GB) = 1024^3 Byte(s) (relative scale), so 44 Gigabyte (GB)(s) = 4.72446e+10 Byte(s).",Hardware,Storage Units
How many Gigabyte (GB)s is 33 Petabyte (PB)(s) equal to?,3.54335e+10,6.9206e+07,1.73015e+07,3.4603e+07,D,"1 Petabyte (PB) = 1024^2 Gigabyte (GB)(s) (relative scale), so 33 Petabyte (PB)(s) = 3.4603e+07 Gigabyte (GB)(s).",Hardware,Storage Units
How many Petabyte (PB)s is 10 Kilobyte (KB)(s) equal to?,9.09495e-12,9.09495e-15,9.31323e-09,9.09495e-09,A,"1 Kilobyte (KB) = 1024^-4 Petabyte (PB)(s) (relative scale), so 10 Kilobyte (KB)(s) = 9.09495e-12 Petabyte (PB)(s).",Hardware,Storage Units
How many Megabyte (MB)s is 46 Terabyte (TB)(s) equal to?,4.93921e+10,4.82345e+07,4.82345e+10,48234.5,B,"1 Terabyte (TB) = 1024^2 Megabyte (MB)(s) (relative scale), so 46 Terabyte (TB)(s) = 4.82345e+07 Megabyte (MB)(s).",Hardware,Storage Units
"Which hardware device is primarily responsible for storing data electronically using flash memory, with no moving parts?",solid-state drive (SSD),speaker,sound card,mouse,A,"A solid-state drive (SSD) is responsible for storing data electronically using flash memory, with no moving parts.",Hardware,Device Functions
How many Gigabyte (GB)s is 22 Petabyte (PB)(s) equal to?,2.30687e+07,22528,4.61373e+07,23068.7,A,"1 Petabyte (PB) = 1024^2 Gigabyte (GB)(s) (relative scale), so 22 Petabyte (PB)(s) = 2.30687e+07 Gigabyte (GB)(s).",Hardware,Storage Units
How many Terabyte (TB)s is 41 Kilobyte (KB)(s) equal to?,3.81842e-08,3.81842e-05,3.81842e-07,7.63685e-08,A,"1 Kilobyte (KB) = 1024^-3 Terabyte (TB)(s) (relative scale), so 41 Kilobyte (KB)(s) = 3.81842e-08 Terabyte (TB)(s).",Hardware,Storage Units
How many Kilobyte (KB)s is 33 Gigabyte (GB)(s) equal to?,34603,1.73015e+07,3.4603e+08,3.4603e+07,D,"1 Gigabyte (GB) = 1024^2 Kilobyte (KB)(s) (relative scale), so 33 Gigabyte (GB)(s) = 3.4603e+07 Kilobyte (KB)(s).",Hardware,Storage Units
How many Gigabyte (GB)s is 32 Terabyte (TB)(s) equal to?,3276.8,16384,32768,32,C,"1 Terabyte (TB) = 1024^1 Gigabyte (GB)(s) (relative scale), so 32 Terabyte (TB)(s) = 32768 Gigabyte (GB)(s).",Hardware,Storage Units
How many Gigabyte (GB)s is 32 Petabyte (PB)(s) equal to?,3.35544e+07,3.35544e+06,3.35544e+10,33554.4,A,"1 Petabyte (PB) = 1024^2 Gigabyte (GB)(s) (relative scale), so 32 Petabyte (PB)(s) = 3.35544e+07 Gigabyte (GB)(s).",Hardware,Storage Units
How many Petabyte (PB)s is 33 Megabyte (MB)(s) equal to?,3.07336e-08,3.14713e-05,3.07336e-11,3.07336e-07,A,"1 Megabyte (MB) = 1024^-3 Petabyte (PB)(s) (relative scale), so 33 Megabyte (MB)(s) = 3.07336e-08 Petabyte (PB)(s).",Hardware,Storage Units
Which statement correctly describes a smartphone's processor?,a hardware component that converts electrical power from an outlet into usable power for computer components,"a powerful computer designed to provide services, resources, or data to other computers on a network","a data storage device that uses flash memory to store data, offering faster speeds than traditional HDDs","typically a system-on-chip (SoC) that integrates the CPU, GPU, and other components into a single chip",D,"By definition, a smartphone's processor is: typically a system-on-chip (SoC) that integrates the CPU, GPU, and other components into a single chip",Hardware,Hardware Basics
How many Bytes is 19 Terabyte (TB)(s) equal to?,4.17814e+13,1.04454e+13,2.08907e+13,2.08907e+10,C,"1 Terabyte (TB) = 1024^4 Byte(s) (relative scale), so 19 Terabyte (TB)(s) = 2.08907e+13 Byte(s).",Hardware,Storage Units
How many Kilobyte (KB)s is 1 Terabyte (TB)(s) equal to?,1.07374e+12,1.04858e+06,1.07374e+09,5.36871e+08,C,"1 Terabyte (TB) = 1024^3 Kilobyte (KB)(s) (relative scale), so 1 Terabyte (TB)(s) = 1.07374e+09 Kilobyte (KB)(s).",Hardware,Storage Units
How many Terabyte (TB)s is 16 Kilobyte (KB)(s) equal to?,1.49012e-09,1.49012e-08,1.52588e-05,7.45058e-09,B,"1 Kilobyte (KB) = 1024^-3 Terabyte (TB)(s) (relative scale), so 16 Kilobyte (KB)(s) = 1.49012e-08 Terabyte (TB)(s).",Hardware,Storage Units
How many Petabyte (PB)s is 50 Byte(s) equal to?,8.88178e-14,4.33681e-17,4.44089e-14,2.22045e-14,C,"1 Byte = 1024^-5 Petabyte (PB)(s) (relative scale), so 50 Byte(s) = 4.44089e-14 Petabyte (PB)(s).",Hardware,Storage Units
How many Terabyte (TB)s is 38 Kilobyte (KB)(s) equal to?,3.53903e-08,3.45608e-11,3.53903e-07,3.53903e-05,A,"1 Kilobyte (KB) = 1024^-3 Terabyte (TB)(s) (relative scale), so 38 Kilobyte (KB)(s) = 3.53903e-08 Terabyte (TB)(s).",Hardware,Storage Units
How many Gigabyte (GB)s is 25 Terabyte (TB)(s) equal to?,25600,2.56e+07,25,25.6,A,"1 Terabyte (TB) = 1024^1 Gigabyte (GB)(s) (relative scale), so 25 Terabyte (TB)(s) = 25600 Gigabyte (GB)(s).",Hardware,Storage Units
How many Megabyte (MB)s is 9 Gigabyte (GB)(s) equal to?,9,18432,9216,9.43718e+06,C,"1 Gigabyte (GB) = 1024^1 Megabyte (MB)(s) (relative scale), so 9 Gigabyte (GB)(s) = 9216 Megabyte (MB)(s).",Hardware,Storage Units
Which statement correctly describes a docking station?,a hardware component designed to absorb and dissipate heat away from a computer's processor,a device that allows a laptop to connect to multiple peripherals through a single connection,the practice of increasing a computer component's operating speed beyond its factory-set limits,an expansion card responsible for rendering images and video for display on a monitor,B,"By definition, a docking station is: a device that allows a laptop to connect to multiple peripherals through a single connection",Hardware,Computer Components
How many Megabyte (MB)s is 5 Byte(s) equal to?,0.00476837,2.38419e-06,4.76837e-06,9.53674e-06,C,"1 Byte = 1024^-2 Megabyte (MB)(s) (relative scale), so 5 Byte(s) = 4.76837e-06 Megabyte (MB)(s).",Hardware,Storage Units
How many Petabyte (PB)s is 48 Gigabyte (GB)(s) equal to?,2.28882e-05,9.15527e-05,4.57764e-05,4.57764e-06,C,"1 Gigabyte (GB) = 1024^-2 Petabyte (PB)(s) (relative scale), so 48 Gigabyte (GB)(s) = 4.57764e-05 Petabyte (PB)(s).",Hardware,Storage Units
How many Megabyte (MB)s is 16 Petabyte (PB)(s) equal to?,1.71799e+09,1.75922e+13,1.71799e+10,3.43597e+10,C,"1 Petabyte (PB) = 1024^3 Megabyte (MB)(s) (relative scale), so 16 Petabyte (PB)(s) = 1.71799e+10 Megabyte (MB)(s).",Hardware,Storage Units
How many Gigabyte (GB)s is 26 Megabyte (MB)(s) equal to?,0.0253906,2.47955e-05,26,0.0507812,A,"1 Megabyte (MB) = 1024^-1 Gigabyte (GB)(s) (relative scale), so 26 Megabyte (MB)(s) = 0.0253906 Gigabyte (GB)(s).",Hardware,Storage Units
How many Megabyte (MB)s is 46 Petabyte (PB)(s) equal to?,2.46961e+10,4.93921e+09,4.93921e+10,5.05775e+13,C,"1 Petabyte (PB) = 1024^3 Megabyte (MB)(s) (relative scale), so 46 Petabyte (PB)(s) = 4.93921e+10 Megabyte (MB)(s).",Hardware,Storage Units
How many Gigabyte (GB)s is 35 Kilobyte (KB)(s) equal to?,3.25963e-08,3.33786e-05,0.0333786,6.67572e-05,B,"1 Kilobyte (KB) = 1024^-2 Gigabyte (GB)(s) (relative scale), so 35 Kilobyte (KB)(s) = 3.33786e-05 Gigabyte (GB)(s).",Hardware,Storage Units
How many Terabyte (TB)s is 6 Petabyte (PB)(s) equal to?,6144,61440,6.144,12288,A,"1 Petabyte (PB) = 1024^1 Terabyte (TB)(s) (relative scale), so 6 Petabyte (PB)(s) = 6144 Terabyte (TB)(s).",Hardware,Storage Units
"Which term matches this description: ""hardware used to present data processed by a computer, such as a monitor or printer""?",a barcode scanner,an output device,a laptop battery,a graphics card's VRAM,B,"The description matches an output device: hardware used to present data processed by a computer, such as a monitor or printer",Hardware,Output Devices
How many Megabyte (MB)s is 22 Petabyte (PB)(s) equal to?,2.41893e+13,1.18112e+10,2.36223e+10,2.36223e+07,C,"1 Petabyte (PB) = 1024^3 Megabyte (MB)(s) (relative scale), so 22 Petabyte (PB)(s) = 2.36223e+10 Megabyte (MB)(s).",Hardware,Storage Units
How many Bytes is 19 Megabyte (MB)(s) equal to?,3.98459e+07,19922.9,1.99229e+08,1.99229e+07,D,"1 Megabyte (MB) = 1024^2 Byte(s) (relative scale), so 19 Megabyte (MB)(s) = 1.99229e+07 Byte(s).",Hardware,Storage Units
"Fill in the blank: ______ refers to ""a touch-sensitive input device built into laptops, used as an alternative to a mouse"".",a laptop's trackpad,a biometric scanner,an optical mouse,an input device,A,"a laptop's trackpad refers to: a touch-sensitive input device built into laptops, used as an alternative to a mouse",Hardware,Input Devices
How many Kilobyte (KB)s is 24 Gigabyte (GB)(s) equal to?,2.51658e+07,2.51658e+06,24576,25165.8,A,"1 Gigabyte (GB) = 1024^2 Kilobyte (KB)(s) (relative scale), so 24 Gigabyte (GB)(s) = 2.51658e+07 Kilobyte (KB)(s).",Hardware,Storage Units
"Which hardware device is primarily responsible for rendering images, video, and animations for display?",sound card,router,graphics card (GPU),network interface card (NIC),C,"A graphics card (GPU) is responsible for rendering images, video, and animations for display.",Hardware,Device Functions
Which statement correctly describes a graphics card's VRAM?,a device that provides backup power to a computer system in the event of a power outage,"a facility used to house computer systems and associated components, such as servers and storage systems",a rechargeable power source that allows a laptop to operate without being plugged into an outlet,dedicated memory on a graphics card used to store image data for rendering,D,"By definition, a graphics card's VRAM is: dedicated memory on a graphics card used to store image data for rendering",Hardware,Computer Components
How many Gigabyte (GB)s is 1 Petabyte (PB)(s) equal to?,1.04858e+06,104858,524288,1048.58,A,"1 Petabyte (PB) = 1024^2 Gigabyte (GB)(s) (relative scale), so 1 Petabyte (PB)(s) = 1.04858e+06 Gigabyte (GB)(s).",Hardware,Storage Units
"Fill in the blank: ______ refers to ""a hardware component that converts electrical power from an outlet into usable power for computer components"".",a docking station,an ADC (Analog-to-Digital Converter),a power supply unit (PSU),overclocking,C,a power supply unit (PSU) refers to: a hardware component that converts electrical power from an outlet into usable power for computer components,Hardware,Computer Components
Which statement correctly describes a mechanical keyboard?,"hardware used to enter data or commands into a computer, such as a keyboard or mouse",a pointing input device used to interact with a computer's graphical user interface,"a keyboard that uses individual mechanical switches for each key, often preferred for tactile feedback","a type of mouse that uses a light source and sensor to detect movement, rather than a mechanical ball",C,"By definition, a mechanical keyboard is: a keyboard that uses individual mechanical switches for each key, often preferred for tactile feedback",Hardware,Input Devices
How many Megabyte (MB)s is 12 Gigabyte (GB)(s) equal to?,12288,6144,24576,1228.8,A,"1 Gigabyte (GB) = 1024^1 Megabyte (MB)(s) (relative scale), so 12 Gigabyte (GB)(s) = 12288 Megabyte (MB)(s).",Hardware,Storage Units
"Fill in the blank: ______ refers to ""the practice of increasing a computer component's operating speed beyond its factory-set limits"".",overclocking,a computer case (chassis),a docking station,a UPS (Uninterruptible Power Supply),A,overclocking refers to: the practice of increasing a computer component's operating speed beyond its factory-set limits,Hardware,Computer Components
How many Gigabyte (GB)s is 47 Terabyte (TB)(s) equal to?,48.128,48128,47,4.92831e+07,B,"1 Terabyte (TB) = 1024^1 Gigabyte (GB)(s) (relative scale), so 47 Terabyte (TB)(s) = 48128 Gigabyte (GB)(s).",Hardware,Storage Units
How many Gigabyte (GB)s is 44 Megabyte (MB)(s) equal to?,0.00429688,0.0214844,0.0429688,44,C,"1 Megabyte (MB) = 1024^-1 Gigabyte (GB)(s) (relative scale), so 44 Megabyte (MB)(s) = 0.0429688 Gigabyte (GB)(s).",Hardware,Storage Units
How many Terabyte (TB)s is 28 Byte(s) equal to?,2.54659e-14,5.09317e-11,2.54659e-10,2.54659e-11,D,"1 Byte = 1024^-4 Terabyte (TB)(s) (relative scale), so 28 Byte(s) = 2.54659e-11 Terabyte (TB)(s).",Hardware,Storage Units
How many Megabyte (MB)s is 24 Byte(s) equal to?,2.28882e-08,0.0228882,1.14441e-05,2.28882e-05,D,"1 Byte = 1024^-2 Megabyte (MB)(s) (relative scale), so 24 Byte(s) = 2.28882e-05 Megabyte (MB)(s).",Hardware,Storage Units
"Fill in the blank: ______ refers to ""a type of volatile memory used to temporarily store data that a computer is actively using"".",a hard disk drive (HDD),RAM (Random Access Memory),a computer case (chassis),a mouse,B,RAM (Random Access Memory) refers to: a type of volatile memory used to temporarily store data that a computer is actively using,Hardware,Memory
"Fill in the blank: ______ refers to ""an expansion card responsible for rendering images and video for display on a monitor"".",thermal paste,a heat sink,a graphics card,a UPS (Uninterruptible Power Supply),C,a graphics card refers to: an expansion card responsible for rendering images and video for display on a monitor,Hardware,Computer Components
What is the primary function of a monitor?,directing data packets between different computer networks,displaying a computer's output onto a large screen or wall,"storing data electronically using flash memory, with no moving parts",visually displaying output from a computer,D,The primary function of a monitor is visually displaying output from a computer.,Hardware,Device Functions
What is a power supply unit (PSU)?,a hardware component designed to absorb and dissipate heat away from a computer's processor,the practice of increasing a computer component's operating speed beyond its factory-set limits,a hardware component that converts electrical power from an outlet into usable power for computer components,a substance applied between a CPU and its heat sink to improve heat conduction,C,a power supply unit (PSU) is: a hardware component that converts electrical power from an outlet into usable power for computer components,Hardware,Computer Components
How many Petabyte (PB)s is 20 Terabyte (TB)(s) equal to?,0.0390625,0.00195312,0.0195312,20,C,"1 Terabyte (TB) = 1024^-1 Petabyte (PB)(s) (relative scale), so 20 Terabyte (TB)(s) = 0.0195312 Petabyte (PB)(s).",Hardware,Storage Units
Which statement correctly describes ROM (Read-Only Memory)?,an input device that allows users to draw or write digitally using a stylus,"a socket on a motherboard used to install additional hardware components, such as graphics cards","a type of non-volatile memory that permanently stores data, typically used for firmware","an input device commonly used for gaming, allowing control of movement in multiple directions",C,"By definition, ROM (Read-Only Memory) is: a type of non-volatile memory that permanently stores data, typically used for firmware",Hardware,Memory
What is the primary function of a graphics card (GPU)?,capturing live video for calls or recording,"rendering images, video, and animations for display","storing data electronically using flash memory, with no moving parts","allowing a user to point, click, and navigate a graphical interface",B,"The primary function of a graphics card (GPU) is rendering images, video, and animations for display.",Hardware,Device Functions
How many Gigabyte (GB)s is 47 Petabyte (PB)(s) equal to?,4.92831e+10,4.92831e+07,4.92831e+08,9.85661e+07,B,"1 Petabyte (PB) = 1024^2 Gigabyte (GB)(s) (relative scale), so 47 Petabyte (PB)(s) = 4.92831e+07 Gigabyte (GB)(s).",Hardware,Storage Units
How many Petabyte (PB)s is 47 Byte(s) equal to?,4.17444e-15,4.17444e-14,4.17444e-17,4.0766e-17,B,"1 Byte = 1024^-5 Petabyte (PB)(s) (relative scale), so 47 Byte(s) = 4.17444e-14 Petabyte (PB)(s).",Hardware,Storage Units
How many Terabyte (TB)s is 6 Kilobyte (KB)(s) equal to?,5.58794e-08,5.72205e-06,5.58794e-12,5.58794e-09,D,"1 Kilobyte (KB) = 1024^-3 Terabyte (TB)(s) (relative scale), so 6 Kilobyte (KB)(s) = 5.58794e-09 Terabyte (TB)(s).",Hardware,Storage Units
"Which term matches this description: ""a set of electronic components on a motherboard that manages data flow between the CPU, memory, and peripherals""?",cache memory,a chipset,a graphics card,a graphics tablet,B,"The description matches a chipset: a set of electronic components on a motherboard that manages data flow between the CPU, memory, and peripherals",Hardware,Motherboard
How many Bytes is 31 Kilobyte (KB)(s) equal to?,3174.4,317440,3.1744e+07,31744,D,"1 Kilobyte (KB) = 1024^1 Byte(s) (relative scale), so 31 Kilobyte (KB)(s) = 31744 Byte(s).",Hardware,Storage Units
What is an expansion slot?,"a service model that allows data to be stored, managed, and backed up remotely over the internet","a socket on a motherboard used to install additional hardware components, such as graphics cards",a hardware component used to circulate air and prevent computer components from overheating,"a modern, reversible connector used for data transfer, video output, and charging",B,"an expansion slot is: a socket on a motherboard used to install additional hardware components, such as graphics cards",Hardware,Motherboard
"Which term matches this description: ""a service model that allows data to be stored, managed, and backed up remotely over the internet""?",a chipset,a monitor,a docking station,cloud storage,D,"The description matches cloud storage: a service model that allows data to be stored, managed, and backed up remotely over the internet",Hardware,Storage Devices
How many Megabyte (MB)s is 35 Byte(s) equal to?,0.0333786,3.25963e-08,0.0341797,3.33786e-05,D,"1 Byte = 1024^-2 Megabyte (MB)(s) (relative scale), so 35 Byte(s) = 3.33786e-05 Megabyte (MB)(s).",Hardware,Storage Units
What is an optical disc?,a device that allows a laptop to connect to multiple peripherals through a single connection,"a storage medium, such as a CD or DVD, that uses laser technology to read and write data","the physical components of a computer system, such as the CPU, memory, and storage devices",an input device that allows users to draw or write digitally using a stylus,B,"an optical disc is: a storage medium, such as a CD or DVD, that uses laser technology to read and write data",Hardware,Storage Devices
How many Petabyte (PB)s is 34 Kilobyte (KB)(s) equal to?,6.18456e-11,3.01981e-14,3.09228e-11,3.09228e-12,C,"1 Kilobyte (KB) = 1024^-4 Petabyte (PB)(s) (relative scale), so 34 Kilobyte (KB)(s) = 3.09228e-11 Petabyte (PB)(s).",Hardware,Storage Units
"Fill in the blank: ______ refers to ""hardware used to enter data or commands into a computer, such as a keyboard or mouse"".",a touchscreen,an input device,a mouse,a webcam,B,"an input device refers to: hardware used to enter data or commands into a computer, such as a keyboard or mouse",Hardware,Input Devices
How many Megabyte (MB)s is 34 Byte(s) equal to?,0.0324249,6.48499e-05,3.24249e-05,3.1665e-08,C,"1 Byte = 1024^-2 Megabyte (MB)(s) (relative scale), so 34 Byte(s) = 3.24249e-05 Megabyte (MB)(s).",Hardware,Storage Units
How many Terabyte (TB)s is 18 Megabyte (MB)(s) equal to?,1.71661e-05,1.71661e-08,8.58307e-06,0.0175781,A,"1 Megabyte (MB) = 1024^-2 Terabyte (TB)(s) (relative scale), so 18 Megabyte (MB)(s) = 1.71661e-05 Terabyte (TB)(s).",Hardware,Storage Units
How many Petabyte (PB)s is 4 Terabyte (TB)(s) equal to?,0.0390625,0.00390625,0.0078125,3.8147e-06,B,"1 Terabyte (TB) = 1024^-1 Petabyte (PB)(s) (relative scale), so 4 Terabyte (TB)(s) = 0.00390625 Petabyte (PB)(s).",Hardware,Storage Units
How many Megabyte (MB)s is 42 Kilobyte (KB)(s) equal to?,41.0156,0.0820312,4.10156e-05,0.0410156,D,"1 Kilobyte (KB) = 1024^-1 Megabyte (MB)(s) (relative scale), so 42 Kilobyte (KB)(s) = 0.0410156 Megabyte (MB)(s).",Hardware,Storage Units
How many Bytes is 28 Megabyte (MB)(s) equal to?,5.87203e+07,2.93601e+07,2.93601e+10,1.46801e+07,B,"1 Megabyte (MB) = 1024^2 Byte(s) (relative scale), so 28 Megabyte (MB)(s) = 2.93601e+07 Byte(s).",Hardware,Storage Units
Which statement correctly describes an ADC (Analog-to-Digital Converter)?,an expansion card that enables a computer to process and output audio signals,a device that converts analog signals into digital data that a computer can process,a device that allows a laptop to connect to multiple peripherals through a single connection,a hardware component designed to absorb and dissipate heat away from a computer's processor,B,"By definition, an ADC (Analog-to-Digital Converter) is: a device that converts analog signals into digital data that a computer can process",Hardware,Computer Components
How many Petabyte (PB)s is 48 Megabyte (MB)(s) equal to?,4.47035e-08,4.47035e-09,4.47035e-05,8.9407e-08,A,"1 Megabyte (MB) = 1024^-3 Petabyte (PB)(s) (relative scale), so 48 Megabyte (MB)(s) = 4.47035e-08 Petabyte (PB)(s).",Hardware,Storage Units
How many Megabyte (MB)s is 3 Byte(s) equal to?,1.43051e-06,2.86102e-06,5.72205e-06,2.86102e-05,B,"1 Byte = 1024^-2 Megabyte (MB)(s) (relative scale), so 3 Byte(s) = 2.86102e-06 Megabyte (MB)(s).",Hardware,Storage Units
Which statement correctly describes a graphics tablet?,an input device that allows users to draw or write digitally using a stylus,"a keyboard that uses individual mechanical switches for each key, often preferred for tactile feedback",a pointing input device used to interact with a computer's graphical user interface,"a type of mouse that uses a light source and sensor to detect movement, rather than a mechanical ball",A,"By definition, a graphics tablet is: an input device that allows users to draw or write digitally using a stylus",Hardware,Input Devices
How many Petabyte (PB)s is 30 Gigabyte (GB)(s) equal to?,1.43051e-05,5.72205e-05,2.86102e-05,2.79397e-08,C,"1 Gigabyte (GB) = 1024^-2 Petabyte (PB)(s) (relative scale), so 30 Gigabyte (GB)(s) = 2.86102e-05 Petabyte (PB)(s).",Hardware,Storage Units
"Which term matches this description: ""a device that provides backup power to a computer system in the event of a power outage""?",a graphics card's VRAM,a data centre,a UPS (Uninterruptible Power Supply),a server (hardware),C,The description matches a UPS (Uninterruptible Power Supply): a device that provides backup power to a computer system in the event of a power outage,Hardware,Computer Components
How many Terabyte (TB)s is 46 Gigabyte (GB)(s) equal to?,4.49219e-05,0.0224609,0.00449219,0.0449219,D,"1 Gigabyte (GB) = 1024^-1 Terabyte (TB)(s) (relative scale), so 46 Gigabyte (GB)(s) = 0.0449219 Terabyte (TB)(s).",Hardware,Storage Units
How many Terabyte (TB)s is 35 Petabyte (PB)(s) equal to?,17920,71680,358400,35840,D,"1 Petabyte (PB) = 1024^1 Terabyte (TB)(s) (relative scale), so 35 Petabyte (PB)(s) = 35840 Terabyte (TB)(s).",Hardware,Storage Units
Which statement correctly describes a USB port?,a wireless networking technology that allows devices to connect to the internet without physical cables,"the rate at which a CPU executes instructions, measured in hertz (Hz), typically gigahertz (GHz)","a standard connector used to connect peripherals like keyboards, mice, and storage devices to a computer","a basic networking device that connects multiple devices, broadcasting data to all connected ports",C,"By definition, a USB port is: a standard connector used to connect peripherals like keyboards, mice, and storage devices to a computer",Hardware,Ports and Connectors
What is a SIM card?,a small card used in mobile devices to store subscriber information and enable network connectivity,"a small, fast type of volatile memory located close to the CPU, used to speed up data access","an input device commonly used for gaming, allowing control of movement in multiple directions","a device that captures and identifies unique physical characteristics, such as fingerprints, for authentication",A,a SIM card is: a small card used in mobile devices to store subscriber information and enable network connectivity,Hardware,Hardware Basics
How many Bytes is 34 Gigabyte (GB)(s) equal to?,7.30144e+10,3.65072e+10,3.73834e+13,3.65072e+09,B,"1 Gigabyte (GB) = 1024^3 Byte(s) (relative scale), so 34 Gigabyte (GB)(s) = 3.65072e+10 Byte(s).",Hardware,Storage Units
How many Petabyte (PB)s is 44 Gigabyte (GB)(s) equal to?,4.19617e-05,8.39233e-05,4.19617e-08,4.19617e-06,A,"1 Gigabyte (GB) = 1024^-2 Petabyte (PB)(s) (relative scale), so 44 Gigabyte (GB)(s) = 4.19617e-05 Petabyte (PB)(s).",Hardware,Storage Units
"Which term matches this description: ""the primary component of a computer that executes instructions, often called the 'brain' of the computer""?",a solid-state drive (SSD),the CPU (Central Processing Unit),a network interface card (NIC),Wi-Fi,B,"The description matches the CPU (Central Processing Unit): the primary component of a computer that executes instructions, often called the 'brain' of the computer",Hardware,Processors
How many Bytes is 50 Megabyte (MB)(s) equal to?,5.24288e+08,51200,2.62144e+07,5.24288e+07,D,"1 Megabyte (MB) = 1024^2 Byte(s) (relative scale), so 50 Megabyte (MB)(s) = 5.24288e+07 Byte(s).",Hardware,Storage Units
How many Megabyte (MB)s is 33 Terabyte (TB)(s) equal to?,34603,3.4603e+10,3.4603e+06,3.4603e+07,D,"1 Terabyte (TB) = 1024^2 Megabyte (MB)(s) (relative scale), so 33 Terabyte (TB)(s) = 3.4603e+07 Megabyte (MB)(s).",Hardware,Storage Units
How many Petabyte (PB)s is 48 Kilobyte (KB)(s) equal to?,4.36557e-08,4.36557e-11,4.36557e-12,4.26326e-14,B,"1 Kilobyte (KB) = 1024^-4 Petabyte (PB)(s) (relative scale), so 48 Kilobyte (KB)(s) = 4.36557e-11 Petabyte (PB)(s).",Hardware,Storage Units
How many Kilobyte (KB)s is 5 Gigabyte (GB)(s) equal to?,5.24288e+06,5.36871e+09,5.24288e+07,2.62144e+06,A,"1 Gigabyte (GB) = 1024^2 Kilobyte (KB)(s) (relative scale), so 5 Gigabyte (GB)(s) = 5.24288e+06 Kilobyte (KB)(s).",Hardware,Storage Units
"Which term matches this description: ""an output device used to produce high-quality vector graphics, often used in engineering and architecture""?",a SIM card,a cooling fan,a plotter,a multi-core processor,C,"The description matches a plotter: an output device used to produce high-quality vector graphics, often used in engineering and architecture",Hardware,Output Devices
How many Kilobyte (KB)s is 26 Terabyte (TB)(s) equal to?,2.79173e+10,2.79173e+13,2.7263e+07,2.85873e+13,A,"1 Terabyte (TB) = 1024^3 Kilobyte (KB)(s) (relative scale), so 26 Terabyte (TB)(s) = 2.79173e+10 Kilobyte (KB)(s).",Hardware,Storage Units
How many Petabyte (PB)s is 24 Byte(s) equal to?,2.13163e-14,1.06581e-14,2.13163e-11,2.13163e-17,A,"1 Byte = 1024^-5 Petabyte (PB)(s) (relative scale), so 24 Byte(s) = 2.13163e-14 Petabyte (PB)(s).",Hardware,Storage Units
How many Kilobyte (KB)s is 8 Petabyte (PB)(s) equal to?,8.58993e+09,8.79609e+15,8.79609e+12,8.79609e+09,C,"1 Petabyte (PB) = 1024^4 Kilobyte (KB)(s) (relative scale), so 8 Petabyte (PB)(s) = 8.79609e+12 Kilobyte (KB)(s).",Hardware,Storage Units
Which hardware device is primarily responsible for enabling a computer to connect to a network?,webcam,mouse,network interface card (NIC),plotter,C,A network interface card (NIC) is responsible for enabling a computer to connect to a network.,Hardware,Device Functions
"Fill in the blank: ______ refers to ""a hardware component used to circulate air and prevent computer components from overheating"".",a cooling fan,a data centre,a heat sink,a graphics card,A,a cooling fan refers to: a hardware component used to circulate air and prevent computer components from overheating,Hardware,Computer Components
How many Gigabyte (GB)s is 26 Terabyte (TB)(s) equal to?,53248,26.624,26624,2662.4,C,"1 Terabyte (TB) = 1024^1 Gigabyte (GB)(s) (relative scale), so 26 Terabyte (TB)(s) = 26624 Gigabyte (GB)(s).",Hardware,Storage Units
How many Petabyte (PB)s is 25 Gigabyte (GB)(s) equal to?,0.0238419,2.38419e-05,2.32831e-08,2.38419e-08,B,"1 Gigabyte (GB) = 1024^-2 Petabyte (PB)(s) (relative scale), so 25 Gigabyte (GB)(s) = 2.38419e-05 Petabyte (PB)(s).",Hardware,Storage Units
Which statement correctly describes an optical mouse?,an input device used to type text and commands into a computer,"a device that captures and identifies unique physical characteristics, such as fingerprints, for authentication","a touch-sensitive input device built into laptops, used as an alternative to a mouse","a type of mouse that uses a light source and sensor to detect movement, rather than a mechanical ball",D,"By definition, an optical mouse is: a type of mouse that uses a light source and sensor to detect movement, rather than a mechanical ball",Hardware,Input Devices
How many Gigabyte (GB)s is 8 Megabyte (MB)(s) equal to?,0.00078125,8,0.078125,0.0078125,D,"1 Megabyte (MB) = 1024^-1 Gigabyte (GB)(s) (relative scale), so 8 Megabyte (MB)(s) = 0.0078125 Gigabyte (GB)(s).",Hardware,Storage Units
"Fill in the blank: ______ refers to ""a facility used to house computer systems and associated components, such as servers and storage systems"".",a data centre,a laptop battery,a cooling fan,a graphics card,A,"a data centre refers to: a facility used to house computer systems and associated components, such as servers and storage systems",Hardware,Computer Components
How many Petabyte (PB)s is 43 Gigabyte (GB)(s) equal to?,4.1008e-05,8.2016e-05,0.0419922,0.041008,A,"1 Gigabyte (GB) = 1024^-2 Petabyte (PB)(s) (relative scale), so 43 Gigabyte (GB)(s) = 4.1008e-05 Petabyte (PB)(s).",Hardware,Storage Units
How many Kilobyte (KB)s is 20 Megabyte (MB)(s) equal to?,20.48,2.048e+07,40960,20480,D,"1 Megabyte (MB) = 1024^1 Kilobyte (KB)(s) (relative scale), so 20 Megabyte (MB)(s) = 20480 Kilobyte (KB)(s).",Hardware,Storage Units
Which statement correctly describes a server (hardware)?,"a powerful computer designed to provide services, resources, or data to other computers on a network",a substance applied between a CPU and its heat sink to improve heat conduction,a hardware component that converts electrical power from an outlet into usable power for computer components,a hardware component used to circulate air and prevent computer components from overheating,A,"By definition, a server (hardware) is: a powerful computer designed to provide services, resources, or data to other computers on a network",Hardware,Computer Components
How many Terabyte (TB)s is 5 Byte(s) equal to?,4.65661e-09,4.54747e-12,9.09495e-12,4.54747e-11,B,"1 Byte = 1024^-4 Terabyte (TB)(s) (relative scale), so 5 Byte(s) = 4.54747e-12 Terabyte (TB)(s).",Hardware,Storage Units
How many Bytes is 11 Petabyte (PB)(s) equal to?,1.26821e+19,1.23849e+16,6.19245e+15,1.23849e+19,B,"1 Petabyte (PB) = 1024^5 Byte(s) (relative scale), so 11 Petabyte (PB)(s) = 1.23849e+16 Byte(s).",Hardware,Storage Units
How many Gigabyte (GB)s is 28 Megabyte (MB)(s) equal to?,28,0.273438,27.3438,0.0273438,D,"1 Megabyte (MB) = 1024^-1 Gigabyte (GB)(s) (relative scale), so 28 Megabyte (MB)(s) = 0.0273438 Gigabyte (GB)(s).",Hardware,Storage Units
How many Terabyte (TB)s is 4 Byte(s) equal to?,3.55271e-15,3.63798e-12,1.81899e-12,3.63798e-09,B,"1 Byte = 1024^-4 Terabyte (TB)(s) (relative scale), so 4 Byte(s) = 3.63798e-12 Terabyte (TB)(s).",Hardware,Storage Units
How many Terabyte (TB)s is 2 Kilobyte (KB)(s) equal to?,1.81899e-12,1.86265e-09,9.31323e-10,1.86265e-06,B,"1 Kilobyte (KB) = 1024^-3 Terabyte (TB)(s) (relative scale), so 2 Kilobyte (KB)(s) = 1.86265e-09 Terabyte (TB)(s).",Hardware,Storage Units
How many Bytes is 16 Petabyte (PB)(s) equal to?,3.60288e+16,1.80144e+16,1.75922e+13,1.80144e+15,B,"1 Petabyte (PB) = 1024^5 Byte(s) (relative scale), so 16 Petabyte (PB)(s) = 1.80144e+16 Byte(s).",Hardware,Storage Units
How many Kilobyte (KB)s is 33 Megabyte (MB)(s) equal to?,33,33792,16896,3379.2,B,"1 Megabyte (MB) = 1024^1 Kilobyte (KB)(s) (relative scale), so 33 Megabyte (MB)(s) = 33792 Kilobyte (KB)(s).",Hardware,Storage Units
How many Megabyte (MB)s is 43 Kilobyte (KB)(s) equal to?,0.0209961,4.19922e-05,0.0419922,0.00419922,C,"1 Kilobyte (KB) = 1024^-1 Megabyte (MB)(s) (relative scale), so 43 Kilobyte (KB)(s) = 0.0419922 Megabyte (MB)(s).",Hardware,Storage Units
What is a laptop battery?,a rechargeable power source that allows a laptop to operate without being plugged into an outlet,"a powerful computer designed to provide services, resources, or data to other computers on a network",a device that provides backup power to a computer system in the event of a power outage,an expansion card responsible for rendering images and video for display on a monitor,A,a laptop battery is: a rechargeable power source that allows a laptop to operate without being plugged into an outlet,Hardware,Computer Components
How many Bytes is 25 Petabyte (PB)(s) equal to?,1.40737e+16,5.6295e+16,2.81475e+16,2.81475e+19,C,"1 Petabyte (PB) = 1024^5 Byte(s) (relative scale), so 25 Petabyte (PB)(s) = 2.81475e+16 Byte(s).",Hardware,Storage Units
How many Megabyte (MB)s is 21 Gigabyte (GB)(s) equal to?,21.504,21504,43008,2.1504e+07,B,"1 Gigabyte (GB) = 1024^1 Megabyte (MB)(s) (relative scale), so 21 Gigabyte (GB)(s) = 21504 Megabyte (MB)(s).",Hardware,Storage Units
How many Terabyte (TB)s is 10 Megabyte (MB)(s) equal to?,9.53674e-06,0.00976562,9.53674e-07,0.00953674,A,"1 Megabyte (MB) = 1024^-2 Terabyte (TB)(s) (relative scale), so 10 Megabyte (MB)(s) = 9.53674e-06 Terabyte (TB)(s).",Hardware,Storage Units
How many Kilobyte (KB)s is 44 Gigabyte (GB)(s) equal to?,4.61373e+08,4.61373e+07,4.61373e+06,4.72446e+10,B,"1 Gigabyte (GB) = 1024^2 Kilobyte (KB)(s) (relative scale), so 44 Gigabyte (GB)(s) = 4.61373e+07 Kilobyte (KB)(s).",Hardware,Storage Units
"Fill in the blank: ______ refers to ""a wireless networking technology that allows devices to connect to the internet without physical cables"".",a modem,an ethernet cable,Bluetooth,Wi-Fi,D,Wi-Fi refers to: a wireless networking technology that allows devices to connect to the internet without physical cables,Hardware,Networking Hardware
How many Terabyte (TB)s is 43 Kilobyte (KB)(s) equal to?,4.1008e-05,8.00937e-08,4.00469e-07,4.00469e-08,D,"1 Kilobyte (KB) = 1024^-3 Terabyte (TB)(s) (relative scale), so 43 Kilobyte (KB)(s) = 4.00469e-08 Terabyte (TB)(s).",Hardware,Storage Units
How many Megabyte (MB)s is 14 Petabyte (PB)(s) equal to?,1.46801e+07,3.00648e+10,1.50324e+13,1.50324e+10,D,"1 Petabyte (PB) = 1024^3 Megabyte (MB)(s) (relative scale), so 14 Petabyte (PB)(s) = 1.50324e+10 Megabyte (MB)(s).",Hardware,Storage Units
How many Terabyte (TB)s is 18 Byte(s) equal to?,1.63709e-10,1.67638e-08,1.63709e-11,1.63709e-14,C,"1 Byte = 1024^-4 Terabyte (TB)(s) (relative scale), so 18 Byte(s) = 1.63709e-11 Terabyte (TB)(s).",Hardware,Storage Units
How many Petabyte (PB)s is 12 Kilobyte (KB)(s) equal to?,1.09139e-10,1.09139e-08,1.09139e-11,5.45697e-12,C,"1 Kilobyte (KB) = 1024^-4 Petabyte (PB)(s) (relative scale), so 12 Kilobyte (KB)(s) = 1.09139e-11 Petabyte (PB)(s).",Hardware,Storage Units
Which hardware device is primarily responsible for directing data packets between different computer networks?,sound card,router,keyboard,webcam,B,A router is responsible for directing data packets between different computer networks.,Hardware,Device Functions
What is the primary function of a webcam?,executing instructions and performing calculations for the computer,displaying a computer's output onto a large screen or wall,temporarily storing data that the CPU is actively using,capturing live video for calls or recording,D,The primary function of a webcam is capturing live video for calls or recording.,Hardware,Device Functions
How many Megabyte (MB)s is 34 Kilobyte (KB)(s) equal to?,0.0332031,34,33.2031,0.00332031,A,"1 Kilobyte (KB) = 1024^-1 Megabyte (MB)(s) (relative scale), so 34 Kilobyte (KB)(s) = 0.0332031 Megabyte (MB)(s).",Hardware,Storage Units
How many Bytes is 39 Kilobyte (KB)(s) equal to?,3993.6,39936,19968,79872,B,"1 Kilobyte (KB) = 1024^1 Byte(s) (relative scale), so 39 Kilobyte (KB)(s) = 39936 Byte(s).",Hardware,Storage Units
How many Terabyte (TB)s is 42 Megabyte (MB)(s) equal to?,4.00543e-05,3.91155e-08,0.000400543,0.0410156,A,"1 Megabyte (MB) = 1024^-2 Terabyte (TB)(s) (relative scale), so 42 Megabyte (MB)(s) = 4.00543e-05 Terabyte (TB)(s).",Hardware,Storage Units
Which statement correctly describes virtual memory?,a memory management technique that uses hard disk space to simulate additional RAM,a substance applied between a CPU and its heat sink to improve heat conduction,"a modern, reversible connector used for data transfer, video output, and charging",a networking device that forwards data packets between computer networks,A,"By definition, virtual memory is: a memory management technique that uses hard disk space to simulate additional RAM",Hardware,Memory
How many Petabyte (PB)s is 42 Kilobyte (KB)(s) equal to?,3.81988e-11,3.81988e-10,1.90994e-11,3.73035e-14,A,"1 Kilobyte (KB) = 1024^-4 Petabyte (PB)(s) (relative scale), so 42 Kilobyte (KB)(s) = 3.81988e-11 Petabyte (PB)(s).",Hardware,Storage Units
How many Kilobyte (KB)s is 3 Megabyte (MB)(s) equal to?,3072,1536,3.072e+06,3.072,A,"1 Megabyte (MB) = 1024^1 Kilobyte (KB)(s) (relative scale), so 3 Megabyte (MB)(s) = 3072 Kilobyte (KB)(s).",Hardware,Storage Units
How many Gigabyte (GB)s is 46 Petabyte (PB)(s) equal to?,4.93921e+10,4.82345e+08,4.82345e+07,4.82345e+06,C,"1 Petabyte (PB) = 1024^2 Gigabyte (GB)(s) (relative scale), so 46 Petabyte (PB)(s) = 4.82345e+07 Gigabyte (GB)(s).",Hardware,Storage Units
What is a printer?,a data storage device that uses spinning magnetic disks to store and retrieve digital information,an output device used to produce a physical copy of digital documents or images,a small card used in mobile devices to store subscriber information and enable network connectivity,a wireless technology standard used for exchanging data over short distances between devices,B,a printer is: an output device used to produce a physical copy of digital documents or images,Hardware,Output Devices
How many Megabyte (MB)s is 10 Byte(s) equal to?,9.53674e-06,4.76837e-06,1.90735e-05,9.53674e-09,A,"1 Byte = 1024^-2 Megabyte (MB)(s) (relative scale), so 10 Byte(s) = 9.53674e-06 Megabyte (MB)(s).",Hardware,Storage Units
Which statement correctly describes a hard disk drive (HDD)?,"a standard connector used to connect peripherals like keyboards, mice, and storage devices to a computer",an expansion card responsible for rendering images and video for display on a monitor,firmware used to perform hardware initialization during the booting process of a computer,a data storage device that uses spinning magnetic disks to store and retrieve digital information,D,"By definition, a hard disk drive (HDD) is: a data storage device that uses spinning magnetic disks to store and retrieve digital information",Hardware,Storage Devices
How many Kilobyte (KB)s is 50 Petabyte (PB)(s) equal to?,5.36871e+10,5.49756e+14,5.49756e+13,5.6295e+16,C,"1 Petabyte (PB) = 1024^4 Kilobyte (KB)(s) (relative scale), so 50 Petabyte (PB)(s) = 5.49756e+13 Kilobyte (KB)(s).",Hardware,Storage Units
"Which term matches this description: ""a facility used to house computer systems and associated components, such as servers and storage systems""?",a DAC (Digital-to-Analog Converter),a data centre,a server (hardware),a computer case (chassis),B,"The description matches a data centre: a facility used to house computer systems and associated components, such as servers and storage systems",Hardware,Computer Components
"Which term matches this description: ""an input device that converts sound into an electrical signal for recording or processing""?",a microphone,a barcode scanner,a laptop's trackpad,an input device,A,The description matches a microphone: an input device that converts sound into an electrical signal for recording or processing,Hardware,Input Devices
What is the primary function of a solid-state drive (SSD)?,converting electrical audio signals into audible sound,converting a physical document or photo into a digital image,capturing sound and converting it into an electrical signal,"storing data electronically using flash memory, with no moving parts",D,"The primary function of a solid-state drive (SSD) is storing data electronically using flash memory, with no moving parts.",Hardware,Device Functions
How many Bytes is 1 Petabyte (PB)(s) equal to?,1.09951e+12,1.1259e+18,1.1259e+15,1.1259e+16,C,"1 Petabyte (PB) = 1024^5 Byte(s) (relative scale), so 1 Petabyte (PB)(s) = 1.1259e+15 Byte(s).",Hardware,Storage Units
How many Gigabyte (GB)s is 12 Megabyte (MB)(s) equal to?,0.0234375,12,0.0117188,11.7188,C,"1 Megabyte (MB) = 1024^-1 Gigabyte (GB)(s) (relative scale), so 12 Megabyte (MB)(s) = 0.0117188 Gigabyte (GB)(s).",Hardware,Storage Units
How many Megabyte (MB)s is 5 Kilobyte (KB)(s) equal to?,0.0488281,0.00488281,0.00244141,0.00976562,B,"1 Kilobyte (KB) = 1024^-1 Megabyte (MB)(s) (relative scale), so 5 Kilobyte (KB)(s) = 0.00488281 Megabyte (MB)(s).",Hardware,Storage Units
How many Petabyte (PB)s is 15 Kilobyte (KB)(s) equal to?,1.36424e-12,1.36424e-11,1.36424e-14,1.33227e-14,B,"1 Kilobyte (KB) = 1024^-4 Petabyte (PB)(s) (relative scale), so 15 Kilobyte (KB)(s) = 1.36424e-11 Petabyte (PB)(s).",Hardware,Storage Units
What is a docking station?,a device that provides backup power to a computer system in the event of a power outage,a hardware component that converts electrical power from an outlet into usable power for computer components,an expansion card that enables a computer to process and output audio signals,a device that allows a laptop to connect to multiple peripherals through a single connection,D,a docking station is: a device that allows a laptop to connect to multiple peripherals through a single connection,Hardware,Computer Components
Which statement correctly describes a monitor?,a device that converts analog signals into digital data that a computer can process,an expansion card that enables a computer to process and output audio signals,a connector used to transmit high-definition video and audio between devices,an output device that visually displays information processed by a computer,D,"By definition, a monitor is: an output device that visually displays information processed by a computer",Hardware,Output Devices
How many Bytes is 29 Terabyte (TB)(s) equal to?,3.18858e+13,1.59429e+13,6.37717e+13,3.11385e+10,A,"1 Terabyte (TB) = 1024^4 Byte(s) (relative scale), so 29 Terabyte (TB)(s) = 3.18858e+13 Byte(s).",Hardware,Storage Units
What is a hub (networking device)?,a wireless technology standard used for exchanging data over short distances between devices,a wireless networking technology that allows devices to connect to the internet without physical cables,"a basic networking device that connects multiple devices, broadcasting data to all connected ports","hardware that allows a computer to connect to a network, either wired or wireless",C,"a hub (networking device) is: a basic networking device that connects multiple devices, broadcasting data to all connected ports",Hardware,Networking Hardware
"Which term matches this description: ""an input and output device that allows users to interact with a display by touching it directly""?",a touchscreen,an input device,a barcode scanner,an optical mouse,A,The description matches a touchscreen: an input and output device that allows users to interact with a display by touching it directly,Hardware,Input Devices
Which statement correctly describes an output device?,the practice of increasing a computer component's operating speed beyond its factory-set limits,"hardware used to present data processed by a computer, such as a monitor or printer",a rechargeable power source that allows a laptop to operate without being plugged into an outlet,an input and output device that allows users to interact with a display by touching it directly,B,"By definition, an output device is: hardware used to present data processed by a computer, such as a monitor or printer",Hardware,Output Devices
How many Kilobyte (KB)s is 30 Megabyte (MB)(s) equal to?,30720,30.72,3072,61440,A,"1 Megabyte (MB) = 1024^1 Kilobyte (KB)(s) (relative scale), so 30 Megabyte (MB)(s) = 30720 Kilobyte (KB)(s).",Hardware,Storage Units
How many Megabyte (MB)s is 5 Gigabyte (GB)(s) equal to?,512,10240,5.12e+06,5120,D,"1 Gigabyte (GB) = 1024^1 Megabyte (MB)(s) (relative scale), so 5 Gigabyte (GB)(s) = 5120 Megabyte (MB)(s).",Hardware,Storage Units
How many Bytes is 33 Terabyte (TB)(s) equal to?,3.62839e+14,3.62839e+13,1.81419e+13,3.62839e+12,B,"1 Terabyte (TB) = 1024^4 Byte(s) (relative scale), so 33 Terabyte (TB)(s) = 3.62839e+13 Byte(s).",Hardware,Storage Units
How many Kilobyte (KB)s is 41 Petabyte (PB)(s) equal to?,4.508e+10,4.40234e+10,4.508e+13,2.254e+13,C,"1 Petabyte (PB) = 1024^4 Kilobyte (KB)(s) (relative scale), so 41 Petabyte (PB)(s) = 4.508e+13 Kilobyte (KB)(s).",Hardware,Storage Units
How many Terabyte (TB)s is 27 Megabyte (MB)(s) equal to?,0.0257492,2.57492e-05,0.000257492,5.14984e-05,B,"1 Megabyte (MB) = 1024^-2 Terabyte (TB)(s) (relative scale), so 27 Megabyte (MB)(s) = 2.57492e-05 Terabyte (TB)(s).",Hardware,Storage Units
How many Gigabyte (GB)s is 25 Byte(s) equal to?,2.32831e-11,2.32831e-08,2.32831e-07,1.16415e-08,B,"1 Byte = 1024^-3 Gigabyte (GB)(s) (relative scale), so 25 Byte(s) = 2.32831e-08 Gigabyte (GB)(s).",Hardware,Storage Units
"Fill in the blank: ______ refers to ""an older analog video connector used to connect monitors to computers"".",a mechanical keyboard,a graphics tablet,a VGA port,Bluetooth,C,a VGA port refers to: an older analog video connector used to connect monitors to computers,Hardware,Ports and Connectors
What is the primary function of a sound card?,processing and outputting audio signals from a computer,"rendering images, video, and animations for display",converting digital signals to analog (and back) for internet transmission over telephone or cable lines,"allowing a user to point, click, and navigate a graphical interface",A,The primary function of a sound card is processing and outputting audio signals from a computer.,Hardware,Device Functions
How many Bytes is 14 Petabyte (PB)(s) equal to?,3.15252e+16,1.57626e+16,1.57626e+17,1.57626e+19,B,"1 Petabyte (PB) = 1024^5 Byte(s) (relative scale), so 14 Petabyte (PB)(s) = 1.57626e+16 Byte(s).",Hardware,Storage Units
How many Petabyte (PB)s is 45 Kilobyte (KB)(s) equal to?,4.19095e-08,2.04636e-11,4.09273e-12,4.09273e-11,D,"1 Kilobyte (KB) = 1024^-4 Petabyte (PB)(s) (relative scale), so 45 Kilobyte (KB)(s) = 4.09273e-11 Petabyte (PB)(s).",Hardware,Storage Units
"Which term matches this description: ""a small, fast type of volatile memory located close to the CPU, used to speed up data access""?",cache memory,an output device,a laptop's trackpad,the motherboard,A,"The description matches cache memory: a small, fast type of volatile memory located close to the CPU, used to speed up data access",Hardware,Memory
How many Megabyte (MB)s is 41 Petabyte (PB)(s) equal to?,2.20117e+10,4.40234e+13,4.40234e+10,8.80468e+10,C,"1 Petabyte (PB) = 1024^3 Megabyte (MB)(s) (relative scale), so 41 Petabyte (PB)(s) = 4.40234e+10 Megabyte (MB)(s).",Hardware,Storage Units
"Fill in the blank: ______ refers to ""the rate at which a CPU executes instructions, measured in hertz (Hz), typically gigahertz (GHz)"".",a graphics card's VRAM,an optical disc,a graphics card,clock speed,D,"clock speed refers to: the rate at which a CPU executes instructions, measured in hertz (Hz), typically gigahertz (GHz)",Hardware,Processors
How many Megabyte (MB)s is 40 Petabyte (PB)(s) equal to?,4.29497e+10,4.29497e+07,2.14748e+10,4.1943e+07,A,"1 Petabyte (PB) = 1024^3 Megabyte (MB)(s) (relative scale), so 40 Petabyte (PB)(s) = 4.29497e+10 Megabyte (MB)(s).",Hardware,Storage Units
How many Kilobyte (KB)s is 48 Gigabyte (GB)(s) equal to?,5.03316e+07,5.03316e+10,5.15396e+10,50331.6,A,"1 Gigabyte (GB) = 1024^2 Kilobyte (KB)(s) (relative scale), so 48 Gigabyte (GB)(s) = 5.03316e+07 Kilobyte (KB)(s).",Hardware,Storage Units
How many Megabyte (MB)s is 27 Byte(s) equal to?,2.51457e-08,2.57492e-05,1.28746e-05,2.57492e-08,B,"1 Byte = 1024^-2 Megabyte (MB)(s) (relative scale), so 27 Byte(s) = 2.57492e-05 Megabyte (MB)(s).",Hardware,Storage Units
What is a core (in a CPU)?,the main circuit board of a computer that connects and allows communication between components,"a facility used to house computer systems and associated components, such as servers and storage systems","a type of non-volatile memory that permanently stores data, typically used for firmware",an individual processing unit within a CPU capable of executing instructions independently,D,a core (in a CPU) is: an individual processing unit within a CPU capable of executing instructions independently,Hardware,Processors
How many Petabyte (PB)s is 28 Kilobyte (KB)(s) equal to?,2.54659e-10,2.6077e-08,2.54659e-08,2.54659e-11,D,"1 Kilobyte (KB) = 1024^-4 Petabyte (PB)(s) (relative scale), so 28 Kilobyte (KB)(s) = 2.54659e-11 Petabyte (PB)(s).",Hardware,Storage Units
"Fill in the blank: ______ refers to ""dedicated memory on a graphics card used to store image data for rendering"".",a sound card,a computer case (chassis),a graphics card's VRAM,a cooling fan,C,a graphics card's VRAM refers to: dedicated memory on a graphics card used to store image data for rendering,Hardware,Computer Components
How many Gigabyte (GB)s is 24 Megabyte (MB)(s) equal to?,2.34375e-05,0.234375,0.0117188,0.0234375,D,"1 Megabyte (MB) = 1024^-1 Gigabyte (GB)(s) (relative scale), so 24 Megabyte (MB)(s) = 0.0234375 Gigabyte (GB)(s).",Hardware,Storage Units
How many Petabyte (PB)s is 18 Kilobyte (KB)(s) equal to?,1.63709e-08,3.27418e-11,1.63709e-14,1.63709e-11,D,"1 Kilobyte (KB) = 1024^-4 Petabyte (PB)(s) (relative scale), so 18 Kilobyte (KB)(s) = 1.63709e-11 Petabyte (PB)(s).",Hardware,Storage Units
How many Petabyte (PB)s is 33 Byte(s) equal to?,2.93099e-14,2.93099e-11,2.93099e-15,1.46549e-14,A,"1 Byte = 1024^-5 Petabyte (PB)(s) (relative scale), so 33 Byte(s) = 2.93099e-14 Petabyte (PB)(s).",Hardware,Storage Units
How many Gigabyte (GB)s is 23 Megabyte (MB)(s) equal to?,0.0112305,0.0224609,0.00224609,22.4609,B,"1 Megabyte (MB) = 1024^-1 Gigabyte (GB)(s) (relative scale), so 23 Megabyte (MB)(s) = 0.0224609 Gigabyte (GB)(s).",Hardware,Storage Units
How many Gigabyte (GB)s is 41 Byte(s) equal to?,3.81842e-11,3.91006e-05,3.81842e-08,3.81842e-05,C,"1 Byte = 1024^-3 Gigabyte (GB)(s) (relative scale), so 41 Byte(s) = 3.81842e-08 Gigabyte (GB)(s).",Hardware,Storage Units
How many Megabyte (MB)s is 45 Gigabyte (GB)(s) equal to?,4.71859e+07,46080,460800,45,B,"1 Gigabyte (GB) = 1024^1 Megabyte (MB)(s) (relative scale), so 45 Gigabyte (GB)(s) = 46080 Megabyte (MB)(s).",Hardware,Storage Units
How many Megabyte (MB)s is 23 Kilobyte (KB)(s) equal to?,22.4609,23,0.224609,0.0224609,D,"1 Kilobyte (KB) = 1024^-1 Megabyte (MB)(s) (relative scale), so 23 Kilobyte (KB)(s) = 0.0224609 Megabyte (MB)(s).",Hardware,Storage Units
"Which hardware device is primarily responsible for allowing a user to point, click, and navigate a graphical interface?",RAM module,speaker,mouse,hard disk drive (HDD),C,"A mouse is responsible for allowing a user to point, click, and navigate a graphical interface.",Hardware,Device Functions
How many Megabyte (MB)s is 35 Petabyte (PB)(s) equal to?,3.7581e+13,3.7581e+10,3.67002e+07,3.84829e+13,B,"1 Petabyte (PB) = 1024^3 Megabyte (MB)(s) (relative scale), so 35 Petabyte (PB)(s) = 3.7581e+10 Megabyte (MB)(s).",Hardware,Storage Units
How many Kilobyte (KB)s is 7 Megabyte (MB)(s) equal to?,7168,7.168e+06,71680,7.34003e+06,A,"1 Megabyte (MB) = 1024^1 Kilobyte (KB)(s) (relative scale), so 7 Megabyte (MB)(s) = 7168 Kilobyte (KB)(s).",Hardware,Storage Units
How many Terabyte (TB)s is 39 Gigabyte (GB)(s) equal to?,3.80859e-05,0.00380859,0.0380859,39,C,"1 Gigabyte (GB) = 1024^-1 Terabyte (TB)(s) (relative scale), so 39 Gigabyte (GB)(s) = 0.0380859 Terabyte (TB)(s).",Hardware,Storage Units
Which statement correctly describes a motherboard's form factor?,an older analog video connector used to connect monitors to computers,a hardware component designed to absorb and dissipate heat away from a computer's processor,"the specification defining the size, shape, and layout of a motherboard, such as ATX or Micro-ATX","a small, fast type of volatile memory located close to the CPU, used to speed up data access",C,"By definition, a motherboard's form factor is: the specification defining the size, shape, and layout of a motherboard, such as ATX or Micro-ATX",Hardware,Motherboard
How many Gigabyte (GB)s is 18 Megabyte (MB)(s) equal to?,1.71661e-05,0.0175781,0.00175781,1.75781e-05,B,"1 Megabyte (MB) = 1024^-1 Gigabyte (GB)(s) (relative scale), so 18 Megabyte (MB)(s) = 0.0175781 Gigabyte (GB)(s).",Hardware,Storage Units
What is the primary function of a RAM module?,enabling a computer to connect to a network,directing data packets between different computer networks,temporarily storing data that the CPU is actively using,executing instructions and performing calculations for the computer,C,The primary function of a RAM module is temporarily storing data that the CPU is actively using.,Hardware,Device Functions
What is a router?,a networking device that connects devices within a network and forwards data based on MAC addresses,a networking device that forwards data packets between computer networks,"hardware that allows a computer to connect to a network, either wired or wireless",a wireless technology standard used for exchanging data over short distances between devices,B,a router is: a networking device that forwards data packets between computer networks,Hardware,Networking Hardware
How many Terabyte (TB)s is 8 Gigabyte (GB)(s) equal to?,0.00390625,8,0.00078125,0.0078125,D,"1 Gigabyte (GB) = 1024^-1 Terabyte (TB)(s) (relative scale), so 8 Gigabyte (GB)(s) = 0.0078125 Terabyte (TB)(s).",Hardware,Storage Units
"Which term matches this description: ""a networking device that connects devices within a network and forwards data based on MAC addresses""?",an ethernet cable,a modem,a switch (networking device),Wi-Fi,C,The description matches a switch (networking device): a networking device that connects devices within a network and forwards data based on MAC addresses,Hardware,Networking Hardware
How many Petabyte (PB)s is 18 Megabyte (MB)(s) equal to?,1.63709e-11,1.67638e-08,1.67638e-11,1.67638e-05,B,"1 Megabyte (MB) = 1024^-3 Petabyte (PB)(s) (relative scale), so 18 Megabyte (MB)(s) = 1.67638e-08 Petabyte (PB)(s).",Hardware,Storage Units
What is a network interface card (NIC)?,a device that converts digital data into analog signals (and vice versa) for transmission over communication lines,"hardware that allows a computer to connect to a network, either wired or wireless",a networking device that connects devices within a network and forwards data based on MAC addresses,a cable used to connect devices within a local area network for wired internet access,B,"a network interface card (NIC) is: hardware that allows a computer to connect to a network, either wired or wireless",Hardware,Networking Hardware
How many Kilobyte (KB)s is 1 Gigabyte (GB)(s) equal to?,1048.58,1024,1.07374e+09,1.04858e+06,D,"1 Gigabyte (GB) = 1024^2 Kilobyte (KB)(s) (relative scale), so 1 Gigabyte (GB)(s) = 1.04858e+06 Kilobyte (KB)(s).",Hardware,Storage Units
Which statement correctly describes a multi-core processor?,firmware used to perform hardware initialization during the booting process of a computer,dedicated memory on a graphics card used to store image data for rendering,the enclosure that houses and protects a computer's internal components,a CPU containing two or more independent processing units (cores) on a single chip,D,"By definition, a multi-core processor is: a CPU containing two or more independent processing units (cores) on a single chip",Hardware,Processors
What is cloud storage?,"a small, portable data storage device that uses flash memory and connects via a USB port","an input device commonly used for gaming, allowing control of movement in multiple directions","a service model that allows data to be stored, managed, and backed up remotely over the internet",a substance applied between a CPU and its heat sink to improve heat conduction,C,"cloud storage is: a service model that allows data to be stored, managed, and backed up remotely over the internet",Hardware,Storage Devices
How many Bytes is 21 Megabyte (MB)(s) equal to?,2.20201e+10,2.20201e+08,2.20201e+07,2.20201e+06,C,"1 Megabyte (MB) = 1024^2 Byte(s) (relative scale), so 21 Megabyte (MB)(s) = 2.20201e+07 Byte(s).",Hardware,Storage Units
"Which term matches this description: ""a device that converts digital data back into analog signals, such as for audio output""?",a data centre,a DAC (Digital-to-Analog Converter),an ADC (Analog-to-Digital Converter),a docking station,B,"The description matches a DAC (Digital-to-Analog Converter): a device that converts digital data back into analog signals, such as for audio output",Hardware,Computer Components
"Fill in the blank: ______ refers to ""a specialised processor designed to accelerate rendering of images, video, and animations"".",hardware,the GPU (Graphics Processing Unit),clock speed,the BIOS (Basic Input/Output System),B,"the GPU (Graphics Processing Unit) refers to: a specialised processor designed to accelerate rendering of images, video, and animations",Hardware,Processors
"Fill in the blank: ______ refers to ""a substance applied between a CPU and its heat sink to improve heat conduction"".",a UPS (Uninterruptible Power Supply),thermal paste,a graphics card,a laptop battery,B,thermal paste refers to: a substance applied between a CPU and its heat sink to improve heat conduction,Hardware,Computer Components
How many Terabyte (TB)s is 36 Kilobyte (KB)(s) equal to?,3.27418e-11,3.35276e-11,3.35276e-08,3.35276e-09,C,"1 Kilobyte (KB) = 1024^-3 Terabyte (TB)(s) (relative scale), so 36 Kilobyte (KB)(s) = 3.35276e-08 Terabyte (TB)(s).",Hardware,Storage Units
How many Bytes is 13 Gigabyte (GB)(s) equal to?,1.39586e+07,1.39586e+10,2.79173e+10,1.39586e+09,B,"1 Gigabyte (GB) = 1024^3 Byte(s) (relative scale), so 13 Gigabyte (GB)(s) = 1.39586e+10 Byte(s).",Hardware,Storage Units
How many Megabyte (MB)s is 8 Kilobyte (KB)(s) equal to?,7.8125e-06,7.62939e-06,0.00078125,0.0078125,D,"1 Kilobyte (KB) = 1024^-1 Megabyte (MB)(s) (relative scale), so 8 Kilobyte (KB)(s) = 0.0078125 Megabyte (MB)(s).",Hardware,Storage Units
Which statement correctly describes a mouse?,"a touch-sensitive input device built into laptops, used as an alternative to a mouse","a type of mouse that uses a light source and sensor to detect movement, rather than a mechanical ball","a device that captures and identifies unique physical characteristics, such as fingerprints, for authentication",a pointing input device used to interact with a computer's graphical user interface,D,"By definition, a mouse is: a pointing input device used to interact with a computer's graphical user interface",Hardware,Input Devices
How many Terabyte (TB)s is 46 Megabyte (MB)(s) equal to?,4.3869e-08,4.3869e-05,0.043869,4.28408e-08,B,"1 Megabyte (MB) = 1024^-2 Terabyte (TB)(s) (relative scale), so 46 Megabyte (MB)(s) = 4.3869e-05 Terabyte (TB)(s).",Hardware,Storage Units
How many Kilobyte (KB)s is 32 Megabyte (MB)(s) equal to?,3276.8,65536,32.768,32768,D,"1 Megabyte (MB) = 1024^1 Kilobyte (KB)(s) (relative scale), so 32 Megabyte (MB)(s) = 32768 Kilobyte (KB)(s).",Hardware,Storage Units
How many Megabyte (MB)s is 50 Byte(s) equal to?,4.76837e-08,2.38419e-05,4.76837e-06,4.76837e-05,D,"1 Byte = 1024^-2 Megabyte (MB)(s) (relative scale), so 50 Byte(s) = 4.76837e-05 Megabyte (MB)(s).",Hardware,Storage Units
How many Terabyte (TB)s is 29 Gigabyte (GB)(s) equal to?,2.83203e-05,29,0.0566406,0.0283203,D,"1 Gigabyte (GB) = 1024^-1 Terabyte (TB)(s) (relative scale), so 29 Gigabyte (GB)(s) = 0.0283203 Terabyte (TB)(s).",Hardware,Storage Units
Which hardware device is primarily responsible for visually displaying output from a computer?,plotter,router,webcam,monitor,D,A monitor is responsible for visually displaying output from a computer.,Hardware,Device Functions
How many Bytes is 29 Megabyte (MB)(s) equal to?,1.52044e+07,30408.7,6.08174e+07,3.04087e+07,D,"1 Megabyte (MB) = 1024^2 Byte(s) (relative scale), so 29 Megabyte (MB)(s) = 3.04087e+07 Byte(s).",Hardware,Storage Units
How many Petabyte (PB)s is 22 Megabyte (MB)(s) equal to?,2.09808e-05,2.00089e-11,2.04891e-09,2.04891e-08,D,"1 Megabyte (MB) = 1024^-3 Petabyte (PB)(s) (relative scale), so 22 Megabyte (MB)(s) = 2.04891e-08 Petabyte (PB)(s).",Hardware,Storage Units
What is the primary function of a speaker?,"producing a physical, paper copy of a digital document",converting a physical document or photo into a digital image,converting electrical audio signals into audible sound,visually displaying output from a computer,C,The primary function of a speaker is converting electrical audio signals into audible sound.,Hardware,Device Functions
How many Petabyte (PB)s is 12 Terabyte (TB)(s) equal to?,0.0117188,12,0.117188,0.0234375,A,"1 Terabyte (TB) = 1024^-1 Petabyte (PB)(s) (relative scale), so 12 Terabyte (TB)(s) = 0.0117188 Petabyte (PB)(s).",Hardware,Storage Units
"Fill in the blank: ______ refers to ""an input device used to capture video, typically for video calls or streaming"".",a scanner,a webcam,a joystick,a biometric scanner,B,"a webcam refers to: an input device used to capture video, typically for video calls or streaming",Hardware,Input Devices
What is a computer case (chassis)?,a hardware component that converts electrical power from an outlet into usable power for computer components,a hardware component used to circulate air and prevent computer components from overheating,a hardware component designed to absorb and dissipate heat away from a computer's processor,the enclosure that houses and protects a computer's internal components,D,a computer case (chassis) is: the enclosure that houses and protects a computer's internal components,Hardware,Computer Components
How many Gigabyte (GB)s is 5 Petabyte (PB)(s) equal to?,5120,5242.88,5.24288e+06,5.24288e+07,C,"1 Petabyte (PB) = 1024^2 Gigabyte (GB)(s) (relative scale), so 5 Petabyte (PB)(s) = 5.24288e+06 Gigabyte (GB)(s).",Hardware,Storage Units
Which statement correctly describes a core (in a CPU)?,a device that converts digital data into analog signals (and vice versa) for transmission over communication lines,"a storage medium, such as a CD or DVD, that uses laser technology to read and write data",an individual processing unit within a CPU capable of executing instructions independently,"hardware that allows a computer to connect to a network, either wired or wireless",C,"By definition, a core (in a CPU) is: an individual processing unit within a CPU capable of executing instructions independently",Hardware,Processors
How many Kilobyte (KB)s is 22 Megabyte (MB)(s) equal to?,2.2528e+07,22528,2252.8,45056,B,"1 Megabyte (MB) = 1024^1 Kilobyte (KB)(s) (relative scale), so 22 Megabyte (MB)(s) = 22528 Kilobyte (KB)(s).",Hardware,Storage Units
How many Terabyte (TB)s is 24 Megabyte (MB)(s) equal to?,2.28882e-06,1.14441e-05,0.000228882,2.28882e-05,D,"1 Megabyte (MB) = 1024^-2 Terabyte (TB)(s) (relative scale), so 24 Megabyte (MB)(s) = 2.28882e-05 Terabyte (TB)(s).",Hardware,Storage Units
How many Bytes is 24 Gigabyte (GB)(s) equal to?,2.57698e+13,2.63883e+13,2.57698e+10,2.57698e+11,C,"1 Gigabyte (GB) = 1024^3 Byte(s) (relative scale), so 24 Gigabyte (GB)(s) = 2.57698e+10 Byte(s).",Hardware,Storage Units
How many Terabyte (TB)s is 27 Kilobyte (KB)(s) equal to?,2.51457e-08,2.51457e-05,2.57492e-05,2.51457e-07,A,"1 Kilobyte (KB) = 1024^-3 Terabyte (TB)(s) (relative scale), so 27 Kilobyte (KB)(s) = 2.51457e-08 Terabyte (TB)(s).",Hardware,Storage Units
How many Terabyte (TB)s is 17 Megabyte (MB)(s) equal to?,1.62125e-05,1.62125e-08,1.62125e-06,0.0162125,A,"1 Megabyte (MB) = 1024^-2 Terabyte (TB)(s) (relative scale), so 17 Megabyte (MB)(s) = 1.62125e-05 Terabyte (TB)(s).",Hardware,Storage Units
How many Kilobyte (KB)s is 12 Terabyte (TB)(s) equal to?,1.28849e+11,1.28849e+13,1.28849e+10,1.28849e+09,C,"1 Terabyte (TB) = 1024^3 Kilobyte (KB)(s) (relative scale), so 12 Terabyte (TB)(s) = 1.28849e+10 Kilobyte (KB)(s).",Hardware,Storage Units
"Fill in the blank: ______ refers to ""a device that allows a laptop to connect to multiple peripherals through a single connection"".",thermal paste,a heat sink,a cooling fan,a docking station,D,a docking station refers to: a device that allows a laptop to connect to multiple peripherals through a single connection,Hardware,Computer Components
Which statement correctly describes a touchscreen?,an input and output device that allows users to interact with a display by touching it directly,an input device that converts sound into an electrical signal for recording or processing,an input device used to read and decode information stored in barcodes,"a type of mouse that uses a light source and sensor to detect movement, rather than a mechanical ball",A,"By definition, a touchscreen is: an input and output device that allows users to interact with a display by touching it directly",Hardware,Input Devices
How many Megabyte (MB)s is 41 Gigabyte (GB)(s) equal to?,4.1984e+07,419840,41.984,41984,D,"1 Gigabyte (GB) = 1024^1 Megabyte (MB)(s) (relative scale), so 41 Gigabyte (GB)(s) = 41984 Megabyte (MB)(s).",Hardware,Storage Units
How many Megabyte (MB)s is 32 Kilobyte (KB)(s) equal to?,0.03125,31.25,32,0.0625,A,"1 Kilobyte (KB) = 1024^-1 Megabyte (MB)(s) (relative scale), so 32 Kilobyte (KB)(s) = 0.03125 Megabyte (MB)(s).",Hardware,Storage Units
Which hardware device is primarily responsible for converting a physical document or photo into a digital image?,webcam,solid-state drive (SSD),scanner,CPU (processor),C,A scanner is responsible for converting a physical document or photo into a digital image.,Hardware,Device Functions
How many Megabyte (MB)s is 22 Gigabyte (GB)(s) equal to?,45056,2.2528e+07,22528,225280,C,"1 Gigabyte (GB) = 1024^1 Megabyte (MB)(s) (relative scale), so 22 Gigabyte (GB)(s) = 22528 Megabyte (MB)(s).",Hardware,Storage Units
What is a projector?,an input device used to read and decode information stored in barcodes,"a service model that allows data to be stored, managed, and backed up remotely over the internet","an output device that displays an image or video onto a larger surface, such as a screen or wall",firmware used to perform hardware initialization during the booting process of a computer,C,"a projector is: an output device that displays an image or video onto a larger surface, such as a screen or wall",Hardware,Output Devices
How many Gigabyte (GB)s is 10 Kilobyte (KB)(s) equal to?,9.31323e-09,9.53674e-06,0.00953674,9.53674e-07,B,"1 Kilobyte (KB) = 1024^-2 Gigabyte (GB)(s) (relative scale), so 10 Kilobyte (KB)(s) = 9.53674e-06 Gigabyte (GB)(s).",Hardware,Storage Units
How many Bytes is 42 Kilobyte (KB)(s) equal to?,430080,4.40402e+07,21504,43008,D,"1 Kilobyte (KB) = 1024^1 Byte(s) (relative scale), so 42 Kilobyte (KB)(s) = 43008 Byte(s).",Hardware,Storage Units
How many Megabyte (MB)s is 16 Gigabyte (GB)(s) equal to?,1638.4,8192,16384,1.67772e+07,C,"1 Gigabyte (GB) = 1024^1 Megabyte (MB)(s) (relative scale), so 16 Gigabyte (GB)(s) = 16384 Megabyte (MB)(s).",Hardware,Storage Units
How many Terabyte (TB)s is 33 Gigabyte (GB)(s) equal to?,0.00322266,0.0322266,32.2266,33,B,"1 Gigabyte (GB) = 1024^-1 Terabyte (TB)(s) (relative scale), so 33 Gigabyte (GB)(s) = 0.0322266 Terabyte (TB)(s).",Hardware,Storage Units
How many Gigabyte (GB)s is 5 Byte(s) equal to?,4.65661e-06,4.76837e-06,4.54747e-12,4.65661e-09,D,"1 Byte = 1024^-3 Gigabyte (GB)(s) (relative scale), so 5 Byte(s) = 4.65661e-09 Gigabyte (GB)(s).",Hardware,Storage Units
Which statement correctly describes a heat sink?,the enclosure that houses and protects a computer's internal components,"a powerful computer designed to provide services, resources, or data to other computers on a network",a device that allows a laptop to connect to multiple peripherals through a single connection,a hardware component designed to absorb and dissipate heat away from a computer's processor,D,"By definition, a heat sink is: a hardware component designed to absorb and dissipate heat away from a computer's processor",Hardware,Computer Components
How many Gigabyte (GB)s is 20 Kilobyte (KB)(s) equal to?,0.0190735,1.90735e-08,1.90735e-05,9.53674e-06,C,"1 Kilobyte (KB) = 1024^-2 Gigabyte (GB)(s) (relative scale), so 20 Kilobyte (KB)(s) = 1.90735e-05 Gigabyte (GB)(s).",Hardware,Storage Units
"Fill in the blank: ______ refers to ""a small card used in mobile devices to store subscriber information and enable network connectivity"".",a SIM card,the GPU (Graphics Processing Unit),a sound card,a docking station,A,a SIM card refers to: a small card used in mobile devices to store subscriber information and enable network connectivity,Hardware,Hardware Basics
How many Megabyte (MB)s is 10 Kilobyte (KB)(s) equal to?,9.76562,0.00976562,0.0976562,0.00488281,B,"1 Kilobyte (KB) = 1024^-1 Megabyte (MB)(s) (relative scale), so 10 Kilobyte (KB)(s) = 0.00976562 Megabyte (MB)(s).",Hardware,Storage Units
How many Terabyte (TB)s is 48 Petabyte (PB)(s) equal to?,5.03316e+07,49152,4915.2,49.152,B,"1 Petabyte (PB) = 1024^1 Terabyte (TB)(s) (relative scale), so 48 Petabyte (PB)(s) = 49152 Terabyte (TB)(s).",Hardware,Storage Units
How many Bytes is 25 Megabyte (MB)(s) equal to?,2.62144e+07,5.24288e+07,2.68435e+10,2.62144e+08,A,"1 Megabyte (MB) = 1024^2 Byte(s) (relative scale), so 25 Megabyte (MB)(s) = 2.62144e+07 Byte(s).",Hardware,Storage Units
How many Gigabyte (GB)s is 46 Kilobyte (KB)(s) equal to?,0.00043869,4.3869e-05,0.043869,4.28408e-08,B,"1 Kilobyte (KB) = 1024^-2 Gigabyte (GB)(s) (relative scale), so 46 Kilobyte (KB)(s) = 4.3869e-05 Gigabyte (GB)(s).",Hardware,Storage Units
How many Kilobyte (KB)s is 3 Petabyte (PB)(s) equal to?,6.59707e+12,3.29853e+12,3.29853e+13,3.3777e+15,B,"1 Petabyte (PB) = 1024^4 Kilobyte (KB)(s) (relative scale), so 3 Petabyte (PB)(s) = 3.29853e+12 Kilobyte (KB)(s).",Hardware,Storage Units
How many Bytes is 32 Megabyte (MB)(s) equal to?,32768,3.43597e+10,3.35544e+07,3.35544e+08,C,"1 Megabyte (MB) = 1024^2 Byte(s) (relative scale), so 32 Megabyte (MB)(s) = 3.35544e+07 Byte(s).",Hardware,Storage Units
How many Terabyte (TB)s is 33 Petabyte (PB)(s) equal to?,33,33.792,3.4603e+07,33792,D,"1 Petabyte (PB) = 1024^1 Terabyte (TB)(s) (relative scale), so 33 Petabyte (PB)(s) = 33792 Terabyte (TB)(s).",Hardware,Storage Units
How many Terabyte (TB)s is 10 Petabyte (PB)(s) equal to?,1.024e+07,1024,10240,10.24,C,"1 Petabyte (PB) = 1024^1 Terabyte (TB)(s) (relative scale), so 10 Petabyte (PB)(s) = 10240 Terabyte (TB)(s).",Hardware,Storage Units
How many Bytes is 43 Kilobyte (KB)(s) equal to?,4.50888e+07,44.032,44032,43,C,"1 Kilobyte (KB) = 1024^1 Byte(s) (relative scale), so 43 Kilobyte (KB)(s) = 44032 Byte(s).",Hardware,Storage Units
How many Megabyte (MB)s is 11 Gigabyte (GB)(s) equal to?,11,11264,1126.4,1.1264e+07,B,"1 Gigabyte (GB) = 1024^1 Megabyte (MB)(s) (relative scale), so 11 Gigabyte (GB)(s) = 11264 Megabyte (MB)(s).",Hardware,Storage Units
"Fill in the blank: ______ refers to ""a port used to connect a computer to a wired network using an ethernet cable"".",a heat sink,a smartphone's processor,an ethernet port,a graphics card,C,an ethernet port refers to: a port used to connect a computer to a wired network using an ethernet cable,Hardware,Ports and Connectors
How many Petabyte (PB)s is 39 Megabyte (MB)(s) equal to?,3.63216e-09,3.63216e-05,1.81608e-08,3.63216e-08,D,"1 Megabyte (MB) = 1024^-3 Petabyte (PB)(s) (relative scale), so 39 Megabyte (MB)(s) = 3.63216e-08 Petabyte (PB)(s).",Hardware,Storage Units
What is the primary function of a microphone?,processing and outputting audio signals from a computer,"producing high-precision vector drawings, often for engineering or design",capturing sound and converting it into an electrical signal,capturing live video for calls or recording,C,The primary function of a microphone is capturing sound and converting it into an electrical signal.,Hardware,Device Functions
What is a motherboard's form factor?,the enclosure that houses and protects a computer's internal components,"the specification defining the size, shape, and layout of a motherboard, such as ATX or Micro-ATX","hardware used to present data processed by a computer, such as a monitor or printer",an input device used to convert physical documents or images into digital format,B,"a motherboard's form factor is: the specification defining the size, shape, and layout of a motherboard, such as ATX or Micro-ATX",Hardware,Motherboard
How many Terabyte (TB)s is 37 Gigabyte (GB)(s) equal to?,0.00361328,0.0361328,3.61328e-05,3.52859e-05,B,"1 Gigabyte (GB) = 1024^-1 Terabyte (TB)(s) (relative scale), so 37 Gigabyte (GB)(s) = 0.0361328 Terabyte (TB)(s).",Hardware,Storage Units
What is the primary function of a mouse?,directing data packets between different computer networks,temporarily storing data that the CPU is actively using,displaying a computer's output onto a large screen or wall,"allowing a user to point, click, and navigate a graphical interface",D,"The primary function of a mouse is allowing a user to point, click, and navigate a graphical interface.",Hardware,Device Functions
How many Terabyte (TB)s is 19 Petabyte (PB)(s) equal to?,1.9456e+07,9728,19456,19,C,"1 Petabyte (PB) = 1024^1 Terabyte (TB)(s) (relative scale), so 19 Petabyte (PB)(s) = 19456 Terabyte (TB)(s).",Hardware,Storage Units
How many Bytes is 40 Megabyte (MB)(s) equal to?,4.1943e+07,40960,8.38861e+07,4.1943e+08,A,"1 Megabyte (MB) = 1024^2 Byte(s) (relative scale), so 40 Megabyte (MB)(s) = 4.1943e+07 Byte(s).",Hardware,Storage Units
"Which term matches this description: ""an individual processing unit within a CPU capable of executing instructions independently""?",a heat sink,a mechanical keyboard,a keyboard,a core (in a CPU),D,The description matches a core (in a CPU): an individual processing unit within a CPU capable of executing instructions independently,Hardware,Processors
What is a USB-C port?,"a type of mouse that uses a light source and sensor to detect movement, rather than a mechanical ball","a modern, reversible connector used for data transfer, video output, and charging",a networking device that connects devices within a network and forwards data based on MAC addresses,a wireless technology standard used for exchanging data over short distances between devices,B,"a USB-C port is: a modern, reversible connector used for data transfer, video output, and charging",Hardware,Ports and Connectors
How many Megabyte (MB)s is 36 Petabyte (PB)(s) equal to?,3.86547e+10,7.73094e+10,3.95824e+13,3.77487e+07,A,"1 Petabyte (PB) = 1024^3 Megabyte (MB)(s) (relative scale), so 36 Petabyte (PB)(s) = 3.86547e+10 Megabyte (MB)(s).",Hardware,Storage Units
What is a solid-state drive (SSD)?,the enclosure that houses and protects a computer's internal components,"a storage medium, such as a CD or DVD, that uses laser technology to read and write data","a data storage device that uses flash memory to store data, offering faster speeds than traditional HDDs",a substance applied between a CPU and its heat sink to improve heat conduction,C,"a solid-state drive (SSD) is: a data storage device that uses flash memory to store data, offering faster speeds than traditional HDDs",Hardware,Storage Devices
What is a modem?,"hardware that allows a computer to connect to a network, either wired or wireless",a wireless technology standard used for exchanging data over short distances between devices,a device that converts digital data into analog signals (and vice versa) for transmission over communication lines,a wireless networking technology that allows devices to connect to the internet without physical cables,C,a modem is: a device that converts digital data into analog signals (and vice versa) for transmission over communication lines,Hardware,Networking Hardware
How many Kilobyte (KB)s is 23 Petabyte (PB)(s) equal to?,2.52888e+13,2.52888e+10,2.46961e+10,2.52888e+16,A,"1 Petabyte (PB) = 1024^4 Kilobyte (KB)(s) (relative scale), so 23 Petabyte (PB)(s) = 2.52888e+13 Kilobyte (KB)(s).",Hardware,Storage Units
How many Petabyte (PB)s is 13 Megabyte (MB)(s) equal to?,1.21072e-09,1.21072e-11,1.21072e-08,6.0536e-09,C,"1 Megabyte (MB) = 1024^-3 Petabyte (PB)(s) (relative scale), so 13 Megabyte (MB)(s) = 1.21072e-08 Petabyte (PB)(s).",Hardware,Storage Units
How many Megabyte (MB)s is 13 Terabyte (TB)(s) equal to?,1.39586e+10,1.36315e+06,13312,1.36315e+07,D,"1 Terabyte (TB) = 1024^2 Megabyte (MB)(s) (relative scale), so 13 Terabyte (TB)(s) = 1.36315e+07 Megabyte (MB)(s).",Hardware,Storage Units
How many Petabyte (PB)s is 36 Gigabyte (GB)(s) equal to?,3.43323e-05,1.71661e-05,0.000343323,3.43323e-06,A,"1 Gigabyte (GB) = 1024^-2 Petabyte (PB)(s) (relative scale), so 36 Gigabyte (GB)(s) = 3.43323e-05 Petabyte (PB)(s).",Hardware,Storage Units
Which statement correctly describes a router?,a wireless networking technology that allows devices to connect to the internet without physical cables,a wireless technology standard used for exchanging data over short distances between devices,a networking device that forwards data packets between computer networks,a networking device that connects devices within a network and forwards data based on MAC addresses,C,"By definition, a router is: a networking device that forwards data packets between computer networks",Hardware,Networking Hardware
"Fill in the blank: ______ refers to ""a small, fast type of volatile memory located close to the CPU, used to speed up data access"".",cache memory,a core (in a CPU),a USB-C port,an output device,A,"cache memory refers to: a small, fast type of volatile memory located close to the CPU, used to speed up data access",Hardware,Memory
How many Gigabyte (GB)s is 40 Byte(s) equal to?,3.72529e-07,3.8147e-05,3.63798e-11,3.72529e-08,D,"1 Byte = 1024^-3 Gigabyte (GB)(s) (relative scale), so 40 Byte(s) = 3.72529e-08 Gigabyte (GB)(s).",Hardware,Storage Units
"Fill in the blank: ______ refers to ""a memory management technique that uses hard disk space to simulate additional RAM"".",a switch (networking device),a speaker,virtual memory,overclocking,C,virtual memory refers to: a memory management technique that uses hard disk space to simulate additional RAM,Hardware,Memory
How many Petabyte (PB)s is 3 Terabyte (TB)(s) equal to?,0.00292969,2.92969e-06,0.000292969,0.00146484,A,"1 Terabyte (TB) = 1024^-1 Petabyte (PB)(s) (relative scale), so 3 Terabyte (TB)(s) = 0.00292969 Petabyte (PB)(s).",Hardware,Storage Units
"Fill in the blank: ______ refers to ""an input and output device that allows users to interact with a display by touching it directly"".",a touchscreen,a microphone,a keyboard,a barcode scanner,A,a touchscreen refers to: an input and output device that allows users to interact with a display by touching it directly,Hardware,Input Devices
How many Bytes is 47 Gigabyte (GB)(s) equal to?,5.04659e+10,1.00932e+11,2.52329e+10,4.92831e+07,A,"1 Gigabyte (GB) = 1024^3 Byte(s) (relative scale), so 47 Gigabyte (GB)(s) = 5.04659e+10 Byte(s).",Hardware,Storage Units
How many Kilobyte (KB)s is 9 Byte(s) equal to?,8.78906,8.58307e-06,0.00878906,9,C,"1 Byte = 1024^-1 Kilobyte (KB)(s) (relative scale), so 9 Byte(s) = 0.00878906 Kilobyte (KB)(s).",Hardware,Storage Units
How many Megabyte (MB)s is 10 Gigabyte (GB)(s) equal to?,1024,102400,10240,10.24,C,"1 Gigabyte (GB) = 1024^1 Megabyte (MB)(s) (relative scale), so 10 Gigabyte (GB)(s) = 10240 Megabyte (MB)(s).",Hardware,Storage Units
How many Megabyte (MB)s is 26 Terabyte (TB)(s) equal to?,27263,2.7263e+07,2.7263e+06,2.7263e+08,B,"1 Terabyte (TB) = 1024^2 Megabyte (MB)(s) (relative scale), so 26 Terabyte (TB)(s) = 2.7263e+07 Megabyte (MB)(s).",Hardware,Storage Units
How many Kilobyte (KB)s is 41 Megabyte (MB)(s) equal to?,419840,4.29916e+07,20992,41984,D,"1 Megabyte (MB) = 1024^1 Kilobyte (KB)(s) (relative scale), so 41 Megabyte (MB)(s) = 41984 Kilobyte (KB)(s).",Hardware,Storage Units
How many Kilobyte (KB)s is 7 Gigabyte (GB)(s) equal to?,734003,7.34003e+06,3.67002e+06,7.34003e+07,B,"1 Gigabyte (GB) = 1024^2 Kilobyte (KB)(s) (relative scale), so 7 Gigabyte (GB)(s) = 7.34003e+06 Kilobyte (KB)(s).",Hardware,Storage Units
"Which term matches this description: ""a device that converts digital data into analog signals (and vice versa) for transmission over communication lines""?",a switch (networking device),a modem,Bluetooth,a hub (networking device),B,The description matches a modem: a device that converts digital data into analog signals (and vice versa) for transmission over communication lines,Hardware,Networking Hardware
"Fill in the blank: ______ refers to ""an output device that displays an image or video onto a larger surface, such as a screen or wall"".",cache memory,RAM (Random Access Memory),a projector,a hard disk drive (HDD),C,"a projector refers to: an output device that displays an image or video onto a larger surface, such as a screen or wall",Hardware,Output Devices
How many Gigabyte (GB)s is 30 Megabyte (MB)(s) equal to?,0.0585938,0.292969,0.0292969,29.2969,C,"1 Megabyte (MB) = 1024^-1 Gigabyte (GB)(s) (relative scale), so 30 Megabyte (MB)(s) = 0.0292969 Gigabyte (GB)(s).",Hardware,Storage Units
How many Petabyte (PB)s is 19 Byte(s) equal to?,1.68754e-11,3.37508e-14,1.72804e-11,1.68754e-14,D,"1 Byte = 1024^-5 Petabyte (PB)(s) (relative scale), so 19 Byte(s) = 1.68754e-14 Petabyte (PB)(s).",Hardware,Storage Units
Which hardware device is primarily responsible for allowing a user to input text and commands via keys?,RAM module,mouse,keyboard,printer,C,A keyboard is responsible for allowing a user to input text and commands via keys.,Hardware,Device Functions
How many Gigabyte (GB)s is 31 Terabyte (TB)(s) equal to?,31744,31.744,3.1744e+07,15872,A,"1 Terabyte (TB) = 1024^1 Gigabyte (GB)(s) (relative scale), so 31 Terabyte (TB)(s) = 31744 Gigabyte (GB)(s).",Hardware,Storage Units
Which statement correctly describes a microphone?,an input device used to convert physical documents or images into digital format,"hardware used to enter data or commands into a computer, such as a keyboard or mouse",an input device that converts sound into an electrical signal for recording or processing,a pointing input device used to interact with a computer's graphical user interface,C,"By definition, a microphone is: an input device that converts sound into an electrical signal for recording or processing",Hardware,Input Devices
How many Terabyte (TB)s is 38 Petabyte (PB)(s) equal to?,38912,38.912,38,77824,A,"1 Petabyte (PB) = 1024^1 Terabyte (TB)(s) (relative scale), so 38 Petabyte (PB)(s) = 38912 Terabyte (TB)(s).",Hardware,Storage Units
How many Petabyte (PB)s is 21 Byte(s) equal to?,1.86517e-14,1.86517e-13,1.90994e-11,1.86517e-17,A,"1 Byte = 1024^-5 Petabyte (PB)(s) (relative scale), so 21 Byte(s) = 1.86517e-14 Petabyte (PB)(s).",Hardware,Storage Units
How many Bytes is 49 Gigabyte (GB)(s) equal to?,5.26133e+09,5.26133e+10,5.26133e+13,5.38761e+13,B,"1 Gigabyte (GB) = 1024^3 Byte(s) (relative scale), so 49 Gigabyte (GB)(s) = 5.26133e+10 Byte(s).",Hardware,Storage Units
"Which term matches this description: ""a hardware component designed to absorb and dissipate heat away from a computer's processor""?",a cooling fan,a power supply unit (PSU),a heat sink,a laptop battery,C,The description matches a heat sink: a hardware component designed to absorb and dissipate heat away from a computer's processor,Hardware,Computer Components
How many Bytes is 37 Terabyte (TB)(s) equal to?,4.06819e+10,2.0341e+13,8.13639e+13,4.06819e+13,D,"1 Terabyte (TB) = 1024^4 Byte(s) (relative scale), so 37 Terabyte (TB)(s) = 4.06819e+13 Byte(s).",Hardware,Storage Units
How many Gigabyte (GB)s is 43 Terabyte (TB)(s) equal to?,44032,4.50888e+07,43,4403.2,A,"1 Terabyte (TB) = 1024^1 Gigabyte (GB)(s) (relative scale), so 43 Terabyte (TB)(s) = 44032 Gigabyte (GB)(s).",Hardware,Storage Units
How many Bytes is 32 Kilobyte (KB)(s) equal to?,16384,3.2768e+07,32768,32,C,"1 Kilobyte (KB) = 1024^1 Byte(s) (relative scale), so 32 Kilobyte (KB)(s) = 32768 Byte(s).",Hardware,Storage Units
What is a graphics card?,"a facility used to house computer systems and associated components, such as servers and storage systems",a substance applied between a CPU and its heat sink to improve heat conduction,an expansion card responsible for rendering images and video for display on a monitor,a hardware component used to circulate air and prevent computer components from overheating,C,a graphics card is: an expansion card responsible for rendering images and video for display on a monitor,Hardware,Computer Components
Which statement correctly describes a laptop battery?,a device that allows a laptop to connect to multiple peripherals through a single connection,a rechargeable power source that allows a laptop to operate without being plugged into an outlet,dedicated memory on a graphics card used to store image data for rendering,"a device that converts digital data back into analog signals, such as for audio output",B,"By definition, a laptop battery is: a rechargeable power source that allows a laptop to operate without being plugged into an outlet",Hardware,Computer Components
How many Gigabyte (GB)s is 34 Byte(s) equal to?,1.58325e-08,3.1665e-08,3.1665e-05,3.09228e-11,B,"1 Byte = 1024^-3 Gigabyte (GB)(s) (relative scale), so 34 Byte(s) = 3.1665e-08 Gigabyte (GB)(s).",Hardware,Storage Units
What is a USB flash drive?,"a small, portable data storage device that uses flash memory and connects via a USB port",a memory management technique that uses hard disk space to simulate additional RAM,"a set of electronic components on a motherboard that manages data flow between the CPU, memory, and peripherals","hardware used to present data processed by a computer, such as a monitor or printer",A,"a USB flash drive is: a small, portable data storage device that uses flash memory and connects via a USB port",Hardware,Storage Devices
How many Megabyte (MB)s is 3 Terabyte (TB)(s) equal to?,3.22123e+09,3145.73,6.29146e+06,3.14573e+06,D,"1 Terabyte (TB) = 1024^2 Megabyte (MB)(s) (relative scale), so 3 Terabyte (TB)(s) = 3.14573e+06 Megabyte (MB)(s).",Hardware,Storage Units
How many Bytes is 38 Kilobyte (KB)(s) equal to?,38,38912,77824,389120,B,"1 Kilobyte (KB) = 1024^1 Byte(s) (relative scale), so 38 Kilobyte (KB)(s) = 38912 Byte(s).",Hardware,Storage Units
How many Kilobyte (KB)s is 14 Petabyte (PB)(s) equal to?,1.53932e+16,1.57626e+16,1.50324e+10,1.53932e+13,D,"1 Petabyte (PB) = 1024^4 Kilobyte (KB)(s) (relative scale), so 14 Petabyte (PB)(s) = 1.53932e+13 Kilobyte (KB)(s).",Hardware,Storage Units
How many Megabyte (MB)s is 27 Terabyte (TB)(s) equal to?,2.83116e+10,2.8991e+10,2.83116e+07,2.83116e+06,C,"1 Terabyte (TB) = 1024^2 Megabyte (MB)(s) (relative scale), so 27 Terabyte (TB)(s) = 2.83116e+07 Megabyte (MB)(s).",Hardware,Storage Units
How many Terabyte (TB)s is 31 Kilobyte (KB)(s) equal to?,2.8871e-08,2.81943e-11,2.8871e-11,1.44355e-08,A,"1 Kilobyte (KB) = 1024^-3 Terabyte (TB)(s) (relative scale), so 31 Kilobyte (KB)(s) = 2.8871e-08 Terabyte (TB)(s).",Hardware,Storage Units
"Which term matches this description: ""the practice of increasing a computer component's operating speed beyond its factory-set limits""?",a heat sink,a docking station,a DAC (Digital-to-Analog Converter),overclocking,D,The description matches overclocking: the practice of increasing a computer component's operating speed beyond its factory-set limits,Hardware,Computer Components
How many Kilobyte (KB)s is 14 Megabyte (MB)(s) equal to?,1.4336e+07,28672,14,14336,D,"1 Megabyte (MB) = 1024^1 Kilobyte (KB)(s) (relative scale), so 14 Megabyte (MB)(s) = 14336 Kilobyte (KB)(s).",Hardware,Storage Units
"Which term matches this description: ""an output device that displays an image or video onto a larger surface, such as a screen or wall""?",a modem,ROM (Read-Only Memory),a projector,a network interface card (NIC),C,"The description matches a projector: an output device that displays an image or video onto a larger surface, such as a screen or wall",Hardware,Output Devices
"Which term matches this description: ""an output device that converts electrical signals into audible sound""?",a speaker,a solid-state drive (SSD),Bluetooth,a SIM card,A,The description matches a speaker: an output device that converts electrical signals into audible sound,Hardware,Output Devices
Which statement correctly describes a barcode scanner?,"a type of mouse that uses a light source and sensor to detect movement, rather than a mechanical ball",an input device used to convert physical documents or images into digital format,"a device that captures and identifies unique physical characteristics, such as fingerprints, for authentication",an input device used to read and decode information stored in barcodes,D,"By definition, a barcode scanner is: an input device used to read and decode information stored in barcodes",Hardware,Input Devices
How many Terabyte (TB)s is 2 Gigabyte (GB)(s) equal to?,2,0.00195312,0.0195312,0.000195313,B,"1 Gigabyte (GB) = 1024^-1 Terabyte (TB)(s) (relative scale), so 2 Gigabyte (GB)(s) = 0.00195312 Terabyte (TB)(s).",Hardware,Storage Units
Which statement correctly describes an optical disc?,"a storage medium, such as a CD or DVD, that uses laser technology to read and write data","an output device that displays an image or video onto a larger surface, such as a screen or wall","a device that converts digital data back into analog signals, such as for audio output",a networking device that forwards data packets between computer networks,A,"By definition, an optical disc is: a storage medium, such as a CD or DVD, that uses laser technology to read and write data",Hardware,Storage Devices
How many Terabyte (TB)s is 21 Byte(s) equal to?,1.90994e-10,1.90994e-12,1.90994e-11,1.90994e-08,C,"1 Byte = 1024^-4 Terabyte (TB)(s) (relative scale), so 21 Byte(s) = 1.90994e-11 Terabyte (TB)(s).",Hardware,Storage Units
How many Bytes is 30 Terabyte (TB)(s) equal to?,1.64927e+13,3.29853e+14,3.29853e+13,3.22123e+10,C,"1 Terabyte (TB) = 1024^4 Byte(s) (relative scale), so 30 Terabyte (TB)(s) = 3.29853e+13 Byte(s).",Hardware,Storage Units
How many Kilobyte (KB)s is 31 Megabyte (MB)(s) equal to?,63488,31.744,31744,31,C,"1 Megabyte (MB) = 1024^1 Kilobyte (KB)(s) (relative scale), so 31 Megabyte (MB)(s) = 31744 Kilobyte (KB)(s).",Hardware,Storage Units
How many Petabyte (PB)s is 13 Byte(s) equal to?,1.15463e-17,2.30926e-14,1.18234e-11,1.15463e-14,D,"1 Byte = 1024^-5 Petabyte (PB)(s) (relative scale), so 13 Byte(s) = 1.15463e-14 Petabyte (PB)(s).",Hardware,Storage Units
How many Terabyte (TB)s is 14 Kilobyte (KB)(s) equal to?,1.30385e-05,1.30385e-11,1.30385e-08,1.30385e-07,C,"1 Kilobyte (KB) = 1024^-3 Terabyte (TB)(s) (relative scale), so 14 Kilobyte (KB)(s) = 1.30385e-08 Terabyte (TB)(s).",Hardware,Storage Units
What is the primary function of a modem?,"rendering images, video, and animations for display",capturing sound and converting it into an electrical signal,converting digital signals to analog (and back) for internet transmission over telephone or cable lines,providing emergency backup power to keep a computer running during an outage,C,The primary function of a modem is converting digital signals to analog (and back) for internet transmission over telephone or cable lines.,Hardware,Device Functions
What is an ethernet port?,"a socket on a motherboard used to install additional hardware components, such as graphics cards","an output device that displays an image or video onto a larger surface, such as a screen or wall",a port used to connect a computer to a wired network using an ethernet cable,an output device that visually displays information processed by a computer,C,an ethernet port is: a port used to connect a computer to a wired network using an ethernet cable,Hardware,Ports and Connectors
"Which term matches this description: ""a small card used in mobile devices to store subscriber information and enable network connectivity""?",a smartphone's processor,a SIM card,UEFI (Unified Extensible Firmware Interface),a hard disk drive (HDD),B,The description matches a SIM card: a small card used in mobile devices to store subscriber information and enable network connectivity,Hardware,Hardware Basics
"Fill in the blank: ______ refers to ""a device that captures and identifies unique physical characteristics, such as fingerprints, for authentication"".",a touchscreen,a microphone,a biometric scanner,a joystick,C,"a biometric scanner refers to: a device that captures and identifies unique physical characteristics, such as fingerprints, for authentication",Hardware,Input Devices
How many Bytes is 10 Gigabyte (GB)(s) equal to?,1.07374e+11,1.07374e+10,1.07374e+09,2.14748e+10,B,"1 Gigabyte (GB) = 1024^3 Byte(s) (relative scale), so 10 Gigabyte (GB)(s) = 1.07374e+10 Byte(s).",Hardware,Storage Units
How many Petabyte (PB)s is 1 Kilobyte (KB)(s) equal to?,1.81899e-12,9.09495e-13,4.54747e-13,9.09495e-12,B,"1 Kilobyte (KB) = 1024^-4 Petabyte (PB)(s) (relative scale), so 1 Kilobyte (KB)(s) = 9.09495e-13 Petabyte (PB)(s).",Hardware,Storage Units
How many Petabyte (PB)s is 32 Gigabyte (GB)(s) equal to?,2.98023e-08,3.05176e-06,0.000305176,3.05176e-05,D,"1 Gigabyte (GB) = 1024^-2 Petabyte (PB)(s) (relative scale), so 32 Gigabyte (GB)(s) = 3.05176e-05 Petabyte (PB)(s).",Hardware,Storage Units
How many Gigabyte (GB)s is 6 Terabyte (TB)(s) equal to?,6144,6.144e+06,614.4,61440,A,"1 Terabyte (TB) = 1024^1 Gigabyte (GB)(s) (relative scale), so 6 Terabyte (TB)(s) = 6144 Gigabyte (GB)(s).",Hardware,Storage Units
How many Terabyte (TB)s is 8 Kilobyte (KB)(s) equal to?,7.45058e-10,7.45058e-09,7.45058e-12,7.45058e-08,B,"1 Kilobyte (KB) = 1024^-3 Terabyte (TB)(s) (relative scale), so 8 Kilobyte (KB)(s) = 7.45058e-09 Terabyte (TB)(s).",Hardware,Storage Units
How many Gigabyte (GB)s is 17 Petabyte (PB)(s) equal to?,17825.8,1.78258e+07,1.82536e+10,8.9129e+06,B,"1 Petabyte (PB) = 1024^2 Gigabyte (GB)(s) (relative scale), so 17 Petabyte (PB)(s) = 1.78258e+07 Gigabyte (GB)(s).",Hardware,Storage Units
"Fill in the blank: ______ refers to ""an expansion card that enables a computer to process and output audio signals"".",a sound card,a graphics card's VRAM,a server (hardware),overclocking,A,a sound card refers to: an expansion card that enables a computer to process and output audio signals,Hardware,Computer Components
How many Megabyte (MB)s is 2 Byte(s) equal to?,1.90735e-09,1.90735e-06,0.00195312,1.90735e-05,B,"1 Byte = 1024^-2 Megabyte (MB)(s) (relative scale), so 2 Byte(s) = 1.90735e-06 Megabyte (MB)(s).",Hardware,Storage Units
What is a mechanical keyboard?,"hardware used to enter data or commands into a computer, such as a keyboard or mouse","a keyboard that uses individual mechanical switches for each key, often preferred for tactile feedback","a device that captures and identifies unique physical characteristics, such as fingerprints, for authentication",an input and output device that allows users to interact with a display by touching it directly,B,"a mechanical keyboard is: a keyboard that uses individual mechanical switches for each key, often preferred for tactile feedback",Hardware,Input Devices
How many Petabyte (PB)s is 37 Gigabyte (GB)(s) equal to?,3.44589e-08,3.52859e-05,7.05719e-05,3.52859e-06,B,"1 Gigabyte (GB) = 1024^-2 Petabyte (PB)(s) (relative scale), so 37 Gigabyte (GB)(s) = 3.52859e-05 Petabyte (PB)(s).",Hardware,Storage Units
How many Petabyte (PB)s is 9 Gigabyte (GB)(s) equal to?,8.58307e-07,8.58307e-06,0.00878906,0.00858307,B,"1 Gigabyte (GB) = 1024^-2 Petabyte (PB)(s) (relative scale), so 9 Gigabyte (GB)(s) = 8.58307e-06 Petabyte (PB)(s).",Hardware,Storage Units
How many Gigabyte (GB)s is 29 Megabyte (MB)(s) equal to?,2.76566e-05,29,2.83203e-05,0.0283203,D,"1 Megabyte (MB) = 1024^-1 Gigabyte (GB)(s) (relative scale), so 29 Megabyte (MB)(s) = 0.0283203 Gigabyte (GB)(s).",Hardware,Storage Units
How many Gigabyte (GB)s is 46 Megabyte (MB)(s) equal to?,0.0449219,0.00449219,4.3869e-05,4.49219e-05,A,"1 Megabyte (MB) = 1024^-1 Gigabyte (GB)(s) (relative scale), so 46 Megabyte (MB)(s) = 0.0449219 Gigabyte (GB)(s).",Hardware,Storage Units
How many Bytes is 26 Kilobyte (KB)(s) equal to?,266240,26624,2662.4,26,B,"1 Kilobyte (KB) = 1024^1 Byte(s) (relative scale), so 26 Kilobyte (KB)(s) = 26624 Byte(s).",Hardware,Storage Units
How many Gigabyte (GB)s is 22 Megabyte (MB)(s) equal to?,0.0107422,2.14844e-05,21.4844,0.0214844,D,"1 Megabyte (MB) = 1024^-1 Gigabyte (GB)(s) (relative scale), so 22 Megabyte (MB)(s) = 0.0214844 Gigabyte (GB)(s).",Hardware,Storage Units
How many Terabyte (TB)s is 30 Gigabyte (GB)(s) equal to?,29.2969,0.0585938,0.0292969,2.92969e-05,C,"1 Gigabyte (GB) = 1024^-1 Terabyte (TB)(s) (relative scale), so 30 Gigabyte (GB)(s) = 0.0292969 Terabyte (TB)(s).",Hardware,Storage Units
How many Gigabyte (GB)s is 1 Megabyte (MB)(s) equal to?,0.000976562,0.00976562,0.00195312,0.000488281,A,"1 Megabyte (MB) = 1024^-1 Gigabyte (GB)(s) (relative scale), so 1 Megabyte (MB)(s) = 0.000976562 Gigabyte (GB)(s).",Hardware,Storage Units
How many Terabyte (TB)s is 41 Megabyte (MB)(s) equal to?,3.91006e-05,3.91006e-06,0.0391006,1.95503e-05,A,"1 Megabyte (MB) = 1024^-2 Terabyte (TB)(s) (relative scale), so 41 Megabyte (MB)(s) = 3.91006e-05 Terabyte (TB)(s).",Hardware,Storage Units
What is an HDMI port?,"a powerful computer designed to provide services, resources, or data to other computers on a network","a storage medium, such as a CD or DVD, that uses laser technology to read and write data",a device that allows a laptop to connect to multiple peripherals through a single connection,a connector used to transmit high-definition video and audio between devices,D,an HDMI port is: a connector used to transmit high-definition video and audio between devices,Hardware,Ports and Connectors
How many Gigabyte (GB)s is 7 Megabyte (MB)(s) equal to?,7,6.83594e-06,0.00683594,0.000683594,C,"1 Megabyte (MB) = 1024^-1 Gigabyte (GB)(s) (relative scale), so 7 Megabyte (MB)(s) = 0.00683594 Gigabyte (GB)(s).",Hardware,Storage Units
"Which term matches this description: ""a basic networking device that connects multiple devices, broadcasting data to all connected ports""?",a switch (networking device),a router,a hub (networking device),a modem,C,"The description matches a hub (networking device): a basic networking device that connects multiple devices, broadcasting data to all connected ports",Hardware,Networking Hardware
How many Kilobyte (KB)s is 37 Gigabyte (GB)(s) equal to?,3.97284e+10,3.87973e+06,3.87973e+07,3.87973e+10,C,"1 Gigabyte (GB) = 1024^2 Kilobyte (KB)(s) (relative scale), so 37 Gigabyte (GB)(s) = 3.87973e+07 Kilobyte (KB)(s).",Hardware,Storage Units
How many Petabyte (PB)s is 43 Byte(s) equal to?,3.81917e-13,3.81917e-15,3.81917e-11,3.81917e-14,D,"1 Byte = 1024^-5 Petabyte (PB)(s) (relative scale), so 43 Byte(s) = 3.81917e-14 Petabyte (PB)(s).",Hardware,Storage Units
"Which hardware device is primarily responsible for producing high-precision vector drawings, often for engineering or design?",plotter,sound card,CPU (processor),projector,A,"A plotter is responsible for producing high-precision vector drawings, often for engineering or design.",Hardware,Device Functions
How many Gigabyte (GB)s is 42 Kilobyte (KB)(s) equal to?,4.00543e-06,0.0410156,0.0400543,4.00543e-05,D,"1 Kilobyte (KB) = 1024^-2 Gigabyte (GB)(s) (relative scale), so 42 Kilobyte (KB)(s) = 4.00543e-05 Gigabyte (GB)(s).",Hardware,Storage Units
How many Kilobyte (KB)s is 38 Megabyte (MB)(s) equal to?,3.8912e+07,19456,38912,3.98459e+07,C,"1 Megabyte (MB) = 1024^1 Kilobyte (KB)(s) (relative scale), so 38 Megabyte (MB)(s) = 38912 Kilobyte (KB)(s).",Hardware,Storage Units
How many Kilobyte (KB)s is 13 Byte(s) equal to?,13,1.26953e-05,0.00634766,0.0126953,D,"1 Byte = 1024^-1 Kilobyte (KB)(s) (relative scale), so 13 Byte(s) = 0.0126953 Kilobyte (KB)(s).",Hardware,Storage Units
How many Kilobyte (KB)s is 44 Byte(s) equal to?,0.0429688,0.429688,0.0214844,4.19617e-05,A,"1 Byte = 1024^-1 Kilobyte (KB)(s) (relative scale), so 44 Byte(s) = 0.0429688 Kilobyte (KB)(s).",Hardware,Storage Units
How many Bytes is 48 Gigabyte (GB)(s) equal to?,2.57698e+10,5.15396e+10,5.15396e+11,5.03316e+07,B,"1 Gigabyte (GB) = 1024^3 Byte(s) (relative scale), so 48 Gigabyte (GB)(s) = 5.15396e+10 Byte(s).",Hardware,Storage Units
How many Kilobyte (KB)s is 28 Byte(s) equal to?,0.00273438,0.0136719,0.273438,0.0273438,D,"1 Byte = 1024^-1 Kilobyte (KB)(s) (relative scale), so 28 Byte(s) = 0.0273438 Kilobyte (KB)(s).",Hardware,Storage Units
How many Megabyte (MB)s is 4 Kilobyte (KB)(s) equal to?,0.0390625,3.90625e-06,0.000390625,0.00390625,D,"1 Kilobyte (KB) = 1024^-1 Megabyte (MB)(s) (relative scale), so 4 Kilobyte (KB)(s) = 0.00390625 Megabyte (MB)(s).",Hardware,Storage Units
Which statement correctly describes a network interface card (NIC)?,a wireless technology standard used for exchanging data over short distances between devices,a device that converts digital data into analog signals (and vice versa) for transmission over communication lines,a networking device that connects devices within a network and forwards data based on MAC addresses,"hardware that allows a computer to connect to a network, either wired or wireless",D,"By definition, a network interface card (NIC) is: hardware that allows a computer to connect to a network, either wired or wireless",Hardware,Networking Hardware
How many Bytes is 24 Terabyte (TB)(s) equal to?,2.63883e+13,2.63883e+10,2.63883e+16,1.31941e+13,A,"1 Terabyte (TB) = 1024^4 Byte(s) (relative scale), so 24 Terabyte (TB)(s) = 2.63883e+13 Byte(s).",Hardware,Storage Units
"Fill in the blank: ______ refers to ""an input device used to convert physical documents or images into digital format"".",a laptop's trackpad,a barcode scanner,a scanner,a webcam,C,a scanner refers to: an input device used to convert physical documents or images into digital format,Hardware,Input Devices
How many Petabyte (PB)s is 16 Megabyte (MB)(s) equal to?,1.45519e-11,1.49012e-08,1.49012e-09,2.98023e-08,B,"1 Megabyte (MB) = 1024^-3 Petabyte (PB)(s) (relative scale), so 16 Megabyte (MB)(s) = 1.49012e-08 Petabyte (PB)(s).",Hardware,Storage Units
How many Bytes is 25 Kilobyte (KB)(s) equal to?,25600,51200,2560,25.6,A,"1 Kilobyte (KB) = 1024^1 Byte(s) (relative scale), so 25 Kilobyte (KB)(s) = 25600 Byte(s).",Hardware,Storage Units
How many Kilobyte (KB)s is 12 Byte(s) equal to?,11.7188,0.00585938,0.0117188,12,C,"1 Byte = 1024^-1 Kilobyte (KB)(s) (relative scale), so 12 Byte(s) = 0.0117188 Kilobyte (KB)(s).",Hardware,Storage Units
What is a heat sink?,a rechargeable power source that allows a laptop to operate without being plugged into an outlet,the enclosure that houses and protects a computer's internal components,a hardware component designed to absorb and dissipate heat away from a computer's processor,a device that provides backup power to a computer system in the event of a power outage,C,a heat sink is: a hardware component designed to absorb and dissipate heat away from a computer's processor,Hardware,Computer Components
What is a webcam?,a pointing input device used to interact with a computer's graphical user interface,"a device that captures and identifies unique physical characteristics, such as fingerprints, for authentication","an input device commonly used for gaming, allowing control of movement in multiple directions","an input device used to capture video, typically for video calls or streaming",D,"a webcam is: an input device used to capture video, typically for video calls or streaming",Hardware,Input Devices
"Fill in the blank: ______ refers to ""a type of mouse that uses a light source and sensor to detect movement, rather than a mechanical ball"".",a laptop's trackpad,an input device,an optical mouse,a mouse,C,"an optical mouse refers to: a type of mouse that uses a light source and sensor to detect movement, rather than a mechanical ball",Hardware,Input Devices
Which statement correctly describes a SIM card?,a device that allows a laptop to connect to multiple peripherals through a single connection,an expansion card that enables a computer to process and output audio signals,a small card used in mobile devices to store subscriber information and enable network connectivity,"a specialised processor designed to accelerate rendering of images, video, and animations",C,"By definition, a SIM card is: a small card used in mobile devices to store subscriber information and enable network connectivity",Hardware,Hardware Basics
How many Gigabyte (GB)s is 49 Byte(s) equal to?,4.56348e-11,4.56348e-05,4.56348e-08,4.673e-05,C,"1 Byte = 1024^-3 Gigabyte (GB)(s) (relative scale), so 49 Byte(s) = 4.56348e-08 Gigabyte (GB)(s).",Hardware,Storage Units
How many Bytes is 8 Kilobyte (KB)(s) equal to?,16384,8.38861e+06,8192,81920,C,"1 Kilobyte (KB) = 1024^1 Byte(s) (relative scale), so 8 Kilobyte (KB)(s) = 8192 Byte(s).",Hardware,Storage Units
Which statement correctly describes clock speed?,"a specialised processor designed to accelerate rendering of images, video, and animations",the main circuit board of a computer that connects and allows communication between components,"the rate at which a CPU executes instructions, measured in hertz (Hz), typically gigahertz (GHz)",an individual processing unit within a CPU capable of executing instructions independently,C,"By definition, clock speed is: the rate at which a CPU executes instructions, measured in hertz (Hz), typically gigahertz (GHz)",Hardware,Processors
"Which term matches this description: ""a touch-sensitive input device built into laptops, used as an alternative to a mouse""?",a graphics tablet,a laptop's trackpad,a scanner,a biometric scanner,B,"The description matches a laptop's trackpad: a touch-sensitive input device built into laptops, used as an alternative to a mouse",Hardware,Input Devices
Which statement correctly describes a DAC (Digital-to-Analog Converter)?,a hardware component that converts electrical power from an outlet into usable power for computer components,a hardware component designed to absorb and dissipate heat away from a computer's processor,an expansion card that enables a computer to process and output audio signals,"a device that converts digital data back into analog signals, such as for audio output",D,"By definition, a DAC (Digital-to-Analog Converter) is: a device that converts digital data back into analog signals, such as for audio output",Hardware,Computer Components
"Which term matches this description: ""an expansion card responsible for rendering images and video for display on a monitor""?",overclocking,a computer case (chassis),a cooling fan,a graphics card,D,The description matches a graphics card: an expansion card responsible for rendering images and video for display on a monitor,Hardware,Computer Components
How many Terabyte (TB)s is 35 Megabyte (MB)(s) equal to?,0.000333786,0.0341797,3.33786e-05,3.33786e-08,C,"1 Megabyte (MB) = 1024^-2 Terabyte (TB)(s) (relative scale), so 35 Megabyte (MB)(s) = 3.33786e-05 Terabyte (TB)(s).",Hardware,Storage Units
How many Megabyte (MB)s is 26 Byte(s) equal to?,2.47955e-06,2.47955e-05,0.000247955,2.42144e-08,B,"1 Byte = 1024^-2 Megabyte (MB)(s) (relative scale), so 26 Byte(s) = 2.47955e-05 Megabyte (MB)(s).",Hardware,Storage Units
How many Petabyte (PB)s is 27 Kilobyte (KB)(s) equal to?,2.45564e-11,2.45564e-14,4.91127e-11,2.45564e-12,A,"1 Kilobyte (KB) = 1024^-4 Petabyte (PB)(s) (relative scale), so 27 Kilobyte (KB)(s) = 2.45564e-11 Petabyte (PB)(s).",Hardware,Storage Units
How many Bytes is 3 Megabyte (MB)(s) equal to?,3.14573e+06,3145.73,3.22123e+09,1.57286e+06,A,"1 Megabyte (MB) = 1024^2 Byte(s) (relative scale), so 3 Megabyte (MB)(s) = 3.14573e+06 Byte(s).",Hardware,Storage Units
"Fill in the blank: ______ refers to ""the main circuit board of a computer that connects and allows communication between components"".",an ADC (Analog-to-Digital Converter),a speaker,Bluetooth,the motherboard,D,the motherboard refers to: the main circuit board of a computer that connects and allows communication between components,Hardware,Motherboard
How many Petabyte (PB)s is 44 Byte(s) equal to?,3.90799e-14,3.81639e-17,3.90799e-11,7.81597e-14,A,"1 Byte = 1024^-5 Petabyte (PB)(s) (relative scale), so 44 Byte(s) = 3.90799e-14 Petabyte (PB)(s).",Hardware,Storage Units
How many Gigabyte (GB)s is 18 Kilobyte (KB)(s) equal to?,0.0171661,1.71661e-08,1.71661e-05,8.58307e-06,C,"1 Kilobyte (KB) = 1024^-2 Gigabyte (GB)(s) (relative scale), so 18 Kilobyte (KB)(s) = 1.71661e-05 Gigabyte (GB)(s).",Hardware,Storage Units
How many Petabyte (PB)s is 28 Terabyte (TB)(s) equal to?,0.0546875,27.3438,2.67029e-05,0.0273438,D,"1 Terabyte (TB) = 1024^-1 Petabyte (PB)(s) (relative scale), so 28 Terabyte (TB)(s) = 0.0273438 Petabyte (PB)(s).",Hardware,Storage Units
How many Petabyte (PB)s is 32 Terabyte (TB)(s) equal to?,0.003125,0.03125,0.3125,3.125e-05,B,"1 Terabyte (TB) = 1024^-1 Petabyte (PB)(s) (relative scale), so 32 Terabyte (TB)(s) = 0.03125 Petabyte (PB)(s).",Hardware,Storage Units
How many Megabyte (MB)s is 7 Terabyte (TB)(s) equal to?,7168,7.34003e+09,3.67002e+06,7.34003e+06,D,"1 Terabyte (TB) = 1024^2 Megabyte (MB)(s) (relative scale), so 7 Terabyte (TB)(s) = 7.34003e+06 Megabyte (MB)(s).",Hardware,Storage Units
How many Gigabyte (GB)s is 16 Petabyte (PB)(s) equal to?,1.67772e+10,1.71799e+10,1.67772e+07,1.67772e+08,C,"1 Petabyte (PB) = 1024^2 Gigabyte (GB)(s) (relative scale), so 16 Petabyte (PB)(s) = 1.67772e+07 Gigabyte (GB)(s).",Hardware,Storage Units
What is Wi-Fi?,a cable used to connect devices within a local area network for wired internet access,a wireless networking technology that allows devices to connect to the internet without physical cables,a device that converts digital data into analog signals (and vice versa) for transmission over communication lines,"hardware that allows a computer to connect to a network, either wired or wireless",B,Wi-Fi is: a wireless networking technology that allows devices to connect to the internet without physical cables,Hardware,Networking Hardware
How many Megabyte (MB)s is 25 Kilobyte (KB)(s) equal to?,24.4141,0.0244141,0.244141,0.00244141,B,"1 Kilobyte (KB) = 1024^-1 Megabyte (MB)(s) (relative scale), so 25 Kilobyte (KB)(s) = 0.0244141 Megabyte (MB)(s).",Hardware,Storage Units
How many Gigabyte (GB)s is 41 Petabyte (PB)(s) equal to?,4.29916e+10,41984,4.29916e+07,2.14958e+07,C,"1 Petabyte (PB) = 1024^2 Gigabyte (GB)(s) (relative scale), so 41 Petabyte (PB)(s) = 4.29916e+07 Gigabyte (GB)(s).",Hardware,Storage Units
How many Bytes is 20 Gigabyte (GB)(s) equal to?,4.29497e+10,2.14748e+09,2.14748e+13,2.14748e+10,D,"1 Gigabyte (GB) = 1024^3 Byte(s) (relative scale), so 20 Gigabyte (GB)(s) = 2.14748e+10 Byte(s).",Hardware,Storage Units
How many Terabyte (TB)s is 14 Petabyte (PB)(s) equal to?,14336,7168,14.336,14,A,"1 Petabyte (PB) = 1024^1 Terabyte (TB)(s) (relative scale), so 14 Petabyte (PB)(s) = 14336 Terabyte (TB)(s).",Hardware,Storage Units
How many Bytes is 12 Terabyte (TB)(s) equal to?,2.63883e+13,1.31941e+13,1.31941e+16,1.35108e+16,B,"1 Terabyte (TB) = 1024^4 Byte(s) (relative scale), so 12 Terabyte (TB)(s) = 1.31941e+13 Byte(s).",Hardware,Storage Units
"Which term matches this description: ""dedicated memory on a graphics card used to store image data for rendering""?",a graphics card's VRAM,an ADC (Analog-to-Digital Converter),a laptop battery,a computer case (chassis),A,The description matches a graphics card's VRAM: dedicated memory on a graphics card used to store image data for rendering,Hardware,Computer Components
How many Petabyte (PB)s is 13 Gigabyte (GB)(s) equal to?,0.000123978,1.23978e-06,0.0126953,1.23978e-05,D,"1 Gigabyte (GB) = 1024^-2 Petabyte (PB)(s) (relative scale), so 13 Gigabyte (GB)(s) = 1.23978e-05 Petabyte (PB)(s).",Hardware,Storage Units
"Which term matches this description: ""a modern firmware interface that replaces the traditional BIOS, offering more features and faster boot times""?",UEFI (Unified Extensible Firmware Interface),a USB port,a cooling fan,an HDMI port,A,"The description matches UEFI (Unified Extensible Firmware Interface): a modern firmware interface that replaces the traditional BIOS, offering more features and faster boot times",Hardware,Motherboard
How many Gigabyte (GB)s is 48 Kilobyte (KB)(s) equal to?,0.000457764,4.57764e-06,0.0457764,4.57764e-05,D,"1 Kilobyte (KB) = 1024^-2 Gigabyte (GB)(s) (relative scale), so 48 Kilobyte (KB)(s) = 4.57764e-05 Gigabyte (GB)(s).",Hardware,Storage Units
How many Bytes is 48 Petabyte (PB)(s) equal to?,5.27766e+13,5.40432e+19,5.40432e+15,5.40432e+16,D,"1 Petabyte (PB) = 1024^5 Byte(s) (relative scale), so 48 Petabyte (PB)(s) = 5.40432e+16 Byte(s).",Hardware,Storage Units
How many Terabyte (TB)s is 46 Kilobyte (KB)(s) equal to?,4.18368e-11,4.28408e-07,4.28408e-08,2.14204e-08,C,"1 Kilobyte (KB) = 1024^-3 Terabyte (TB)(s) (relative scale), so 46 Kilobyte (KB)(s) = 4.28408e-08 Terabyte (TB)(s).",Hardware,Storage Units
How many Bytes is 36 Gigabyte (GB)(s) equal to?,3.86547e+07,3.86547e+11,3.86547e+10,1.93274e+10,C,"1 Gigabyte (GB) = 1024^3 Byte(s) (relative scale), so 36 Gigabyte (GB)(s) = 3.86547e+10 Byte(s).",Hardware,Storage Units
What is a chipset?,"a set of electronic components on a motherboard that manages data flow between the CPU, memory, and peripherals",a rechargeable power source that allows a laptop to operate without being plugged into an outlet,dedicated memory on a graphics card used to store image data for rendering,"the primary component of a computer that executes instructions, often called the 'brain' of the computer",A,"a chipset is: a set of electronic components on a motherboard that manages data flow between the CPU, memory, and peripherals",Hardware,Motherboard
How many Bytes is 40 Terabyte (TB)(s) equal to?,4.39805e+12,4.5036e+16,4.39805e+13,4.29497e+10,C,"1 Terabyte (TB) = 1024^4 Byte(s) (relative scale), so 40 Terabyte (TB)(s) = 4.39805e+13 Byte(s).",Hardware,Storage Units
Which statement correctly describes RAM (Random Access Memory)?,"an input device used to capture video, typically for video calls or streaming","an output device that displays an image or video onto a larger surface, such as a screen or wall",an output device that visually displays information processed by a computer,a type of volatile memory used to temporarily store data that a computer is actively using,D,"By definition, RAM (Random Access Memory) is: a type of volatile memory used to temporarily store data that a computer is actively using",Hardware,Memory
How many Petabyte (PB)s is 46 Megabyte (MB)(s) equal to?,4.28408e-08,8.56817e-08,4.28408e-09,4.28408e-07,A,"1 Megabyte (MB) = 1024^-3 Petabyte (PB)(s) (relative scale), so 46 Megabyte (MB)(s) = 4.28408e-08 Petabyte (PB)(s).",Hardware,Storage Units
How many Terabyte (TB)s is 1 Gigabyte (GB)(s) equal to?,9.76563e-05,9.53674e-07,9.76563e-07,0.000976562,D,"1 Gigabyte (GB) = 1024^-1 Terabyte (TB)(s) (relative scale), so 1 Gigabyte (GB)(s) = 0.000976562 Terabyte (TB)(s).",Hardware,Storage Units
What is the primary function of a scanner?,converting a physical document or photo into a digital image,temporarily storing data that the CPU is actively using,displaying a computer's output onto a large screen or wall,providing emergency backup power to keep a computer running during an outage,A,The primary function of a scanner is converting a physical document or photo into a digital image.,Hardware,Device Functions
How many Bytes is 11 Megabyte (MB)(s) equal to?,5.76717e+06,1.15343e+08,11534.3,1.15343e+07,D,"1 Megabyte (MB) = 1024^2 Byte(s) (relative scale), so 11 Megabyte (MB)(s) = 1.15343e+07 Byte(s).",Hardware,Storage Units
How many Megabyte (MB)s is 22 Kilobyte (KB)(s) equal to?,0.00214844,2.14844e-05,22,0.0214844,D,"1 Kilobyte (KB) = 1024^-1 Megabyte (MB)(s) (relative scale), so 22 Kilobyte (KB)(s) = 0.0214844 Megabyte (MB)(s).",Hardware,Storage Units
How many Gigabyte (GB)s is 4 Kilobyte (KB)(s) equal to?,3.72529e-09,3.8147e-05,1.90735e-06,3.8147e-06,D,"1 Kilobyte (KB) = 1024^-2 Gigabyte (GB)(s) (relative scale), so 4 Kilobyte (KB)(s) = 3.8147e-06 Gigabyte (GB)(s).",Hardware,Storage Units
What is a microphone?,a pointing input device used to interact with a computer's graphical user interface,"an input device commonly used for gaming, allowing control of movement in multiple directions","a touch-sensitive input device built into laptops, used as an alternative to a mouse",an input device that converts sound into an electrical signal for recording or processing,D,a microphone is: an input device that converts sound into an electrical signal for recording or processing,Hardware,Input Devices
How many Kilobyte (KB)s is 47 Gigabyte (GB)(s) equal to?,2.46415e+07,48128,4.92831e+08,4.92831e+07,D,"1 Gigabyte (GB) = 1024^2 Kilobyte (KB)(s) (relative scale), so 47 Gigabyte (GB)(s) = 4.92831e+07 Kilobyte (KB)(s).",Hardware,Storage Units
How many Petabyte (PB)s is 7 Kilobyte (KB)(s) equal to?,1.27329e-11,6.36646e-12,6.36646e-09,6.36646e-13,B,"1 Kilobyte (KB) = 1024^-4 Petabyte (PB)(s) (relative scale), so 7 Kilobyte (KB)(s) = 6.36646e-12 Petabyte (PB)(s).",Hardware,Storage Units
How many Kilobyte (KB)s is 5 Megabyte (MB)(s) equal to?,5,5120,5.12e+06,5.12,B,"1 Megabyte (MB) = 1024^1 Kilobyte (KB)(s) (relative scale), so 5 Megabyte (MB)(s) = 5120 Kilobyte (KB)(s).",Hardware,Storage Units
How many Petabyte (PB)s is 25 Megabyte (MB)(s) equal to?,2.38419e-05,1.16415e-08,2.32831e-08,2.32831e-11,C,"1 Megabyte (MB) = 1024^-3 Petabyte (PB)(s) (relative scale), so 25 Megabyte (MB)(s) = 2.32831e-08 Petabyte (PB)(s).",Hardware,Storage Units
"Which term matches this description: ""a networking device that forwards data packets between computer networks""?",a modem,a router,a switch (networking device),Wi-Fi,B,The description matches a router: a networking device that forwards data packets between computer networks,Hardware,Networking Hardware
How many Bytes is 34 Megabyte (MB)(s) equal to?,3.56516e+07,3.56516e+08,3.56516e+06,1.78258e+07,A,"1 Megabyte (MB) = 1024^2 Byte(s) (relative scale), so 34 Megabyte (MB)(s) = 3.56516e+07 Byte(s).",Hardware,Storage Units
How many Terabyte (TB)s is 39 Byte(s) equal to?,3.54703e-11,3.54703e-14,3.54703e-08,3.4639e-14,A,"1 Byte = 1024^-4 Terabyte (TB)(s) (relative scale), so 39 Byte(s) = 3.54703e-11 Terabyte (TB)(s).",Hardware,Storage Units
Which statement correctly describes an ethernet cable?,"hardware that allows a computer to connect to a network, either wired or wireless",a cable used to connect devices within a local area network for wired internet access,a networking device that forwards data packets between computer networks,"a basic networking device that connects multiple devices, broadcasting data to all connected ports",B,"By definition, an ethernet cable is: a cable used to connect devices within a local area network for wired internet access",Hardware,Networking Hardware
Which statement correctly describes a switch (networking device)?,a networking device that forwards data packets between computer networks,a cable used to connect devices within a local area network for wired internet access,"hardware that allows a computer to connect to a network, either wired or wireless",a networking device that connects devices within a network and forwards data based on MAC addresses,D,"By definition, a switch (networking device) is: a networking device that connects devices within a network and forwards data based on MAC addresses",Hardware,Networking Hardware
How many Bytes is 1 Megabyte (MB)(s) equal to?,104858,524288,1024,1.04858e+06,D,"1 Megabyte (MB) = 1024^2 Byte(s) (relative scale), so 1 Megabyte (MB)(s) = 1.04858e+06 Byte(s).",Hardware,Storage Units
How many Bytes is 37 Petabyte (PB)(s) equal to?,4.16583e+15,8.33166e+16,4.16583e+16,4.26581e+19,C,"1 Petabyte (PB) = 1024^5 Byte(s) (relative scale), so 37 Petabyte (PB)(s) = 4.16583e+16 Byte(s).",Hardware,Storage Units
"Fill in the blank: ______ refers to ""a pointing input device used to interact with a computer's graphical user interface"".",a barcode scanner,a webcam,a mouse,a joystick,C,a mouse refers to: a pointing input device used to interact with a computer's graphical user interface,Hardware,Input Devices
How many Megabyte (MB)s is 11 Petabyte (PB)(s) equal to?,1.18112e+10,1.18112e+07,1.18112e+13,1.20946e+13,A,"1 Petabyte (PB) = 1024^3 Megabyte (MB)(s) (relative scale), so 11 Petabyte (PB)(s) = 1.18112e+10 Megabyte (MB)(s).",Hardware,Storage Units
How many Petabyte (PB)s is 26 Kilobyte (KB)(s) equal to?,2.36469e-14,2.36469e-08,2.36469e-11,2.30926e-14,C,"1 Kilobyte (KB) = 1024^-4 Petabyte (PB)(s) (relative scale), so 26 Kilobyte (KB)(s) = 2.36469e-11 Petabyte (PB)(s).",Hardware,Storage Units
How many Petabyte (PB)s is 24 Terabyte (TB)(s) equal to?,0.046875,2.34375e-05,23.4375,0.0234375,D,"1 Terabyte (TB) = 1024^-1 Petabyte (PB)(s) (relative scale), so 24 Terabyte (TB)(s) = 0.0234375 Petabyte (PB)(s).",Hardware,Storage Units
How many Gigabyte (GB)s is 13 Megabyte (MB)(s) equal to?,13,0.0126953,0.00126953,0.0253906,B,"1 Megabyte (MB) = 1024^-1 Gigabyte (GB)(s) (relative scale), so 13 Megabyte (MB)(s) = 0.0126953 Gigabyte (GB)(s).",Hardware,Storage Units
How many Megabyte (MB)s is 25 Byte(s) equal to?,2.38419e-06,2.38419e-05,2.38419e-08,0.000238419,B,"1 Byte = 1024^-2 Megabyte (MB)(s) (relative scale), so 25 Byte(s) = 2.38419e-05 Megabyte (MB)(s).",Hardware,Storage Units
"Fill in the blank: ______ refers to ""a device that provides backup power to a computer system in the event of a power outage"".",a graphics card's VRAM,a UPS (Uninterruptible Power Supply),a graphics card,a cooling fan,B,a UPS (Uninterruptible Power Supply) refers to: a device that provides backup power to a computer system in the event of a power outage,Hardware,Computer Components
"Fill in the blank: ______ refers to ""a CPU containing two or more independent processing units (cores) on a single chip"".",a laptop battery,a multi-core processor,a cooling fan,a docking station,B,a multi-core processor refers to: a CPU containing two or more independent processing units (cores) on a single chip,Hardware,Processors
How many Megabyte (MB)s is 9 Byte(s) equal to?,1.71661e-05,8.58307e-09,8.58307e-05,8.58307e-06,D,"1 Byte = 1024^-2 Megabyte (MB)(s) (relative scale), so 9 Byte(s) = 8.58307e-06 Megabyte (MB)(s).",Hardware,Storage Units
How many Terabyte (TB)s is 17 Petabyte (PB)(s) equal to?,17408,8704,1.7408e+07,34816,A,"1 Petabyte (PB) = 1024^1 Terabyte (TB)(s) (relative scale), so 17 Petabyte (PB)(s) = 17408 Terabyte (TB)(s).",Hardware,Storage Units
How many Bytes is 21 Gigabyte (GB)(s) equal to?,1.12743e+10,2.25486e+09,2.25486e+07,2.25486e+10,D,"1 Gigabyte (GB) = 1024^3 Byte(s) (relative scale), so 21 Gigabyte (GB)(s) = 2.25486e+10 Byte(s).",Hardware,Storage Units
What is the primary function of a network interface card (NIC)?,capturing sound and converting it into an electrical signal,"producing a physical, paper copy of a digital document","producing high-precision vector drawings, often for engineering or design",enabling a computer to connect to a network,D,The primary function of a network interface card (NIC) is enabling a computer to connect to a network.,Hardware,Device Functions
How many Kilobyte (KB)s is 32 Byte(s) equal to?,0.3125,0.03125,0.0625,0.003125,B,"1 Byte = 1024^-1 Kilobyte (KB)(s) (relative scale), so 32 Byte(s) = 0.03125 Kilobyte (KB)(s).",Hardware,Storage Units
Which statement correctly describes overclocking?,a hardware component designed to absorb and dissipate heat away from a computer's processor,"a facility used to house computer systems and associated components, such as servers and storage systems",the practice of increasing a computer component's operating speed beyond its factory-set limits,a hardware component that converts electrical power from an outlet into usable power for computer components,C,"By definition, overclocking is: the practice of increasing a computer component's operating speed beyond its factory-set limits",Hardware,Computer Components
What is overclocking?,the practice of increasing a computer component's operating speed beyond its factory-set limits,a device that converts analog signals into digital data that a computer can process,a hardware component used to circulate air and prevent computer components from overheating,an expansion card that enables a computer to process and output audio signals,A,overclocking is: the practice of increasing a computer component's operating speed beyond its factory-set limits,Hardware,Computer Components
"Fill in the blank: ______ refers to ""a rechargeable power source that allows a laptop to operate without being plugged into an outlet"".",thermal paste,a graphics card's VRAM,a laptop battery,a power supply unit (PSU),C,a laptop battery refers to: a rechargeable power source that allows a laptop to operate without being plugged into an outlet,Hardware,Computer Components
How many Gigabyte (GB)s is 26 Byte(s) equal to?,2.42144e-08,1.21072e-08,2.42144e-11,2.47955e-05,A,"1 Byte = 1024^-3 Gigabyte (GB)(s) (relative scale), so 26 Byte(s) = 2.42144e-08 Gigabyte (GB)(s).",Hardware,Storage Units
How many Petabyte (PB)s is 29 Megabyte (MB)(s) equal to?,2.70084e-08,2.70084e-05,2.70084e-11,2.63753e-11,A,"1 Megabyte (MB) = 1024^-3 Petabyte (PB)(s) (relative scale), so 29 Megabyte (MB)(s) = 2.70084e-08 Petabyte (PB)(s).",Hardware,Storage Units
How many Gigabyte (GB)s is 42 Petabyte (PB)(s) equal to?,4.40402e+08,4.40402e+07,2.20201e+07,44040.2,B,"1 Petabyte (PB) = 1024^2 Gigabyte (GB)(s) (relative scale), so 42 Petabyte (PB)(s) = 4.40402e+07 Gigabyte (GB)(s).",Hardware,Storage Units
How many Megabyte (MB)s is 1 Gigabyte (GB)(s) equal to?,1.024e+06,1024,102.4,1.04858e+06,B,"1 Gigabyte (GB) = 1024^1 Megabyte (MB)(s) (relative scale), so 1 Gigabyte (GB)(s) = 1024 Megabyte (MB)(s).",Hardware,Storage Units
How many Gigabyte (GB)s is 11 Terabyte (TB)(s) equal to?,112640,5632,11,11264,D,"1 Terabyte (TB) = 1024^1 Gigabyte (GB)(s) (relative scale), so 11 Terabyte (TB)(s) = 11264 Gigabyte (GB)(s).",Hardware,Storage Units
How many Terabyte (TB)s is 28 Kilobyte (KB)(s) equal to?,2.6077e-05,2.6077e-08,2.6077e-09,1.30385e-08,B,"1 Kilobyte (KB) = 1024^-3 Terabyte (TB)(s) (relative scale), so 28 Kilobyte (KB)(s) = 2.6077e-08 Terabyte (TB)(s).",Hardware,Storage Units
How many Kilobyte (KB)s is 17 Terabyte (TB)(s) equal to?,1.82536e+13,1.78258e+07,1.82536e+10,9.12681e+09,C,"1 Terabyte (TB) = 1024^3 Kilobyte (KB)(s) (relative scale), so 17 Terabyte (TB)(s) = 1.82536e+10 Kilobyte (KB)(s).",Hardware,Storage Units
How many Gigabyte (GB)s is 12 Kilobyte (KB)(s) equal to?,1.14441e-05,1.14441e-06,1.14441e-08,0.0117188,A,"1 Kilobyte (KB) = 1024^-2 Gigabyte (GB)(s) (relative scale), so 12 Kilobyte (KB)(s) = 1.14441e-05 Gigabyte (GB)(s).",Hardware,Storage Units
How many Terabyte (TB)s is 6 Megabyte (MB)(s) equal to?,5.72205e-06,1.14441e-05,0.00572205,2.86102e-06,A,"1 Megabyte (MB) = 1024^-2 Terabyte (TB)(s) (relative scale), so 6 Megabyte (MB)(s) = 5.72205e-06 Terabyte (TB)(s).",Hardware,Storage Units
What is cache memory?,"a modern, reversible connector used for data transfer, video output, and charging","a small, fast type of volatile memory located close to the CPU, used to speed up data access",an input device that converts sound into an electrical signal for recording or processing,a device that converts analog signals into digital data that a computer can process,B,"cache memory is: a small, fast type of volatile memory located close to the CPU, used to speed up data access",Hardware,Memory
How many Petabyte (PB)s is 5 Terabyte (TB)(s) equal to?,0.00488281,4.88281e-06,0.00244141,4.88281,A,"1 Terabyte (TB) = 1024^-1 Petabyte (PB)(s) (relative scale), so 5 Terabyte (TB)(s) = 0.00488281 Petabyte (PB)(s).",Hardware,Storage Units
How many Kilobyte (KB)s is 12 Megabyte (MB)(s) equal to?,6144,12288,12.288,12,B,"1 Megabyte (MB) = 1024^1 Kilobyte (KB)(s) (relative scale), so 12 Megabyte (MB)(s) = 12288 Kilobyte (KB)(s).",Hardware,Storage Units
How many Terabyte (TB)s is 50 Kilobyte (KB)(s) equal to?,4.65661e-09,4.65661e-08,4.65661e-11,4.65661e-05,B,"1 Kilobyte (KB) = 1024^-3 Terabyte (TB)(s) (relative scale), so 50 Kilobyte (KB)(s) = 4.65661e-08 Terabyte (TB)(s).",Hardware,Storage Units
"Fill in the blank: ______ refers to ""a keyboard that uses individual mechanical switches for each key, often preferred for tactile feedback"".",a barcode scanner,a keyboard,a laptop's trackpad,a mechanical keyboard,D,"a mechanical keyboard refers to: a keyboard that uses individual mechanical switches for each key, often preferred for tactile feedback",Hardware,Input Devices
How many Petabyte (PB)s is 47 Megabyte (MB)(s) equal to?,4.37722e-05,4.37722e-09,4.37722e-08,4.37722e-07,C,"1 Megabyte (MB) = 1024^-3 Petabyte (PB)(s) (relative scale), so 47 Megabyte (MB)(s) = 4.37722e-08 Petabyte (PB)(s).",Hardware,Storage Units
How many Megabyte (MB)s is 2 Petabyte (PB)(s) equal to?,2.14748e+09,1.07374e+09,2.19902e+12,2.14748e+10,A,"1 Petabyte (PB) = 1024^3 Megabyte (MB)(s) (relative scale), so 2 Petabyte (PB)(s) = 2.14748e+09 Megabyte (MB)(s).",Hardware,Storage Units
How many Kilobyte (KB)s is 16 Gigabyte (GB)(s) equal to?,1.67772e+06,1.71799e+10,8.38861e+06,1.67772e+07,D,"1 Gigabyte (GB) = 1024^2 Kilobyte (KB)(s) (relative scale), so 16 Gigabyte (GB)(s) = 1.67772e+07 Kilobyte (KB)(s).",Hardware,Storage Units
Which statement correctly describes a computer case (chassis)?,a hardware component designed to absorb and dissipate heat away from a computer's processor,a hardware component used to circulate air and prevent computer components from overheating,the enclosure that houses and protects a computer's internal components,dedicated memory on a graphics card used to store image data for rendering,C,"By definition, a computer case (chassis) is: the enclosure that houses and protects a computer's internal components",Hardware,Computer Components
How many Bytes is 4 Terabyte (TB)(s) equal to?,4.39805e+12,2.19902e+12,4.39805e+13,8.79609e+12,A,"1 Terabyte (TB) = 1024^4 Byte(s) (relative scale), so 4 Terabyte (TB)(s) = 4.39805e+12 Byte(s).",Hardware,Storage Units
How many Kilobyte (KB)s is 25 Terabyte (TB)(s) equal to?,2.68435e+10,2.68435e+11,2.68435e+07,2.74878e+13,A,"1 Terabyte (TB) = 1024^3 Kilobyte (KB)(s) (relative scale), so 25 Terabyte (TB)(s) = 2.68435e+10 Kilobyte (KB)(s).",Hardware,Storage Units
"Which term matches this description: ""a wireless technology standard used for exchanging data over short distances between devices""?",Bluetooth,a modem,a network interface card (NIC),Wi-Fi,A,The description matches Bluetooth: a wireless technology standard used for exchanging data over short distances between devices,Hardware,Networking Hardware
"Which term matches this description: ""the enclosure that houses and protects a computer's internal components""?",a UPS (Uninterruptible Power Supply),a computer case (chassis),a docking station,a cooling fan,B,The description matches a computer case (chassis): the enclosure that houses and protects a computer's internal components,Hardware,Computer Components
How many Petabyte (PB)s is 3 Megabyte (MB)(s) equal to?,2.79397e-09,1.39698e-09,2.79397e-12,2.86102e-06,A,"1 Megabyte (MB) = 1024^-3 Petabyte (PB)(s) (relative scale), so 3 Megabyte (MB)(s) = 2.79397e-09 Petabyte (PB)(s).",Hardware,Storage Units
How many Bytes is 46 Kilobyte (KB)(s) equal to?,46,4.82345e+07,47104,23552,C,"1 Kilobyte (KB) = 1024^1 Byte(s) (relative scale), so 46 Kilobyte (KB)(s) = 47104 Byte(s).",Hardware,Storage Units
How many Gigabyte (GB)s is 26 Petabyte (PB)(s) equal to?,2.7263e+07,5.4526e+07,2.7263e+08,2.79173e+10,A,"1 Petabyte (PB) = 1024^2 Gigabyte (GB)(s) (relative scale), so 26 Petabyte (PB)(s) = 2.7263e+07 Gigabyte (GB)(s).",Hardware,Storage Units
How many Megabyte (MB)s is 6 Petabyte (PB)(s) equal to?,6.44245e+06,6.44245e+10,6.44245e+09,6.44245e+12,C,"1 Petabyte (PB) = 1024^3 Megabyte (MB)(s) (relative scale), so 6 Petabyte (PB)(s) = 6.44245e+09 Megabyte (MB)(s).",Hardware,Storage Units
How many Kilobyte (KB)s is 39 Megabyte (MB)(s) equal to?,39936,39.936,79872,3.9936e+07,A,"1 Megabyte (MB) = 1024^1 Kilobyte (KB)(s) (relative scale), so 39 Megabyte (MB)(s) = 39936 Kilobyte (KB)(s).",Hardware,Storage Units
How many Kilobyte (KB)s is 19 Gigabyte (GB)(s) equal to?,1.99229e+10,1.99229e+07,2.04011e+10,9.96147e+06,B,"1 Gigabyte (GB) = 1024^2 Kilobyte (KB)(s) (relative scale), so 19 Gigabyte (GB)(s) = 1.99229e+07 Kilobyte (KB)(s).",Hardware,Storage Units
How many Megabyte (MB)s is 18 Gigabyte (GB)(s) equal to?,9216,18432,36864,1.88744e+07,B,"1 Gigabyte (GB) = 1024^1 Megabyte (MB)(s) (relative scale), so 18 Gigabyte (GB)(s) = 18432 Megabyte (MB)(s).",Hardware,Storage Units
How many Petabyte (PB)s is 36 Terabyte (TB)(s) equal to?,0.0351562,3.51563e-05,0.351562,0.00351563,A,"1 Terabyte (TB) = 1024^-1 Petabyte (PB)(s) (relative scale), so 36 Terabyte (TB)(s) = 0.0351562 Petabyte (PB)(s).",Hardware,Storage Units
Which statement correctly describes Wi-Fi?,a cable used to connect devices within a local area network for wired internet access,a networking device that forwards data packets between computer networks,a networking device that connects devices within a network and forwards data based on MAC addresses,a wireless networking technology that allows devices to connect to the internet without physical cables,D,"By definition, Wi-Fi is: a wireless networking technology that allows devices to connect to the internet without physical cables",Hardware,Networking Hardware
How many Kilobyte (KB)s is 8 Byte(s) equal to?,0.078125,0.00390625,7.8125,0.0078125,D,"1 Byte = 1024^-1 Kilobyte (KB)(s) (relative scale), so 8 Byte(s) = 0.0078125 Kilobyte (KB)(s).",Hardware,Storage Units
"Which term matches this description: ""the physical components of a computer system, such as the CPU, memory, and storage devices""?",a mechanical keyboard,a sound card,hardware,thermal paste,C,"The description matches hardware: the physical components of a computer system, such as the CPU, memory, and storage devices",Hardware,Hardware Basics
Which statement correctly describes cloud storage?,"a small, fast type of volatile memory located close to the CPU, used to speed up data access",a hardware component used to circulate air and prevent computer components from overheating,a hardware component that converts electrical power from an outlet into usable power for computer components,"a service model that allows data to be stored, managed, and backed up remotely over the internet",D,"By definition, cloud storage is: a service model that allows data to be stored, managed, and backed up remotely over the internet",Hardware,Storage Devices
How many Bytes is 9 Megabyte (MB)(s) equal to?,9.43718e+06,943718,9.43718e+07,4.71859e+06,A,"1 Megabyte (MB) = 1024^2 Byte(s) (relative scale), so 9 Megabyte (MB)(s) = 9.43718e+06 Byte(s).",Hardware,Storage Units
How many Terabyte (TB)s is 10 Kilobyte (KB)(s) equal to?,4.65661e-09,9.31323e-08,9.09495e-12,9.31323e-09,D,"1 Kilobyte (KB) = 1024^-3 Terabyte (TB)(s) (relative scale), so 10 Kilobyte (KB)(s) = 9.31323e-09 Terabyte (TB)(s).",Hardware,Storage Units
How many Megabyte (MB)s is 32 Gigabyte (GB)(s) equal to?,3.2768e+07,16384,32768,65536,C,"1 Gigabyte (GB) = 1024^1 Megabyte (MB)(s) (relative scale), so 32 Gigabyte (GB)(s) = 32768 Megabyte (MB)(s).",Hardware,Storage Units
How many Gigabyte (GB)s is 24 Byte(s) equal to?,2.18279e-11,2.23517e-08,2.23517e-11,2.23517e-05,B,"1 Byte = 1024^-3 Gigabyte (GB)(s) (relative scale), so 24 Byte(s) = 2.23517e-08 Gigabyte (GB)(s).",Hardware,Storage Units
Which statement correctly describes a graphics card?,a substance applied between a CPU and its heat sink to improve heat conduction,the enclosure that houses and protects a computer's internal components,a device that provides backup power to a computer system in the event of a power outage,an expansion card responsible for rendering images and video for display on a monitor,D,"By definition, a graphics card is: an expansion card responsible for rendering images and video for display on a monitor",Hardware,Computer Components
How many Gigabyte (GB)s is 7 Kilobyte (KB)(s) equal to?,6.51926e-09,6.67572e-06,0.00667572,1.33514e-05,B,"1 Kilobyte (KB) = 1024^-2 Gigabyte (GB)(s) (relative scale), so 7 Kilobyte (KB)(s) = 6.67572e-06 Gigabyte (GB)(s).",Hardware,Storage Units
How many Megabyte (MB)s is 45 Terabyte (TB)(s) equal to?,4.71859e+10,9.43718e+07,4.71859e+07,47185.9,C,"1 Terabyte (TB) = 1024^2 Megabyte (MB)(s) (relative scale), so 45 Terabyte (TB)(s) = 4.71859e+07 Megabyte (MB)(s).",Hardware,Storage Units
How many Petabyte (PB)s is 39 Byte(s) equal to?,3.4639e-17,6.92779e-14,3.4639e-14,3.4639e-15,C,"1 Byte = 1024^-5 Petabyte (PB)(s) (relative scale), so 39 Byte(s) = 3.4639e-14 Petabyte (PB)(s).",Hardware,Storage Units
How many Bytes is 39 Megabyte (MB)(s) equal to?,4.08945e+07,4.18759e+10,8.17889e+07,4.08945e+06,A,"1 Megabyte (MB) = 1024^2 Byte(s) (relative scale), so 39 Megabyte (MB)(s) = 4.08945e+07 Byte(s).",Hardware,Storage Units
How many Terabyte (TB)s is 25 Megabyte (MB)(s) equal to?,4.76837e-05,2.38419e-05,2.38419e-06,2.32831e-08,B,"1 Megabyte (MB) = 1024^-2 Terabyte (TB)(s) (relative scale), so 25 Megabyte (MB)(s) = 2.38419e-05 Terabyte (TB)(s).",Hardware,Storage Units
How many Petabyte (PB)s is 43 Megabyte (MB)(s) equal to?,4.00469e-08,4.00469e-11,8.00937e-08,4.00469e-09,A,"1 Megabyte (MB) = 1024^-3 Petabyte (PB)(s) (relative scale), so 43 Megabyte (MB)(s) = 4.00469e-08 Petabyte (PB)(s).",Hardware,Storage Units
How many Kilobyte (KB)s is 25 Petabyte (PB)(s) equal to?,2.81475e+16,2.74878e+12,2.74878e+13,5.49756e+13,C,"1 Petabyte (PB) = 1024^4 Kilobyte (KB)(s) (relative scale), so 25 Petabyte (PB)(s) = 2.74878e+13 Kilobyte (KB)(s).",Hardware,Storage Units
How many Kilobyte (KB)s is 41 Gigabyte (GB)(s) equal to?,4.29916e+07,4.29916e+10,8.59832e+07,41984,A,"1 Gigabyte (GB) = 1024^2 Kilobyte (KB)(s) (relative scale), so 41 Gigabyte (GB)(s) = 4.29916e+07 Kilobyte (KB)(s).",Hardware,Storage Units
How many Bytes is 48 Megabyte (MB)(s) equal to?,5.03316e+08,49152,5.03316e+07,5.03316e+06,C,"1 Megabyte (MB) = 1024^2 Byte(s) (relative scale), so 48 Megabyte (MB)(s) = 5.03316e+07 Byte(s).",Hardware,Storage Units
How many Kilobyte (KB)s is 22 Petabyte (PB)(s) equal to?,4.83785e+13,2.41893e+13,2.41893e+10,2.41893e+12,B,"1 Petabyte (PB) = 1024^4 Kilobyte (KB)(s) (relative scale), so 22 Petabyte (PB)(s) = 2.41893e+13 Kilobyte (KB)(s).",Hardware,Storage Units
How many Petabyte (PB)s is 27 Byte(s) equal to?,2.39808e-14,2.39808e-15,2.34188e-17,2.39808e-11,A,"1 Byte = 1024^-5 Petabyte (PB)(s) (relative scale), so 27 Byte(s) = 2.39808e-14 Petabyte (PB)(s).",Hardware,Storage Units
How many Petabyte (PB)s is 37 Terabyte (TB)(s) equal to?,0.0361328,3.52859e-05,0.00361328,0.0722656,A,"1 Terabyte (TB) = 1024^-1 Petabyte (PB)(s) (relative scale), so 37 Terabyte (TB)(s) = 0.0361328 Petabyte (PB)(s).",Hardware,Storage Units
How many Bytes is 39 Gigabyte (GB)(s) equal to?,4.18759e+10,4.18759e+07,4.18759e+09,8.37519e+10,A,"1 Gigabyte (GB) = 1024^3 Byte(s) (relative scale), so 39 Gigabyte (GB)(s) = 4.18759e+10 Byte(s).",Hardware,Storage Units
How many Terabyte (TB)s is 30 Megabyte (MB)(s) equal to?,0.0292969,2.86102e-06,0.0286102,2.86102e-05,D,"1 Megabyte (MB) = 1024^-2 Terabyte (TB)(s) (relative scale), so 30 Megabyte (MB)(s) = 2.86102e-05 Terabyte (TB)(s).",Hardware,Storage Units
How many Bytes is 32 Terabyte (TB)(s) equal to?,3.43597e+10,3.51844e+13,3.51844e+12,3.51844e+16,B,"1 Terabyte (TB) = 1024^4 Byte(s) (relative scale), so 32 Terabyte (TB)(s) = 3.51844e+13 Byte(s).",Hardware,Storage Units
What is the primary function of a hard disk drive (HDD)?,executing instructions and performing calculations for the computer,temporarily storing data that the CPU is actively using,storing data magnetically on spinning platters,directing data packets between different computer networks,C,The primary function of a hard disk drive (HDD) is storing data magnetically on spinning platters.,Hardware,Device Functions
How many Petabyte (PB)s is 44 Megabyte (MB)(s) equal to?,4.09782e-07,4.09782e-09,4.09782e-08,2.04891e-08,C,"1 Megabyte (MB) = 1024^-3 Petabyte (PB)(s) (relative scale), so 44 Megabyte (MB)(s) = 4.09782e-08 Petabyte (PB)(s).",Hardware,Storage Units
"Fill in the blank: ______ refers to ""the specification defining the size, shape, and layout of a motherboard, such as ATX or Micro-ATX"".",a microphone,RAM (Random Access Memory),a motherboard's form factor,Bluetooth,C,"a motherboard's form factor refers to: the specification defining the size, shape, and layout of a motherboard, such as ATX or Micro-ATX",Hardware,Motherboard
How many Petabyte (PB)s is 15 Gigabyte (GB)(s) equal to?,0.0146484,1.43051e-05,1.39698e-08,0.000143051,B,"1 Gigabyte (GB) = 1024^-2 Petabyte (PB)(s) (relative scale), so 15 Gigabyte (GB)(s) = 1.43051e-05 Petabyte (PB)(s).",Hardware,Storage Units
How many Bytes is 15 Gigabyte (GB)(s) equal to?,1.64927e+13,1.61061e+10,1.61061e+13,1.61061e+07,B,"1 Gigabyte (GB) = 1024^3 Byte(s) (relative scale), so 15 Gigabyte (GB)(s) = 1.61061e+10 Byte(s).",Hardware,Storage Units
How many Kilobyte (KB)s is 37 Terabyte (TB)(s) equal to?,3.97284e+09,1.98642e+10,3.97284e+10,4.06819e+13,C,"1 Terabyte (TB) = 1024^3 Kilobyte (KB)(s) (relative scale), so 37 Terabyte (TB)(s) = 3.97284e+10 Kilobyte (KB)(s).",Hardware,Storage Units
How many Kilobyte (KB)s is 31 Byte(s) equal to?,0.302734,0.0302734,30.2734,31,B,"1 Byte = 1024^-1 Kilobyte (KB)(s) (relative scale), so 31 Byte(s) = 0.0302734 Kilobyte (KB)(s).",Hardware,Storage Units
How many Petabyte (PB)s is 26 Gigabyte (GB)(s) equal to?,2.47955e-08,0.0247955,2.47955e-06,2.47955e-05,D,"1 Gigabyte (GB) = 1024^-2 Petabyte (PB)(s) (relative scale), so 26 Gigabyte (GB)(s) = 2.47955e-05 Petabyte (PB)(s).",Hardware,Storage Units
How many Petabyte (PB)s is 11 Byte(s) equal to?,9.76996e-15,1.95399e-14,9.76996e-16,9.76996e-12,A,"1 Byte = 1024^-5 Petabyte (PB)(s) (relative scale), so 11 Byte(s) = 9.76996e-15 Petabyte (PB)(s).",Hardware,Storage Units
What is a switch (networking device)?,a wireless networking technology that allows devices to connect to the internet without physical cables,a networking device that connects devices within a network and forwards data based on MAC addresses,a device that converts digital data into analog signals (and vice versa) for transmission over communication lines,"a basic networking device that connects multiple devices, broadcasting data to all connected ports",B,a switch (networking device) is: a networking device that connects devices within a network and forwards data based on MAC addresses,Hardware,Networking Hardware
How many Gigabyte (GB)s is 27 Kilobyte (KB)(s) equal to?,2.57492e-06,5.14984e-05,0.0263672,2.57492e-05,D,"1 Kilobyte (KB) = 1024^-2 Gigabyte (GB)(s) (relative scale), so 27 Kilobyte (KB)(s) = 2.57492e-05 Gigabyte (GB)(s).",Hardware,Storage Units
How many Terabyte (TB)s is 22 Gigabyte (GB)(s) equal to?,0.0214844,0.00214844,2.14844e-05,2.09808e-05,A,"1 Gigabyte (GB) = 1024^-1 Terabyte (TB)(s) (relative scale), so 22 Gigabyte (GB)(s) = 0.0214844 Terabyte (TB)(s).",Hardware,Storage Units
Which hardware device is primarily responsible for storing data magnetically on spinning platters?,UPS (Uninterruptible Power Supply),hard disk drive (HDD),microphone,monitor,B,A hard disk drive (HDD) is responsible for storing data magnetically on spinning platters.,Hardware,Device Functions
How many Terabyte (TB)s is 32 Petabyte (PB)(s) equal to?,16384,327680,32,32768,D,"1 Petabyte (PB) = 1024^1 Terabyte (TB)(s) (relative scale), so 32 Petabyte (PB)(s) = 32768 Terabyte (TB)(s).",Hardware,Storage Units
How many Kilobyte (KB)s is 15 Gigabyte (GB)(s) equal to?,1.57286e+07,1.57286e+10,1.57286e+08,1.61061e+10,A,"1 Gigabyte (GB) = 1024^2 Kilobyte (KB)(s) (relative scale), so 15 Gigabyte (GB)(s) = 1.57286e+07 Kilobyte (KB)(s).",Hardware,Storage Units
Which statement correctly describes the CPU (Central Processing Unit)?,an input device used to type text and commands into a computer,a substance applied between a CPU and its heat sink to improve heat conduction,a hardware component used to circulate air and prevent computer components from overheating,"the primary component of a computer that executes instructions, often called the 'brain' of the computer",D,"By definition, the CPU (Central Processing Unit) is: the primary component of a computer that executes instructions, often called the 'brain' of the computer",Hardware,Processors
"Fill in the blank: ______ refers to ""a powerful computer designed to provide services, resources, or data to other computers on a network"".",a graphics card's VRAM,a laptop battery,a server (hardware),a heat sink,C,"a server (hardware) refers to: a powerful computer designed to provide services, resources, or data to other computers on a network",Hardware,Computer Components
How many Petabyte (PB)s is 14 Terabyte (TB)(s) equal to?,0.0136719,0.00136719,0.00683594,1.36719e-05,A,"1 Terabyte (TB) = 1024^-1 Petabyte (PB)(s) (relative scale), so 14 Terabyte (TB)(s) = 0.0136719 Petabyte (PB)(s).",Hardware,Storage Units
What is the GPU (Graphics Processing Unit)?,a wireless technology standard used for exchanging data over short distances between devices,a device that converts digital data into analog signals (and vice versa) for transmission over communication lines,"a type of non-volatile memory that permanently stores data, typically used for firmware","a specialised processor designed to accelerate rendering of images, video, and animations",D,"the GPU (Graphics Processing Unit) is: a specialised processor designed to accelerate rendering of images, video, and animations",Hardware,Processors
What is hardware?,"a modern, reversible connector used for data transfer, video output, and charging",a wireless networking technology that allows devices to connect to the internet without physical cables,"the physical components of a computer system, such as the CPU, memory, and storage devices",firmware used to perform hardware initialization during the booting process of a computer,C,"hardware is: the physical components of a computer system, such as the CPU, memory, and storage devices",Hardware,Hardware Basics
Which statement correctly describes a data centre?,dedicated memory on a graphics card used to store image data for rendering,"a device that converts digital data back into analog signals, such as for audio output","a powerful computer designed to provide services, resources, or data to other computers on a network","a facility used to house computer systems and associated components, such as servers and storage systems",D,"By definition, a data centre is: a facility used to house computer systems and associated components, such as servers and storage systems",Hardware,Computer Components
What is virtual memory?,a memory management technique that uses hard disk space to simulate additional RAM,a wireless networking technology that allows devices to connect to the internet without physical cables,"a small, fast type of volatile memory located close to the CPU, used to speed up data access","hardware that allows a computer to connect to a network, either wired or wireless",A,virtual memory is: a memory management technique that uses hard disk space to simulate additional RAM,Hardware,Memory
How many Terabyte (TB)s is 40 Kilobyte (KB)(s) equal to?,3.72529e-08,3.63798e-11,3.8147e-05,3.72529e-09,A,"1 Kilobyte (KB) = 1024^-3 Terabyte (TB)(s) (relative scale), so 40 Kilobyte (KB)(s) = 3.72529e-08 Terabyte (TB)(s).",Hardware,Storage Units
How many Terabyte (TB)s is 14 Byte(s) equal to?,6.36646e-12,1.27329e-11,1.27329e-12,1.24345e-14,B,"1 Byte = 1024^-4 Terabyte (TB)(s) (relative scale), so 14 Byte(s) = 1.27329e-11 Terabyte (TB)(s).",Hardware,Storage Units
How many Petabyte (PB)s is 12 Megabyte (MB)(s) equal to?,1.11759e-08,2.23517e-08,5.58794e-09,1.11759e-07,A,"1 Megabyte (MB) = 1024^-3 Petabyte (PB)(s) (relative scale), so 12 Megabyte (MB)(s) = 1.11759e-08 Petabyte (PB)(s).",Hardware,Storage Units
How many Petabyte (PB)s is 42 Byte(s) equal to?,3.73035e-14,3.73035e-11,1.86517e-14,3.81988e-11,A,"1 Byte = 1024^-5 Petabyte (PB)(s) (relative scale), so 42 Byte(s) = 3.73035e-14 Petabyte (PB)(s).",Hardware,Storage Units
"Which term matches this description: ""a hardware component used to circulate air and prevent computer components from overheating""?",a heat sink,a cooling fan,a graphics card,a UPS (Uninterruptible Power Supply),B,The description matches a cooling fan: a hardware component used to circulate air and prevent computer components from overheating,Hardware,Computer Components
How many Gigabyte (GB)s is 9 Petabyte (PB)(s) equal to?,9216,9.43718e+07,943718,9.43718e+06,D,"1 Petabyte (PB) = 1024^2 Gigabyte (GB)(s) (relative scale), so 9 Petabyte (PB)(s) = 9.43718e+06 Gigabyte (GB)(s).",Hardware,Storage Units
Which statement correctly describes a chipset?,"a set of electronic components on a motherboard that manages data flow between the CPU, memory, and peripherals","a device that converts digital data back into analog signals, such as for audio output","a socket on a motherboard used to install additional hardware components, such as graphics cards",the practice of increasing a computer component's operating speed beyond its factory-set limits,A,"By definition, a chipset is: a set of electronic components on a motherboard that manages data flow between the CPU, memory, and peripherals",Hardware,Motherboard
How many Kilobyte (KB)s is 37 Petabyte (PB)(s) equal to?,4.06819e+10,4.06819e+14,4.06819e+13,3.97284e+10,C,"1 Petabyte (PB) = 1024^4 Kilobyte (KB)(s) (relative scale), so 37 Petabyte (PB)(s) = 4.06819e+13 Kilobyte (KB)(s).",Hardware,Storage Units
How many Bytes is 14 Terabyte (TB)(s) equal to?,1.53932e+16,1.53932e+10,1.53932e+13,1.50324e+10,C,"1 Terabyte (TB) = 1024^4 Byte(s) (relative scale), so 14 Terabyte (TB)(s) = 1.53932e+13 Byte(s).",Hardware,Storage Units
