Question,Option A,Option B,Option C,Option D,Correct Answer,Solution,Category,Subcategory
Which statement correctly describes one-hot encoding?,"a layer in a convolutional neural network that reduces the spatial size of data, decreasing computation and controlling overfitting",a technique used to convert categorical variables into a binary vector representation suitable for machine learning models,a machine learning technique that combines predictions from multiple models to improve overall performance,a technique used to address class imbalance by generating synthetic examples of the minority class,B,"By definition, one-hot encoding is: a technique used to convert categorical variables into a binary vector representation suitable for machine learning models",ML – Machine Learning,ML Basics
"A classifier has 93 true positives, 190 true negatives, 9 false positives, and 34 false negatives. What is its accuracy (rounded to 2 decimal places)?",0.57,0.67,0.87,0.77,C,Accuracy = (TP+TN)/(TP+TN+FP+FN) = (93+190)/(93+190+9+34) = 0.87.,ML – Machine Learning,Model Evaluation
"Fill in the blank: ______ refers to ""a subset of AI that enables systems to learn patterns from data and improve performance without being explicitly programmed"".",Machine Learning (ML),early stopping,XGBoost,reinforcement learning,A,Machine Learning (ML) refers to: a subset of AI that enables systems to learn patterns from data and improve performance without being explicitly programmed,ML – Machine Learning,ML Basics
Which statement correctly describes class imbalance?,a technique for assessing how well a model generalises by partitioning data into multiple training and testing subsets,a situation in classification problems where one class significantly outnumbers other classes in the training data,a machine learning technique that combines predictions from multiple models to improve overall performance,the number of training examples used in one iteration of model parameter updates,B,"By definition, class imbalance is: a situation in classification problems where one class significantly outnumbers other classes in the training data",ML – Machine Learning,ML Basics
"A classifier has 22 true positives, 142 true negatives, 41 false positives, and 84 false negatives. What is its accuracy (rounded to 2 decimal places)?",0.57,0.87,0.47,0.67,A,Accuracy = (TP+TN)/(TP+TN+FP+FN) = (22+142)/(22+142+41+84) = 0.57.,ML – Machine Learning,Model Evaluation
A classifier has 154 true positives and 96 false negatives. What is its recall (rounded to 2 decimal places)?,0.32,0.62,0.92,0.52,B,Recall = TP / (TP + FN) = 154 / (154 + 96) = 0.62.,ML – Machine Learning,Model Evaluation
"Fill in the blank: ______ refers to ""the balance between a model's error due to overly simplistic assumptions (bias) and its sensitivity to small fluctuations in data (variance)"".",a baseline model,underfitting,a label (in ML),bias-variance tradeoff,D,bias-variance tradeoff refers to: the balance between a model's error due to overly simplistic assumptions (bias) and its sensitivity to small fluctuations in data (variance),ML – Machine Learning,ML Basics
"A classifier has 11 true positives, 90 true negatives, 61 false positives, and 44 false negatives. What is its accuracy (rounded to 2 decimal places)?",0.49,0.64,0.69,0.19,A,Accuracy = (TP+TN)/(TP+TN+FP+FN) = (11+90)/(11+90+61+44) = 0.49.,ML – Machine Learning,Model Evaluation
What is gradient boosting?,"a modelling error where a model learns the training data too closely, including noise, and performs poorly on new data","a boosting technique that builds models sequentially, each minimising the errors of the combined previous models","the process of selecting, transforming, and creating input variables to improve a machine learning model's performance",the process of selecting the optimal configuration settings for a machine learning model to maximise performance,B,"gradient boosting is: a boosting technique that builds models sequentially, each minimising the errors of the combined previous models",ML – Machine Learning,ML Basics
"Which term matches this description: ""a machine learning task that categorises text based on the emotional tone it conveys, such as positive or negative""?",a recommender system,churn prediction,image classification,sentiment classification,D,"The description matches sentiment classification: a machine learning task that categorises text based on the emotional tone it conveys, such as positive or negative",ML – Machine Learning,ML Applications
"A classifier has 14 true positives, 187 true negatives, 66 false positives, and 34 false negatives. What is its accuracy (rounded to 2 decimal places)?",0.97,0.57,0.82,0.67,D,Accuracy = (TP+TN)/(TP+TN+FP+FN) = (14+187)/(14+187+66+34) = 0.67.,ML – Machine Learning,Model Evaluation
What is pruning (in decision trees)?,a commonly used kernel function in support vector machines that measures similarity based on distance,the process of removing sections of a decision tree to reduce complexity and prevent overfitting,a type of supervised learning task where the goal is to assign inputs into predefined categories or classes,a supervised learning algorithm that finds the optimal boundary (hyperplane) to separate data into classes,B,pruning (in decision trees) is: the process of removing sections of a decision tree to reduce complexity and prevent overfitting,ML – Machine Learning,Classification
"A classifier has precision 0.82 and recall 0.53 (from 101 TP, 22 FP, 89 FN). What is its F1 score (rounded to 2 decimal places)?",0.55,0.65,0.35,0.85,B,F1 = 2×(Precision×Recall)/(Precision+Recall) = 2×(0.82×0.53)/(0.82+0.53) = 0.65.,ML – Machine Learning,Model Evaluation
"A classifier has precision 0.95 and recall 0.68 (from 178 TP, 9 FP, 84 FN). What is its F1 score (rounded to 2 decimal places)?",0.69,0.59,0.79,1.00,C,F1 = 2×(Precision×Recall)/(Precision+Recall) = 2×(0.95×0.68)/(0.95+0.68) = 0.79.,ML – Machine Learning,Model Evaluation
Which statement correctly describes AUC (Area Under the Curve)?,a metric that summarises the overall performance of a classification model based on its ROC curve,a metric that measures the proportion of true positive predictions among all positive predictions made by a model,a graphical plot used to evaluate the performance of a binary classification model at various threshold settings,a common metric used to evaluate regression models by measuring the average squared difference between predicted and actual values,A,"By definition, AUC (Area Under the Curve) is: a metric that summarises the overall performance of a classification model based on its ROC curve",ML – Machine Learning,Model Evaluation
A classifier has 128 true positives and 13 false positives. What is its precision (rounded to 2 decimal places)?,0.91,0.71,0.81,0.76,A,Precision = TP / (TP + FP) = 128 / (128 + 13) = 0.91.,ML – Machine Learning,Model Evaluation
"Which term matches this description: ""a dimensionality reduction technique that transforms data into a smaller set of uncorrelated variables called principal components""?",silhouette score,Principal Component Analysis (PCA),t-SNE (t-distributed Stochastic Neighbor Embedding),DBSCAN,B,The description matches Principal Component Analysis (PCA): a dimensionality reduction technique that transforms data into a smaller set of uncorrelated variables called principal components,ML – Machine Learning,Unsupervised Learning
"A classifier has 129 true positives, 124 true negatives, 48 false positives, and 56 false negatives. What is its accuracy (rounded to 2 decimal places)?",0.51,0.86,0.71,0.61,C,Accuracy = (TP+TN)/(TP+TN+FP+FN) = (129+124)/(129+124+48+56) = 0.71.,ML – Machine Learning,Model Evaluation
Which statement correctly describes gradient boosting?,a technique used to prevent overfitting by adding a penalty term to a model's loss function,"a boosting technique that builds models sequentially, each minimising the errors of the combined previous models",a technique used to explain individual predictions of a machine learning model by attributing contributions to each feature,a technique used to fill in missing values in a dataset using estimated or calculated values,B,"By definition, gradient boosting is: a boosting technique that builds models sequentially, each minimising the errors of the combined previous models",ML – Machine Learning,ML Basics
"A classifier has 13 true positives, 84 true negatives, 32 false positives, and 74 false negatives. What is its accuracy (rounded to 2 decimal places)?",0.48,0.68,0.38,0.78,A,Accuracy = (TP+TN)/(TP+TN+FP+FN) = (13+84)/(13+84+32+74) = 0.48.,ML – Machine Learning,Model Evaluation
A classifier has 77 true positives and 36 false negatives. What is its recall (rounded to 2 decimal places)?,0.48,0.83,0.68,0.53,C,Recall = TP / (TP + FN) = 77 / (77 + 36) = 0.68.,ML – Machine Learning,Model Evaluation
A classifier has 152 true positives and 46 false negatives. What is its recall (rounded to 2 decimal places)?,0.77,0.87,0.97,0.47,A,Recall = TP / (TP + FN) = 152 / (152 + 46) = 0.77.,ML – Machine Learning,Model Evaluation
"A classifier has precision 0.69 and recall 0.62 (from 165 TP, 73 FP, 99 FN). What is its F1 score (rounded to 2 decimal places)?",0.66,0.51,0.86,0.81,A,F1 = 2×(Precision×Recall)/(Precision+Recall) = 2×(0.69×0.62)/(0.69+0.62) = 0.66.,ML – Machine Learning,Model Evaluation
"A classifier has precision 0.52 and recall 0.52 (from 78 TP, 71 FP, 71 FN). What is its F1 score (rounded to 2 decimal places)?",0.42,0.22,0.52,0.32,C,F1 = 2×(Precision×Recall)/(Precision+Recall) = 2×(0.52×0.52)/(0.52+0.52) = 0.52.,ML – Machine Learning,Model Evaluation
A classifier has 47 true positives and 56 false negatives. What is its recall (rounded to 2 decimal places)?,0.61,0.16,0.46,0.31,C,Recall = TP / (TP + FN) = 47 / (47 + 56) = 0.46.,ML – Machine Learning,Model Evaluation
"Fill in the blank: ______ refers to ""the known output or target value associated with an input example in supervised learning"".",outlier detection,a label (in ML),gradient boosting,batch normalisation,B,a label (in ML) refers to: the known output or target value associated with an input example in supervised learning,ML – Machine Learning,ML Basics
"A classifier has 6 true positives, 182 true negatives, 41 false positives, and 70 false negatives. What is its accuracy (rounded to 2 decimal places)?",0.53,0.78,0.83,0.63,D,Accuracy = (TP+TN)/(TP+TN+FP+FN) = (6+182)/(6+182+41+70) = 0.63.,ML – Machine Learning,Model Evaluation
What is pandas?,an online community and platform for data scientists and machine learning practitioners to find datasets and compete in competitions,a tool that chains together multiple data processing and modelling steps into a single workflow,"an open-source web application that allows users to create documents containing live code, equations, and visualisations","a popular Python library used for data manipulation and analysis, especially with tabular data",D,"pandas is: a popular Python library used for data manipulation and analysis, especially with tabular data",ML – Machine Learning,ML Tools
What is multi-class classification?,"a measure used to evaluate the quality of a split in a decision tree, based on the impurity of resulting subsets",a classification task involving more than two possible output classes,a decision boundary in a support vector machine that separates data points of different classes in high-dimensional space,"a probabilistic classification algorithm based on Bayes' theorem, assuming independence between features",B,multi-class classification is: a classification task involving more than two possible output classes,ML – Machine Learning,Classification
A classifier has 185 true positives and 67 false positives. What is its precision (rounded to 2 decimal places)?,0.83,0.43,0.73,0.58,C,Precision = TP / (TP + FP) = 185 / (185 + 67) = 0.73.,ML – Machine Learning,Model Evaluation
A classifier has 68 true positives and 1 false positives. What is its precision (rounded to 2 decimal places)?,0.99,0.84,1.00,0.89,A,Precision = TP / (TP + FP) = 68 / (68 + 1) = 0.99.,ML – Machine Learning,Model Evaluation
A classifier has 188 true positives and 12 false positives. What is its precision (rounded to 2 decimal places)?,0.79,0.64,0.94,0.84,C,Precision = TP / (TP + FP) = 188 / (188 + 12) = 0.94.,ML – Machine Learning,Model Evaluation
What is TensorFlow?,"a popular Python library used for data manipulation and analysis, especially with tabular data","an open-source machine learning framework developed by Google, widely used for building deep learning models","an open-source machine learning framework developed by Meta (Facebook), popular for research and deep learning applications","a gradient boosting framework designed for efficiency and speed, developed by Microsoft",B,"TensorFlow is: an open-source machine learning framework developed by Google, widely used for building deep learning models",ML – Machine Learning,ML Tools
"Fill in the blank: ______ refers to ""a problem in machine learning where information from outside the training dataset is used to create the model, leading to overly optimistic results"".",a cost function (in ML),data leakage,overfitting,a Markov chain,B,"data leakage refers to: a problem in machine learning where information from outside the training dataset is used to create the model, leading to overly optimistic results",ML – Machine Learning,ML Basics
Which statement correctly describes ensemble learning?,a machine learning technique that combines predictions from multiple models to improve overall performance,a technique used to address class imbalance by reducing the number of examples in the majority class,the process of selecting the optimal configuration settings for a machine learning model to maximise performance,the line or surface that separates different predicted classes in a classification model's feature space,A,"By definition, ensemble learning is: a machine learning technique that combines predictions from multiple models to improve overall performance",ML – Machine Learning,ML Basics
Which statement correctly describes a feature (in ML)?,an individual measurable property or characteristic used as input to a machine learning model,a technique used to convert categorical variables into a binary vector representation suitable for machine learning models,"the process of identifying and correcting errors, inconsistencies, or missing values in a dataset before analysis",a subset of data used during training to tune model hyperparameters and prevent overfitting,A,"By definition, a feature (in ML) is: an individual measurable property or characteristic used as input to a machine learning model",ML – Machine Learning,ML Basics
A classifier has 15 true positives and 77 false positives. What is its precision (rounded to 2 decimal places)?,0.16,0.36,0.06,0.26,A,Precision = TP / (TP + FP) = 15 / (15 + 77) = 0.16.,ML – Machine Learning,Model Evaluation
A classifier has 73 true positives and 83 false positives. What is its precision (rounded to 2 decimal places)?,0.47,0.77,0.32,0.17,A,Precision = TP / (TP + FP) = 73 / (73 + 83) = 0.47.,ML – Machine Learning,Model Evaluation
A classifier has 78 true positives and 61 false negatives. What is its recall (rounded to 2 decimal places)?,0.41,0.56,0.26,0.46,B,Recall = TP / (TP + FN) = 78 / (78 + 61) = 0.56.,ML – Machine Learning,Model Evaluation
A classifier has 145 true positives and 13 false positives. What is its precision (rounded to 2 decimal places)?,0.92,0.72,0.77,0.82,A,Precision = TP / (TP + FP) = 145 / (145 + 13) = 0.92.,ML – Machine Learning,Model Evaluation
What is a validation dataset?,the line or surface that separates different predicted classes in a classification model's feature space,a subset of machine learning that uses neural networks with many layers to model complex patterns in data,a subset of data used during training to tune model hyperparameters and prevent overfitting,"the process of identifying and correcting errors, inconsistencies, or missing values in a dataset before analysis",C,a validation dataset is: a subset of data used during training to tune model hyperparameters and prevent overfitting,ML – Machine Learning,ML Basics
"Fill in the blank: ______ refers to ""a technique used to prevent overfitting by adding a penalty term to a model's loss function"".",L2 regularisation (Ridge),a loss function (in ML),an epoch (in ML),regularisation,D,regularisation refers to: a technique used to prevent overfitting by adding a penalty term to a model's loss function,ML – Machine Learning,ML Basics
What is sentiment classification?,machine learning models used by financial institutions to assess the creditworthiness of loan applicants,"a machine learning task that categorises text based on the emotional tone it conveys, such as positive or negative","a machine learning application that predicts when equipment is likely to fail, enabling proactive maintenance",a machine learning task that involves predicting future values based on previously observed sequential data,B,"sentiment classification is: a machine learning task that categorises text based on the emotional tone it conveys, such as positive or negative",ML – Machine Learning,ML Applications
"A classifier has 75 true positives, 34 true negatives, 83 false positives, and 7 false negatives. What is its accuracy (rounded to 2 decimal places)?",0.25,0.85,0.55,0.75,C,Accuracy = (TP+TN)/(TP+TN+FP+FN) = (75+34)/(75+34+83+7) = 0.55.,ML – Machine Learning,Model Evaluation
"Fill in the blank: ______ refers to ""a metric that measures the proportion of correct predictions made by a classification model"".",the ROC curve,R-squared (coefficient of determination),model accuracy,a confusion matrix,C,model accuracy refers to: a metric that measures the proportion of correct predictions made by a classification model,ML – Machine Learning,Model Evaluation
Which statement correctly describes data leakage?,a machine learning approach that uses a small amount of labelled data combined with a larger amount of unlabelled data,"a series of automated steps used to collect, clean, transform, and prepare data for machine learning models","a problem in machine learning where information from outside the training dataset is used to create the model, leading to overly optimistic results",a technique used to fill in missing values in a dataset using estimated or calculated values,C,"By definition, data leakage is: a problem in machine learning where information from outside the training dataset is used to create the model, leading to overly optimistic results",ML – Machine Learning,ML Basics
A classifier has 162 true positives and 24 false negatives. What is its recall (rounded to 2 decimal places)?,0.67,0.77,1.00,0.87,D,Recall = TP / (TP + FN) = 162 / (162 + 24) = 0.87.,ML – Machine Learning,Model Evaluation
A classifier has 7 true positives and 54 false positives. What is its precision (rounded to 2 decimal places)?,0.01,0.00,0.41,0.11,D,Precision = TP / (TP + FP) = 7 / (7 + 54) = 0.11.,ML – Machine Learning,Model Evaluation
What is feature scaling?,"a modelling error where a model learns the training data too closely, including noise, and performs poorly on new data","the process of adjusting the range of independent variables in a dataset, often required before applying certain algorithms",a regularisation technique that adds the squared value of coefficients as a penalty to prevent overly large weights,a situation in classification problems where one class significantly outnumbers other classes in the training data,B,"feature scaling is: the process of adjusting the range of independent variables in a dataset, often required before applying certain algorithms",ML – Machine Learning,ML Basics
"A classifier has 26 true positives, 190 true negatives, 72 false positives, and 12 false negatives. What is its accuracy (rounded to 2 decimal places)?",1.00,0.52,0.87,0.72,D,Accuracy = (TP+TN)/(TP+TN+FP+FN) = (26+190)/(26+190+72+12) = 0.72.,ML – Machine Learning,Model Evaluation
What is entropy (in decision trees)?,a type of supervised learning task where the goal is to assign inputs into predefined categories or classes,a supervised learning algorithm that finds the optimal boundary (hyperplane) to separate data into classes,a measure of impurity or disorder used to determine the best splits when building a decision tree,the process of removing sections of a decision tree to reduce complexity and prevent overfitting,C,entropy (in decision trees) is: a measure of impurity or disorder used to determine the best splits when building a decision tree,ML – Machine Learning,Classification
Which statement correctly describes normalisation (in ML)?,"the process of scaling numerical data to a common range, often between 0 and 1, to improve model performance",a large visual database used for training and benchmarking image classification and object detection models,a technique used to convert categorical variables into a binary vector representation suitable for machine learning models,a mathematical model describing a sequence of events where the probability of each event depends only on the state attained in the previous event,A,"By definition, normalisation (in ML) is: the process of scaling numerical data to a common range, often between 0 and 1, to improve model performance",ML – Machine Learning,ML Basics
"A classifier has precision 0.10 and recall 0.18 (from 7 TP, 64 FP, 31 FN). What is its F1 score (rounded to 2 decimal places)?",0.43,0.00,0.03,0.13,D,F1 = 2×(Precision×Recall)/(Precision+Recall) = 2×(0.10×0.18)/(0.10+0.18) = 0.13.,ML – Machine Learning,Model Evaluation
"Fill in the blank: ______ refers to ""a technique used to address class imbalance by reducing the number of examples in the majority class"".",a benchmark dataset (in ML),undersampling (in ML),reinforcement learning,a baseline model,B,undersampling (in ML) refers to: a technique used to address class imbalance by reducing the number of examples in the majority class,ML – Machine Learning,ML Basics
What is stochastic gradient descent (SGD)?,a technique that explains individual predictions of any classifier by approximating it locally with an interpretable model,"a variation of gradient descent that updates model parameters using one training example at a time, rather than the full dataset",a technique used in deep learning to stabilise and accelerate training by normalising layer inputs,"a cross-validation technique where data is divided into k subsets, with each subset used once as a test set",B,"stochastic gradient descent (SGD) is: a variation of gradient descent that updates model parameters using one training example at a time, rather than the full dataset",ML – Machine Learning,ML Basics
Which statement correctly describes a fully connected layer?,"a variation of gradient descent that updates model parameters using one training example at a time, rather than the full dataset",the process of choosing the most relevant variables from a dataset to use in model training,a layer in a neural network where every neuron is connected to every neuron in the previous layer,a hyperparameter tuning method that exhaustively tries all possible combinations of specified parameter values,C,"By definition, a fully connected layer is: a layer in a neural network where every neuron is connected to every neuron in the previous layer",ML – Machine Learning,ML Basics
Which statement correctly describes SHAP (SHapley Additive exPlanations)?,"a machine learning model inspired by the human brain, composed of interconnected layers of nodes",a technique used in deep learning to stabilise and accelerate training by normalising layer inputs,a mathematical model describing a sequence of events where the probability of each event depends only on the state attained in the previous event,a technique used to explain individual predictions of a machine learning model by attributing contributions to each feature,D,"By definition, SHAP (SHapley Additive exPlanations) is: a technique used to explain individual predictions of a machine learning model by attributing contributions to each feature",ML – Machine Learning,ML Basics
Which statement correctly describes a benchmark dataset (in ML)?,"a widely used benchmark dataset of handwritten digit images, commonly used to test image classification models","a standard, publicly available dataset used to compare the performance of different machine learning models","the process of identifying and correcting errors, inconsistencies, or missing values in a dataset before analysis",a regularisation technique that adds the squared value of coefficients as a penalty to prevent overly large weights,B,"By definition, a benchmark dataset (in ML) is: a standard, publicly available dataset used to compare the performance of different machine learning models",ML – Machine Learning,ML Basics
A classifier has 58 true positives and 30 false negatives. What is its recall (rounded to 2 decimal places)?,0.46,0.56,0.81,0.66,D,Recall = TP / (TP + FN) = 58 / (58 + 30) = 0.66.,ML – Machine Learning,Model Evaluation
A classifier has 162 true positives and 26 false negatives. What is its recall (rounded to 2 decimal places)?,0.71,0.66,0.96,0.86,D,Recall = TP / (TP + FN) = 162 / (162 + 26) = 0.86.,ML – Machine Learning,Model Evaluation
"Which term matches this description: ""a statistical method used for binary classification, predicting the probability of an outcome belonging to a particular class""?",a Gaussian (RBF) kernel,a random forest,a Gini index (in decision trees),logistic regression,D,"The description matches logistic regression: a statistical method used for binary classification, predicting the probability of an outcome belonging to a particular class",ML – Machine Learning,Classification
"A classifier has precision 0.21 and recall 0.17 (from 13 TP, 49 FP, 63 FN). What is its F1 score (rounded to 2 decimal places)?",0.00,0.39,0.29,0.19,D,F1 = 2×(Precision×Recall)/(Precision+Recall) = 2×(0.21×0.17)/(0.21+0.17) = 0.19.,ML – Machine Learning,Model Evaluation
What is L1 regularisation (Lasso)?,"a regularisation technique that adds the absolute value of coefficients as a penalty, which can shrink some coefficients to zero",an ensemble technique that trains multiple models on different random subsets of data and averages their predictions,the process of choosing the most relevant variables from a dataset to use in model training,"the process of selecting, transforming, and creating input variables to improve a machine learning model's performance",A,"L1 regularisation (Lasso) is: a regularisation technique that adds the absolute value of coefficients as a penalty, which can shrink some coefficients to zero",ML – Machine Learning,ML Basics
A classifier has 69 true positives and 61 false positives. What is its precision (rounded to 2 decimal places)?,0.68,0.83,0.53,0.43,C,Precision = TP / (TP + FP) = 69 / (69 + 61) = 0.53.,ML – Machine Learning,Model Evaluation
A classifier has 48 true positives and 38 false positives. What is its precision (rounded to 2 decimal places)?,0.56,0.46,0.76,0.36,A,Precision = TP / (TP + FP) = 48 / (48 + 38) = 0.56.,ML – Machine Learning,Model Evaluation
"Fill in the blank: ______ refers to ""an unsupervised learning technique that groups similar data points together based on shared characteristics"".",clustering,dimensionality reduction,unsupervised learning,association rule learning,A,clustering refers to: an unsupervised learning technique that groups similar data points together based on shared characteristics,ML – Machine Learning,Unsupervised Learning
What is content-based recommendation?,"a machine learning application that predicts user preferences and suggests relevant items, such as movies or products",a machine learning application that predicts future customer demand for products or services,"a recommendation approach that suggests items similar to those a user has liked in the past, based on item attributes",a machine learning task that involves predicting future values based on previously observed sequential data,C,"content-based recommendation is: a recommendation approach that suggests items similar to those a user has liked in the past, based on item attributes",ML – Machine Learning,ML Applications
"A classifier has precision 0.50 and recall 0.50 (from 32 TP, 32 FP, 32 FN). What is its F1 score (rounded to 2 decimal places)?",0.20,0.70,0.35,0.50,D,F1 = 2×(Precision×Recall)/(Precision+Recall) = 2×(0.50×0.50)/(0.50+0.50) = 0.50.,ML – Machine Learning,Model Evaluation
A classifier has 31 true positives and 20 false positives. What is its precision (rounded to 2 decimal places)?,0.61,0.51,0.41,0.46,A,Precision = TP / (TP + FP) = 31 / (31 + 20) = 0.61.,ML – Machine Learning,Model Evaluation
"A classifier has precision 0.86 and recall 0.75 (from 182 TP, 30 FP, 62 FN). What is its F1 score (rounded to 2 decimal places)?",0.65,0.50,0.80,0.60,C,F1 = 2×(Precision×Recall)/(Precision+Recall) = 2×(0.86×0.75)/(0.86+0.75) = 0.80.,ML – Machine Learning,Model Evaluation
A classifier has 129 true positives and 36 false negatives. What is its recall (rounded to 2 decimal places)?,0.58,0.78,0.48,1.00,B,Recall = TP / (TP + FN) = 129 / (129 + 36) = 0.78.,ML – Machine Learning,Model Evaluation
"A classifier has precision 0.42 and recall 0.43 (from 69 TP, 97 FP, 90 FN). What is its F1 score (rounded to 2 decimal places)?",0.42,0.62,0.22,0.12,A,F1 = 2×(Precision×Recall)/(Precision+Recall) = 2×(0.42×0.43)/(0.42+0.43) = 0.42.,ML – Machine Learning,Model Evaluation
Which statement correctly describes demand forecasting?,a machine learning task that assigns a label to an image based on its visual content,a machine learning application that predicts future customer demand for products or services,a machine learning application that transcribes spoken language into written text,"a machine learning application that predicts when equipment is likely to fail, enabling proactive maintenance",B,"By definition, demand forecasting is: a machine learning application that predicts future customer demand for products or services",ML – Machine Learning,ML Applications
What is Latent Dirichlet Allocation (LDA)?,a technique used to reduce the number of features in a dataset while retaining important information,an unsupervised learning technique used to discover interesting relationships between variables in large datasets,a dimensionality reduction technique that transforms data into a smaller set of uncorrelated variables called principal components,"an unsupervised technique used for topic modelling, identifying abstract topics within a collection of documents",D,"Latent Dirichlet Allocation (LDA) is: an unsupervised technique used for topic modelling, identifying abstract topics within a collection of documents",ML – Machine Learning,Unsupervised Learning
"A classifier has precision 0.78 and recall 0.76 (from 187 TP, 54 FP, 60 FN). What is its F1 score (rounded to 2 decimal places)?",1.00,0.77,0.62,0.47,B,F1 = 2×(Precision×Recall)/(Precision+Recall) = 2×(0.78×0.76)/(0.78+0.76) = 0.77.,ML – Machine Learning,Model Evaluation
"Fill in the blank: ______ refers to ""a statistical measure indicating how well a regression model's predictions approximate the actual data"".",R-squared (coefficient of determination),recall (in ML),mean absolute error (MAE),a confusion matrix,A,R-squared (coefficient of determination) refers to: a statistical measure indicating how well a regression model's predictions approximate the actual data,ML – Machine Learning,Model Evaluation
Which statement correctly describes association rule learning?,a metric used to evaluate the quality of clustering by measuring how similar an object is to its own cluster compared to other clusters,an application of association rule learning used to discover products frequently purchased together,a density-based clustering algorithm that groups points closely packed together and marks outliers as noise,an unsupervised learning technique used to discover interesting relationships between variables in large datasets,D,"By definition, association rule learning is: an unsupervised learning technique used to discover interesting relationships between variables in large datasets",ML – Machine Learning,Unsupervised Learning
"A classifier has 140 true positives, 117 true negatives, 67 false positives, and 63 false negatives. What is its accuracy (rounded to 2 decimal places)?",0.81,0.86,0.96,0.66,D,Accuracy = (TP+TN)/(TP+TN+FP+FN) = (140+117)/(140+117+67+63) = 0.66.,ML – Machine Learning,Model Evaluation
"A classifier has 66 true positives, 166 true negatives, 31 false positives, and 8 false negatives. What is its accuracy (rounded to 2 decimal places)?",0.86,0.76,0.56,0.96,A,Accuracy = (TP+TN)/(TP+TN+FP+FN) = (66+166)/(66+166+31+8) = 0.86.,ML – Machine Learning,Model Evaluation
A classifier has 193 true positives and 83 false negatives. What is its recall (rounded to 2 decimal places)?,0.85,0.70,0.80,0.40,B,Recall = TP / (TP + FN) = 193 / (193 + 83) = 0.70.,ML – Machine Learning,Model Evaluation
"A classifier has 155 true positives, 21 true negatives, 68 false positives, and 67 false negatives. What is its accuracy (rounded to 2 decimal places)?",0.67,0.57,0.77,0.87,B,Accuracy = (TP+TN)/(TP+TN+FP+FN) = (155+21)/(155+21+68+67) = 0.57.,ML – Machine Learning,Model Evaluation
"A classifier has precision 0.79 and recall 0.71 (from 185 TP, 50 FP, 77 FN). What is its F1 score (rounded to 2 decimal places)?",0.54,0.59,0.74,0.89,C,F1 = 2×(Precision×Recall)/(Precision+Recall) = 2×(0.79×0.71)/(0.79+0.71) = 0.74.,ML – Machine Learning,Model Evaluation
What is a Gini index (in decision trees)?,"a measure used to evaluate the quality of a split in a decision tree, based on the impurity of resulting subsets",a supervised learning algorithm that finds the optimal boundary (hyperplane) to separate data into classes,a type of supervised learning task where the goal is to assign inputs into predefined categories or classes,a classification task involving more than two possible output classes,A,"a Gini index (in decision trees) is: a measure used to evaluate the quality of a split in a decision tree, based on the impurity of resulting subsets",ML – Machine Learning,Classification
"Fill in the blank: ______ refers to ""a statistical model used to represent systems that are assumed to follow a Markov process with unobserved (hidden) states"".",a Hidden Markov Model (HMM),Machine Learning (ML),batch size (in ML),SHAP (SHapley Additive exPlanations),A,a Hidden Markov Model (HMM) refers to: a statistical model used to represent systems that are assumed to follow a Markov process with unobserved (hidden) states,ML – Machine Learning,ML Basics
"A classifier has 90 true positives, 181 true negatives, 4 false positives, and 47 false negatives. What is its accuracy (rounded to 2 decimal places)?",0.69,0.99,0.84,0.54,C,Accuracy = (TP+TN)/(TP+TN+FP+FN) = (90+181)/(90+181+4+47) = 0.84.,ML – Machine Learning,Model Evaluation
A classifier has 190 true positives and 32 false negatives. What is its recall (rounded to 2 decimal places)?,0.66,0.86,0.76,0.71,B,Recall = TP / (TP + FN) = 190 / (190 + 32) = 0.86.,ML – Machine Learning,Model Evaluation
What is batch size (in ML)?,the number of training examples used in one iteration of model parameter updates,the process of integrating a trained machine learning model into a production environment for real-world use,a technique used to address class imbalance by reducing the number of examples in the majority class,"a layer of nodes between the input and output layers of a neural network, used to learn intermediate representations",A,batch size (in ML) is: the number of training examples used in one iteration of model parameter updates,ML – Machine Learning,ML Basics
Which statement correctly describes batch normalisation?,"a layer in a convolutional neural network that reduces the spatial size of data, decreasing computation and controlling overfitting",a machine learning technique that combines predictions from multiple models to improve overall performance,"a machine learning model inspired by the human brain, composed of interconnected layers of nodes",a technique used in deep learning to stabilise and accelerate training by normalising layer inputs,D,"By definition, batch normalisation is: a technique used in deep learning to stabilise and accelerate training by normalising layer inputs",ML – Machine Learning,ML Basics
A classifier has 44 true positives and 45 false negatives. What is its recall (rounded to 2 decimal places)?,0.64,0.49,0.69,0.29,B,Recall = TP / (TP + FN) = 44 / (44 + 45) = 0.49.,ML – Machine Learning,Model Evaluation
"A classifier has precision 0.77 and recall 0.81 (from 187 TP, 56 FP, 43 FN). What is its F1 score (rounded to 2 decimal places)?",0.79,1.00,0.94,0.89,A,F1 = 2×(Precision×Recall)/(Precision+Recall) = 2×(0.77×0.81)/(0.77+0.81) = 0.79.,ML – Machine Learning,Model Evaluation
"Fill in the blank: ______ refers to ""the process of removing sections of a decision tree to reduce complexity and prevent overfitting"".",pruning (in decision trees),multi-class classification,a support vector machine (SVM),a decision tree,A,pruning (in decision trees) refers to: the process of removing sections of a decision tree to reduce complexity and prevent overfitting,ML – Machine Learning,Classification
Which statement correctly describes standardisation (in ML)?,a subset of data used during training to tune model hyperparameters and prevent overfitting,a technique for assessing how well a model generalises by partitioning data into multiple training and testing subsets,the process of transforming data to have a mean of zero and a standard deviation of one,"an ensemble technique that combines multiple weak learners sequentially, with each one correcting errors of its predecessor",C,"By definition, standardisation (in ML) is: the process of transforming data to have a mean of zero and a standard deviation of one",ML – Machine Learning,ML Basics
"A classifier has precision 0.15 and recall 0.56 (from 5 TP, 28 FP, 4 FN). What is its F1 score (rounded to 2 decimal places)?",0.24,0.34,0.14,0.04,A,F1 = 2×(Precision×Recall)/(Precision+Recall) = 2×(0.15×0.56)/(0.15+0.56) = 0.24.,ML – Machine Learning,Model Evaluation
A classifier has 77 true positives and 42 false positives. What is its precision (rounded to 2 decimal places)?,0.65,0.75,0.35,0.45,A,Precision = TP / (TP + FP) = 77 / (77 + 42) = 0.65.,ML – Machine Learning,Model Evaluation
What is ensemble learning?,the number of training examples used in one iteration of model parameter updates,a machine learning technique that combines predictions from multiple models to improve overall performance,a hyperparameter that controls the size of the steps taken when updating model parameters during training,"the average loss across an entire training dataset, which a model seeks to minimise during training",B,ensemble learning is: a machine learning technique that combines predictions from multiple models to improve overall performance,ML – Machine Learning,ML Basics
A classifier has 67 true positives and 10 false positives. What is its precision (rounded to 2 decimal places)?,0.87,0.97,0.72,0.67,A,Precision = TP / (TP + FP) = 67 / (67 + 10) = 0.87.,ML – Machine Learning,Model Evaluation
"Fill in the blank: ______ refers to ""the average loss across an entire training dataset, which a model seeks to minimise during training"".",a hidden layer (in a neural network),a cost function (in ML),L1 regularisation (Lasso),a Markov chain,B,"a cost function (in ML) refers to: the average loss across an entire training dataset, which a model seeks to minimise during training",ML – Machine Learning,ML Basics
"Fill in the blank: ______ refers to ""a technique where a model trained on one task is reused as the starting point for a model on a related task"".",A/B testing (in ML),transfer learning (in ML),dropout (in neural networks),feature scaling,B,transfer learning (in ML) refers to: a technique where a model trained on one task is reused as the starting point for a model on a related task,ML – Machine Learning,ML Basics
"Which term matches this description: ""the line or surface that separates different predicted classes in a classification model's feature space""?",standardisation (in ML),a decision boundary,a benchmark dataset (in ML),k-fold cross-validation,B,The description matches a decision boundary: the line or surface that separates different predicted classes in a classification model's feature space,ML – Machine Learning,ML Basics
A classifier has 132 true positives and 17 false negatives. What is its recall (rounded to 2 decimal places)?,0.89,0.69,0.99,1.00,A,Recall = TP / (TP + FN) = 132 / (132 + 17) = 0.89.,ML – Machine Learning,Model Evaluation
"Which term matches this description: ""a resampling technique that involves repeatedly drawing samples with replacement from a dataset to estimate a statistic""?",model deployment,bootstrapping (in statistics/ML),Machine Learning (ML),a benchmark dataset (in ML),B,The description matches bootstrapping (in statistics/ML): a resampling technique that involves repeatedly drawing samples with replacement from a dataset to estimate a statistic,ML – Machine Learning,ML Basics
Which statement correctly describes information gain (in decision trees)?,the process of removing sections of a decision tree to reduce complexity and prevent overfitting,"a metric used to decide which feature to split on at each step, based on the reduction in entropy",a decision boundary in a support vector machine that separates data points of different classes in high-dimensional space,a supervised learning algorithm that finds the optimal boundary (hyperplane) to separate data into classes,B,"By definition, information gain (in decision trees) is: a metric used to decide which feature to split on at each step, based on the reduction in entropy",ML – Machine Learning,Classification
A classifier has 26 true positives and 25 false positives. What is its precision (rounded to 2 decimal places)?,0.71,0.61,0.66,0.51,D,Precision = TP / (TP + FP) = 26 / (26 + 25) = 0.51.,ML – Machine Learning,Model Evaluation
"Fill in the blank: ______ refers to ""a technique used in deep learning to stabilise and accelerate training by normalising layer inputs"".",a baseline model,batch normalisation,a cost function (in ML),model interpretability techniques,B,batch normalisation refers to: a technique used in deep learning to stabilise and accelerate training by normalising layer inputs,ML – Machine Learning,ML Basics
"Which term matches this description: ""an application of association rule learning used to discover products frequently purchased together""?",market basket analysis,the elbow method,t-SNE (t-distributed Stochastic Neighbor Embedding),hierarchical clustering,A,The description matches market basket analysis: an application of association rule learning used to discover products frequently purchased together,ML – Machine Learning,Unsupervised Learning
"Which term matches this description: ""the known output or target value associated with an input example in supervised learning""?",XGBoost,oversampling (in ML),a label (in ML),feature engineering,C,The description matches a label (in ML): the known output or target value associated with an input example in supervised learning,ML – Machine Learning,ML Basics
What is Jupyter Notebook?,a tool that chains together multiple data processing and modelling steps into a single workflow,"an open-source web application that allows users to create documents containing live code, equations, and visualisations","an open-source machine learning framework developed by Google, widely used for building deep learning models",a popular open-source Python library used for implementing machine learning algorithms,B,"Jupyter Notebook is: an open-source web application that allows users to create documents containing live code, equations, and visualisations",ML – Machine Learning,ML Tools
Which statement correctly describes recall (in ML)?,a metric that measures the proportion of true positive predictions among all positive predictions made by a model,a metric that measures the proportion of actual positives correctly identified by a model,a metric that summarises the overall performance of a classification model based on its ROC curve,a graphical plot used to evaluate the performance of a binary classification model at various threshold settings,B,"By definition, recall (in ML) is: a metric that measures the proportion of actual positives correctly identified by a model",ML – Machine Learning,Model Evaluation
Which statement correctly describes the F1 score?,a metric that combines precision and recall into a single value using their harmonic mean,a graphical plot used to evaluate the performance of a binary classification model at various threshold settings,a common metric used to evaluate regression models by measuring the average squared difference between predicted and actual values,a statistical measure indicating how well a regression model's predictions approximate the actual data,A,"By definition, the F1 score is: a metric that combines precision and recall into a single value using their harmonic mean",ML – Machine Learning,Model Evaluation
Which statement correctly describes polynomial regression?,a form of regression analysis in which the relationship between the independent and dependent variable is modelled as an nth degree polynomial,"a high-level neural network API that runs on top of frameworks like TensorFlow, designed for ease of use",a mathematical model describing a sequence of events where the probability of each event depends only on the state attained in the previous event,"a layer in a convolutional neural network that reduces the spatial size of data, decreasing computation and controlling overfitting",A,"By definition, polynomial regression is: a form of regression analysis in which the relationship between the independent and dependent variable is modelled as an nth degree polynomial",ML – Machine Learning,Regression
"Fill in the blank: ______ refers to ""a machine learning model inspired by the human brain, composed of interconnected layers of nodes"".",class imbalance,a neural network (in ML context),feature selection,cross-validation,B,"a neural network (in ML context) refers to: a machine learning model inspired by the human brain, composed of interconnected layers of nodes",ML – Machine Learning,ML Basics
What is overfitting?,"a machine learning model inspired by the human brain, composed of interconnected layers of nodes",a hyperparameter that controls the size of the steps taken when updating model parameters during training,"the process of selecting, transforming, and creating input variables to improve a machine learning model's performance","a modelling error where a model learns the training data too closely, including noise, and performs poorly on new data",D,"overfitting is: a modelling error where a model learns the training data too closely, including noise, and performs poorly on new data",ML – Machine Learning,ML Basics
What is a recommender system?,"a recommendation approach that suggests items similar to those a user has liked in the past, based on item attributes","a machine learning application that predicts user preferences and suggests relevant items, such as movies or products",a machine learning task that involves predicting future values based on previously observed sequential data,"a machine learning task that categorises text based on the emotional tone it conveys, such as positive or negative",B,"a recommender system is: a machine learning application that predicts user preferences and suggests relevant items, such as movies or products",ML – Machine Learning,ML Applications
Which statement correctly describes precision (in ML)?,a metric that measures the proportion of actual positives correctly identified by a model,a metric that measures the proportion of true positive predictions among all positive predictions made by a model,a metric that summarises the overall performance of a classification model based on its ROC curve,a statistical measure indicating how well a regression model's predictions approximate the actual data,B,"By definition, precision (in ML) is: a metric that measures the proportion of true positive predictions among all positive predictions made by a model",ML – Machine Learning,Model Evaluation
"Fill in the blank: ______ refers to ""an unsupervised learning technique used to discover interesting relationships between variables in large datasets"".",the elbow method,unsupervised learning,DBSCAN,association rule learning,D,association rule learning refers to: an unsupervised learning technique used to discover interesting relationships between variables in large datasets,ML – Machine Learning,Unsupervised Learning
What is predictive maintenance?,"a recommendation approach that suggests items similar to those a user has liked in the past, based on item attributes","a machine learning application that predicts user preferences and suggests relevant items, such as movies or products","a machine learning task that categorises text based on the emotional tone it conveys, such as positive or negative","a machine learning application that predicts when equipment is likely to fail, enabling proactive maintenance",D,"predictive maintenance is: a machine learning application that predicts when equipment is likely to fail, enabling proactive maintenance",ML – Machine Learning,ML Applications
"A classifier has precision 0.59 and recall 0.61 (from 125 TP, 86 FP, 80 FN). What is its F1 score (rounded to 2 decimal places)?",0.60,0.90,0.40,0.75,A,F1 = 2×(Precision×Recall)/(Precision+Recall) = 2×(0.59×0.61)/(0.59+0.61) = 0.60.,ML – Machine Learning,Model Evaluation
"Which term matches this description: ""a classification task involving more than two possible output classes""?",Naive Bayes classifier,multi-class classification,a classification problem,a support vector machine (SVM),B,The description matches multi-class classification: a classification task involving more than two possible output classes,ML – Machine Learning,Classification
Which statement correctly describes a neural network (in ML context)?,"a machine learning model inspired by the human brain, composed of interconnected layers of nodes",a modelling error where a model is too simple to capture the underlying pattern in the data,a regularisation technique that randomly disables a fraction of neurons during training to prevent overfitting,"a widely used benchmark dataset of handwritten digit images, commonly used to test image classification models",A,"By definition, a neural network (in ML context) is: a machine learning model inspired by the human brain, composed of interconnected layers of nodes",ML – Machine Learning,ML Basics
A classifier has 194 true positives and 56 false positives. What is its precision (rounded to 2 decimal places)?,0.93,0.88,0.98,0.78,D,Precision = TP / (TP + FP) = 194 / (194 + 56) = 0.78.,ML – Machine Learning,Model Evaluation
"Fill in the blank: ______ refers to ""a regularisation technique that adds the absolute value of coefficients as a penalty, which can shrink some coefficients to zero"".",hyperparameter tuning,A/B testing (in ML),gradient boosting,L1 regularisation (Lasso),D,"L1 regularisation (Lasso) refers to: a regularisation technique that adds the absolute value of coefficients as a penalty, which can shrink some coefficients to zero",ML – Machine Learning,ML Basics
What is a decision tree?,a decision boundary in a support vector machine that separates data points of different classes in high-dimensional space,"a supervised learning model that makes predictions by splitting data based on feature values, forming a tree-like structure","a metric used to decide which feature to split on at each step, based on the reduction in entropy",a supervised learning algorithm that finds the optimal boundary (hyperplane) to separate data into classes,B,"a decision tree is: a supervised learning model that makes predictions by splitting data based on feature values, forming a tree-like structure",ML – Machine Learning,Classification
"Which term matches this description: ""a regularisation technique that randomly disables a fraction of neurons during training to prevent overfitting""?",cross-validation,dropout (in neural networks),a Markov chain,LIME (Local Interpretable Model-agnostic Explanations),B,The description matches dropout (in neural networks): a regularisation technique that randomly disables a fraction of neurons during training to prevent overfitting,ML – Machine Learning,ML Basics
"Which term matches this description: ""a phenomenon where a deployed model's performance degrades over time due to changes in the underlying data patterns""?",Machine Learning (ML),model drift,oversampling (in ML),a hidden layer (in a neural network),B,The description matches model drift: a phenomenon where a deployed model's performance degrades over time due to changes in the underlying data patterns,ML – Machine Learning,ML Basics
"Fill in the blank: ______ refers to ""a technique used to convert categorical variables into a binary vector representation suitable for machine learning models"".",normalisation (in ML),class imbalance,one-hot encoding,grid search,C,one-hot encoding refers to: a technique used to convert categorical variables into a binary vector representation suitable for machine learning models,ML – Machine Learning,ML Basics
"Fill in the blank: ______ refers to ""a hyperparameter that controls the size of the steps taken when updating model parameters during training"".",gradient descent,the ImageNet dataset,learning rate (in ML),a label (in ML),C,learning rate (in ML) refers to: a hyperparameter that controls the size of the steps taken when updating model parameters during training,ML – Machine Learning,ML Basics
"Fill in the blank: ______ refers to ""an online community and platform for data scientists and machine learning practitioners to find datasets and compete in competitions"".",Kaggle,LightGBM,Keras,pandas,A,Kaggle refers to: an online community and platform for data scientists and machine learning practitioners to find datasets and compete in competitions,ML – Machine Learning,ML Tools
"A classifier has 102 true positives, 72 true negatives, 5 false positives, and 63 false negatives. What is its accuracy (rounded to 2 decimal places)?",0.82,0.72,0.52,0.92,B,Accuracy = (TP+TN)/(TP+TN+FP+FN) = (102+72)/(102+72+5+63) = 0.72.,ML – Machine Learning,Model Evaluation
A classifier has 84 true positives and 88 false negatives. What is its recall (rounded to 2 decimal places)?,0.49,0.79,0.69,0.34,A,Recall = TP / (TP + FN) = 84 / (84 + 88) = 0.49.,ML – Machine Learning,Model Evaluation
"Fill in the blank: ______ refers to ""a regularisation technique that adds the squared value of coefficients as a penalty to prevent overly large weights"".",L2 regularisation (Ridge),data cleaning,a decision boundary,reinforcement learning,A,L2 regularisation (Ridge) refers to: a regularisation technique that adds the squared value of coefficients as a penalty to prevent overly large weights,ML – Machine Learning,ML Basics
"A classifier has 49 true positives, 102 true negatives, 13 false positives, and 79 false negatives. What is its accuracy (rounded to 2 decimal places)?",0.32,0.62,0.82,0.52,B,Accuracy = (TP+TN)/(TP+TN+FP+FN) = (49+102)/(49+102+13+79) = 0.62.,ML – Machine Learning,Model Evaluation
"A classifier has precision 0.73 and recall 0.40 (from 46 TP, 17 FP, 70 FN). What is its F1 score (rounded to 2 decimal places)?",0.66,0.71,0.51,0.81,C,F1 = 2×(Precision×Recall)/(Precision+Recall) = 2×(0.73×0.40)/(0.73+0.40) = 0.51.,ML – Machine Learning,Model Evaluation
A classifier has 106 true positives and 68 false positives. What is its precision (rounded to 2 decimal places)?,0.41,0.51,0.76,0.61,D,Precision = TP / (TP + FP) = 106 / (106 + 68) = 0.61.,ML – Machine Learning,Model Evaluation
"A classifier has 178 true positives, 106 true negatives, 34 false positives, and 96 false negatives. What is its accuracy (rounded to 2 decimal places)?",0.69,0.59,0.39,0.89,A,Accuracy = (TP+TN)/(TP+TN+FP+FN) = (178+106)/(178+106+34+96) = 0.69.,ML – Machine Learning,Model Evaluation
A classifier has 63 true positives and 4 false positives. What is its precision (rounded to 2 decimal places)?,0.79,0.64,1.00,0.94,D,Precision = TP / (TP + FP) = 63 / (63 + 4) = 0.94.,ML – Machine Learning,Model Evaluation
"A classifier has precision 0.54 and recall 0.55 (from 99 TP, 84 FP, 82 FN). What is its F1 score (rounded to 2 decimal places)?",0.54,0.34,0.69,0.44,A,F1 = 2×(Precision×Recall)/(Precision+Recall) = 2×(0.54×0.55)/(0.54+0.55) = 0.54.,ML – Machine Learning,Model Evaluation
"A classifier has precision 0.65 and recall 0.65 (from 89 TP, 48 FP, 47 FN). What is its F1 score (rounded to 2 decimal places)?",0.95,0.55,0.45,0.65,D,F1 = 2×(Precision×Recall)/(Precision+Recall) = 2×(0.65×0.65)/(0.65+0.65) = 0.65.,ML – Machine Learning,Model Evaluation
"Fill in the blank: ______ refers to ""a metric that measures the proportion of true positive predictions among all positive predictions made by a model"".",a confusion matrix,R-squared (coefficient of determination),precision (in ML),model accuracy,C,precision (in ML) refers to: a metric that measures the proportion of true positive predictions among all positive predictions made by a model,ML – Machine Learning,Model Evaluation
"A classifier has 58 true positives, 103 true negatives, 37 false positives, and 28 false negatives. What is its accuracy (rounded to 2 decimal places)?",0.86,0.71,0.41,0.51,B,Accuracy = (TP+TN)/(TP+TN+FP+FN) = (58+103)/(58+103+37+28) = 0.71.,ML – Machine Learning,Model Evaluation
"Fill in the blank: ______ refers to ""a supervised learning algorithm that finds the optimal boundary (hyperplane) to separate data into classes"".",a classification problem,a decision tree,a kernel trick (in SVM),a support vector machine (SVM),D,a support vector machine (SVM) refers to: a supervised learning algorithm that finds the optimal boundary (hyperplane) to separate data into classes,ML – Machine Learning,Classification
"Which term matches this description: ""the process of identifying data points that differ significantly from the rest of the dataset""?",a fully connected layer,undersampling (in ML),bias-variance tradeoff,outlier detection,D,The description matches outlier detection: the process of identifying data points that differ significantly from the rest of the dataset,ML – Machine Learning,ML Basics
Which statement correctly describes the MNIST dataset?,a hyperparameter that controls the size of the steps taken when updating model parameters during training,a modelling error where a model is too simple to capture the underlying pattern in the data,the number of training examples used in one iteration of model parameter updates,"a widely used benchmark dataset of handwritten digit images, commonly used to test image classification models",D,"By definition, the MNIST dataset is: a widely used benchmark dataset of handwritten digit images, commonly used to test image classification models",ML – Machine Learning,ML Basics
"A classifier has 196 true positives, 105 true negatives, 34 false positives, and 48 false negatives. What is its accuracy (rounded to 2 decimal places)?",0.69,0.49,0.79,0.94,C,Accuracy = (TP+TN)/(TP+TN+FP+FN) = (196+105)/(196+105+34+48) = 0.79.,ML – Machine Learning,Model Evaluation
What is Keras?,"a high-level neural network API that runs on top of frameworks like TensorFlow, designed for ease of use","a popular Python library used for data manipulation and analysis, especially with tabular data","a gradient boosting framework designed for efficiency and speed, developed by Microsoft",a popular open-source Python library used for implementing machine learning algorithms,A,"Keras is: a high-level neural network API that runs on top of frameworks like TensorFlow, designed for ease of use",ML – Machine Learning,ML Tools
"A classifier has precision 0.95 and recall 0.68 (from 63 TP, 3 FP, 29 FN). What is its F1 score (rounded to 2 decimal places)?",1.00,0.60,0.80,0.70,C,F1 = 2×(Precision×Recall)/(Precision+Recall) = 2×(0.95×0.68)/(0.95+0.68) = 0.80.,ML – Machine Learning,Model Evaluation
"A classifier has precision 0.56 and recall 0.62 (from 129 TP, 100 FP, 78 FN). What is its F1 score (rounded to 2 decimal places)?",0.29,0.59,0.79,0.39,B,F1 = 2×(Precision×Recall)/(Precision+Recall) = 2×(0.56×0.62)/(0.56+0.62) = 0.59.,ML – Machine Learning,Model Evaluation
"A classifier has 134 true positives, 153 true negatives, 66 false positives, and 47 false negatives. What is its accuracy (rounded to 2 decimal places)?",1.00,0.72,0.87,0.52,B,Accuracy = (TP+TN)/(TP+TN+FP+FN) = (134+153)/(134+153+66+47) = 0.72.,ML – Machine Learning,Model Evaluation
A classifier has 103 true positives and 64 false negatives. What is its recall (rounded to 2 decimal places)?,0.62,0.47,0.77,0.32,A,Recall = TP / (TP + FN) = 103 / (103 + 64) = 0.62.,ML – Machine Learning,Model Evaluation
"Fill in the blank: ______ refers to ""a machine learning application that predicts which customers are likely to stop using a product or service"".",churn prediction,predictive maintenance,time series forecasting,credit scoring models,A,churn prediction refers to: a machine learning application that predicts which customers are likely to stop using a product or service,ML – Machine Learning,ML Applications
"A classifier has precision 0.74 and recall 0.81 (from 184 TP, 65 FP, 42 FN). What is its F1 score (rounded to 2 decimal places)?",0.77,0.87,0.57,0.92,A,F1 = 2×(Precision×Recall)/(Precision+Recall) = 2×(0.74×0.81)/(0.74+0.81) = 0.77.,ML – Machine Learning,Model Evaluation
"Which term matches this description: ""a subset of machine learning that uses neural networks with many layers to model complex patterns in data""?",a validation dataset,ensemble learning,deep learning,Machine Learning (ML),C,The description matches deep learning: a subset of machine learning that uses neural networks with many layers to model complex patterns in data,ML – Machine Learning,ML Basics
Which statement correctly describes a recommender system?,"a machine learning task that categorises text based on the emotional tone it conveys, such as positive or negative",a machine learning application that transcribes spoken language into written text,"a machine learning application that predicts user preferences and suggests relevant items, such as movies or products",a machine learning application that predicts future customer demand for products or services,C,"By definition, a recommender system is: a machine learning application that predicts user preferences and suggests relevant items, such as movies or products",ML – Machine Learning,ML Applications
What is Naive Bayes classifier?,"a boosting algorithm that combines multiple weak classifiers, giving more weight to previously misclassified examples","a probabilistic classification algorithm based on Bayes' theorem, assuming independence between features","a statistical method used for binary classification, predicting the probability of an outcome belonging to a particular class",a classification task involving more than two possible output classes,B,"Naive Bayes classifier is: a probabilistic classification algorithm based on Bayes' theorem, assuming independence between features",ML – Machine Learning,Classification
"Fill in the blank: ______ refers to ""the process of selecting, transforming, and creating input variables to improve a machine learning model's performance"".",undersampling (in ML),hyperparameter tuning,data cleaning,feature engineering,D,"feature engineering refers to: the process of selecting, transforming, and creating input variables to improve a machine learning model's performance",ML – Machine Learning,ML Basics
What is logistic regression?,a technique that allows support vector machines to operate in high-dimensional space without explicitly computing coordinates in that space,"a classification task involving exactly two possible output classes, such as spam or not spam",an ensemble method that trains multiple instances of a model on different bootstrapped subsets of data and averages their predictions,"a statistical method used for binary classification, predicting the probability of an outcome belonging to a particular class",D,"logistic regression is: a statistical method used for binary classification, predicting the probability of an outcome belonging to a particular class",ML – Machine Learning,Classification
What is A/B testing (in ML)?,a method of comparing two versions of a model or system to determine which performs better in a real-world setting,the process of choosing the most relevant variables from a dataset to use in model training,"a machine learning model inspired by the human brain, composed of interconnected layers of nodes","the average loss across an entire training dataset, which a model seeks to minimise during training",A,A/B testing (in ML) is: a method of comparing two versions of a model or system to determine which performs better in a real-world setting,ML – Machine Learning,ML Basics
"A classifier has 136 true positives, 19 true negatives, 63 false positives, and 75 false negatives. What is its accuracy (rounded to 2 decimal places)?",0.53,0.33,0.83,0.63,A,Accuracy = (TP+TN)/(TP+TN+FP+FN) = (136+19)/(136+19+63+75) = 0.53.,ML – Machine Learning,Model Evaluation
"Fill in the blank: ______ refers to ""a high-level neural network API that runs on top of frameworks like TensorFlow, designed for ease of use"".",a pipeline (in scikit-learn),LightGBM,Keras,NumPy,C,"Keras refers to: a high-level neural network API that runs on top of frameworks like TensorFlow, designed for ease of use",ML – Machine Learning,ML Tools
"Which term matches this description: ""a popular clustering algorithm that partitions data into k clusters based on distance from cluster centroids""?",association rule learning,k-means clustering,DBSCAN,unsupervised learning,B,The description matches k-means clustering: a popular clustering algorithm that partitions data into k clusters based on distance from cluster centroids,ML – Machine Learning,Unsupervised Learning
What is XGBoost?,one complete pass through the entire training dataset during the model training process,a statistical model used to represent systems that are assumed to follow a Markov process with unobserved (hidden) states,"a popular and efficient implementation of gradient boosting, widely used in machine learning competitions",a layer in a neural network where every neuron is connected to every neuron in the previous layer,C,"XGBoost is: a popular and efficient implementation of gradient boosting, widely used in machine learning competitions",ML – Machine Learning,ML Basics
What is a Hidden Markov Model (HMM)?,an optimisation algorithm used to minimise a model's error by iteratively adjusting parameters in the direction of steepest descent,a statistical model used to represent systems that are assumed to follow a Markov process with unobserved (hidden) states,a technique used to prevent overfitting by adding a penalty term to a model's loss function,"a boosting technique that builds models sequentially, each minimising the errors of the combined previous models",B,a Hidden Markov Model (HMM) is: a statistical model used to represent systems that are assumed to follow a Markov process with unobserved (hidden) states,ML – Machine Learning,ML Basics
"A classifier has precision 0.49 and recall 0.65 (from 90 TP, 93 FP, 48 FN). What is its F1 score (rounded to 2 decimal places)?",0.26,0.36,0.56,0.71,C,F1 = 2×(Precision×Recall)/(Precision+Recall) = 2×(0.49×0.65)/(0.49+0.65) = 0.56.,ML – Machine Learning,Model Evaluation
"Which term matches this description: ""a machine learning application that predicts when equipment is likely to fail, enabling proactive maintenance""?",sentiment classification,predictive maintenance,a recommender system,demand forecasting,B,"The description matches predictive maintenance: a machine learning application that predicts when equipment is likely to fail, enabling proactive maintenance",ML – Machine Learning,ML Applications
"Fill in the blank: ______ refers to ""a gradient boosting framework designed for efficiency and speed, developed by Microsoft"".",PyTorch,Kaggle,LightGBM,TensorFlow,C,"LightGBM refers to: a gradient boosting framework designed for efficiency and speed, developed by Microsoft",ML – Machine Learning,ML Tools
"Fill in the blank: ______ refers to ""a series of automated steps used to collect, clean, transform, and prepare data for machine learning models"".",the ImageNet dataset,feature selection,regularisation,a data pipeline,D,"a data pipeline refers to: a series of automated steps used to collect, clean, transform, and prepare data for machine learning models",ML – Machine Learning,ML Basics
"A classifier has precision 0.93 and recall 0.76 (from 104 TP, 8 FP, 32 FN). What is its F1 score (rounded to 2 decimal places)?",0.94,0.99,0.84,0.69,C,F1 = 2×(Precision×Recall)/(Precision+Recall) = 2×(0.93×0.76)/(0.93+0.76) = 0.84.,ML – Machine Learning,Model Evaluation
"Fill in the blank: ______ refers to ""a modelling error where a model learns the training data too closely, including noise, and performs poorly on new data"".",batch normalisation,overfitting,data leakage,A/B testing (in ML),B,"overfitting refers to: a modelling error where a model learns the training data too closely, including noise, and performs poorly on new data",ML – Machine Learning,ML Basics
"Fill in the blank: ______ refers to ""a phenomenon where a deployed model's performance degrades over time due to changes in the underlying data patterns"".",XGBoost,one-hot encoding,a validation dataset,model drift,D,model drift refers to: a phenomenon where a deployed model's performance degrades over time due to changes in the underlying data patterns,ML – Machine Learning,ML Basics
Which statement correctly describes grid search?,a technique used to convert categorical variables into a binary vector representation suitable for machine learning models,a hyperparameter tuning method that exhaustively tries all possible combinations of specified parameter values,a mathematical function that quantifies the difference between a model's predictions and the actual target values,the process of choosing the most relevant variables from a dataset to use in model training,B,"By definition, grid search is: a hyperparameter tuning method that exhaustively tries all possible combinations of specified parameter values",ML – Machine Learning,ML Basics
A classifier has 17 true positives and 57 false positives. What is its precision (rounded to 2 decimal places)?,0.53,0.03,0.23,0.38,C,Precision = TP / (TP + FP) = 17 / (17 + 57) = 0.23.,ML – Machine Learning,Model Evaluation
"A classifier has 147 true positives, 96 true negatives, 22 false positives, and 9 false negatives. What is its accuracy (rounded to 2 decimal places)?",0.89,0.99,0.79,0.74,A,Accuracy = (TP+TN)/(TP+TN+FP+FN) = (147+96)/(147+96+22+9) = 0.89.,ML – Machine Learning,Model Evaluation
"Which term matches this description: ""a layer in a convolutional neural network that reduces the spatial size of data, decreasing computation and controlling overfitting""?",a pooling layer,one-hot encoding,boosting,a label (in ML),A,"The description matches a pooling layer: a layer in a convolutional neural network that reduces the spatial size of data, decreasing computation and controlling overfitting",ML – Machine Learning,ML Basics
"Which term matches this description: ""a commonly used kernel function in support vector machines that measures similarity based on distance""?",entropy (in decision trees),a random forest,information gain (in decision trees),a Gaussian (RBF) kernel,D,The description matches a Gaussian (RBF) kernel: a commonly used kernel function in support vector machines that measures similarity based on distance,ML – Machine Learning,Classification
"A classifier has 97 true positives, 70 true negatives, 40 false positives, and 23 false negatives. What is its accuracy (rounded to 2 decimal places)?",0.88,0.43,0.83,0.73,D,Accuracy = (TP+TN)/(TP+TN+FP+FN) = (97+70)/(97+70+40+23) = 0.73.,ML – Machine Learning,Model Evaluation
What is reinforcement learning?,an ensemble technique that trains multiple models on different random subsets of data and averages their predictions,the portion of data used to evaluate the performance of a trained machine learning model on unseen examples,a technique used to convert categorical variables into a binary vector representation suitable for machine learning models,a machine learning approach where an agent learns to make decisions by receiving rewards or penalties from its environment,D,reinforcement learning is: a machine learning approach where an agent learns to make decisions by receiving rewards or penalties from its environment,ML – Machine Learning,ML Basics
"Fill in the blank: ______ refers to ""the difference between an observed value and the value predicted by a regression model"".",a cost function (in ML),a residual (in regression),speech-to-text conversion,LIME (Local Interpretable Model-agnostic Explanations),B,a residual (in regression) refers to: the difference between an observed value and the value predicted by a regression model,ML – Machine Learning,Regression
What is LIME (Local Interpretable Model-agnostic Explanations)?,a mathematical function that quantifies the difference between a model's predictions and the actual target values,a technique that explains individual predictions of any classifier by approximating it locally with an interpretable model,the number of training examples used in one iteration of model parameter updates,"a machine learning model inspired by the human brain, composed of interconnected layers of nodes",B,LIME (Local Interpretable Model-agnostic Explanations) is: a technique that explains individual predictions of any classifier by approximating it locally with an interpretable model,ML – Machine Learning,ML Basics
"A classifier has precision 0.75 and recall 0.75 (from 191 TP, 63 FP, 64 FN). What is its F1 score (rounded to 2 decimal places)?",0.45,0.55,0.95,0.75,D,F1 = 2×(Precision×Recall)/(Precision+Recall) = 2×(0.75×0.75)/(0.75+0.75) = 0.75.,ML – Machine Learning,Model Evaluation
Which statement correctly describes overfitting?,the known output or target value associated with an input example in supervised learning,the balance between a model's error due to overly simplistic assumptions (bias) and its sensitivity to small fluctuations in data (variance),"a modelling error where a model learns the training data too closely, including noise, and performs poorly on new data","a layer in a convolutional neural network that reduces the spatial size of data, decreasing computation and controlling overfitting",C,"By definition, overfitting is: a modelling error where a model learns the training data too closely, including noise, and performs poorly on new data",ML – Machine Learning,ML Basics
"Which term matches this description: ""a clustering method that builds a tree of clusters by either merging or splitting groups iteratively""?",Latent Dirichlet Allocation (LDA),market basket analysis,DBSCAN,hierarchical clustering,D,The description matches hierarchical clustering: a clustering method that builds a tree of clusters by either merging or splitting groups iteratively,ML – Machine Learning,Unsupervised Learning
Which statement correctly describes SMOTE (Synthetic Minority Oversampling Technique)?,a technique used to address class imbalance by generating synthetic examples of the minority class,"a boosting technique that builds models sequentially, each minimising the errors of the combined previous models","a layer in a neural network that applies filters to detect patterns such as edges or textures, commonly used in image processing",a regularisation technique that halts training once model performance on a validation set stops improving,A,"By definition, SMOTE (Synthetic Minority Oversampling Technique) is: a technique used to address class imbalance by generating synthetic examples of the minority class",ML – Machine Learning,ML Basics
"A classifier has 122 true positives, 5 true negatives, 84 false positives, and 24 false negatives. What is its accuracy (rounded to 2 decimal places)?",0.54,0.84,0.24,0.44,A,Accuracy = (TP+TN)/(TP+TN+FP+FN) = (122+5)/(122+5+84+24) = 0.54.,ML – Machine Learning,Model Evaluation
"A classifier has precision 0.15 and recall 0.17 (from 12 TP, 68 FP, 60 FN). What is its F1 score (rounded to 2 decimal places)?",0.16,0.31,0.26,0.00,A,F1 = 2×(Precision×Recall)/(Precision+Recall) = 2×(0.15×0.17)/(0.15+0.17) = 0.16.,ML – Machine Learning,Model Evaluation
A classifier has 71 true positives and 28 false negatives. What is its recall (rounded to 2 decimal places)?,0.87,0.52,1.00,0.72,D,Recall = TP / (TP + FN) = 71 / (71 + 28) = 0.72.,ML – Machine Learning,Model Evaluation
"Which term matches this description: ""a supervised learning algorithm that finds the optimal boundary (hyperplane) to separate data into classes""?",Naive Bayes classifier,a classification problem,a hyperplane (in ML),a support vector machine (SVM),D,The description matches a support vector machine (SVM): a supervised learning algorithm that finds the optimal boundary (hyperplane) to separate data into classes,ML – Machine Learning,Classification
"A classifier has precision 0.93 and recall 0.95 (from 173 TP, 13 FP, 9 FN). What is its F1 score (rounded to 2 decimal places)?",1.00,0.79,0.64,0.94,D,F1 = 2×(Precision×Recall)/(Precision+Recall) = 2×(0.93×0.95)/(0.93+0.95) = 0.94.,ML – Machine Learning,Model Evaluation
"Fill in the blank: ______ refers to ""a dimensionality reduction technique often used for visualising high-dimensional data in two or three dimensions"".",t-SNE (t-distributed Stochastic Neighbor Embedding),clustering,hierarchical clustering,anomaly detection,A,t-SNE (t-distributed Stochastic Neighbor Embedding) refers to: a dimensionality reduction technique often used for visualising high-dimensional data in two or three dimensions,ML – Machine Learning,Unsupervised Learning
"Fill in the blank: ______ refers to ""a machine learning task that involves predicting future values based on previously observed sequential data"".",image classification,predictive maintenance,sentiment classification,time series forecasting,D,time series forecasting refers to: a machine learning task that involves predicting future values based on previously observed sequential data,ML – Machine Learning,ML Applications
"Which term matches this description: ""a machine learning application that predicts future customer demand for products or services""?",predictive maintenance,image classification,churn prediction,demand forecasting,D,The description matches demand forecasting: a machine learning application that predicts future customer demand for products or services,ML – Machine Learning,ML Applications
"Fill in the blank: ______ refers to ""a classic, small dataset in machine learning containing measurements of iris flowers, often used to teach classification"".",the Iris dataset,a validation dataset,batch normalisation,class imbalance,A,"the Iris dataset refers to: a classic, small dataset in machine learning containing measurements of iris flowers, often used to teach classification",ML – Machine Learning,ML Basics
A classifier has 88 true positives and 21 false positives. What is its precision (rounded to 2 decimal places)?,0.96,0.51,0.81,0.91,C,Precision = TP / (TP + FP) = 88 / (88 + 21) = 0.81.,ML – Machine Learning,Model Evaluation
What is a random forest?,an ensemble method that trains multiple instances of a model on different bootstrapped subsets of data and averages their predictions,a simple supervised learning algorithm that classifies data points based on the majority class of their nearest neighbours,"a classification task involving exactly two possible output classes, such as spam or not spam",an ensemble learning method that combines multiple decision trees to improve prediction accuracy,D,a random forest is: an ensemble learning method that combines multiple decision trees to improve prediction accuracy,ML – Machine Learning,Classification
"Fill in the blank: ______ refers to ""a dimensionality reduction technique that transforms data into a smaller set of uncorrelated variables called principal components"".",DBSCAN,market basket analysis,Latent Dirichlet Allocation (LDA),Principal Component Analysis (PCA),D,Principal Component Analysis (PCA) refers to: a dimensionality reduction technique that transforms data into a smaller set of uncorrelated variables called principal components,ML – Machine Learning,Unsupervised Learning
What is Principal Component Analysis (PCA)?,a dimensionality reduction technique that transforms data into a smaller set of uncorrelated variables called principal components,an unsupervised learning technique that groups similar data points together based on shared characteristics,a dimensionality reduction technique often used for visualising high-dimensional data in two or three dimensions,a technique used to reduce the number of features in a dataset while retaining important information,A,Principal Component Analysis (PCA) is: a dimensionality reduction technique that transforms data into a smaller set of uncorrelated variables called principal components,ML – Machine Learning,Unsupervised Learning
What is dimensionality reduction?,a technique used to reduce the number of features in a dataset while retaining important information,a clustering method that builds a tree of clusters by either merging or splitting groups iteratively,a metric used to evaluate the quality of clustering by measuring how similar an object is to its own cluster compared to other clusters,a density-based clustering algorithm that groups points closely packed together and marks outliers as noise,A,dimensionality reduction is: a technique used to reduce the number of features in a dataset while retaining important information,ML – Machine Learning,Unsupervised Learning
What is PyTorch?,"an open-source web application that allows users to create documents containing live code, equations, and visualisations","an open-source machine learning framework developed by Meta (Facebook), popular for research and deep learning applications","a gradient boosting library developed by Yandex, known for its strong handling of categorical features","a fundamental Python library used for numerical computing, providing support for arrays and matrices",B,"PyTorch is: an open-source machine learning framework developed by Meta (Facebook), popular for research and deep learning applications",ML – Machine Learning,ML Tools
What is one-hot encoding?,"a popular and efficient implementation of gradient boosting, widely used in machine learning competitions",an ensemble technique that trains multiple models on different random subsets of data and averages their predictions,a technique used to convert categorical variables into a binary vector representation suitable for machine learning models,"a classic, small dataset in machine learning containing measurements of iris flowers, often used to teach classification",C,one-hot encoding is: a technique used to convert categorical variables into a binary vector representation suitable for machine learning models,ML – Machine Learning,ML Basics
"A classifier has 82 true positives, 152 true negatives, 32 false positives, and 34 false negatives. What is its accuracy (rounded to 2 decimal places)?",0.88,0.98,0.58,0.78,D,Accuracy = (TP+TN)/(TP+TN+FP+FN) = (82+152)/(82+152+32+34) = 0.78.,ML – Machine Learning,Model Evaluation
A classifier has 8 true positives and 62 false negatives. What is its recall (rounded to 2 decimal places)?,0.11,0.00,0.41,0.26,A,Recall = TP / (TP + FN) = 8 / (8 + 62) = 0.11.,ML – Machine Learning,Model Evaluation
A classifier has 87 true positives and 40 false positives. What is its precision (rounded to 2 decimal places)?,0.49,0.99,0.79,0.69,D,Precision = TP / (TP + FP) = 87 / (87 + 40) = 0.69.,ML – Machine Learning,Model Evaluation
A classifier has 144 true positives and 7 false negatives. What is its recall (rounded to 2 decimal places)?,0.65,0.85,0.95,0.75,C,Recall = TP / (TP + FN) = 144 / (144 + 7) = 0.95.,ML – Machine Learning,Model Evaluation
What is recall (in ML)?,a table used to evaluate classification model performance by comparing predicted and actual class labels,a metric that measures the proportion of actual positives correctly identified by a model,a common metric used to evaluate regression models by measuring the average squared difference between predicted and actual values,a metric used to evaluate regression models by measuring the average absolute difference between predicted and actual values,B,recall (in ML) is: a metric that measures the proportion of actual positives correctly identified by a model,ML – Machine Learning,Model Evaluation
"A classifier has precision 0.83 and recall 0.66 (from 183 TP, 38 FP, 95 FN). What is its F1 score (rounded to 2 decimal places)?",0.83,0.43,0.53,0.73,D,F1 = 2×(Precision×Recall)/(Precision+Recall) = 2×(0.83×0.66)/(0.83+0.66) = 0.73.,ML – Machine Learning,Model Evaluation
A classifier has 98 true positives and 21 false positives. What is its precision (rounded to 2 decimal places)?,0.82,0.72,0.97,0.92,A,Precision = TP / (TP + FP) = 98 / (98 + 21) = 0.82.,ML – Machine Learning,Model Evaluation
What is a feature (in ML)?,an optimisation algorithm used to minimise a model's error by iteratively adjusting parameters in the direction of steepest descent,"a widely used benchmark dataset of handwritten digit images, commonly used to test image classification models",an individual measurable property or characteristic used as input to a machine learning model,a hyperparameter tuning method that exhaustively tries all possible combinations of specified parameter values,C,a feature (in ML) is: an individual measurable property or characteristic used as input to a machine learning model,ML – Machine Learning,ML Basics
"A classifier has precision 0.67 and recall 0.81 (from 169 TP, 84 FP, 40 FN). What is its F1 score (rounded to 2 decimal places)?",1.00,0.58,0.73,0.53,C,F1 = 2×(Precision×Recall)/(Precision+Recall) = 2×(0.67×0.81)/(0.67+0.81) = 0.73.,ML – Machine Learning,Model Evaluation
Which statement correctly describes k-nearest neighbours (KNN)?,a simple supervised learning algorithm that classifies data points based on the majority class of their nearest neighbours,a measure of impurity or disorder used to determine the best splits when building a decision tree,"a classification task involving exactly two possible output classes, such as spam or not spam",a supervised learning algorithm that finds the optimal boundary (hyperplane) to separate data into classes,A,"By definition, k-nearest neighbours (KNN) is: a simple supervised learning algorithm that classifies data points based on the majority class of their nearest neighbours",ML – Machine Learning,Classification
"A classifier has 190 true positives, 149 true negatives, 59 false positives, and 38 false negatives. What is its accuracy (rounded to 2 decimal places)?",0.78,0.58,0.88,0.63,A,Accuracy = (TP+TN)/(TP+TN+FP+FN) = (190+149)/(190+149+59+38) = 0.78.,ML – Machine Learning,Model Evaluation
"Fill in the blank: ______ refers to ""a measure used to evaluate the quality of a split in a decision tree, based on the impurity of resulting subsets"".",entropy (in decision trees),a Gini index (in decision trees),a classification problem,a hyperplane (in ML),B,"a Gini index (in decision trees) refers to: a measure used to evaluate the quality of a split in a decision tree, based on the impurity of resulting subsets",ML – Machine Learning,Classification
Which statement correctly describes batch size (in ML)?,the process of selecting the optimal configuration settings for a machine learning model to maximise performance,a machine learning approach that uses a small amount of labelled data combined with a larger amount of unlabelled data,"a layer in a neural network that applies filters to detect patterns such as edges or textures, commonly used in image processing",the number of training examples used in one iteration of model parameter updates,D,"By definition, batch size (in ML) is: the number of training examples used in one iteration of model parameter updates",ML – Machine Learning,ML Basics
Which statement correctly describes R-squared (coefficient of determination)?,a metric that measures the proportion of true positive predictions among all positive predictions made by a model,a metric that summarises the overall performance of a classification model based on its ROC curve,a statistical measure indicating how well a regression model's predictions approximate the actual data,a metric that combines precision and recall into a single value using their harmonic mean,C,"By definition, R-squared (coefficient of determination) is: a statistical measure indicating how well a regression model's predictions approximate the actual data",ML – Machine Learning,Model Evaluation
"A classifier has 146 true positives, 177 true negatives, 26 false positives, and 49 false negatives. What is its accuracy (rounded to 2 decimal places)?",0.66,0.71,0.91,0.81,D,Accuracy = (TP+TN)/(TP+TN+FP+FN) = (146+177)/(146+177+26+49) = 0.81.,ML – Machine Learning,Model Evaluation
Which statement correctly describes a Gaussian (RBF) kernel?,an ensemble method that trains multiple instances of a model on different bootstrapped subsets of data and averages their predictions,a commonly used kernel function in support vector machines that measures similarity based on distance,"a statistical method used for binary classification, predicting the probability of an outcome belonging to a particular class","a classification task involving exactly two possible output classes, such as spam or not spam",B,"By definition, a Gaussian (RBF) kernel is: a commonly used kernel function in support vector machines that measures similarity based on distance",ML – Machine Learning,Classification
A classifier has 112 true positives and 38 false negatives. What is its recall (rounded to 2 decimal places)?,1.00,0.90,0.75,0.55,C,Recall = TP / (TP + FN) = 112 / (112 + 38) = 0.75.,ML – Machine Learning,Model Evaluation
"Which term matches this description: ""the portion of data used to teach a machine learning model to recognise patterns""?",Machine Learning (ML),a benchmark dataset (in ML),model interpretability techniques,a training dataset,D,The description matches a training dataset: the portion of data used to teach a machine learning model to recognise patterns,ML – Machine Learning,ML Basics
A classifier has 37 true positives and 97 false positives. What is its precision (rounded to 2 decimal places)?,0.43,0.13,0.58,0.28,D,Precision = TP / (TP + FP) = 37 / (37 + 97) = 0.28.,ML – Machine Learning,Model Evaluation
"A classifier has 34 true positives, 116 true negatives, 3 false positives, and 24 false negatives. What is its accuracy (rounded to 2 decimal places)?",0.70,0.65,0.95,0.85,D,Accuracy = (TP+TN)/(TP+TN+FP+FN) = (34+116)/(34+116+3+24) = 0.85.,ML – Machine Learning,Model Evaluation
A classifier has 131 true positives and 44 false negatives. What is its recall (rounded to 2 decimal places)?,0.55,1.00,0.75,0.45,C,Recall = TP / (TP + FN) = 131 / (131 + 44) = 0.75.,ML – Machine Learning,Model Evaluation
What is mean absolute error (MAE)?,a metric that measures the proportion of true positive predictions among all positive predictions made by a model,a table used to evaluate classification model performance by comparing predicted and actual class labels,a metric used to evaluate regression models by measuring the average absolute difference between predicted and actual values,a statistical measure indicating how well a regression model's predictions approximate the actual data,C,mean absolute error (MAE) is: a metric used to evaluate regression models by measuring the average absolute difference between predicted and actual values,ML – Machine Learning,Model Evaluation
What is undersampling (in ML)?,the process of transforming data to have a mean of zero and a standard deviation of one,"the process of identifying and correcting errors, inconsistencies, or missing values in a dataset before analysis",an ensemble technique that trains multiple models on different random subsets of data and averages their predictions,a technique used to address class imbalance by reducing the number of examples in the majority class,D,undersampling (in ML) is: a technique used to address class imbalance by reducing the number of examples in the majority class,ML – Machine Learning,ML Basics
"A classifier has precision 0.61 and recall 0.90 (from 157 TP, 100 FP, 18 FN). What is its F1 score (rounded to 2 decimal places)?",0.73,1.00,0.63,0.88,A,F1 = 2×(Precision×Recall)/(Precision+Recall) = 2×(0.61×0.90)/(0.61+0.90) = 0.73.,ML – Machine Learning,Model Evaluation
"Which term matches this description: ""the process of selecting the optimal configuration settings for a machine learning model to maximise performance""?",semi-supervised learning,gradient boosting,hyperparameter tuning,a training dataset,C,The description matches hyperparameter tuning: the process of selecting the optimal configuration settings for a machine learning model to maximise performance,ML – Machine Learning,ML Basics
What is normalisation (in ML)?,"the process of identifying and correcting errors, inconsistencies, or missing values in a dataset before analysis","the process of scaling numerical data to a common range, often between 0 and 1, to improve model performance",a mathematical model describing a sequence of events where the probability of each event depends only on the state attained in the previous event,a technique used to convert categorical variables into a binary vector representation suitable for machine learning models,B,"normalisation (in ML) is: the process of scaling numerical data to a common range, often between 0 and 1, to improve model performance",ML – Machine Learning,ML Basics
"Which term matches this description: ""a dimensionality reduction technique often used for visualising high-dimensional data in two or three dimensions""?",market basket analysis,association rule learning,hierarchical clustering,t-SNE (t-distributed Stochastic Neighbor Embedding),D,The description matches t-SNE (t-distributed Stochastic Neighbor Embedding): a dimensionality reduction technique often used for visualising high-dimensional data in two or three dimensions,ML – Machine Learning,Unsupervised Learning
What is association rule learning?,a metric used to evaluate the quality of clustering by measuring how similar an object is to its own cluster compared to other clusters,an unsupervised learning technique used to discover interesting relationships between variables in large datasets,a density-based clustering algorithm that groups points closely packed together and marks outliers as noise,a technique used to reduce the number of features in a dataset while retaining important information,B,association rule learning is: an unsupervised learning technique used to discover interesting relationships between variables in large datasets,ML – Machine Learning,Unsupervised Learning
"A classifier has 155 true positives, 42 true negatives, 60 false positives, and 60 false negatives. What is its accuracy (rounded to 2 decimal places)?",0.62,0.52,0.32,0.47,A,Accuracy = (TP+TN)/(TP+TN+FP+FN) = (155+42)/(155+42+60+60) = 0.62.,ML – Machine Learning,Model Evaluation
A classifier has 59 true positives and 12 false negatives. What is its recall (rounded to 2 decimal places)?,0.68,0.83,0.73,0.98,B,Recall = TP / (TP + FN) = 59 / (59 + 12) = 0.83.,ML – Machine Learning,Model Evaluation
"Fill in the blank: ______ refers to ""a technique that allows support vector machines to operate in high-dimensional space without explicitly computing coordinates in that space"".",a Gini index (in decision trees),a support vector machine (SVM),a Gaussian (RBF) kernel,a kernel trick (in SVM),D,a kernel trick (in SVM) refers to: a technique that allows support vector machines to operate in high-dimensional space without explicitly computing coordinates in that space,ML – Machine Learning,Classification
Which statement correctly describes clustering?,a dimensionality reduction technique often used for visualising high-dimensional data in two or three dimensions,an unsupervised learning technique that groups similar data points together based on shared characteristics,a popular clustering algorithm that partitions data into k clusters based on distance from cluster centroids,a clustering method that builds a tree of clusters by either merging or splitting groups iteratively,B,"By definition, clustering is: an unsupervised learning technique that groups similar data points together based on shared characteristics",ML – Machine Learning,Unsupervised Learning
"Which term matches this description: ""a technique used to prevent overfitting by adding a penalty term to a model's loss function""?",regularisation,a training dataset,k-fold cross-validation,transfer learning (in ML),A,The description matches regularisation: a technique used to prevent overfitting by adding a penalty term to a model's loss function,ML – Machine Learning,ML Basics
"Fill in the blank: ______ refers to ""a layer in a neural network where every neuron is connected to every neuron in the previous layer"".",stochastic gradient descent (SGD),standardisation (in ML),a Hidden Markov Model (HMM),a fully connected layer,D,a fully connected layer refers to: a layer in a neural network where every neuron is connected to every neuron in the previous layer,ML – Machine Learning,ML Basics
Which statement correctly describes a support vector machine (SVM)?,"a measure used to evaluate the quality of a split in a decision tree, based on the impurity of resulting subsets",a measure of impurity or disorder used to determine the best splits when building a decision tree,a supervised learning algorithm that finds the optimal boundary (hyperplane) to separate data into classes,"a metric used to decide which feature to split on at each step, based on the reduction in entropy",C,"By definition, a support vector machine (SVM) is: a supervised learning algorithm that finds the optimal boundary (hyperplane) to separate data into classes",ML – Machine Learning,Classification
"A classifier has precision 0.75 and recall 0.99 (from 159 TP, 54 FP, 2 FN). What is its F1 score (rounded to 2 decimal places)?",0.55,0.75,0.95,0.85,D,F1 = 2×(Precision×Recall)/(Precision+Recall) = 2×(0.75×0.99)/(0.75+0.99) = 0.85.,ML – Machine Learning,Model Evaluation
A classifier has 44 true positives and 19 false negatives. What is its recall (rounded to 2 decimal places)?,0.70,0.60,0.55,0.80,A,Recall = TP / (TP + FN) = 44 / (44 + 19) = 0.70.,ML – Machine Learning,Model Evaluation
A classifier has 90 true positives and 45 false positives. What is its precision (rounded to 2 decimal places)?,0.57,0.77,0.97,0.67,D,Precision = TP / (TP + FP) = 90 / (90 + 45) = 0.67.,ML – Machine Learning,Model Evaluation
A classifier has 71 true positives and 24 false positives. What is its precision (rounded to 2 decimal places)?,0.85,1.00,0.95,0.75,D,Precision = TP / (TP + FP) = 71 / (71 + 24) = 0.75.,ML – Machine Learning,Model Evaluation
"Fill in the blank: ______ refers to ""a machine learning technique used to identify data points that deviate significantly from the norm"".",t-SNE (t-distributed Stochastic Neighbor Embedding),DBSCAN,anomaly detection,silhouette score,C,anomaly detection refers to: a machine learning technique used to identify data points that deviate significantly from the norm,ML – Machine Learning,Unsupervised Learning
What is a Gaussian (RBF) kernel?,"a boosting algorithm that combines multiple weak classifiers, giving more weight to previously misclassified examples",a measure of impurity or disorder used to determine the best splits when building a decision tree,"a probabilistic classification algorithm based on Bayes' theorem, assuming independence between features",a commonly used kernel function in support vector machines that measures similarity based on distance,D,a Gaussian (RBF) kernel is: a commonly used kernel function in support vector machines that measures similarity based on distance,ML – Machine Learning,Classification
"Fill in the blank: ______ refers to ""a cross-validation technique where data is divided into k subsets, with each subset used once as a test set"".",the Iris dataset,k-fold cross-validation,an epoch (in ML),missing data imputation,B,"k-fold cross-validation refers to: a cross-validation technique where data is divided into k subsets, with each subset used once as a test set",ML – Machine Learning,ML Basics
"A classifier has 184 true positives, 47 true negatives, 61 false positives, and 62 false negatives. What is its accuracy (rounded to 2 decimal places)?",0.45,0.95,0.65,0.80,C,Accuracy = (TP+TN)/(TP+TN+FP+FN) = (184+47)/(184+47+61+62) = 0.65.,ML – Machine Learning,Model Evaluation
Which statement correctly describes XGBoost?,an individual measurable property or characteristic used as input to a machine learning model,"a popular and efficient implementation of gradient boosting, widely used in machine learning competitions","a classic, small dataset in machine learning containing measurements of iris flowers, often used to teach classification",an optimisation algorithm used to minimise a model's error by iteratively adjusting parameters in the direction of steepest descent,B,"By definition, XGBoost is: a popular and efficient implementation of gradient boosting, widely used in machine learning competitions",ML – Machine Learning,ML Basics
Which statement correctly describes Principal Component Analysis (PCA)?,a density-based clustering algorithm that groups points closely packed together and marks outliers as noise,a dimensionality reduction technique that transforms data into a smaller set of uncorrelated variables called principal components,a technique used to determine the optimal number of clusters in k-means clustering by plotting variance explained against cluster count,an application of association rule learning used to discover products frequently purchased together,B,"By definition, Principal Component Analysis (PCA) is: a dimensionality reduction technique that transforms data into a smaller set of uncorrelated variables called principal components",ML – Machine Learning,Unsupervised Learning
"Which term matches this description: ""a standard, publicly available dataset used to compare the performance of different machine learning models""?",feature engineering,a benchmark dataset (in ML),reinforcement learning,a convolutional layer,B,"The description matches a benchmark dataset (in ML): a standard, publicly available dataset used to compare the performance of different machine learning models",ML – Machine Learning,ML Basics
"A classifier has 132 true positives, 9 true negatives, 18 false positives, and 60 false negatives. What is its accuracy (rounded to 2 decimal places)?",0.94,0.44,0.64,0.54,C,Accuracy = (TP+TN)/(TP+TN+FP+FN) = (132+9)/(132+9+18+60) = 0.64.,ML – Machine Learning,Model Evaluation
"Which term matches this description: ""a regularisation technique that adds the absolute value of coefficients as a penalty, which can shrink some coefficients to zero""?",data cleaning,bootstrapping (in statistics/ML),undersampling (in ML),L1 regularisation (Lasso),D,"The description matches L1 regularisation (Lasso): a regularisation technique that adds the absolute value of coefficients as a penalty, which can shrink some coefficients to zero",ML – Machine Learning,ML Basics
"Which term matches this description: ""an open-source web application that allows users to create documents containing live code, equations, and visualisations""?",CatBoost,a pipeline (in scikit-learn),scikit-learn,Jupyter Notebook,D,"The description matches Jupyter Notebook: an open-source web application that allows users to create documents containing live code, equations, and visualisations",ML – Machine Learning,ML Tools
"A classifier has 132 true positives, 82 true negatives, 25 false positives, and 43 false negatives. What is its accuracy (rounded to 2 decimal places)?",0.66,0.96,0.76,0.61,C,Accuracy = (TP+TN)/(TP+TN+FP+FN) = (132+82)/(132+82+25+43) = 0.76.,ML – Machine Learning,Model Evaluation
A classifier has 130 true positives and 80 false negatives. What is its recall (rounded to 2 decimal places)?,0.47,0.77,0.62,0.72,C,Recall = TP / (TP + FN) = 130 / (130 + 80) = 0.62.,ML – Machine Learning,Model Evaluation
"A classifier has 171 true positives, 77 true negatives, 92 false positives, and 51 false negatives. What is its accuracy (rounded to 2 decimal places)?",0.33,0.83,0.53,0.63,D,Accuracy = (TP+TN)/(TP+TN+FP+FN) = (171+77)/(171+77+92+51) = 0.63.,ML – Machine Learning,Model Evaluation
A classifier has 70 true positives and 29 false negatives. What is its recall (rounded to 2 decimal places)?,0.61,0.81,0.91,0.71,D,Recall = TP / (TP + FN) = 70 / (70 + 29) = 0.71.,ML – Machine Learning,Model Evaluation
What is a bagging classifier?,an ensemble method that trains multiple instances of a model on different bootstrapped subsets of data and averages their predictions,a supervised learning algorithm that finds the optimal boundary (hyperplane) to separate data into classes,a commonly used kernel function in support vector machines that measures similarity based on distance,a measure of impurity or disorder used to determine the best splits when building a decision tree,A,a bagging classifier is: an ensemble method that trains multiple instances of a model on different bootstrapped subsets of data and averages their predictions,ML – Machine Learning,Classification
Which statement correctly describes oversampling (in ML)?,a technique used to address class imbalance by increasing the number of examples in the minority class,an individual measurable property or characteristic used as input to a machine learning model,a subset of AI that enables systems to learn patterns from data and improve performance without being explicitly programmed,the known output or target value associated with an input example in supervised learning,A,"By definition, oversampling (in ML) is: a technique used to address class imbalance by increasing the number of examples in the minority class",ML – Machine Learning,ML Basics
A classifier has 175 true positives and 56 false negatives. What is its recall (rounded to 2 decimal places)?,0.91,0.86,0.96,0.76,D,Recall = TP / (TP + FN) = 175 / (175 + 56) = 0.76.,ML – Machine Learning,Model Evaluation
Which statement correctly describes undersampling (in ML)?,a technique for assessing how well a model generalises by partitioning data into multiple training and testing subsets,"a widely used benchmark dataset of handwritten digit images, commonly used to test image classification models","a classic, small dataset in machine learning containing measurements of iris flowers, often used to teach classification",a technique used to address class imbalance by reducing the number of examples in the majority class,D,"By definition, undersampling (in ML) is: a technique used to address class imbalance by reducing the number of examples in the majority class",ML – Machine Learning,ML Basics
"Which term matches this description: ""a regularisation technique that halts training once model performance on a validation set stops improving""?",A/B testing (in ML),early stopping,standardisation (in ML),a feature (in ML),B,The description matches early stopping: a regularisation technique that halts training once model performance on a validation set stops improving,ML – Machine Learning,ML Basics
"Which term matches this description: ""a method of comparing two versions of a model or system to determine which performs better in a real-world setting""?",transfer learning (in ML),LIME (Local Interpretable Model-agnostic Explanations),A/B testing (in ML),a decision boundary,C,The description matches A/B testing (in ML): a method of comparing two versions of a model or system to determine which performs better in a real-world setting,ML – Machine Learning,ML Basics
A classifier has 5 true positives and 40 false negatives. What is its recall (rounded to 2 decimal places)?,0.00,0.31,0.11,0.41,C,Recall = TP / (TP + FN) = 5 / (5 + 40) = 0.11.,ML – Machine Learning,Model Evaluation
"A classifier has precision 0.67 and recall 0.34 (from 51 TP, 25 FP, 100 FN). What is its F1 score (rounded to 2 decimal places)?",0.30,0.55,0.45,0.35,C,F1 = 2×(Precision×Recall)/(Precision+Recall) = 2×(0.67×0.34)/(0.67+0.34) = 0.45.,ML – Machine Learning,Model Evaluation
What is the elbow method?,a density-based clustering algorithm that groups points closely packed together and marks outliers as noise,a dimensionality reduction technique often used for visualising high-dimensional data in two or three dimensions,a popular clustering algorithm that partitions data into k clusters based on distance from cluster centroids,a technique used to determine the optimal number of clusters in k-means clustering by plotting variance explained against cluster count,D,the elbow method is: a technique used to determine the optimal number of clusters in k-means clustering by plotting variance explained against cluster count,ML – Machine Learning,Unsupervised Learning
A classifier has 142 true positives and 22 false negatives. What is its recall (rounded to 2 decimal places)?,0.77,0.87,0.97,1.00,B,Recall = TP / (TP + FN) = 142 / (142 + 22) = 0.87.,ML – Machine Learning,Model Evaluation
Which statement correctly describes a confusion matrix?,a metric that measures the proportion of actual positives correctly identified by a model,a table used to evaluate classification model performance by comparing predicted and actual class labels,a common metric used to evaluate regression models by measuring the average squared difference between predicted and actual values,a statistical measure indicating how well a regression model's predictions approximate the actual data,B,"By definition, a confusion matrix is: a table used to evaluate classification model performance by comparing predicted and actual class labels",ML – Machine Learning,Model Evaluation
Which statement correctly describes dimensionality reduction?,a dimensionality reduction technique often used for visualising high-dimensional data in two or three dimensions,an application of association rule learning used to discover products frequently purchased together,a technique used to reduce the number of features in a dataset while retaining important information,a popular clustering algorithm that partitions data into k clusters based on distance from cluster centroids,C,"By definition, dimensionality reduction is: a technique used to reduce the number of features in a dataset while retaining important information",ML – Machine Learning,Unsupervised Learning
"Fill in the blank: ______ refers to ""a machine learning task that assigns a label to an image based on its visual content"".",time series forecasting,image classification,object detection,speech-to-text conversion,B,image classification refers to: a machine learning task that assigns a label to an image based on its visual content,ML – Machine Learning,ML Applications
A classifier has 165 true positives and 35 false positives. What is its precision (rounded to 2 decimal places)?,0.82,0.72,0.97,0.52,A,Precision = TP / (TP + FP) = 165 / (165 + 35) = 0.82.,ML – Machine Learning,Model Evaluation
A classifier has 148 true positives and 97 false negatives. What is its recall (rounded to 2 decimal places)?,0.40,0.50,0.60,0.80,C,Recall = TP / (TP + FN) = 148 / (148 + 97) = 0.60.,ML – Machine Learning,Model Evaluation
Which statement correctly describes pandas?,"a fundamental Python library used for numerical computing, providing support for arrays and matrices","an open-source machine learning framework developed by Google, widely used for building deep learning models","a popular Python library used for data manipulation and analysis, especially with tabular data",a tool that chains together multiple data processing and modelling steps into a single workflow,C,"By definition, pandas is: a popular Python library used for data manipulation and analysis, especially with tabular data",ML – Machine Learning,ML Tools
A classifier has 5 true positives and 20 false positives. What is its precision (rounded to 2 decimal places)?,0.50,0.20,0.05,0.35,B,Precision = TP / (TP + FP) = 5 / (5 + 20) = 0.20.,ML – Machine Learning,Model Evaluation
What is market basket analysis?,a density-based clustering algorithm that groups points closely packed together and marks outliers as noise,a metric used to evaluate the quality of clustering by measuring how similar an object is to its own cluster compared to other clusters,an application of association rule learning used to discover products frequently purchased together,an unsupervised learning technique used to discover interesting relationships between variables in large datasets,C,market basket analysis is: an application of association rule learning used to discover products frequently purchased together,ML – Machine Learning,Unsupervised Learning
A classifier has 182 true positives and 1 false negatives. What is its recall (rounded to 2 decimal places)?,0.89,0.84,1.00,0.99,D,Recall = TP / (TP + FN) = 182 / (182 + 1) = 0.99.,ML – Machine Learning,Model Evaluation
"A classifier has precision 0.65 and recall 0.58 (from 118 TP, 63 FP, 84 FN). What is its F1 score (rounded to 2 decimal places)?",0.82,0.72,0.62,0.47,C,F1 = 2×(Precision×Recall)/(Precision+Recall) = 2×(0.65×0.58)/(0.65+0.58) = 0.62.,ML – Machine Learning,Model Evaluation
Which statement correctly describes learning rate (in ML)?,an optimisation algorithm used to minimise a model's error by iteratively adjusting parameters in the direction of steepest descent,a machine learning approach where an agent learns to make decisions by receiving rewards or penalties from its environment,a hyperparameter that controls the size of the steps taken when updating model parameters during training,the process of selecting the optimal configuration settings for a machine learning model to maximise performance,C,"By definition, learning rate (in ML) is: a hyperparameter that controls the size of the steps taken when updating model parameters during training",ML – Machine Learning,ML Basics
"Fill in the blank: ______ refers to ""a hyperparameter tuning method that exhaustively tries all possible combinations of specified parameter values"".",a fully connected layer,oversampling (in ML),missing data imputation,grid search,D,grid search refers to: a hyperparameter tuning method that exhaustively tries all possible combinations of specified parameter values,ML – Machine Learning,ML Basics
"Which term matches this description: ""a boosting algorithm that combines multiple weak classifiers, giving more weight to previously misclassified examples""?",a classification problem,pruning (in decision trees),multi-class classification,AdaBoost,D,"The description matches AdaBoost: a boosting algorithm that combines multiple weak classifiers, giving more weight to previously misclassified examples",ML – Machine Learning,Classification
"Fill in the blank: ______ refers to ""a method of comparing two versions of a model or system to determine which performs better in a real-world setting"".",standardisation (in ML),A/B testing (in ML),boosting,XGBoost,B,A/B testing (in ML) refers to: a method of comparing two versions of a model or system to determine which performs better in a real-world setting,ML – Machine Learning,ML Basics
What is cross-validation?,a technique that explains individual predictions of any classifier by approximating it locally with an interpretable model,"the process of adjusting the range of independent variables in a dataset, often required before applying certain algorithms",a technique for assessing how well a model generalises by partitioning data into multiple training and testing subsets,a regularisation technique that adds the squared value of coefficients as a penalty to prevent overly large weights,C,cross-validation is: a technique for assessing how well a model generalises by partitioning data into multiple training and testing subsets,ML – Machine Learning,ML Basics
A classifier has 106 true positives and 32 false positives. What is its precision (rounded to 2 decimal places)?,0.77,0.47,0.62,0.92,A,Precision = TP / (TP + FP) = 106 / (106 + 32) = 0.77.,ML – Machine Learning,Model Evaluation
Which statement correctly describes deep learning?,a regularisation technique that halts training once model performance on a validation set stops improving,a subset of machine learning that uses neural networks with many layers to model complex patterns in data,the portion of data used to evaluate the performance of a trained machine learning model on unseen examples,a method of comparing two versions of a model or system to determine which performs better in a real-world setting,B,"By definition, deep learning is: a subset of machine learning that uses neural networks with many layers to model complex patterns in data",ML – Machine Learning,ML Basics
"A classifier has precision 0.59 and recall 0.52 (from 92 TP, 65 FP, 84 FN). What is its F1 score (rounded to 2 decimal places)?",0.45,0.70,0.55,0.85,C,F1 = 2×(Precision×Recall)/(Precision+Recall) = 2×(0.59×0.52)/(0.59+0.52) = 0.55.,ML – Machine Learning,Model Evaluation
A classifier has 61 true positives and 97 false negatives. What is its recall (rounded to 2 decimal places)?,0.39,0.19,0.49,0.29,A,Recall = TP / (TP + FN) = 61 / (61 + 97) = 0.39.,ML – Machine Learning,Model Evaluation
"A classifier has 6 true positives, 200 true negatives, 47 false positives, and 91 false negatives. What is its accuracy (rounded to 2 decimal places)?",0.30,0.60,0.45,0.70,B,Accuracy = (TP+TN)/(TP+TN+FP+FN) = (6+200)/(6+200+47+91) = 0.60.,ML – Machine Learning,Model Evaluation
A classifier has 48 true positives and 95 false positives. What is its precision (rounded to 2 decimal places)?,0.14,0.04,0.49,0.34,D,Precision = TP / (TP + FP) = 48 / (48 + 95) = 0.34.,ML – Machine Learning,Model Evaluation
Which statement correctly describes linear regression?,a statistical method used to model the relationship between a dependent variable and one or more independent variables using a straight line,"a machine learning approach where a model is trained on labelled data, learning to map inputs to known outputs","an open-source machine learning framework developed by Google, widely used for building deep learning models",the process of selecting the optimal configuration settings for a machine learning model to maximise performance,A,"By definition, linear regression is: a statistical method used to model the relationship between a dependent variable and one or more independent variables using a straight line",ML – Machine Learning,Regression
Which statement correctly describes feature scaling?,"the process of adjusting the range of independent variables in a dataset, often required before applying certain algorithms",the process of integrating a trained machine learning model into a production environment for real-world use,a subset of data used during training to tune model hyperparameters and prevent overfitting,a technique used to fill in missing values in a dataset using estimated or calculated values,A,"By definition, feature scaling is: the process of adjusting the range of independent variables in a dataset, often required before applying certain algorithms",ML – Machine Learning,ML Basics
"Fill in the blank: ______ refers to ""a regularisation technique that halts training once model performance on a validation set stops improving"".",the MNIST dataset,early stopping,outlier detection,a testing dataset,B,early stopping refers to: a regularisation technique that halts training once model performance on a validation set stops improving,ML – Machine Learning,ML Basics
"Fill in the blank: ______ refers to ""a situation in regression analysis where two or more independent variables are highly correlated with each other"".",a pooling layer,batch normalisation,multicollinearity,k-nearest neighbours (KNN),C,multicollinearity refers to: a situation in regression analysis where two or more independent variables are highly correlated with each other,ML – Machine Learning,Regression
A classifier has 33 true positives and 52 false positives. What is its precision (rounded to 2 decimal places)?,0.39,0.54,0.29,0.59,A,Precision = TP / (TP + FP) = 33 / (33 + 52) = 0.39.,ML – Machine Learning,Model Evaluation
A classifier has 24 true positives and 10 false negatives. What is its recall (rounded to 2 decimal places)?,1.00,0.71,0.91,0.41,B,Recall = TP / (TP + FN) = 24 / (24 + 10) = 0.71.,ML – Machine Learning,Model Evaluation
A classifier has 18 true positives and 100 false negatives. What is its recall (rounded to 2 decimal places)?,0.45,0.15,0.35,0.00,B,Recall = TP / (TP + FN) = 18 / (18 + 100) = 0.15.,ML – Machine Learning,Model Evaluation
"A classifier has 29 true positives, 177 true negatives, 34 false positives, and 50 false negatives. What is its accuracy (rounded to 2 decimal places)?",0.56,1.00,0.51,0.71,D,Accuracy = (TP+TN)/(TP+TN+FP+FN) = (29+177)/(29+177+34+50) = 0.71.,ML – Machine Learning,Model Evaluation
A classifier has 110 true positives and 20 false positives. What is its precision (rounded to 2 decimal places)?,0.95,0.75,0.65,0.85,D,Precision = TP / (TP + FP) = 110 / (110 + 20) = 0.85.,ML – Machine Learning,Model Evaluation
What is a loss function (in ML)?,a situation in classification problems where one class significantly outnumbers other classes in the training data,a technique used to fill in missing values in a dataset using estimated or calculated values,a mathematical function that quantifies the difference between a model's predictions and the actual target values,a hyperparameter tuning method that exhaustively tries all possible combinations of specified parameter values,C,a loss function (in ML) is: a mathematical function that quantifies the difference between a model's predictions and the actual target values,ML – Machine Learning,ML Basics
A classifier has 65 true positives and 31 false positives. What is its precision (rounded to 2 decimal places)?,0.68,0.53,0.48,0.83,A,Precision = TP / (TP + FP) = 65 / (65 + 31) = 0.68.,ML – Machine Learning,Model Evaluation
What is a benchmark dataset (in ML)?,a subset of data used during training to tune model hyperparameters and prevent overfitting,"a standard, publicly available dataset used to compare the performance of different machine learning models","a classic, small dataset in machine learning containing measurements of iris flowers, often used to teach classification",a machine learning approach that uses a small amount of labelled data combined with a larger amount of unlabelled data,B,"a benchmark dataset (in ML) is: a standard, publicly available dataset used to compare the performance of different machine learning models",ML – Machine Learning,ML Basics
"Fill in the blank: ______ refers to ""a layer of nodes between the input and output layers of a neural network, used to learn intermediate representations"".",a hidden layer (in a neural network),the ImageNet dataset,a Hidden Markov Model (HMM),Machine Learning (ML),A,"a hidden layer (in a neural network) refers to: a layer of nodes between the input and output layers of a neural network, used to learn intermediate representations",ML – Machine Learning,ML Basics
"Fill in the blank: ______ refers to ""a large visual database used for training and benchmarking image classification and object detection models"".",the ImageNet dataset,L2 regularisation (Ridge),a convolutional layer,a benchmark dataset (in ML),A,the ImageNet dataset refers to: a large visual database used for training and benchmarking image classification and object detection models,ML – Machine Learning,ML Basics
A classifier has 180 true positives and 3 false positives. What is its precision (rounded to 2 decimal places)?,0.98,0.83,0.68,0.78,A,Precision = TP / (TP + FP) = 180 / (180 + 3) = 0.98.,ML – Machine Learning,Model Evaluation
Which statement correctly describes entropy (in decision trees)?,a supervised learning algorithm that finds the optimal boundary (hyperplane) to separate data into classes,"a measure used to evaluate the quality of a split in a decision tree, based on the impurity of resulting subsets",a decision boundary in a support vector machine that separates data points of different classes in high-dimensional space,a measure of impurity or disorder used to determine the best splits when building a decision tree,D,"By definition, entropy (in decision trees) is: a measure of impurity or disorder used to determine the best splits when building a decision tree",ML – Machine Learning,Classification
"A classifier has precision 0.65 and recall 0.32 (from 20 TP, 11 FP, 42 FN). What is its F1 score (rounded to 2 decimal places)?",0.23,0.43,0.53,0.73,B,F1 = 2×(Precision×Recall)/(Precision+Recall) = 2×(0.65×0.32)/(0.65+0.32) = 0.43.,ML – Machine Learning,Model Evaluation
What is hierarchical clustering?,a density-based clustering algorithm that groups points closely packed together and marks outliers as noise,a dimensionality reduction technique that transforms data into a smaller set of uncorrelated variables called principal components,a clustering method that builds a tree of clusters by either merging or splitting groups iteratively,a dimensionality reduction technique often used for visualising high-dimensional data in two or three dimensions,C,hierarchical clustering is: a clustering method that builds a tree of clusters by either merging or splitting groups iteratively,ML – Machine Learning,Unsupervised Learning
A classifier has 119 true positives and 95 false negatives. What is its recall (rounded to 2 decimal places)?,0.46,0.56,0.36,0.86,B,Recall = TP / (TP + FN) = 119 / (119 + 95) = 0.56.,ML – Machine Learning,Model Evaluation
"A classifier has 190 true positives, 65 true negatives, 45 false positives, and 29 false negatives. What is its accuracy (rounded to 2 decimal places)?",0.78,0.68,0.48,0.98,A,Accuracy = (TP+TN)/(TP+TN+FP+FN) = (190+65)/(190+65+45+29) = 0.78.,ML – Machine Learning,Model Evaluation
"Fill in the blank: ______ refers to ""a form of regression analysis in which the relationship between the independent and dependent variable is modelled as an nth degree polynomial"".",a Gini index (in decision trees),pruning (in decision trees),polynomial regression,image classification,C,polynomial regression refers to: a form of regression analysis in which the relationship between the independent and dependent variable is modelled as an nth degree polynomial,ML – Machine Learning,Regression
What is polynomial regression?,a machine learning technique used in recommendation systems that makes predictions based on user behaviour patterns,a form of regression analysis in which the relationship between the independent and dependent variable is modelled as an nth degree polynomial,a regularisation technique that adds the squared value of coefficients as a penalty to prevent overly large weights,a metric that combines precision and recall into a single value using their harmonic mean,B,polynomial regression is: a form of regression analysis in which the relationship between the independent and dependent variable is modelled as an nth degree polynomial,ML – Machine Learning,Regression
A classifier has 104 true positives and 72 false negatives. What is its recall (rounded to 2 decimal places)?,0.59,0.69,0.39,0.89,A,Recall = TP / (TP + FN) = 104 / (104 + 72) = 0.59.,ML – Machine Learning,Model Evaluation
"A classifier has 134 true positives, 37 true negatives, 72 false positives, and 17 false negatives. What is its accuracy (rounded to 2 decimal places)?",0.66,0.46,0.86,0.51,A,Accuracy = (TP+TN)/(TP+TN+FP+FN) = (134+37)/(134+37+72+17) = 0.66.,ML – Machine Learning,Model Evaluation
What is speech-to-text conversion?,a machine learning task that identifies and locates specific objects within an image,a machine learning task that assigns a label to an image based on its visual content,a machine learning application that transcribes spoken language into written text,a machine learning task that involves predicting future values based on previously observed sequential data,C,speech-to-text conversion is: a machine learning application that transcribes spoken language into written text,ML – Machine Learning,ML Applications
What is binary classification?,"a statistical method used for binary classification, predicting the probability of an outcome belonging to a particular class",a classification task involving more than two possible output classes,"a metric used to decide which feature to split on at each step, based on the reduction in entropy","a classification task involving exactly two possible output classes, such as spam or not spam",D,"binary classification is: a classification task involving exactly two possible output classes, such as spam or not spam",ML – Machine Learning,Classification
"Which term matches this description: ""the process of selecting, transforming, and creating input variables to improve a machine learning model's performance""?",data leakage,a Markov chain,the MNIST dataset,feature engineering,D,"The description matches feature engineering: the process of selecting, transforming, and creating input variables to improve a machine learning model's performance",ML – Machine Learning,ML Basics
A classifier has 16 true positives and 55 false negatives. What is its recall (rounded to 2 decimal places)?,0.13,0.23,0.00,0.38,B,Recall = TP / (TP + FN) = 16 / (16 + 55) = 0.23.,ML – Machine Learning,Model Evaluation
"Fill in the blank: ______ refers to ""a regression technique that combines both L1 and L2 regularisation penalties"".",bootstrapping (in statistics/ML),data cleaning,multicollinearity,elastic net regression,D,elastic net regression refers to: a regression technique that combines both L1 and L2 regularisation penalties,ML – Machine Learning,Regression
Which statement correctly describes the Iris dataset?,"a classic, small dataset in machine learning containing measurements of iris flowers, often used to teach classification",the process of choosing the most relevant variables from a dataset to use in model training,"a boosting technique that builds models sequentially, each minimising the errors of the combined previous models","a widely used benchmark dataset of handwritten digit images, commonly used to test image classification models",A,"By definition, the Iris dataset is: a classic, small dataset in machine learning containing measurements of iris flowers, often used to teach classification",ML – Machine Learning,ML Basics
A classifier has 13 true positives and 60 false positives. What is its precision (rounded to 2 decimal places)?,0.38,0.08,0.00,0.18,D,Precision = TP / (TP + FP) = 13 / (13 + 60) = 0.18.,ML – Machine Learning,Model Evaluation
"Which term matches this description: ""a cross-validation technique where data is divided into k subsets, with each subset used once as a test set""?",learning rate (in ML),SHAP (SHapley Additive exPlanations),k-fold cross-validation,class imbalance,C,"The description matches k-fold cross-validation: a cross-validation technique where data is divided into k subsets, with each subset used once as a test set",ML – Machine Learning,ML Basics
What is a training dataset?,the portion of data used to teach a machine learning model to recognise patterns,"a layer of nodes between the input and output layers of a neural network, used to learn intermediate representations",a technique that explains individual predictions of any classifier by approximating it locally with an interpretable model,a phenomenon where a deployed model's performance degrades over time due to changes in the underlying data patterns,A,a training dataset is: the portion of data used to teach a machine learning model to recognise patterns,ML – Machine Learning,ML Basics
Which statement correctly describes regularisation?,a technique used to address class imbalance by reducing the number of examples in the majority class,a technique used to prevent overfitting by adding a penalty term to a model's loss function,"a variation of gradient descent that updates model parameters using one training example at a time, rather than the full dataset",the process of choosing the most relevant variables from a dataset to use in model training,B,"By definition, regularisation is: a technique used to prevent overfitting by adding a penalty term to a model's loss function",ML – Machine Learning,ML Basics
"Which term matches this description: ""a mathematical model describing a sequence of events where the probability of each event depends only on the state attained in the previous event""?",a Markov chain,A/B testing (in ML),boosting,a data pipeline,A,The description matches a Markov chain: a mathematical model describing a sequence of events where the probability of each event depends only on the state attained in the previous event,ML – Machine Learning,ML Basics
"A classifier has precision 0.70 and recall 0.87 (from 137 TP, 60 FP, 20 FN). What is its F1 score (rounded to 2 decimal places)?",0.67,0.77,1.00,0.97,B,F1 = 2×(Precision×Recall)/(Precision+Recall) = 2×(0.70×0.87)/(0.70+0.87) = 0.77.,ML – Machine Learning,Model Evaluation
"A classifier has precision 0.78 and recall 0.69 (from 196 TP, 55 FP, 90 FN). What is its F1 score (rounded to 2 decimal places)?",0.58,0.63,0.73,0.53,C,F1 = 2×(Precision×Recall)/(Precision+Recall) = 2×(0.78×0.69)/(0.78+0.69) = 0.73.,ML – Machine Learning,Model Evaluation
What is a testing dataset?,the process of selecting the optimal configuration settings for a machine learning model to maximise performance,a subset of data used during training to tune model hyperparameters and prevent overfitting,the portion of data used to teach a machine learning model to recognise patterns,the portion of data used to evaluate the performance of a trained machine learning model on unseen examples,D,a testing dataset is: the portion of data used to evaluate the performance of a trained machine learning model on unseen examples,ML – Machine Learning,ML Basics
"A classifier has 79 true positives, 121 true negatives, 19 false positives, and 43 false negatives. What is its accuracy (rounded to 2 decimal places)?",0.56,0.76,1.00,0.66,B,Accuracy = (TP+TN)/(TP+TN+FP+FN) = (79+121)/(79+121+19+43) = 0.76.,ML – Machine Learning,Model Evaluation
"Which term matches this description: ""a modelling error where a model is too simple to capture the underlying pattern in the data""?",underfitting,deep learning,batch size (in ML),Machine Learning (ML),A,The description matches underfitting: a modelling error where a model is too simple to capture the underlying pattern in the data,ML – Machine Learning,ML Basics
What is early stopping?,the number of training examples used in one iteration of model parameter updates,"a standard, publicly available dataset used to compare the performance of different machine learning models",a regularisation technique that halts training once model performance on a validation set stops improving,a subset of data used during training to tune model hyperparameters and prevent overfitting,C,early stopping is: a regularisation technique that halts training once model performance on a validation set stops improving,ML – Machine Learning,ML Basics
A classifier has 6 true positives and 6 false positives. What is its precision (rounded to 2 decimal places)?,0.30,0.35,0.50,0.70,C,Precision = TP / (TP + FP) = 6 / (6 + 6) = 0.50.,ML – Machine Learning,Model Evaluation
"A classifier has precision 0.66 and recall 0.74 (from 57 TP, 30 FP, 20 FN). What is its F1 score (rounded to 2 decimal places)?",0.80,1.00,0.70,0.85,C,F1 = 2×(Precision×Recall)/(Precision+Recall) = 2×(0.66×0.74)/(0.66+0.74) = 0.70.,ML – Machine Learning,Model Evaluation
A classifier has 52 true positives and 29 false positives. What is its precision (rounded to 2 decimal places)?,0.64,0.34,0.79,0.84,A,Precision = TP / (TP + FP) = 52 / (52 + 29) = 0.64.,ML – Machine Learning,Model Evaluation
A classifier has 88 true positives and 65 false negatives. What is its recall (rounded to 2 decimal places)?,0.58,0.38,0.28,0.68,A,Recall = TP / (TP + FN) = 88 / (88 + 65) = 0.58.,ML – Machine Learning,Model Evaluation
"Fill in the blank: ______ refers to ""a machine learning application that predicts user preferences and suggests relevant items, such as movies or products"".",time series forecasting,speech-to-text conversion,a recommender system,content-based recommendation,C,"a recommender system refers to: a machine learning application that predicts user preferences and suggests relevant items, such as movies or products",ML – Machine Learning,ML Applications
What is silhouette score?,a metric used to evaluate the quality of clustering by measuring how similar an object is to its own cluster compared to other clusters,a machine learning technique used to identify data points that deviate significantly from the norm,a popular clustering algorithm that partitions data into k clusters based on distance from cluster centroids,a technique used to determine the optimal number of clusters in k-means clustering by plotting variance explained against cluster count,A,silhouette score is: a metric used to evaluate the quality of clustering by measuring how similar an object is to its own cluster compared to other clusters,ML – Machine Learning,Unsupervised Learning
What is model accuracy?,a metric that measures the proportion of correct predictions made by a classification model,a metric that combines precision and recall into a single value using their harmonic mean,a metric that summarises the overall performance of a classification model based on its ROC curve,a metric that measures the proportion of true positive predictions among all positive predictions made by a model,A,model accuracy is: a metric that measures the proportion of correct predictions made by a classification model,ML – Machine Learning,Model Evaluation
"A classifier has precision 0.63 and recall 0.91 (from 84 TP, 49 FP, 8 FN). What is its F1 score (rounded to 2 decimal places)?",0.75,0.60,0.45,0.85,A,F1 = 2×(Precision×Recall)/(Precision+Recall) = 2×(0.63×0.91)/(0.63+0.91) = 0.75.,ML – Machine Learning,Model Evaluation
A classifier has 62 true positives and 89 false negatives. What is its recall (rounded to 2 decimal places)?,0.41,0.31,0.11,0.26,A,Recall = TP / (TP + FN) = 62 / (62 + 89) = 0.41.,ML – Machine Learning,Model Evaluation
What is a hyperplane (in ML)?,"a metric used to decide which feature to split on at each step, based on the reduction in entropy",a classification task involving more than two possible output classes,"a statistical method used for binary classification, predicting the probability of an outcome belonging to a particular class",a decision boundary in a support vector machine that separates data points of different classes in high-dimensional space,D,a hyperplane (in ML) is: a decision boundary in a support vector machine that separates data points of different classes in high-dimensional space,ML – Machine Learning,Classification
A classifier has 192 true positives and 31 false positives. What is its precision (rounded to 2 decimal places)?,0.71,0.76,0.86,0.96,C,Precision = TP / (TP + FP) = 192 / (192 + 31) = 0.86.,ML – Machine Learning,Model Evaluation
"Which term matches this description: ""a measure of impurity or disorder used to determine the best splits when building a decision tree""?",Naive Bayes classifier,entropy (in decision trees),binary classification,a support vector machine (SVM),B,The description matches entropy (in decision trees): a measure of impurity or disorder used to determine the best splits when building a decision tree,ML – Machine Learning,Classification
"A classifier has precision 0.69 and recall 0.43 (from 34 TP, 15 FP, 45 FN). What is its F1 score (rounded to 2 decimal places)?",0.33,0.68,0.53,0.73,C,F1 = 2×(Precision×Recall)/(Precision+Recall) = 2×(0.69×0.43)/(0.69+0.43) = 0.53.,ML – Machine Learning,Model Evaluation
"Which term matches this description: ""a layer in a neural network that applies filters to detect patterns such as edges or textures, commonly used in image processing""?",early stopping,a convolutional layer,cross-validation,LIME (Local Interpretable Model-agnostic Explanations),B,"The description matches a convolutional layer: a layer in a neural network that applies filters to detect patterns such as edges or textures, commonly used in image processing",ML – Machine Learning,ML Basics
What is standardisation (in ML)?,an optimisation algorithm used to minimise a model's error by iteratively adjusting parameters in the direction of steepest descent,a situation in classification problems where one class significantly outnumbers other classes in the training data,the process of transforming data to have a mean of zero and a standard deviation of one,an ensemble technique that trains multiple models on different random subsets of data and averages their predictions,C,standardisation (in ML) is: the process of transforming data to have a mean of zero and a standard deviation of one,ML – Machine Learning,ML Basics
A classifier has 198 true positives and 81 false positives. What is its precision (rounded to 2 decimal places)?,0.71,0.61,0.86,1.00,A,Precision = TP / (TP + FP) = 198 / (198 + 81) = 0.71.,ML – Machine Learning,Model Evaluation
"Which term matches this description: ""a machine learning application that transcribes spoken language into written text""?",a recommender system,speech-to-text conversion,sentiment classification,time series forecasting,B,The description matches speech-to-text conversion: a machine learning application that transcribes spoken language into written text,ML – Machine Learning,ML Applications
"A classifier has 172 true positives, 57 true negatives, 30 false positives, and 91 false negatives. What is its accuracy (rounded to 2 decimal places)?",0.65,0.50,0.35,0.45,A,Accuracy = (TP+TN)/(TP+TN+FP+FN) = (172+57)/(172+57+30+91) = 0.65.,ML – Machine Learning,Model Evaluation
"A classifier has 26 true positives, 75 true negatives, 74 false positives, and 27 false negatives. What is its accuracy (rounded to 2 decimal places)?",0.50,0.30,0.20,0.65,A,Accuracy = (TP+TN)/(TP+TN+FP+FN) = (26+75)/(26+75+74+27) = 0.50.,ML – Machine Learning,Model Evaluation
"A classifier has precision 0.99 and recall 0.79 (from 185 TP, 1 FP, 50 FN). What is its F1 score (rounded to 2 decimal places)?",0.73,0.88,0.68,0.98,B,F1 = 2×(Precision×Recall)/(Precision+Recall) = 2×(0.99×0.79)/(0.99+0.79) = 0.88.,ML – Machine Learning,Model Evaluation
"A classifier has 55 true positives, 107 true negatives, 2 false positives, and 71 false negatives. What is its accuracy (rounded to 2 decimal places)?",0.69,0.84,0.49,0.99,A,Accuracy = (TP+TN)/(TP+TN+FP+FN) = (55+107)/(55+107+2+71) = 0.69.,ML – Machine Learning,Model Evaluation
"A classifier has 143 true positives, 177 true negatives, 46 false positives, and 7 false negatives. What is its accuracy (rounded to 2 decimal places)?",0.86,0.76,1.00,0.56,A,Accuracy = (TP+TN)/(TP+TN+FP+FN) = (143+177)/(143+177+46+7) = 0.86.,ML – Machine Learning,Model Evaluation
"A classifier has 63 true positives, 57 true negatives, 63 false positives, and 60 false negatives. What is its accuracy (rounded to 2 decimal places)?",0.49,0.39,0.64,0.69,A,Accuracy = (TP+TN)/(TP+TN+FP+FN) = (63+57)/(63+57+63+60) = 0.49.,ML – Machine Learning,Model Evaluation
What is a decision boundary?,one complete pass through the entire training dataset during the model training process,"a popular and efficient implementation of gradient boosting, widely used in machine learning competitions",the line or surface that separates different predicted classes in a classification model's feature space,"the process of scaling numerical data to a common range, often between 0 and 1, to improve model performance",C,a decision boundary is: the line or surface that separates different predicted classes in a classification model's feature space,ML – Machine Learning,ML Basics
"A classifier has 38 true positives, 77 true negatives, 90 false positives, and 58 false negatives. What is its accuracy (rounded to 2 decimal places)?",0.44,0.59,0.54,0.34,A,Accuracy = (TP+TN)/(TP+TN+FP+FN) = (38+77)/(38+77+90+58) = 0.44.,ML – Machine Learning,Model Evaluation
A classifier has 68 true positives and 30 false positives. What is its precision (rounded to 2 decimal places)?,0.39,0.69,0.54,0.59,B,Precision = TP / (TP + FP) = 68 / (68 + 30) = 0.69.,ML – Machine Learning,Model Evaluation
"Fill in the blank: ______ refers to ""machine learning models used by financial institutions to assess the creditworthiness of loan applicants"".",sentiment classification,time series forecasting,demand forecasting,credit scoring models,D,credit scoring models refers to: machine learning models used by financial institutions to assess the creditworthiness of loan applicants,ML – Machine Learning,ML Applications
A classifier has 100 true positives and 35 false positives. What is its precision (rounded to 2 decimal places)?,0.64,0.89,0.74,0.94,C,Precision = TP / (TP + FP) = 100 / (100 + 35) = 0.74.,ML – Machine Learning,Model Evaluation
What is NumPy?,"an open-source web application that allows users to create documents containing live code, equations, and visualisations","an open-source machine learning framework developed by Google, widely used for building deep learning models","a fundamental Python library used for numerical computing, providing support for arrays and matrices","a high-level neural network API that runs on top of frameworks like TensorFlow, designed for ease of use",C,"NumPy is: a fundamental Python library used for numerical computing, providing support for arrays and matrices",ML – Machine Learning,ML Tools
What is k-means clustering?,a metric used to evaluate the quality of clustering by measuring how similar an object is to its own cluster compared to other clusters,a dimensionality reduction technique often used for visualising high-dimensional data in two or three dimensions,a density-based clustering algorithm that groups points closely packed together and marks outliers as noise,a popular clustering algorithm that partitions data into k clusters based on distance from cluster centroids,D,k-means clustering is: a popular clustering algorithm that partitions data into k clusters based on distance from cluster centroids,ML – Machine Learning,Unsupervised Learning
"A classifier has 198 true positives, 30 true negatives, 91 false positives, and 62 false negatives. What is its accuracy (rounded to 2 decimal places)?",0.40,0.60,0.70,0.90,B,Accuracy = (TP+TN)/(TP+TN+FP+FN) = (198+30)/(198+30+91+62) = 0.60.,ML – Machine Learning,Model Evaluation
"Which term matches this description: ""a metric that summarises the overall performance of a classification model based on its ROC curve""?",mean absolute error (MAE),R-squared (coefficient of determination),AUC (Area Under the Curve),recall (in ML),C,The description matches AUC (Area Under the Curve): a metric that summarises the overall performance of a classification model based on its ROC curve,ML – Machine Learning,Model Evaluation
A classifier has 87 true positives and 24 false negatives. What is its recall (rounded to 2 decimal places)?,0.48,0.78,0.58,0.93,B,Recall = TP / (TP + FN) = 87 / (87 + 24) = 0.78.,ML – Machine Learning,Model Evaluation
A classifier has 31 true positives and 83 false positives. What is its precision (rounded to 2 decimal places)?,0.12,0.47,0.27,0.17,C,Precision = TP / (TP + FP) = 31 / (31 + 83) = 0.27.,ML – Machine Learning,Model Evaluation
"Which term matches this description: ""the balance between a model's error due to overly simplistic assumptions (bias) and its sensitivity to small fluctuations in data (variance)""?",a decision boundary,a benchmark dataset (in ML),bias-variance tradeoff,a neural network (in ML context),C,The description matches bias-variance tradeoff: the balance between a model's error due to overly simplistic assumptions (bias) and its sensitivity to small fluctuations in data (variance),ML – Machine Learning,ML Basics
"A classifier has 186 true positives, 64 true negatives, 54 false positives, and 97 false negatives. What is its accuracy (rounded to 2 decimal places)?",0.77,0.47,0.62,0.92,C,Accuracy = (TP+TN)/(TP+TN+FP+FN) = (186+64)/(186+64+54+97) = 0.62.,ML – Machine Learning,Model Evaluation
"A classifier has 69 true positives, 96 true negatives, 86 false positives, and 55 false negatives. What is its accuracy (rounded to 2 decimal places)?",0.74,0.54,0.69,0.84,B,Accuracy = (TP+TN)/(TP+TN+FP+FN) = (69+96)/(69+96+86+55) = 0.54.,ML – Machine Learning,Model Evaluation
"Fill in the blank: ______ refers to ""a measure of impurity or disorder used to determine the best splits when building a decision tree"".",information gain (in decision trees),entropy (in decision trees),a kernel trick (in SVM),a hyperplane (in ML),B,entropy (in decision trees) refers to: a measure of impurity or disorder used to determine the best splits when building a decision tree,ML – Machine Learning,Classification
A classifier has 163 true positives and 54 false negatives. What is its recall (rounded to 2 decimal places)?,0.75,0.65,1.00,0.95,A,Recall = TP / (TP + FN) = 163 / (163 + 54) = 0.75.,ML – Machine Learning,Model Evaluation
Which statement correctly describes churn prediction?,"a machine learning task that categorises text based on the emotional tone it conveys, such as positive or negative",machine learning models used by financial institutions to assess the creditworthiness of loan applicants,a machine learning application that predicts which customers are likely to stop using a product or service,a machine learning task that involves predicting future values based on previously observed sequential data,C,"By definition, churn prediction is: a machine learning application that predicts which customers are likely to stop using a product or service",ML – Machine Learning,ML Applications
Which statement correctly describes bootstrapping (in statistics/ML)?,a resampling technique that involves repeatedly drawing samples with replacement from a dataset to estimate a statistic,"a problem in machine learning where information from outside the training dataset is used to create the model, leading to overly optimistic results",the process of integrating a trained machine learning model into a production environment for real-world use,a machine learning approach that uses a small amount of labelled data combined with a larger amount of unlabelled data,A,"By definition, bootstrapping (in statistics/ML) is: a resampling technique that involves repeatedly drawing samples with replacement from a dataset to estimate a statistic",ML – Machine Learning,ML Basics
"A classifier has 95 true positives, 41 true negatives, 70 false positives, and 75 false negatives. What is its accuracy (rounded to 2 decimal places)?",0.38,0.48,0.78,0.28,B,Accuracy = (TP+TN)/(TP+TN+FP+FN) = (95+41)/(95+41+70+75) = 0.48.,ML – Machine Learning,Model Evaluation
What is a baseline model?,a simple model used as a reference point to compare the performance of more complex machine learning models,"a widely used benchmark dataset of handwritten digit images, commonly used to test image classification models",a hyperparameter that controls the size of the steps taken when updating model parameters during training,"a classic, small dataset in machine learning containing measurements of iris flowers, often used to teach classification",A,a baseline model is: a simple model used as a reference point to compare the performance of more complex machine learning models,ML – Machine Learning,ML Basics
What is data cleaning?,"a variation of gradient descent that updates model parameters using one training example at a time, rather than the full dataset",a large visual database used for training and benchmarking image classification and object detection models,"the process of identifying and correcting errors, inconsistencies, or missing values in a dataset before analysis",a technique for assessing how well a model generalises by partitioning data into multiple training and testing subsets,C,"data cleaning is: the process of identifying and correcting errors, inconsistencies, or missing values in a dataset before analysis",ML – Machine Learning,ML Basics
A classifier has 46 true positives and 69 false negatives. What is its recall (rounded to 2 decimal places)?,0.40,0.50,0.30,0.25,A,Recall = TP / (TP + FN) = 46 / (46 + 69) = 0.40.,ML – Machine Learning,Model Evaluation
A classifier has 34 true positives and 93 false positives. What is its precision (rounded to 2 decimal places)?,0.07,0.47,0.27,0.57,C,Precision = TP / (TP + FP) = 34 / (34 + 93) = 0.27.,ML – Machine Learning,Model Evaluation
"Which term matches this description: ""a fundamental Python library used for numerical computing, providing support for arrays and matrices""?",NumPy,LightGBM,Jupyter Notebook,a pipeline (in scikit-learn),A,"The description matches NumPy: a fundamental Python library used for numerical computing, providing support for arrays and matrices",ML – Machine Learning,ML Tools
"Which term matches this description: ""a simple model used as a reference point to compare the performance of more complex machine learning models""?",a training dataset,the MNIST dataset,k-fold cross-validation,a baseline model,D,The description matches a baseline model: a simple model used as a reference point to compare the performance of more complex machine learning models,ML – Machine Learning,ML Basics
A classifier has 181 true positives and 13 false positives. What is its precision (rounded to 2 decimal places)?,0.73,0.83,1.00,0.93,D,Precision = TP / (TP + FP) = 181 / (181 + 13) = 0.93.,ML – Machine Learning,Model Evaluation
A classifier has 123 true positives and 81 false negatives. What is its recall (rounded to 2 decimal places)?,0.70,0.50,0.60,0.90,C,Recall = TP / (TP + FN) = 123 / (123 + 81) = 0.60.,ML – Machine Learning,Model Evaluation
"Which term matches this description: ""a metric that measures the proportion of correct predictions made by a classification model""?",model accuracy,a confusion matrix,AUC (Area Under the Curve),the F1 score,A,The description matches model accuracy: a metric that measures the proportion of correct predictions made by a classification model,ML – Machine Learning,Model Evaluation
A classifier has 59 true positives and 85 false positives. What is its precision (rounded to 2 decimal places)?,0.61,0.26,0.41,0.56,C,Precision = TP / (TP + FP) = 59 / (59 + 85) = 0.41.,ML – Machine Learning,Model Evaluation
"Fill in the blank: ______ refers to ""a subset of data used during training to tune model hyperparameters and prevent overfitting"".",model drift,the ImageNet dataset,a validation dataset,stochastic gradient descent (SGD),C,a validation dataset refers to: a subset of data used during training to tune model hyperparameters and prevent overfitting,ML – Machine Learning,ML Basics
A classifier has 151 true positives and 97 false negatives. What is its recall (rounded to 2 decimal places)?,0.46,0.51,0.61,0.31,C,Recall = TP / (TP + FN) = 151 / (151 + 97) = 0.61.,ML – Machine Learning,Model Evaluation
A classifier has 94 true positives and 18 false positives. What is its precision (rounded to 2 decimal places)?,0.84,0.69,0.64,1.00,A,Precision = TP / (TP + FP) = 94 / (94 + 18) = 0.84.,ML – Machine Learning,Model Evaluation
A classifier has 176 true positives and 33 false negatives. What is its recall (rounded to 2 decimal places)?,0.69,0.64,0.74,0.84,D,Recall = TP / (TP + FN) = 176 / (176 + 33) = 0.84.,ML – Machine Learning,Model Evaluation
A classifier has 118 true positives and 32 false positives. What is its precision (rounded to 2 decimal places)?,0.94,0.64,0.79,0.49,C,Precision = TP / (TP + FP) = 118 / (118 + 32) = 0.79.,ML – Machine Learning,Model Evaluation
A classifier has 193 true positives and 59 false negatives. What is its recall (rounded to 2 decimal places)?,0.92,0.77,0.62,0.47,B,Recall = TP / (TP + FN) = 193 / (193 + 59) = 0.77.,ML – Machine Learning,Model Evaluation
A classifier has 13 true positives and 53 false negatives. What is its recall (rounded to 2 decimal places)?,0.00,0.30,0.20,0.50,C,Recall = TP / (TP + FN) = 13 / (13 + 53) = 0.20.,ML – Machine Learning,Model Evaluation
Which statement correctly describes reinforcement learning?,a machine learning approach where an agent learns to make decisions by receiving rewards or penalties from its environment,"a machine learning model inspired by the human brain, composed of interconnected layers of nodes",a technique that explains individual predictions of any classifier by approximating it locally with an interpretable model,a technique for assessing how well a model generalises by partitioning data into multiple training and testing subsets,A,"By definition, reinforcement learning is: a machine learning approach where an agent learns to make decisions by receiving rewards or penalties from its environment",ML – Machine Learning,ML Basics
A classifier has 36 true positives and 68 false positives. What is its precision (rounded to 2 decimal places)?,0.05,0.45,0.15,0.35,D,Precision = TP / (TP + FP) = 36 / (36 + 68) = 0.35.,ML – Machine Learning,Model Evaluation
"A classifier has 145 true positives, 93 true negatives, 13 false positives, and 37 false negatives. What is its accuracy (rounded to 2 decimal places)?",0.68,0.83,0.53,1.00,B,Accuracy = (TP+TN)/(TP+TN+FP+FN) = (145+93)/(145+93+13+37) = 0.83.,ML – Machine Learning,Model Evaluation
"A classifier has precision 0.55 and recall 0.93 (from 63 TP, 51 FP, 5 FN). What is its F1 score (rounded to 2 decimal places)?",0.39,0.69,0.79,0.49,B,F1 = 2×(Precision×Recall)/(Precision+Recall) = 2×(0.55×0.93)/(0.55+0.93) = 0.69.,ML – Machine Learning,Model Evaluation
A classifier has 156 true positives and 54 false positives. What is its precision (rounded to 2 decimal places)?,0.64,0.54,0.74,0.84,C,Precision = TP / (TP + FP) = 156 / (156 + 54) = 0.74.,ML – Machine Learning,Model Evaluation
"A classifier has precision 0.33 and recall 0.44 (from 38 TP, 76 FP, 49 FN). What is its F1 score (rounded to 2 decimal places)?",0.53,0.08,0.68,0.38,D,F1 = 2×(Precision×Recall)/(Precision+Recall) = 2×(0.33×0.44)/(0.33+0.44) = 0.38.,ML – Machine Learning,Model Evaluation
Which statement correctly describes the ROC curve?,a common metric used to evaluate regression models by measuring the average squared difference between predicted and actual values,a metric that measures the proportion of true positive predictions among all positive predictions made by a model,a graphical plot used to evaluate the performance of a binary classification model at various threshold settings,a metric that summarises the overall performance of a classification model based on its ROC curve,C,"By definition, the ROC curve is: a graphical plot used to evaluate the performance of a binary classification model at various threshold settings",ML – Machine Learning,Model Evaluation
What is a Markov chain?,"a layer of nodes between the input and output layers of a neural network, used to learn intermediate representations",a machine learning approach where an agent learns to make decisions by receiving rewards or penalties from its environment,a mathematical model describing a sequence of events where the probability of each event depends only on the state attained in the previous event,the process of integrating a trained machine learning model into a production environment for real-world use,C,a Markov chain is: a mathematical model describing a sequence of events where the probability of each event depends only on the state attained in the previous event,ML – Machine Learning,ML Basics
A classifier has 12 true positives and 12 false negatives. What is its recall (rounded to 2 decimal places)?,0.35,0.50,0.40,0.60,B,Recall = TP / (TP + FN) = 12 / (12 + 12) = 0.50.,ML – Machine Learning,Model Evaluation
"Which term matches this description: ""a machine learning application that predicts which customers are likely to stop using a product or service""?",churn prediction,speech-to-text conversion,image classification,time series forecasting,A,The description matches churn prediction: a machine learning application that predicts which customers are likely to stop using a product or service,ML – Machine Learning,ML Applications
"Fill in the blank: ______ refers to ""methods used to explain how a machine learning model arrives at its predictions, such as SHAP or LIME"".",a loss function (in ML),the Iris dataset,model interpretability techniques,grid search,C,"model interpretability techniques refers to: methods used to explain how a machine learning model arrives at its predictions, such as SHAP or LIME",ML – Machine Learning,ML Basics
"A classifier has 105 true positives, 52 true negatives, 48 false positives, and 76 false negatives. What is its accuracy (rounded to 2 decimal places)?",0.66,0.26,0.76,0.56,D,Accuracy = (TP+TN)/(TP+TN+FP+FN) = (105+52)/(105+52+48+76) = 0.56.,ML – Machine Learning,Model Evaluation
"A classifier has precision 0.54 and recall 0.54 (from 116 TP, 98 FP, 99 FN). What is its F1 score (rounded to 2 decimal places)?",0.44,0.34,0.64,0.54,D,F1 = 2×(Precision×Recall)/(Precision+Recall) = 2×(0.54×0.54)/(0.54+0.54) = 0.54.,ML – Machine Learning,Model Evaluation
A classifier has 157 true positives and 54 false positives. What is its precision (rounded to 2 decimal places)?,0.84,1.00,0.74,0.89,C,Precision = TP / (TP + FP) = 157 / (157 + 54) = 0.74.,ML – Machine Learning,Model Evaluation
"A classifier has 37 true positives, 109 true negatives, 26 false positives, and 4 false negatives. What is its accuracy (rounded to 2 decimal places)?",0.93,0.73,0.63,0.83,D,Accuracy = (TP+TN)/(TP+TN+FP+FN) = (37+109)/(37+109+26+4) = 0.83.,ML – Machine Learning,Model Evaluation
"Which term matches this description: ""a gradient boosting framework designed for efficiency and speed, developed by Microsoft""?",TensorFlow,a pipeline (in scikit-learn),LightGBM,Kaggle,C,"The description matches LightGBM: a gradient boosting framework designed for efficiency and speed, developed by Microsoft",ML – Machine Learning,ML Tools
A classifier has 101 true positives and 61 false positives. What is its precision (rounded to 2 decimal places)?,0.32,0.47,0.82,0.62,D,Precision = TP / (TP + FP) = 101 / (101 + 61) = 0.62.,ML – Machine Learning,Model Evaluation
"A classifier has 88 true positives, 86 true negatives, 60 false positives, and 74 false negatives. What is its accuracy (rounded to 2 decimal places)?",0.86,0.71,0.56,0.66,C,Accuracy = (TP+TN)/(TP+TN+FP+FN) = (88+86)/(88+86+60+74) = 0.56.,ML – Machine Learning,Model Evaluation
"A classifier has precision 0.52 and recall 0.50 (from 83 TP, 78 FP, 83 FN). What is its F1 score (rounded to 2 decimal places)?",0.31,0.21,0.51,0.41,C,F1 = 2×(Precision×Recall)/(Precision+Recall) = 2×(0.52×0.50)/(0.52+0.50) = 0.51.,ML – Machine Learning,Model Evaluation
Which statement correctly describes PyTorch?,"a high-level neural network API that runs on top of frameworks like TensorFlow, designed for ease of use","an open-source machine learning framework developed by Meta (Facebook), popular for research and deep learning applications","an open-source machine learning framework developed by Google, widely used for building deep learning models",a tool that chains together multiple data processing and modelling steps into a single workflow,B,"By definition, PyTorch is: an open-source machine learning framework developed by Meta (Facebook), popular for research and deep learning applications",ML – Machine Learning,ML Tools
A classifier has 25 true positives and 63 false positives. What is its precision (rounded to 2 decimal places)?,0.43,0.38,0.08,0.28,D,Precision = TP / (TP + FP) = 25 / (25 + 63) = 0.28.,ML – Machine Learning,Model Evaluation
What is transfer learning (in ML)?,a technique where a model trained on one task is reused as the starting point for a model on a related task,a simple model used as a reference point to compare the performance of more complex machine learning models,a machine learning approach that uses a small amount of labelled data combined with a larger amount of unlabelled data,a resampling technique that involves repeatedly drawing samples with replacement from a dataset to estimate a statistic,A,transfer learning (in ML) is: a technique where a model trained on one task is reused as the starting point for a model on a related task,ML – Machine Learning,ML Basics
"A classifier has 85 true positives, 44 true negatives, 4 false positives, and 17 false negatives. What is its accuracy (rounded to 2 decimal places)?",0.71,0.76,0.96,0.86,D,Accuracy = (TP+TN)/(TP+TN+FP+FN) = (85+44)/(85+44+4+17) = 0.86.,ML – Machine Learning,Model Evaluation
"Fill in the blank: ______ refers to ""a machine learning technique used in recommendation systems that makes predictions based on user behaviour patterns"".",time series forecasting,a recommender system,collaborative filtering,predictive maintenance,C,collaborative filtering refers to: a machine learning technique used in recommendation systems that makes predictions based on user behaviour patterns,ML – Machine Learning,ML Applications
"A classifier has 152 true positives, 15 true negatives, 31 false positives, and 12 false negatives. What is its accuracy (rounded to 2 decimal places)?",0.60,0.90,0.80,1.00,C,Accuracy = (TP+TN)/(TP+TN+FP+FN) = (152+15)/(152+15+31+12) = 0.80.,ML – Machine Learning,Model Evaluation
"A classifier has 60 true positives, 163 true negatives, 72 false positives, and 66 false negatives. What is its accuracy (rounded to 2 decimal places)?",0.62,0.82,0.52,0.92,A,Accuracy = (TP+TN)/(TP+TN+FP+FN) = (60+163)/(60+163+72+66) = 0.62.,ML – Machine Learning,Model Evaluation
A classifier has 79 true positives and 17 false negatives. What is its recall (rounded to 2 decimal places)?,1.00,0.67,0.72,0.82,D,Recall = TP / (TP + FN) = 79 / (79 + 17) = 0.82.,ML – Machine Learning,Model Evaluation
"Fill in the blank: ______ refers to ""a popular open-source Python library used for implementing machine learning algorithms"".",CatBoost,scikit-learn,Jupyter Notebook,PyTorch,B,scikit-learn refers to: a popular open-source Python library used for implementing machine learning algorithms,ML – Machine Learning,ML Tools
What is gradient descent?,the process of choosing the most relevant variables from a dataset to use in model training,a layer in a neural network where every neuron is connected to every neuron in the previous layer,"a popular and efficient implementation of gradient boosting, widely used in machine learning competitions",an optimisation algorithm used to minimise a model's error by iteratively adjusting parameters in the direction of steepest descent,D,gradient descent is: an optimisation algorithm used to minimise a model's error by iteratively adjusting parameters in the direction of steepest descent,ML – Machine Learning,ML Basics
"A classifier has 159 true positives, 143 true negatives, 52 false positives, and 88 false negatives. What is its accuracy (rounded to 2 decimal places)?",0.53,0.83,0.98,0.68,D,Accuracy = (TP+TN)/(TP+TN+FP+FN) = (159+143)/(159+143+52+88) = 0.68.,ML – Machine Learning,Model Evaluation
"Which term matches this description: ""a mathematical function that quantifies the difference between a model's predictions and the actual target values""?",SMOTE (Synthetic Minority Oversampling Technique),feature scaling,hyperparameter tuning,a loss function (in ML),D,The description matches a loss function (in ML): a mathematical function that quantifies the difference between a model's predictions and the actual target values,ML – Machine Learning,ML Basics
A classifier has 167 true positives and 62 false positives. What is its precision (rounded to 2 decimal places)?,0.93,0.83,0.73,1.00,C,Precision = TP / (TP + FP) = 167 / (167 + 62) = 0.73.,ML – Machine Learning,Model Evaluation
A classifier has 116 true positives and 44 false positives. What is its precision (rounded to 2 decimal places)?,0.42,0.72,0.52,1.00,B,Precision = TP / (TP + FP) = 116 / (116 + 44) = 0.72.,ML – Machine Learning,Model Evaluation
"Which term matches this description: ""a metric that measures the proportion of actual positives correctly identified by a model""?",the F1 score,recall (in ML),a confusion matrix,the ROC curve,B,The description matches recall (in ML): a metric that measures the proportion of actual positives correctly identified by a model,ML – Machine Learning,Model Evaluation
A classifier has 126 true positives and 3 false positives. What is its precision (rounded to 2 decimal places)?,0.83,0.78,0.98,0.68,C,Precision = TP / (TP + FP) = 126 / (126 + 3) = 0.98.,ML – Machine Learning,Model Evaluation
"A classifier has precision 0.49 and recall 0.38 (from 54 TP, 57 FP, 90 FN). What is its F1 score (rounded to 2 decimal places)?",0.72,0.62,0.52,0.42,D,F1 = 2×(Precision×Recall)/(Precision+Recall) = 2×(0.49×0.38)/(0.49+0.38) = 0.42.,ML – Machine Learning,Model Evaluation
A classifier has 199 true positives and 32 false positives. What is its precision (rounded to 2 decimal places)?,0.66,0.86,0.96,0.56,B,Precision = TP / (TP + FP) = 199 / (199 + 32) = 0.86.,ML – Machine Learning,Model Evaluation
"A classifier has precision 0.57 and recall 0.63 (from 125 TP, 96 FP, 72 FN). What is its F1 score (rounded to 2 decimal places)?",0.40,0.60,0.90,0.50,B,F1 = 2×(Precision×Recall)/(Precision+Recall) = 2×(0.57×0.63)/(0.57+0.63) = 0.60.,ML – Machine Learning,Model Evaluation
Which statement correctly describes anomaly detection?,a machine learning approach where a model finds patterns or structure in data without labelled outputs,an unsupervised learning technique that groups similar data points together based on shared characteristics,a clustering method that builds a tree of clusters by either merging or splitting groups iteratively,a machine learning technique used to identify data points that deviate significantly from the norm,D,"By definition, anomaly detection is: a machine learning technique used to identify data points that deviate significantly from the norm",ML – Machine Learning,Unsupervised Learning
A classifier has 131 true positives and 30 false positives. What is its precision (rounded to 2 decimal places)?,0.96,0.61,1.00,0.81,D,Precision = TP / (TP + FP) = 131 / (131 + 30) = 0.81.,ML – Machine Learning,Model Evaluation
"Fill in the blank: ______ refers to ""the process of choosing the most relevant variables from a dataset to use in model training"".",gradient boosting,feature selection,learning rate (in ML),gradient descent,B,feature selection refers to: the process of choosing the most relevant variables from a dataset to use in model training,ML – Machine Learning,ML Basics
"A classifier has 129 true positives, 149 true negatives, 72 false positives, and 89 false negatives. What is its accuracy (rounded to 2 decimal places)?",0.63,0.83,0.33,0.78,A,Accuracy = (TP+TN)/(TP+TN+FP+FN) = (129+149)/(129+149+72+89) = 0.63.,ML – Machine Learning,Model Evaluation
Which statement correctly describes a loss function (in ML)?,an optimisation algorithm used to minimise a model's error by iteratively adjusting parameters in the direction of steepest descent,a hyperparameter that controls the size of the steps taken when updating model parameters during training,a mathematical function that quantifies the difference between a model's predictions and the actual target values,a technique used to fill in missing values in a dataset using estimated or calculated values,C,"By definition, a loss function (in ML) is: a mathematical function that quantifies the difference between a model's predictions and the actual target values",ML – Machine Learning,ML Basics
Which statement correctly describes a decision tree?,"a supervised learning model that makes predictions by splitting data based on feature values, forming a tree-like structure",an ensemble learning method that combines multiple decision trees to improve prediction accuracy,a technique that allows support vector machines to operate in high-dimensional space without explicitly computing coordinates in that space,a simple supervised learning algorithm that classifies data points based on the majority class of their nearest neighbours,A,"By definition, a decision tree is: a supervised learning model that makes predictions by splitting data based on feature values, forming a tree-like structure",ML – Machine Learning,Classification
"A classifier has precision 0.92 and recall 0.48 (from 87 TP, 8 FP, 95 FN). What is its F1 score (rounded to 2 decimal places)?",0.83,0.53,0.63,0.33,C,F1 = 2×(Precision×Recall)/(Precision+Recall) = 2×(0.92×0.48)/(0.92+0.48) = 0.63.,ML – Machine Learning,Model Evaluation
A classifier has 144 true positives and 96 false positives. What is its precision (rounded to 2 decimal places)?,0.50,0.75,0.60,0.90,C,Precision = TP / (TP + FP) = 144 / (144 + 96) = 0.60.,ML – Machine Learning,Model Evaluation
Which statement correctly describes early stopping?,"a cross-validation technique where data is divided into k subsets, with each subset used once as a test set","the process of selecting, transforming, and creating input variables to improve a machine learning model's performance",a regularisation technique that halts training once model performance on a validation set stops improving,a technique used in deep learning to stabilise and accelerate training by normalising layer inputs,C,"By definition, early stopping is: a regularisation technique that halts training once model performance on a validation set stops improving",ML – Machine Learning,ML Basics
"Which term matches this description: ""a problem in machine learning where information from outside the training dataset is used to create the model, leading to overly optimistic results""?",oversampling (in ML),data leakage,semi-supervised learning,a Hidden Markov Model (HMM),B,"The description matches data leakage: a problem in machine learning where information from outside the training dataset is used to create the model, leading to overly optimistic results",ML – Machine Learning,ML Basics
Which statement correctly describes multicollinearity?,"a popular Python library used for data manipulation and analysis, especially with tabular data",a density-based clustering algorithm that groups points closely packed together and marks outliers as noise,a popular clustering algorithm that partitions data into k clusters based on distance from cluster centroids,a situation in regression analysis where two or more independent variables are highly correlated with each other,D,"By definition, multicollinearity is: a situation in regression analysis where two or more independent variables are highly correlated with each other",ML – Machine Learning,Regression
Which statement correctly describes Naive Bayes classifier?,"a probabilistic classification algorithm based on Bayes' theorem, assuming independence between features",an ensemble learning method that combines multiple decision trees to improve prediction accuracy,the process of removing sections of a decision tree to reduce complexity and prevent overfitting,"a metric used to decide which feature to split on at each step, based on the reduction in entropy",A,"By definition, Naive Bayes classifier is: a probabilistic classification algorithm based on Bayes' theorem, assuming independence between features",ML – Machine Learning,Classification
"Which term matches this description: ""a regression technique that combines both L1 and L2 regularisation penalties""?",Jupyter Notebook,batch size (in ML),predictive maintenance,elastic net regression,D,The description matches elastic net regression: a regression technique that combines both L1 and L2 regularisation penalties,ML – Machine Learning,Regression
Which statement correctly describes model interpretability techniques?,"the process of scaling numerical data to a common range, often between 0 and 1, to improve model performance","methods used to explain how a machine learning model arrives at its predictions, such as SHAP or LIME",the balance between a model's error due to overly simplistic assumptions (bias) and its sensitivity to small fluctuations in data (variance),a mathematical function that quantifies the difference between a model's predictions and the actual target values,B,"By definition, model interpretability techniques is: methods used to explain how a machine learning model arrives at its predictions, such as SHAP or LIME",ML – Machine Learning,ML Basics
Which statement correctly describes pruning (in decision trees)?,an ensemble method that trains multiple instances of a model on different bootstrapped subsets of data and averages their predictions,the process of removing sections of a decision tree to reduce complexity and prevent overfitting,a classification task involving more than two possible output classes,a technique that allows support vector machines to operate in high-dimensional space without explicitly computing coordinates in that space,B,"By definition, pruning (in decision trees) is: the process of removing sections of a decision tree to reduce complexity and prevent overfitting",ML – Machine Learning,Classification
What is object detection?,a machine learning technique used in recommendation systems that makes predictions based on user behaviour patterns,"a machine learning task that categorises text based on the emotional tone it conveys, such as positive or negative",a machine learning task that identifies and locates specific objects within an image,"a machine learning application that predicts when equipment is likely to fail, enabling proactive maintenance",C,object detection is: a machine learning task that identifies and locates specific objects within an image,ML – Machine Learning,ML Applications
A classifier has 127 true positives and 58 false negatives. What is its recall (rounded to 2 decimal places)?,0.69,0.54,0.84,0.49,A,Recall = TP / (TP + FN) = 127 / (127 + 58) = 0.69.,ML – Machine Learning,Model Evaluation
Which statement correctly describes L1 regularisation (Lasso)?,"a regularisation technique that adds the absolute value of coefficients as a penalty, which can shrink some coefficients to zero",a hyperparameter tuning method that exhaustively tries all possible combinations of specified parameter values,"a variation of gradient descent that updates model parameters using one training example at a time, rather than the full dataset",the process of selecting the optimal configuration settings for a machine learning model to maximise performance,A,"By definition, L1 regularisation (Lasso) is: a regularisation technique that adds the absolute value of coefficients as a penalty, which can shrink some coefficients to zero",ML – Machine Learning,ML Basics
"A classifier has precision 0.47 and recall 0.53 (from 73 TP, 83 FP, 65 FN). What is its F1 score (rounded to 2 decimal places)?",0.35,0.50,0.70,0.65,B,F1 = 2×(Precision×Recall)/(Precision+Recall) = 2×(0.47×0.53)/(0.47+0.53) = 0.50.,ML – Machine Learning,Model Evaluation
What is underfitting?,"the process of selecting, transforming, and creating input variables to improve a machine learning model's performance",a modelling error where a model is too simple to capture the underlying pattern in the data,a regularisation technique that adds the squared value of coefficients as a penalty to prevent overly large weights,"a popular and efficient implementation of gradient boosting, widely used in machine learning competitions",B,underfitting is: a modelling error where a model is too simple to capture the underlying pattern in the data,ML – Machine Learning,ML Basics
"Fill in the blank: ______ refers to ""a technique that explains individual predictions of any classifier by approximating it locally with an interpretable model"".",transfer learning (in ML),a feature (in ML),a validation dataset,LIME (Local Interpretable Model-agnostic Explanations),D,LIME (Local Interpretable Model-agnostic Explanations) refers to: a technique that explains individual predictions of any classifier by approximating it locally with an interpretable model,ML – Machine Learning,ML Basics
Which statement correctly describes a regression problem?,a resampling technique that involves repeatedly drawing samples with replacement from a dataset to estimate a statistic,"a modelling error where a model learns the training data too closely, including noise, and performs poorly on new data",a subset of machine learning that uses neural networks with many layers to model complex patterns in data,a type of supervised learning task where the goal is to predict a continuous numerical value,D,"By definition, a regression problem is: a type of supervised learning task where the goal is to predict a continuous numerical value",ML – Machine Learning,Regression
"Fill in the blank: ______ refers to ""the process of transforming data to have a mean of zero and a standard deviation of one"".",gradient descent,learning rate (in ML),bootstrapping (in statistics/ML),standardisation (in ML),D,standardisation (in ML) refers to: the process of transforming data to have a mean of zero and a standard deviation of one,ML – Machine Learning,ML Basics
"A classifier has 97 true positives, 25 true negatives, 5 false positives, and 97 false negatives. What is its accuracy (rounded to 2 decimal places)?",0.54,0.34,0.44,0.69,A,Accuracy = (TP+TN)/(TP+TN+FP+FN) = (97+25)/(97+25+5+97) = 0.54.,ML – Machine Learning,Model Evaluation
"Fill in the blank: ______ refers to ""a machine learning task that identifies and locates specific objects within an image"".",content-based recommendation,predictive maintenance,object detection,time series forecasting,C,object detection refers to: a machine learning task that identifies and locates specific objects within an image,ML – Machine Learning,ML Applications
"A classifier has 25 true positives, 98 true negatives, 42 false positives, and 44 false negatives. What is its accuracy (rounded to 2 decimal places)?",0.74,0.59,0.29,0.49,B,Accuracy = (TP+TN)/(TP+TN+FP+FN) = (25+98)/(25+98+42+44) = 0.59.,ML – Machine Learning,Model Evaluation
A classifier has 33 true positives and 89 false positives. What is its precision (rounded to 2 decimal places)?,0.12,0.37,0.47,0.27,D,Precision = TP / (TP + FP) = 33 / (33 + 89) = 0.27.,ML – Machine Learning,Model Evaluation
"Which term matches this description: ""a layer in a neural network where every neuron is connected to every neuron in the previous layer""?",boosting,L2 regularisation (Ridge),oversampling (in ML),a fully connected layer,D,The description matches a fully connected layer: a layer in a neural network where every neuron is connected to every neuron in the previous layer,ML – Machine Learning,ML Basics
What is Machine Learning (ML)?,a subset of AI that enables systems to learn patterns from data and improve performance without being explicitly programmed,"a layer in a convolutional neural network that reduces the spatial size of data, decreasing computation and controlling overfitting",a mathematical function that quantifies the difference between a model's predictions and the actual target values,a mathematical model describing a sequence of events where the probability of each event depends only on the state attained in the previous event,A,Machine Learning (ML) is: a subset of AI that enables systems to learn patterns from data and improve performance without being explicitly programmed,ML – Machine Learning,ML Basics
A classifier has 64 true positives and 39 false negatives. What is its recall (rounded to 2 decimal places)?,0.52,0.62,0.47,0.77,B,Recall = TP / (TP + FN) = 64 / (64 + 39) = 0.62.,ML – Machine Learning,Model Evaluation
"A classifier has 141 true positives, 53 true negatives, 92 false positives, and 26 false negatives. What is its accuracy (rounded to 2 decimal places)?",0.62,0.82,0.72,0.52,A,Accuracy = (TP+TN)/(TP+TN+FP+FN) = (141+53)/(141+53+92+26) = 0.62.,ML – Machine Learning,Model Evaluation
Which statement correctly describes collaborative filtering?,a machine learning application that predicts future customer demand for products or services,"a machine learning application that predicts when equipment is likely to fail, enabling proactive maintenance",a machine learning task that identifies and locates specific objects within an image,a machine learning technique used in recommendation systems that makes predictions based on user behaviour patterns,D,"By definition, collaborative filtering is: a machine learning technique used in recommendation systems that makes predictions based on user behaviour patterns",ML – Machine Learning,ML Applications
What is dropout (in neural networks)?,the process of identifying data points that differ significantly from the rest of the dataset,"a cross-validation technique where data is divided into k subsets, with each subset used once as a test set","the process of identifying and correcting errors, inconsistencies, or missing values in a dataset before analysis",a regularisation technique that randomly disables a fraction of neurons during training to prevent overfitting,D,dropout (in neural networks) is: a regularisation technique that randomly disables a fraction of neurons during training to prevent overfitting,ML – Machine Learning,ML Basics
"Which term matches this description: ""a machine learning task that involves predicting future values based on previously observed sequential data""?",sentiment classification,time series forecasting,predictive maintenance,a recommender system,B,The description matches time series forecasting: a machine learning task that involves predicting future values based on previously observed sequential data,ML – Machine Learning,ML Applications
Which statement correctly describes mean absolute error (MAE)?,a metric used to evaluate regression models by measuring the average absolute difference between predicted and actual values,a table used to evaluate classification model performance by comparing predicted and actual class labels,a graphical plot used to evaluate the performance of a binary classification model at various threshold settings,a common metric used to evaluate regression models by measuring the average squared difference between predicted and actual values,A,"By definition, mean absolute error (MAE) is: a metric used to evaluate regression models by measuring the average absolute difference between predicted and actual values",ML – Machine Learning,Model Evaluation
A classifier has 11 true positives and 81 false negatives. What is its recall (rounded to 2 decimal places)?,0.00,0.32,0.27,0.12,D,Recall = TP / (TP + FN) = 11 / (11 + 81) = 0.12.,ML – Machine Learning,Model Evaluation
"A classifier has precision 0.83 and recall 0.86 (from 185 TP, 37 FP, 29 FN). What is its F1 score (rounded to 2 decimal places)?",0.70,1.00,0.85,0.55,C,F1 = 2×(Precision×Recall)/(Precision+Recall) = 2×(0.83×0.86)/(0.83+0.86) = 0.85.,ML – Machine Learning,Model Evaluation
"Which term matches this description: ""a metric used to evaluate regression models by measuring the average absolute difference between predicted and actual values""?",mean absolute error (MAE),recall (in ML),the F1 score,model accuracy,A,The description matches mean absolute error (MAE): a metric used to evaluate regression models by measuring the average absolute difference between predicted and actual values,ML – Machine Learning,Model Evaluation
"A classifier has 65 true positives, 25 true negatives, 43 false positives, and 40 false negatives. What is its accuracy (rounded to 2 decimal places)?",0.52,0.22,0.62,0.32,A,Accuracy = (TP+TN)/(TP+TN+FP+FN) = (65+25)/(65+25+43+40) = 0.52.,ML – Machine Learning,Model Evaluation
"Fill in the blank: ______ refers to ""a statistical method used for binary classification, predicting the probability of an outcome belonging to a particular class"".",pruning (in decision trees),logistic regression,a classification problem,a Gini index (in decision trees),B,"logistic regression refers to: a statistical method used for binary classification, predicting the probability of an outcome belonging to a particular class",ML – Machine Learning,Classification
A classifier has 104 true positives and 72 false positives. What is its precision (rounded to 2 decimal places)?,0.39,0.29,0.89,0.59,D,Precision = TP / (TP + FP) = 104 / (104 + 72) = 0.59.,ML – Machine Learning,Model Evaluation
"A classifier has 11 true positives, 182 true negatives, 68 false positives, and 3 false negatives. What is its accuracy (rounded to 2 decimal places)?",0.73,1.00,0.83,0.63,A,Accuracy = (TP+TN)/(TP+TN+FP+FN) = (11+182)/(11+182+68+3) = 0.73.,ML – Machine Learning,Model Evaluation
"A classifier has 108 true positives, 11 true negatives, 69 false positives, and 12 false negatives. What is its accuracy (rounded to 2 decimal places)?",0.39,0.59,0.90,0.79,B,Accuracy = (TP+TN)/(TP+TN+FP+FN) = (108+11)/(108+11+69+12) = 0.59.,ML – Machine Learning,Model Evaluation
A classifier has 83 true positives and 47 false negatives. What is its recall (rounded to 2 decimal places)?,0.94,0.74,0.44,0.64,D,Recall = TP / (TP + FN) = 83 / (83 + 47) = 0.64.,ML – Machine Learning,Model Evaluation
Which statement correctly describes predictive maintenance?,a machine learning application that transcribes spoken language into written text,a machine learning application that predicts which customers are likely to stop using a product or service,"a machine learning application that predicts when equipment is likely to fail, enabling proactive maintenance","a recommendation approach that suggests items similar to those a user has liked in the past, based on item attributes",C,"By definition, predictive maintenance is: a machine learning application that predicts when equipment is likely to fail, enabling proactive maintenance",ML – Machine Learning,ML Applications
"Which term matches this description: ""a decision boundary in a support vector machine that separates data points of different classes in high-dimensional space""?",multi-class classification,a Gaussian (RBF) kernel,a hyperplane (in ML),a bagging classifier,C,The description matches a hyperplane (in ML): a decision boundary in a support vector machine that separates data points of different classes in high-dimensional space,ML – Machine Learning,Classification
"Which term matches this description: ""a technique used to convert categorical variables into a binary vector representation suitable for machine learning models""?",grid search,a feature (in ML),a convolutional layer,one-hot encoding,D,The description matches one-hot encoding: a technique used to convert categorical variables into a binary vector representation suitable for machine learning models,ML – Machine Learning,ML Basics
"A classifier has 32 true positives, 185 true negatives, 47 false positives, and 38 false negatives. What is its accuracy (rounded to 2 decimal places)?",0.57,0.72,0.42,0.92,B,Accuracy = (TP+TN)/(TP+TN+FP+FN) = (32+185)/(32+185+47+38) = 0.72.,ML – Machine Learning,Model Evaluation
A classifier has 51 true positives and 7 false negatives. What is its recall (rounded to 2 decimal places)?,0.58,0.98,0.88,0.78,C,Recall = TP / (TP + FN) = 51 / (51 + 7) = 0.88.,ML – Machine Learning,Model Evaluation
"A classifier has precision 0.42 and recall 0.34 (from 50 TP, 68 FP, 99 FN). What is its F1 score (rounded to 2 decimal places)?",0.37,0.22,0.47,0.52,A,F1 = 2×(Precision×Recall)/(Precision+Recall) = 2×(0.42×0.34)/(0.42+0.34) = 0.37.,ML – Machine Learning,Model Evaluation
A classifier has 74 true positives and 3 false negatives. What is its recall (rounded to 2 decimal places)?,0.66,0.81,0.76,0.96,D,Recall = TP / (TP + FN) = 74 / (74 + 3) = 0.96.,ML – Machine Learning,Model Evaluation
A classifier has 136 true positives and 48 false negatives. What is its recall (rounded to 2 decimal places)?,0.54,0.44,0.64,0.74,D,Recall = TP / (TP + FN) = 136 / (136 + 48) = 0.74.,ML – Machine Learning,Model Evaluation
"Which term matches this description: ""a machine learning approach where a model is trained on labelled data, learning to map inputs to known outputs""?",model interpretability techniques,a kernel trick (in SVM),supervised learning,a fully connected layer,C,"The description matches supervised learning: a machine learning approach where a model is trained on labelled data, learning to map inputs to known outputs",ML – Machine Learning,Supervised Learning
"Which term matches this description: ""a classification task involving exactly two possible output classes, such as spam or not spam""?",a Gaussian (RBF) kernel,a hyperplane (in ML),binary classification,Naive Bayes classifier,C,"The description matches binary classification: a classification task involving exactly two possible output classes, such as spam or not spam",ML – Machine Learning,Classification
"Fill in the blank: ______ refers to ""a probabilistic classification algorithm based on Bayes' theorem, assuming independence between features"".",a hyperplane (in ML),a kernel trick (in SVM),Naive Bayes classifier,a bagging classifier,C,"Naive Bayes classifier refers to: a probabilistic classification algorithm based on Bayes' theorem, assuming independence between features",ML – Machine Learning,Classification
A classifier has 191 true positives and 15 false positives. What is its precision (rounded to 2 decimal places)?,0.63,0.83,0.93,0.73,C,Precision = TP / (TP + FP) = 191 / (191 + 15) = 0.93.,ML – Machine Learning,Model Evaluation
"Fill in the blank: ______ refers to ""a technique used to address class imbalance by generating synthetic examples of the minority class"".",batch normalisation,missing data imputation,ensemble learning,SMOTE (Synthetic Minority Oversampling Technique),D,SMOTE (Synthetic Minority Oversampling Technique) refers to: a technique used to address class imbalance by generating synthetic examples of the minority class,ML – Machine Learning,ML Basics
"Fill in the blank: ______ refers to ""an open-source machine learning framework developed by Google, widely used for building deep learning models"".",CatBoost,Kaggle,TensorFlow,scikit-learn,C,"TensorFlow refers to: an open-source machine learning framework developed by Google, widely used for building deep learning models",ML – Machine Learning,ML Tools
A classifier has 67 true positives and 26 false positives. What is its precision (rounded to 2 decimal places)?,0.57,0.92,0.72,0.82,C,Precision = TP / (TP + FP) = 67 / (67 + 26) = 0.72.,ML – Machine Learning,Model Evaluation
"A classifier has precision 0.65 and recall 0.79 (from 151 TP, 81 FP, 41 FN). What is its F1 score (rounded to 2 decimal places)?",0.86,0.71,0.41,0.81,B,F1 = 2×(Precision×Recall)/(Precision+Recall) = 2×(0.65×0.79)/(0.65+0.79) = 0.71.,ML – Machine Learning,Model Evaluation
"Fill in the blank: ______ refers to ""a technique used to reduce the number of features in a dataset while retaining important information"".",the elbow method,Principal Component Analysis (PCA),Latent Dirichlet Allocation (LDA),dimensionality reduction,D,dimensionality reduction refers to: a technique used to reduce the number of features in a dataset while retaining important information,ML – Machine Learning,Unsupervised Learning
"Which term matches this description: ""an open-source machine learning framework developed by Meta (Facebook), popular for research and deep learning applications""?",CatBoost,PyTorch,LightGBM,scikit-learn,B,"The description matches PyTorch: an open-source machine learning framework developed by Meta (Facebook), popular for research and deep learning applications",ML – Machine Learning,ML Tools
Which statement correctly describes Latent Dirichlet Allocation (LDA)?,a density-based clustering algorithm that groups points closely packed together and marks outliers as noise,an unsupervised learning technique used to discover interesting relationships between variables in large datasets,"an unsupervised technique used for topic modelling, identifying abstract topics within a collection of documents",a machine learning technique used to identify data points that deviate significantly from the norm,C,"By definition, Latent Dirichlet Allocation (LDA) is: an unsupervised technique used for topic modelling, identifying abstract topics within a collection of documents",ML – Machine Learning,Unsupervised Learning
"A classifier has precision 0.75 and recall 0.64 (from 130 TP, 44 FP, 72 FN). What is its F1 score (rounded to 2 decimal places)?",0.89,0.54,0.59,0.69,D,F1 = 2×(Precision×Recall)/(Precision+Recall) = 2×(0.75×0.64)/(0.75+0.64) = 0.69.,ML – Machine Learning,Model Evaluation
Which statement correctly describes Jupyter Notebook?,"a gradient boosting framework designed for efficiency and speed, developed by Microsoft",a popular open-source Python library used for implementing machine learning algorithms,"an open-source web application that allows users to create documents containing live code, equations, and visualisations",a tool that chains together multiple data processing and modelling steps into a single workflow,C,"By definition, Jupyter Notebook is: an open-source web application that allows users to create documents containing live code, equations, and visualisations",ML – Machine Learning,ML Tools
"Which term matches this description: ""an online community and platform for data scientists and machine learning practitioners to find datasets and compete in competitions""?",TensorFlow,a pipeline (in scikit-learn),Kaggle,Jupyter Notebook,C,The description matches Kaggle: an online community and platform for data scientists and machine learning practitioners to find datasets and compete in competitions,ML – Machine Learning,ML Tools
Which statement correctly describes image classification?,"a machine learning task that categorises text based on the emotional tone it conveys, such as positive or negative",a machine learning task that assigns a label to an image based on its visual content,"a machine learning application that predicts when equipment is likely to fail, enabling proactive maintenance","a recommendation approach that suggests items similar to those a user has liked in the past, based on item attributes",B,"By definition, image classification is: a machine learning task that assigns a label to an image based on its visual content",ML – Machine Learning,ML Applications
"A classifier has precision 0.59 and recall 0.59 (from 61 TP, 43 FP, 43 FN). What is its F1 score (rounded to 2 decimal places)?",0.59,0.29,0.74,0.39,A,F1 = 2×(Precision×Recall)/(Precision+Recall) = 2×(0.59×0.59)/(0.59+0.59) = 0.59.,ML – Machine Learning,Model Evaluation
"Fill in the blank: ______ refers to ""a technique used to determine the optimal number of clusters in k-means clustering by plotting variance explained against cluster count"".",anomaly detection,t-SNE (t-distributed Stochastic Neighbor Embedding),the elbow method,unsupervised learning,C,the elbow method refers to: a technique used to determine the optimal number of clusters in k-means clustering by plotting variance explained against cluster count,ML – Machine Learning,Unsupervised Learning
A classifier has 59 true positives and 20 false positives. What is its precision (rounded to 2 decimal places)?,0.55,0.45,0.75,0.85,C,Precision = TP / (TP + FP) = 59 / (59 + 20) = 0.75.,ML – Machine Learning,Model Evaluation
"Which term matches this description: ""the portion of data used to evaluate the performance of a trained machine learning model on unseen examples""?",Machine Learning (ML),normalisation (in ML),stochastic gradient descent (SGD),a testing dataset,D,The description matches a testing dataset: the portion of data used to evaluate the performance of a trained machine learning model on unseen examples,ML – Machine Learning,ML Basics
"A classifier has 107 true positives, 37 true negatives, 8 false positives, and 74 false negatives. What is its accuracy (rounded to 2 decimal places)?",0.84,0.54,0.64,0.94,C,Accuracy = (TP+TN)/(TP+TN+FP+FN) = (107+37)/(107+37+8+74) = 0.64.,ML – Machine Learning,Model Evaluation
Which statement correctly describes model accuracy?,a metric that combines precision and recall into a single value using their harmonic mean,a metric that measures the proportion of true positive predictions among all positive predictions made by a model,a statistical measure indicating how well a regression model's predictions approximate the actual data,a metric that measures the proportion of correct predictions made by a classification model,D,"By definition, model accuracy is: a metric that measures the proportion of correct predictions made by a classification model",ML – Machine Learning,Model Evaluation
What is a classification problem?,an ensemble method that trains multiple instances of a model on different bootstrapped subsets of data and averages their predictions,a type of supervised learning task where the goal is to assign inputs into predefined categories or classes,a simple supervised learning algorithm that classifies data points based on the majority class of their nearest neighbours,an ensemble learning method that combines multiple decision trees to improve prediction accuracy,B,a classification problem is: a type of supervised learning task where the goal is to assign inputs into predefined categories or classes,ML – Machine Learning,Classification
What is t-SNE (t-distributed Stochastic Neighbor Embedding)?,a dimensionality reduction technique that transforms data into a smaller set of uncorrelated variables called principal components,a technique used to determine the optimal number of clusters in k-means clustering by plotting variance explained against cluster count,an unsupervised learning technique that groups similar data points together based on shared characteristics,a dimensionality reduction technique often used for visualising high-dimensional data in two or three dimensions,D,t-SNE (t-distributed Stochastic Neighbor Embedding) is: a dimensionality reduction technique often used for visualising high-dimensional data in two or three dimensions,ML – Machine Learning,Unsupervised Learning
"A classifier has 105 true positives, 170 true negatives, 62 false positives, and 100 false negatives. What is its accuracy (rounded to 2 decimal places)?",0.63,0.93,0.78,0.83,A,Accuracy = (TP+TN)/(TP+TN+FP+FN) = (105+170)/(105+170+62+100) = 0.63.,ML – Machine Learning,Model Evaluation
A classifier has 116 true positives and 75 false positives. What is its precision (rounded to 2 decimal places)?,0.61,0.41,0.51,0.31,A,Precision = TP / (TP + FP) = 116 / (116 + 75) = 0.61.,ML – Machine Learning,Model Evaluation
"Which term matches this description: ""a statistical model used to represent systems that are assumed to follow a Markov process with unobserved (hidden) states""?",L1 regularisation (Lasso),gradient descent,a baseline model,a Hidden Markov Model (HMM),D,The description matches a Hidden Markov Model (HMM): a statistical model used to represent systems that are assumed to follow a Markov process with unobserved (hidden) states,ML – Machine Learning,ML Basics
"Which term matches this description: ""a technique used to address class imbalance by increasing the number of examples in the minority class""?",reinforcement learning,a neural network (in ML context),feature engineering,oversampling (in ML),D,The description matches oversampling (in ML): a technique used to address class imbalance by increasing the number of examples in the minority class,ML – Machine Learning,ML Basics
What is hyperparameter tuning?,"a regularisation technique that adds the absolute value of coefficients as a penalty, which can shrink some coefficients to zero",a technique that explains individual predictions of any classifier by approximating it locally with an interpretable model,the balance between a model's error due to overly simplistic assumptions (bias) and its sensitivity to small fluctuations in data (variance),the process of selecting the optimal configuration settings for a machine learning model to maximise performance,D,hyperparameter tuning is: the process of selecting the optimal configuration settings for a machine learning model to maximise performance,ML – Machine Learning,ML Basics
A classifier has 12 true positives and 26 false negatives. What is its recall (rounded to 2 decimal places)?,0.32,0.22,0.12,0.02,A,Recall = TP / (TP + FN) = 12 / (12 + 26) = 0.32.,ML – Machine Learning,Model Evaluation
"A classifier has 47 true positives, 132 true negatives, 28 false positives, and 16 false negatives. What is its accuracy (rounded to 2 decimal places)?",0.95,0.80,0.90,0.60,B,Accuracy = (TP+TN)/(TP+TN+FP+FN) = (47+132)/(47+132+28+16) = 0.80.,ML – Machine Learning,Model Evaluation
"A classifier has precision 0.96 and recall 0.72 (from 100 TP, 4 FP, 39 FN). What is its F1 score (rounded to 2 decimal places)?",0.82,0.67,0.97,0.72,A,F1 = 2×(Precision×Recall)/(Precision+Recall) = 2×(0.96×0.72)/(0.96+0.72) = 0.82.,ML – Machine Learning,Model Evaluation
"A classifier has precision 0.81 and recall 0.63 (from 163 TP, 37 FP, 95 FN). What is its F1 score (rounded to 2 decimal places)?",0.71,0.91,0.41,1.00,A,F1 = 2×(Precision×Recall)/(Precision+Recall) = 2×(0.81×0.63)/(0.81+0.63) = 0.71.,ML – Machine Learning,Model Evaluation
"A classifier has 136 true positives, 200 true negatives, 62 false positives, and 38 false negatives. What is its accuracy (rounded to 2 decimal places)?",0.62,0.77,0.67,0.92,B,Accuracy = (TP+TN)/(TP+TN+FP+FN) = (136+200)/(136+200+62+38) = 0.77.,ML – Machine Learning,Model Evaluation
A classifier has 67 true positives and 93 false positives. What is its precision (rounded to 2 decimal places)?,0.32,0.27,0.57,0.42,D,Precision = TP / (TP + FP) = 67 / (67 + 93) = 0.42.,ML – Machine Learning,Model Evaluation
"A classifier has 41 true positives, 133 true negatives, 18 false positives, and 29 false negatives. What is its accuracy (rounded to 2 decimal places)?",0.94,0.79,1.00,0.89,B,Accuracy = (TP+TN)/(TP+TN+FP+FN) = (41+133)/(41+133+18+29) = 0.79.,ML – Machine Learning,Model Evaluation
"Fill in the blank: ______ refers to ""a metric used to evaluate regression models by measuring the average absolute difference between predicted and actual values"".",a confusion matrix,recall (in ML),mean absolute error (MAE),model accuracy,C,mean absolute error (MAE) refers to: a metric used to evaluate regression models by measuring the average absolute difference between predicted and actual values,ML – Machine Learning,Model Evaluation
A classifier has 185 true positives and 85 false negatives. What is its recall (rounded to 2 decimal places)?,0.89,0.69,0.99,0.59,B,Recall = TP / (TP + FN) = 185 / (185 + 85) = 0.69.,ML – Machine Learning,Model Evaluation
"Which term matches this description: ""an ensemble learning method that combines multiple decision trees to improve prediction accuracy""?",a random forest,k-nearest neighbours (KNN),Naive Bayes classifier,entropy (in decision trees),A,The description matches a random forest: an ensemble learning method that combines multiple decision trees to improve prediction accuracy,ML – Machine Learning,Classification
"Which term matches this description: ""a common metric used to evaluate regression models by measuring the average squared difference between predicted and actual values""?",mean squared error (MSE),recall (in ML),mean absolute error (MAE),model accuracy,A,The description matches mean squared error (MSE): a common metric used to evaluate regression models by measuring the average squared difference between predicted and actual values,ML – Machine Learning,Model Evaluation
"Which term matches this description: ""a graphical plot used to evaluate the performance of a binary classification model at various threshold settings""?",the ROC curve,a confusion matrix,precision (in ML),model accuracy,A,The description matches the ROC curve: a graphical plot used to evaluate the performance of a binary classification model at various threshold settings,ML – Machine Learning,Model Evaluation
Which statement correctly describes object detection?,"a recommendation approach that suggests items similar to those a user has liked in the past, based on item attributes",a machine learning task that identifies and locates specific objects within an image,a machine learning application that predicts which customers are likely to stop using a product or service,a machine learning application that transcribes spoken language into written text,B,"By definition, object detection is: a machine learning task that identifies and locates specific objects within an image",ML – Machine Learning,ML Applications
"A classifier has precision 0.71 and recall 0.66 (from 125 TP, 50 FP, 65 FN). What is its F1 score (rounded to 2 decimal places)?",0.78,0.48,0.68,0.38,C,F1 = 2×(Precision×Recall)/(Precision+Recall) = 2×(0.71×0.66)/(0.71+0.66) = 0.68.,ML – Machine Learning,Model Evaluation
A classifier has 37 true positives and 43 false negatives. What is its recall (rounded to 2 decimal places)?,0.56,0.46,0.61,0.36,B,Recall = TP / (TP + FN) = 37 / (37 + 43) = 0.46.,ML – Machine Learning,Model Evaluation
Which statement correctly describes speech-to-text conversion?,a machine learning technique used in recommendation systems that makes predictions based on user behaviour patterns,"a machine learning application that predicts user preferences and suggests relevant items, such as movies or products",a machine learning application that transcribes spoken language into written text,machine learning models used by financial institutions to assess the creditworthiness of loan applicants,C,"By definition, speech-to-text conversion is: a machine learning application that transcribes spoken language into written text",ML – Machine Learning,ML Applications
"Which term matches this description: ""a situation in classification problems where one class significantly outnumbers other classes in the training data""?",outlier detection,a fully connected layer,class imbalance,stochastic gradient descent (SGD),C,The description matches class imbalance: a situation in classification problems where one class significantly outnumbers other classes in the training data,ML – Machine Learning,ML Basics
"Which term matches this description: ""a technique that allows support vector machines to operate in high-dimensional space without explicitly computing coordinates in that space""?",a Gini index (in decision trees),a support vector machine (SVM),a Gaussian (RBF) kernel,a kernel trick (in SVM),D,The description matches a kernel trick (in SVM): a technique that allows support vector machines to operate in high-dimensional space without explicitly computing coordinates in that space,ML – Machine Learning,Classification
"A classifier has precision 0.46 and recall 0.46 (from 78 TP, 93 FP, 92 FN). What is its F1 score (rounded to 2 decimal places)?",0.76,0.46,0.56,0.61,B,F1 = 2×(Precision×Recall)/(Precision+Recall) = 2×(0.46×0.46)/(0.46+0.46) = 0.46.,ML – Machine Learning,Model Evaluation
"Which term matches this description: ""a variation of gradient descent that updates model parameters using one training example at a time, rather than the full dataset""?",stochastic gradient descent (SGD),a Markov chain,bagging (Bootstrap Aggregating),regularisation,A,"The description matches stochastic gradient descent (SGD): a variation of gradient descent that updates model parameters using one training example at a time, rather than the full dataset",ML – Machine Learning,ML Basics
"A classifier has precision 0.99 and recall 0.94 (from 134 TP, 2 FP, 8 FN). What is its F1 score (rounded to 2 decimal places)?",1.00,0.66,0.76,0.96,D,F1 = 2×(Precision×Recall)/(Precision+Recall) = 2×(0.99×0.94)/(0.99+0.94) = 0.96.,ML – Machine Learning,Model Evaluation
"Which term matches this description: ""the process of choosing the most relevant variables from a dataset to use in model training""?",gradient descent,Machine Learning (ML),LIME (Local Interpretable Model-agnostic Explanations),feature selection,D,The description matches feature selection: the process of choosing the most relevant variables from a dataset to use in model training,ML – Machine Learning,ML Basics
A classifier has 32 true positives and 66 false positives. What is its precision (rounded to 2 decimal places)?,0.33,0.43,0.48,0.13,A,Precision = TP / (TP + FP) = 32 / (32 + 66) = 0.33.,ML – Machine Learning,Model Evaluation
"Which term matches this description: ""a tool that chains together multiple data processing and modelling steps into a single workflow""?",Jupyter Notebook,PyTorch,CatBoost,a pipeline (in scikit-learn),D,The description matches a pipeline (in scikit-learn): a tool that chains together multiple data processing and modelling steps into a single workflow,ML – Machine Learning,ML Tools
"A classifier has 145 true positives, 174 true negatives, 55 false positives, and 50 false negatives. What is its accuracy (rounded to 2 decimal places)?",0.60,0.75,0.85,0.55,B,Accuracy = (TP+TN)/(TP+TN+FP+FN) = (145+174)/(145+174+55+50) = 0.75.,ML – Machine Learning,Model Evaluation
"A classifier has precision 0.91 and recall 0.46 (from 79 TP, 8 FP, 94 FN). What is its F1 score (rounded to 2 decimal places)?",0.76,0.61,0.41,0.71,B,F1 = 2×(Precision×Recall)/(Precision+Recall) = 2×(0.91×0.46)/(0.91+0.46) = 0.61.,ML – Machine Learning,Model Evaluation
"A classifier has precision 0.81 and recall 0.45 (from 57 TP, 13 FP, 70 FN). What is its F1 score (rounded to 2 decimal places)?",0.58,0.78,0.28,0.43,A,F1 = 2×(Precision×Recall)/(Precision+Recall) = 2×(0.81×0.45)/(0.81+0.45) = 0.58.,ML – Machine Learning,Model Evaluation
"Fill in the blank: ______ refers to ""a metric used to decide which feature to split on at each step, based on the reduction in entropy"".",information gain (in decision trees),a bagging classifier,logistic regression,Naive Bayes classifier,A,"information gain (in decision trees) refers to: a metric used to decide which feature to split on at each step, based on the reduction in entropy",ML – Machine Learning,Classification
A classifier has 48 true positives and 67 false negatives. What is its recall (rounded to 2 decimal places)?,0.42,0.12,0.62,0.57,A,Recall = TP / (TP + FN) = 48 / (48 + 67) = 0.42.,ML – Machine Learning,Model Evaluation
Which statement correctly describes a Markov chain?,a subset of AI that enables systems to learn patterns from data and improve performance without being explicitly programmed,a mathematical model describing a sequence of events where the probability of each event depends only on the state attained in the previous event,a technique used to explain individual predictions of a machine learning model by attributing contributions to each feature,a technique that explains individual predictions of any classifier by approximating it locally with an interpretable model,B,"By definition, a Markov chain is: a mathematical model describing a sequence of events where the probability of each event depends only on the state attained in the previous event",ML – Machine Learning,ML Basics
Which statement correctly describes transfer learning (in ML)?,the portion of data used to evaluate the performance of a trained machine learning model on unseen examples,a machine learning technique that combines predictions from multiple models to improve overall performance,a technique where a model trained on one task is reused as the starting point for a model on a related task,a modelling error where a model is too simple to capture the underlying pattern in the data,C,"By definition, transfer learning (in ML) is: a technique where a model trained on one task is reused as the starting point for a model on a related task",ML – Machine Learning,ML Basics
A classifier has 83 true positives and 66 false positives. What is its precision (rounded to 2 decimal places)?,0.56,0.86,0.46,0.41,A,Precision = TP / (TP + FP) = 83 / (83 + 66) = 0.56.,ML – Machine Learning,Model Evaluation
"Fill in the blank: ______ refers to ""a regularisation technique that randomly disables a fraction of neurons during training to prevent overfitting"".",semi-supervised learning,a neural network (in ML context),one-hot encoding,dropout (in neural networks),D,dropout (in neural networks) refers to: a regularisation technique that randomly disables a fraction of neurons during training to prevent overfitting,ML – Machine Learning,ML Basics
A classifier has 80 true positives and 73 false positives. What is its precision (rounded to 2 decimal places)?,0.62,0.32,0.52,0.42,C,Precision = TP / (TP + FP) = 80 / (80 + 73) = 0.52.,ML – Machine Learning,Model Evaluation
"A classifier has 28 true positives, 40 true negatives, 2 false positives, and 89 false negatives. What is its accuracy (rounded to 2 decimal places)?",0.63,0.28,0.43,0.73,C,Accuracy = (TP+TN)/(TP+TN+FP+FN) = (28+40)/(28+40+2+89) = 0.43.,ML – Machine Learning,Model Evaluation
"A classifier has precision 0.76 and recall 0.88 (from 128 TP, 41 FP, 17 FN). What is its F1 score (rounded to 2 decimal places)?",0.67,0.62,0.82,0.97,C,F1 = 2×(Precision×Recall)/(Precision+Recall) = 2×(0.76×0.88)/(0.76+0.88) = 0.82.,ML – Machine Learning,Model Evaluation
"Fill in the blank: ______ refers to ""a technique used to address class imbalance by increasing the number of examples in the minority class"".",oversampling (in ML),dropout (in neural networks),one-hot encoding,the MNIST dataset,A,oversampling (in ML) refers to: a technique used to address class imbalance by increasing the number of examples in the minority class,ML – Machine Learning,ML Basics
"A classifier has 51 true positives, 162 true negatives, 68 false positives, and 46 false negatives. What is its accuracy (rounded to 2 decimal places)?",0.80,0.65,0.45,0.50,B,Accuracy = (TP+TN)/(TP+TN+FP+FN) = (51+162)/(51+162+68+46) = 0.65.,ML – Machine Learning,Model Evaluation
What is churn prediction?,a machine learning task that assigns a label to an image based on its visual content,a machine learning application that transcribes spoken language into written text,a machine learning application that predicts which customers are likely to stop using a product or service,"a machine learning application that predicts when equipment is likely to fail, enabling proactive maintenance",C,churn prediction is: a machine learning application that predicts which customers are likely to stop using a product or service,ML – Machine Learning,ML Applications
Which statement correctly describes a data pipeline?,the process of selecting the optimal configuration settings for a machine learning model to maximise performance,an individual measurable property or characteristic used as input to a machine learning model,"a popular and efficient implementation of gradient boosting, widely used in machine learning competitions","a series of automated steps used to collect, clean, transform, and prepare data for machine learning models",D,"By definition, a data pipeline is: a series of automated steps used to collect, clean, transform, and prepare data for machine learning models",ML – Machine Learning,ML Basics
A classifier has 117 true positives and 64 false negatives. What is its recall (rounded to 2 decimal places)?,0.65,0.55,0.80,0.75,A,Recall = TP / (TP + FN) = 117 / (117 + 64) = 0.65.,ML – Machine Learning,Model Evaluation
"A classifier has precision 0.94 and recall 0.40 (from 65 TP, 4 FP, 99 FN). What is its F1 score (rounded to 2 decimal places)?",0.56,0.26,0.86,0.36,A,F1 = 2×(Precision×Recall)/(Precision+Recall) = 2×(0.94×0.40)/(0.94+0.40) = 0.56.,ML – Machine Learning,Model Evaluation
Which statement correctly describes model deployment?,the process of integrating a trained machine learning model into a production environment for real-world use,a regularisation technique that randomly disables a fraction of neurons during training to prevent overfitting,the process of choosing the most relevant variables from a dataset to use in model training,a subset of machine learning that uses neural networks with many layers to model complex patterns in data,A,"By definition, model deployment is: the process of integrating a trained machine learning model into a production environment for real-world use",ML – Machine Learning,ML Basics
"A classifier has 146 true positives, 46 true negatives, 23 false positives, and 58 false negatives. What is its accuracy (rounded to 2 decimal places)?",0.50,0.70,0.55,0.85,B,Accuracy = (TP+TN)/(TP+TN+FP+FN) = (146+46)/(146+46+23+58) = 0.70.,ML – Machine Learning,Model Evaluation
A classifier has 20 true positives and 40 false negatives. What is its recall (rounded to 2 decimal places)?,0.53,0.18,0.33,0.63,C,Recall = TP / (TP + FN) = 20 / (20 + 40) = 0.33.,ML – Machine Learning,Model Evaluation
"Which term matches this description: ""a metric used to decide which feature to split on at each step, based on the reduction in entropy""?",information gain (in decision trees),multi-class classification,AdaBoost,entropy (in decision trees),A,"The description matches information gain (in decision trees): a metric used to decide which feature to split on at each step, based on the reduction in entropy",ML – Machine Learning,Classification
"A classifier has 167 true positives, 147 true negatives, 6 false positives, and 34 false negatives. What is its accuracy (rounded to 2 decimal places)?",0.79,0.89,0.59,1.00,B,Accuracy = (TP+TN)/(TP+TN+FP+FN) = (167+147)/(167+147+6+34) = 0.89.,ML – Machine Learning,Model Evaluation
"A classifier has precision 0.71 and recall 0.95 (from 183 TP, 76 FP, 9 FN). What is its F1 score (rounded to 2 decimal places)?",0.71,0.61,0.96,0.81,D,F1 = 2×(Precision×Recall)/(Precision+Recall) = 2×(0.71×0.95)/(0.71+0.95) = 0.81.,ML – Machine Learning,Model Evaluation
A classifier has 28 true positives and 28 false negatives. What is its recall (rounded to 2 decimal places)?,0.30,0.80,0.65,0.50,D,Recall = TP / (TP + FN) = 28 / (28 + 28) = 0.50.,ML – Machine Learning,Model Evaluation
Which statement correctly describes gradient descent?,"an ensemble technique that combines multiple weak learners sequentially, with each one correcting errors of its predecessor",a regularisation technique that halts training once model performance on a validation set stops improving,an optimisation algorithm used to minimise a model's error by iteratively adjusting parameters in the direction of steepest descent,a technique used to explain individual predictions of a machine learning model by attributing contributions to each feature,C,"By definition, gradient descent is: an optimisation algorithm used to minimise a model's error by iteratively adjusting parameters in the direction of steepest descent",ML – Machine Learning,ML Basics
What is a neural network (in ML context)?,"a layer in a convolutional neural network that reduces the spatial size of data, decreasing computation and controlling overfitting",one complete pass through the entire training dataset during the model training process,"a machine learning model inspired by the human brain, composed of interconnected layers of nodes",a mathematical function that quantifies the difference between a model's predictions and the actual target values,C,"a neural network (in ML context) is: a machine learning model inspired by the human brain, composed of interconnected layers of nodes",ML – Machine Learning,ML Basics
"A classifier has 178 true positives, 72 true negatives, 59 false positives, and 77 false negatives. What is its accuracy (rounded to 2 decimal places)?",0.80,0.35,0.55,0.65,D,Accuracy = (TP+TN)/(TP+TN+FP+FN) = (178+72)/(178+72+59+77) = 0.65.,ML – Machine Learning,Model Evaluation
"A classifier has precision 0.89 and recall 0.63 (from 157 TP, 19 FP, 93 FN). What is its F1 score (rounded to 2 decimal places)?",0.74,0.89,0.54,0.94,A,F1 = 2×(Precision×Recall)/(Precision+Recall) = 2×(0.89×0.63)/(0.89+0.63) = 0.74.,ML – Machine Learning,Model Evaluation
Which statement correctly describes a cost function (in ML)?,a large visual database used for training and benchmarking image classification and object detection models,"the average loss across an entire training dataset, which a model seeks to minimise during training",the process of selecting the optimal configuration settings for a machine learning model to maximise performance,a regularisation technique that halts training once model performance on a validation set stops improving,B,"By definition, a cost function (in ML) is: the average loss across an entire training dataset, which a model seeks to minimise during training",ML – Machine Learning,ML Basics
"Which term matches this description: ""a technique used in deep learning to stabilise and accelerate training by normalising layer inputs""?",LIME (Local Interpretable Model-agnostic Explanations),a testing dataset,gradient boosting,batch normalisation,D,The description matches batch normalisation: a technique used in deep learning to stabilise and accelerate training by normalising layer inputs,ML – Machine Learning,ML Basics
"Fill in the blank: ______ refers to ""the process of integrating a trained machine learning model into a production environment for real-world use"".",batch size (in ML),model deployment,a pooling layer,a cost function (in ML),B,model deployment refers to: the process of integrating a trained machine learning model into a production environment for real-world use,ML – Machine Learning,ML Basics
Which statement correctly describes a Gini index (in decision trees)?,"a measure used to evaluate the quality of a split in a decision tree, based on the impurity of resulting subsets","a probabilistic classification algorithm based on Bayes' theorem, assuming independence between features","a statistical method used for binary classification, predicting the probability of an outcome belonging to a particular class",the process of removing sections of a decision tree to reduce complexity and prevent overfitting,A,"By definition, a Gini index (in decision trees) is: a measure used to evaluate the quality of a split in a decision tree, based on the impurity of resulting subsets",ML – Machine Learning,Classification
"Which term matches this description: ""a metric that measures the proportion of true positive predictions among all positive predictions made by a model""?",precision (in ML),mean absolute error (MAE),R-squared (coefficient of determination),the ROC curve,A,The description matches precision (in ML): a metric that measures the proportion of true positive predictions among all positive predictions made by a model,ML – Machine Learning,Model Evaluation
"A classifier has precision 0.61 and recall 0.60 (from 117 TP, 74 FP, 79 FN). What is its F1 score (rounded to 2 decimal places)?",0.90,0.75,0.60,0.70,C,F1 = 2×(Precision×Recall)/(Precision+Recall) = 2×(0.61×0.60)/(0.61+0.60) = 0.60.,ML – Machine Learning,Model Evaluation
"Fill in the blank: ______ refers to ""the process of selecting the optimal configuration settings for a machine learning model to maximise performance"".",Machine Learning (ML),the MNIST dataset,hyperparameter tuning,normalisation (in ML),C,hyperparameter tuning refers to: the process of selecting the optimal configuration settings for a machine learning model to maximise performance,ML – Machine Learning,ML Basics
A classifier has 32 true positives and 22 false positives. What is its precision (rounded to 2 decimal places)?,0.89,0.29,0.59,0.39,C,Precision = TP / (TP + FP) = 32 / (32 + 22) = 0.59.,ML – Machine Learning,Model Evaluation
"Fill in the blank: ______ refers to ""a clustering method that builds a tree of clusters by either merging or splitting groups iteratively"".",unsupervised learning,the elbow method,hierarchical clustering,Latent Dirichlet Allocation (LDA),C,hierarchical clustering refers to: a clustering method that builds a tree of clusters by either merging or splitting groups iteratively,ML – Machine Learning,Unsupervised Learning
A classifier has 196 true positives and 74 false negatives. What is its recall (rounded to 2 decimal places)?,0.53,0.73,0.88,0.63,B,Recall = TP / (TP + FN) = 196 / (196 + 74) = 0.73.,ML – Machine Learning,Model Evaluation
A classifier has 154 true positives and 34 false negatives. What is its recall (rounded to 2 decimal places)?,0.82,0.52,1.00,0.72,A,Recall = TP / (TP + FN) = 154 / (154 + 34) = 0.82.,ML – Machine Learning,Model Evaluation
"Which term matches this description: ""an optimisation algorithm used to minimise a model's error by iteratively adjusting parameters in the direction of steepest descent""?",gradient descent,stochastic gradient descent (SGD),the ImageNet dataset,dropout (in neural networks),A,The description matches gradient descent: an optimisation algorithm used to minimise a model's error by iteratively adjusting parameters in the direction of steepest descent,ML – Machine Learning,ML Basics
What is R-squared (coefficient of determination)?,a graphical plot used to evaluate the performance of a binary classification model at various threshold settings,a statistical measure indicating how well a regression model's predictions approximate the actual data,a common metric used to evaluate regression models by measuring the average squared difference between predicted and actual values,a metric that measures the proportion of correct predictions made by a classification model,B,R-squared (coefficient of determination) is: a statistical measure indicating how well a regression model's predictions approximate the actual data,ML – Machine Learning,Model Evaluation
"A classifier has precision 0.88 and recall 0.86 (from 134 TP, 19 FP, 21 FN). What is its F1 score (rounded to 2 decimal places)?",0.97,0.87,0.57,0.67,B,F1 = 2×(Precision×Recall)/(Precision+Recall) = 2×(0.88×0.86)/(0.88+0.86) = 0.87.,ML – Machine Learning,Model Evaluation
What is feature engineering?,the portion of data used to teach a machine learning model to recognise patterns,"the process of selecting, transforming, and creating input variables to improve a machine learning model's performance",a technique used to address class imbalance by increasing the number of examples in the minority class,a machine learning technique that combines predictions from multiple models to improve overall performance,B,"feature engineering is: the process of selecting, transforming, and creating input variables to improve a machine learning model's performance",ML – Machine Learning,ML Basics
"A classifier has 82 true positives, 144 true negatives, 16 false positives, and 89 false negatives. What is its accuracy (rounded to 2 decimal places)?",0.48,0.58,0.68,0.78,C,Accuracy = (TP+TN)/(TP+TN+FP+FN) = (82+144)/(82+144+16+89) = 0.68.,ML – Machine Learning,Model Evaluation
"Fill in the blank: ______ refers to ""a machine learning task that categorises text based on the emotional tone it conveys, such as positive or negative"".",sentiment classification,time series forecasting,a recommender system,predictive maintenance,A,"sentiment classification refers to: a machine learning task that categorises text based on the emotional tone it conveys, such as positive or negative",ML – Machine Learning,ML Applications
"Fill in the blank: ______ refers to ""a subset of machine learning that uses neural networks with many layers to model complex patterns in data"".",deep learning,one-hot encoding,XGBoost,L2 regularisation (Ridge),A,deep learning refers to: a subset of machine learning that uses neural networks with many layers to model complex patterns in data,ML – Machine Learning,ML Basics
"Which term matches this description: ""the process of scaling numerical data to a common range, often between 0 and 1, to improve model performance""?",normalisation (in ML),missing data imputation,gradient boosting,a fully connected layer,A,"The description matches normalisation (in ML): the process of scaling numerical data to a common range, often between 0 and 1, to improve model performance",ML – Machine Learning,ML Basics
Which statement correctly describes a convolutional layer?,the balance between a model's error due to overly simplistic assumptions (bias) and its sensitivity to small fluctuations in data (variance),a technique that explains individual predictions of any classifier by approximating it locally with an interpretable model,a resampling technique that involves repeatedly drawing samples with replacement from a dataset to estimate a statistic,"a layer in a neural network that applies filters to detect patterns such as edges or textures, commonly used in image processing",D,"By definition, a convolutional layer is: a layer in a neural network that applies filters to detect patterns such as edges or textures, commonly used in image processing",ML – Machine Learning,ML Basics
"Fill in the blank: ______ refers to ""an individual measurable property or characteristic used as input to a machine learning model"".",feature engineering,a feature (in ML),a baseline model,dropout (in neural networks),B,a feature (in ML) refers to: an individual measurable property or characteristic used as input to a machine learning model,ML – Machine Learning,ML Basics
"A classifier has precision 0.10 and recall 0.12 (from 5 TP, 43 FP, 38 FN). What is its F1 score (rounded to 2 decimal places)?",0.21,0.11,0.31,0.41,B,F1 = 2×(Precision×Recall)/(Precision+Recall) = 2×(0.10×0.12)/(0.10+0.12) = 0.11.,ML – Machine Learning,Model Evaluation
"Which term matches this description: ""the process of removing sections of a decision tree to reduce complexity and prevent overfitting""?",a support vector machine (SVM),pruning (in decision trees),multi-class classification,a random forest,B,The description matches pruning (in decision trees): the process of removing sections of a decision tree to reduce complexity and prevent overfitting,ML – Machine Learning,Classification
Which statement correctly describes missing data imputation?,a technique used to explain individual predictions of a machine learning model by attributing contributions to each feature,a machine learning technique that combines predictions from multiple models to improve overall performance,the known output or target value associated with an input example in supervised learning,a technique used to fill in missing values in a dataset using estimated or calculated values,D,"By definition, missing data imputation is: a technique used to fill in missing values in a dataset using estimated or calculated values",ML – Machine Learning,ML Basics
"Fill in the blank: ______ refers to ""a machine learning approach where a model finds patterns or structure in data without labelled outputs"".",unsupervised learning,clustering,market basket analysis,silhouette score,A,unsupervised learning refers to: a machine learning approach where a model finds patterns or structure in data without labelled outputs,ML – Machine Learning,Unsupervised Learning
"Fill in the blank: ______ refers to ""a metric that combines precision and recall into a single value using their harmonic mean"".",AUC (Area Under the Curve),the F1 score,recall (in ML),a confusion matrix,B,the F1 score refers to: a metric that combines precision and recall into a single value using their harmonic mean,ML – Machine Learning,Model Evaluation
"A classifier has 74 true positives, 14 true negatives, 1 false positives, and 95 false negatives. What is its accuracy (rounded to 2 decimal places)?",0.48,0.18,0.78,0.68,A,Accuracy = (TP+TN)/(TP+TN+FP+FN) = (74+14)/(74+14+1+95) = 0.48.,ML – Machine Learning,Model Evaluation
What is model interpretability techniques?,a resampling technique that involves repeatedly drawing samples with replacement from a dataset to estimate a statistic,a regularisation technique that halts training once model performance on a validation set stops improving,"methods used to explain how a machine learning model arrives at its predictions, such as SHAP or LIME",the process of identifying data points that differ significantly from the rest of the dataset,C,"model interpretability techniques is: methods used to explain how a machine learning model arrives at its predictions, such as SHAP or LIME",ML – Machine Learning,ML Basics
"A classifier has 186 true positives, 107 true negatives, 45 false positives, and 63 false negatives. What is its accuracy (rounded to 2 decimal places)?",0.58,0.73,1.00,0.93,B,Accuracy = (TP+TN)/(TP+TN+FP+FN) = (186+107)/(186+107+45+63) = 0.73.,ML – Machine Learning,Model Evaluation
What is regularisation?,the process of selecting the optimal configuration settings for a machine learning model to maximise performance,a mathematical model describing a sequence of events where the probability of each event depends only on the state attained in the previous event,an optimisation algorithm used to minimise a model's error by iteratively adjusting parameters in the direction of steepest descent,a technique used to prevent overfitting by adding a penalty term to a model's loss function,D,regularisation is: a technique used to prevent overfitting by adding a penalty term to a model's loss function,ML – Machine Learning,ML Basics
What is supervised learning?,a technique used to address class imbalance by reducing the number of examples in the majority class,"a machine learning approach where a model is trained on labelled data, learning to map inputs to known outputs",an online community and platform for data scientists and machine learning practitioners to find datasets and compete in competitions,"a classification task involving exactly two possible output classes, such as spam or not spam",B,"supervised learning is: a machine learning approach where a model is trained on labelled data, learning to map inputs to known outputs",ML – Machine Learning,Supervised Learning
"A classifier has 117 true positives, 165 true negatives, 64 false positives, and 53 false negatives. What is its accuracy (rounded to 2 decimal places)?",0.86,0.91,0.61,0.71,D,Accuracy = (TP+TN)/(TP+TN+FP+FN) = (117+165)/(117+165+64+53) = 0.71.,ML – Machine Learning,Model Evaluation
"Which term matches this description: ""a large visual database used for training and benchmarking image classification and object detection models""?",dropout (in neural networks),L2 regularisation (Ridge),a loss function (in ML),the ImageNet dataset,D,The description matches the ImageNet dataset: a large visual database used for training and benchmarking image classification and object detection models,ML – Machine Learning,ML Basics
"A classifier has precision 0.61 and recall 0.62 (from 86 TP, 56 FP, 52 FN). What is its F1 score (rounded to 2 decimal places)?",0.81,0.71,0.41,0.61,D,F1 = 2×(Precision×Recall)/(Precision+Recall) = 2×(0.61×0.62)/(0.61+0.62) = 0.61.,ML – Machine Learning,Model Evaluation
A classifier has 113 true positives and 44 false negatives. What is its recall (rounded to 2 decimal places)?,0.82,0.62,0.72,0.57,C,Recall = TP / (TP + FN) = 113 / (113 + 44) = 0.72.,ML – Machine Learning,Model Evaluation
"Which term matches this description: ""the process of transforming data to have a mean of zero and a standard deviation of one""?",standardisation (in ML),learning rate (in ML),a training dataset,semi-supervised learning,A,The description matches standardisation (in ML): the process of transforming data to have a mean of zero and a standard deviation of one,ML – Machine Learning,ML Basics
A classifier has 189 true positives and 50 false positives. What is its precision (rounded to 2 decimal places)?,0.99,0.79,0.94,0.89,B,Precision = TP / (TP + FP) = 189 / (189 + 50) = 0.79.,ML – Machine Learning,Model Evaluation
A classifier has 50 true positives and 42 false positives. What is its precision (rounded to 2 decimal places)?,0.24,0.34,0.54,0.64,C,Precision = TP / (TP + FP) = 50 / (50 + 42) = 0.54.,ML – Machine Learning,Model Evaluation
"Fill in the blank: ______ refers to ""a type of supervised learning task where the goal is to assign inputs into predefined categories or classes"".",Naive Bayes classifier,a classification problem,pruning (in decision trees),a support vector machine (SVM),B,a classification problem refers to: a type of supervised learning task where the goal is to assign inputs into predefined categories or classes,ML – Machine Learning,Classification
"Which term matches this description: ""an unsupervised technique used for topic modelling, identifying abstract topics within a collection of documents""?",t-SNE (t-distributed Stochastic Neighbor Embedding),dimensionality reduction,Latent Dirichlet Allocation (LDA),Principal Component Analysis (PCA),C,"The description matches Latent Dirichlet Allocation (LDA): an unsupervised technique used for topic modelling, identifying abstract topics within a collection of documents",ML – Machine Learning,Unsupervised Learning
A classifier has 100 true positives and 68 false positives. What is its precision (rounded to 2 decimal places)?,0.70,0.60,0.40,0.90,B,Precision = TP / (TP + FP) = 100 / (100 + 68) = 0.60.,ML – Machine Learning,Model Evaluation
A classifier has 29 true positives and 5 false positives. What is its precision (rounded to 2 decimal places)?,0.70,0.75,0.55,0.85,D,Precision = TP / (TP + FP) = 29 / (29 + 5) = 0.85.,ML – Machine Learning,Model Evaluation
A classifier has 64 true positives and 58 false positives. What is its precision (rounded to 2 decimal places)?,0.42,0.67,0.52,0.32,C,Precision = TP / (TP + FP) = 64 / (64 + 58) = 0.52.,ML – Machine Learning,Model Evaluation
"A classifier has precision 0.65 and recall 0.80 (from 184 TP, 97 FP, 45 FN). What is its F1 score (rounded to 2 decimal places)?",0.72,0.52,0.42,0.57,A,F1 = 2×(Precision×Recall)/(Precision+Recall) = 2×(0.65×0.80)/(0.65+0.80) = 0.72.,ML – Machine Learning,Model Evaluation
"Which term matches this description: ""a metric that combines precision and recall into a single value using their harmonic mean""?",the F1 score,a confusion matrix,recall (in ML),AUC (Area Under the Curve),A,The description matches the F1 score: a metric that combines precision and recall into a single value using their harmonic mean,ML – Machine Learning,Model Evaluation
What is elastic net regression?,"a cross-validation technique where data is divided into k subsets, with each subset used once as a test set",a large visual database used for training and benchmarking image classification and object detection models,a regression technique that combines both L1 and L2 regularisation penalties,a technique used to address class imbalance by generating synthetic examples of the minority class,C,elastic net regression is: a regression technique that combines both L1 and L2 regularisation penalties,ML – Machine Learning,Regression
"A classifier has precision 0.73 and recall 0.89 (from 198 TP, 74 FP, 24 FN). What is its F1 score (rounded to 2 decimal places)?",0.80,0.70,0.60,0.65,A,F1 = 2×(Precision×Recall)/(Precision+Recall) = 2×(0.73×0.89)/(0.73+0.89) = 0.80.,ML – Machine Learning,Model Evaluation
"Fill in the blank: ______ refers to ""a classification task involving exactly two possible output classes, such as spam or not spam"".",binary classification,a Gini index (in decision trees),Naive Bayes classifier,a Gaussian (RBF) kernel,A,"binary classification refers to: a classification task involving exactly two possible output classes, such as spam or not spam",ML – Machine Learning,Classification
A classifier has 196 true positives and 81 false negatives. What is its recall (rounded to 2 decimal places)?,0.41,0.91,0.71,0.56,C,Recall = TP / (TP + FN) = 196 / (196 + 81) = 0.71.,ML – Machine Learning,Model Evaluation
What is a residual (in regression)?,an ensemble learning method that combines multiple decision trees to improve prediction accuracy,a technique used to address class imbalance by increasing the number of examples in the minority class,"the process of scaling numerical data to a common range, often between 0 and 1, to improve model performance",the difference between an observed value and the value predicted by a regression model,D,a residual (in regression) is: the difference between an observed value and the value predicted by a regression model,ML – Machine Learning,Regression
Which statement correctly describes k-fold cross-validation?,"a standard, publicly available dataset used to compare the performance of different machine learning models",a statistical model used to represent systems that are assumed to follow a Markov process with unobserved (hidden) states,"a layer in a neural network that applies filters to detect patterns such as edges or textures, commonly used in image processing","a cross-validation technique where data is divided into k subsets, with each subset used once as a test set",D,"By definition, k-fold cross-validation is: a cross-validation technique where data is divided into k subsets, with each subset used once as a test set",ML – Machine Learning,ML Basics
A classifier has 41 true positives and 59 false positives. What is its precision (rounded to 2 decimal places)?,0.26,0.51,0.56,0.41,D,Precision = TP / (TP + FP) = 41 / (41 + 59) = 0.41.,ML – Machine Learning,Model Evaluation
"Which term matches this description: ""a statistical measure indicating how well a regression model's predictions approximate the actual data""?",R-squared (coefficient of determination),AUC (Area Under the Curve),precision (in ML),a confusion matrix,A,The description matches R-squared (coefficient of determination): a statistical measure indicating how well a regression model's predictions approximate the actual data,ML – Machine Learning,Model Evaluation
"Which term matches this description: ""an ensemble technique that combines multiple weak learners sequentially, with each one correcting errors of its predecessor""?",grid search,missing data imputation,boosting,standardisation (in ML),C,"The description matches boosting: an ensemble technique that combines multiple weak learners sequentially, with each one correcting errors of its predecessor",ML – Machine Learning,ML Basics
A classifier has 125 true positives and 43 false positives. What is its precision (rounded to 2 decimal places)?,0.84,0.74,0.44,0.64,B,Precision = TP / (TP + FP) = 125 / (125 + 43) = 0.74.,ML – Machine Learning,Model Evaluation
"Which term matches this description: ""the process of adjusting the range of independent variables in a dataset, often required before applying certain algorithms""?",hyperparameter tuning,feature scaling,batch normalisation,missing data imputation,B,"The description matches feature scaling: the process of adjusting the range of independent variables in a dataset, often required before applying certain algorithms",ML – Machine Learning,ML Basics
"A classifier has precision 0.77 and recall 0.70 (from 178 TP, 52 FP, 78 FN). What is its F1 score (rounded to 2 decimal places)?",0.73,0.53,0.58,0.63,A,F1 = 2×(Precision×Recall)/(Precision+Recall) = 2×(0.77×0.70)/(0.77+0.70) = 0.73.,ML – Machine Learning,Model Evaluation
"Which term matches this description: ""an individual measurable property or characteristic used as input to a machine learning model""?",deep learning,a decision boundary,boosting,a feature (in ML),D,The description matches a feature (in ML): an individual measurable property or characteristic used as input to a machine learning model,ML – Machine Learning,ML Basics
"Which term matches this description: ""a type of supervised learning task where the goal is to assign inputs into predefined categories or classes""?",a Gaussian (RBF) kernel,a classification problem,a kernel trick (in SVM),information gain (in decision trees),B,The description matches a classification problem: a type of supervised learning task where the goal is to assign inputs into predefined categories or classes,ML – Machine Learning,Classification
"Fill in the blank: ______ refers to ""an ensemble method that trains multiple instances of a model on different bootstrapped subsets of data and averages their predictions"".",k-nearest neighbours (KNN),a hyperplane (in ML),a bagging classifier,a kernel trick (in SVM),C,a bagging classifier refers to: an ensemble method that trains multiple instances of a model on different bootstrapped subsets of data and averages their predictions,ML – Machine Learning,Classification
A classifier has 121 true positives and 48 false negatives. What is its recall (rounded to 2 decimal places)?,0.62,0.72,0.82,0.57,B,Recall = TP / (TP + FN) = 121 / (121 + 48) = 0.72.,ML – Machine Learning,Model Evaluation
"Which term matches this description: ""a machine learning technique that combines predictions from multiple models to improve overall performance""?",one-hot encoding,ensemble learning,standardisation (in ML),missing data imputation,B,The description matches ensemble learning: a machine learning technique that combines predictions from multiple models to improve overall performance,ML – Machine Learning,ML Basics
A classifier has 39 true positives and 13 false negatives. What is its recall (rounded to 2 decimal places)?,1.00,0.75,0.65,0.45,B,Recall = TP / (TP + FN) = 39 / (39 + 13) = 0.75.,ML – Machine Learning,Model Evaluation
What is k-fold cross-validation?,"a boosting technique that builds models sequentially, each minimising the errors of the combined previous models","a cross-validation technique where data is divided into k subsets, with each subset used once as a test set",a regularisation technique that halts training once model performance on a validation set stops improving,a technique used to prevent overfitting by adding a penalty term to a model's loss function,B,"k-fold cross-validation is: a cross-validation technique where data is divided into k subsets, with each subset used once as a test set",ML – Machine Learning,ML Basics
A classifier has 33 true positives and 45 false negatives. What is its recall (rounded to 2 decimal places)?,0.42,0.32,0.27,0.52,A,Recall = TP / (TP + FN) = 33 / (33 + 45) = 0.42.,ML – Machine Learning,Model Evaluation
"Fill in the blank: ______ refers to ""a density-based clustering algorithm that groups points closely packed together and marks outliers as noise"".",unsupervised learning,DBSCAN,t-SNE (t-distributed Stochastic Neighbor Embedding),hierarchical clustering,B,DBSCAN refers to: a density-based clustering algorithm that groups points closely packed together and marks outliers as noise,ML – Machine Learning,Unsupervised Learning
A classifier has 25 true positives and 66 false positives. What is its precision (rounded to 2 decimal places)?,0.17,0.12,0.27,0.57,C,Precision = TP / (TP + FP) = 25 / (25 + 66) = 0.27.,ML – Machine Learning,Model Evaluation
A classifier has 66 true positives and 30 false positives. What is its precision (rounded to 2 decimal places)?,0.84,0.69,0.49,0.39,B,Precision = TP / (TP + FP) = 66 / (66 + 30) = 0.69.,ML – Machine Learning,Model Evaluation
What is LightGBM?,"a gradient boosting library developed by Yandex, known for its strong handling of categorical features","a gradient boosting framework designed for efficiency and speed, developed by Microsoft","an open-source machine learning framework developed by Google, widely used for building deep learning models",an online community and platform for data scientists and machine learning practitioners to find datasets and compete in competitions,B,"LightGBM is: a gradient boosting framework designed for efficiency and speed, developed by Microsoft",ML – Machine Learning,ML Tools
"Fill in the blank: ______ refers to ""a technique used to explain individual predictions of a machine learning model by attributing contributions to each feature"".",SHAP (SHapley Additive exPlanations),a neural network (in ML context),SMOTE (Synthetic Minority Oversampling Technique),a baseline model,A,SHAP (SHapley Additive exPlanations) refers to: a technique used to explain individual predictions of a machine learning model by attributing contributions to each feature,ML – Machine Learning,ML Basics
"A classifier has 92 true positives, 137 true negatives, 12 false positives, and 45 false negatives. What is its accuracy (rounded to 2 decimal places)?",0.60,0.65,0.80,0.90,C,Accuracy = (TP+TN)/(TP+TN+FP+FN) = (92+137)/(92+137+12+45) = 0.80.,ML – Machine Learning,Model Evaluation
"A classifier has 74 true positives, 21 true negatives, 27 false positives, and 87 false negatives. What is its accuracy (rounded to 2 decimal places)?",0.45,0.75,0.25,0.35,A,Accuracy = (TP+TN)/(TP+TN+FP+FN) = (74+21)/(74+21+27+87) = 0.45.,ML – Machine Learning,Model Evaluation
"Fill in the blank: ______ refers to ""a popular Python library used for data manipulation and analysis, especially with tabular data"".",NumPy,TensorFlow,pandas,Keras,C,"pandas refers to: a popular Python library used for data manipulation and analysis, especially with tabular data",ML – Machine Learning,ML Tools
"Fill in the blank: ______ refers to ""a decision boundary in a support vector machine that separates data points of different classes in high-dimensional space"".",information gain (in decision trees),a hyperplane (in ML),binary classification,Naive Bayes classifier,B,a hyperplane (in ML) refers to: a decision boundary in a support vector machine that separates data points of different classes in high-dimensional space,ML – Machine Learning,Classification
What is a convolutional layer?,the process of identifying data points that differ significantly from the rest of the dataset,a regularisation technique that randomly disables a fraction of neurons during training to prevent overfitting,one complete pass through the entire training dataset during the model training process,"a layer in a neural network that applies filters to detect patterns such as edges or textures, commonly used in image processing",D,"a convolutional layer is: a layer in a neural network that applies filters to detect patterns such as edges or textures, commonly used in image processing",ML – Machine Learning,ML Basics
What is the Iris dataset?,a situation in classification problems where one class significantly outnumbers other classes in the training data,"a classic, small dataset in machine learning containing measurements of iris flowers, often used to teach classification",a technique used to fill in missing values in a dataset using estimated or calculated values,"the process of scaling numerical data to a common range, often between 0 and 1, to improve model performance",B,"the Iris dataset is: a classic, small dataset in machine learning containing measurements of iris flowers, often used to teach classification",ML – Machine Learning,ML Basics
A classifier has 40 true positives and 51 false negatives. What is its recall (rounded to 2 decimal places)?,0.44,0.34,0.64,0.54,A,Recall = TP / (TP + FN) = 40 / (40 + 51) = 0.44.,ML – Machine Learning,Model Evaluation
"Fill in the blank: ______ refers to ""an application of association rule learning used to discover products frequently purchased together"".",silhouette score,market basket analysis,Principal Component Analysis (PCA),DBSCAN,B,market basket analysis refers to: an application of association rule learning used to discover products frequently purchased together,ML – Machine Learning,Unsupervised Learning
"A classifier has 143 true positives, 140 true negatives, 96 false positives, and 52 false negatives. What is its accuracy (rounded to 2 decimal places)?",0.46,0.66,0.36,0.86,B,Accuracy = (TP+TN)/(TP+TN+FP+FN) = (143+140)/(143+140+96+52) = 0.66.,ML – Machine Learning,Model Evaluation
"Which term matches this description: ""a metric used to evaluate the quality of clustering by measuring how similar an object is to its own cluster compared to other clusters""?",silhouette score,t-SNE (t-distributed Stochastic Neighbor Embedding),the elbow method,anomaly detection,A,The description matches silhouette score: a metric used to evaluate the quality of clustering by measuring how similar an object is to its own cluster compared to other clusters,ML – Machine Learning,Unsupervised Learning
A classifier has 83 true positives and 77 false negatives. What is its recall (rounded to 2 decimal places)?,0.22,0.52,0.82,0.37,B,Recall = TP / (TP + FN) = 83 / (83 + 77) = 0.52.,ML – Machine Learning,Model Evaluation
"Fill in the blank: ______ refers to ""a simple model used as a reference point to compare the performance of more complex machine learning models"".",bias-variance tradeoff,SHAP (SHapley Additive exPlanations),bootstrapping (in statistics/ML),a baseline model,D,a baseline model refers to: a simple model used as a reference point to compare the performance of more complex machine learning models,ML – Machine Learning,ML Basics
"Which term matches this description: ""a machine learning approach where a model finds patterns or structure in data without labelled outputs""?",k-means clustering,unsupervised learning,anomaly detection,silhouette score,B,The description matches unsupervised learning: a machine learning approach where a model finds patterns or structure in data without labelled outputs,ML – Machine Learning,Unsupervised Learning
What is batch normalisation?,a technique used in deep learning to stabilise and accelerate training by normalising layer inputs,"a widely used benchmark dataset of handwritten digit images, commonly used to test image classification models",a technique for assessing how well a model generalises by partitioning data into multiple training and testing subsets,a regularisation technique that halts training once model performance on a validation set stops improving,A,batch normalisation is: a technique used in deep learning to stabilise and accelerate training by normalising layer inputs,ML – Machine Learning,ML Basics
A classifier has 191 true positives and 2 false positives. What is its precision (rounded to 2 decimal places)?,0.69,0.79,0.99,1.00,C,Precision = TP / (TP + FP) = 191 / (191 + 2) = 0.99.,ML – Machine Learning,Model Evaluation
A classifier has 36 true positives and 59 false negatives. What is its recall (rounded to 2 decimal places)?,0.58,0.08,0.38,0.68,C,Recall = TP / (TP + FN) = 36 / (36 + 59) = 0.38.,ML – Machine Learning,Model Evaluation
A classifier has 78 true positives and 85 false positives. What is its precision (rounded to 2 decimal places)?,0.18,0.48,0.33,0.78,B,Precision = TP / (TP + FP) = 78 / (78 + 85) = 0.48.,ML – Machine Learning,Model Evaluation
What is time series forecasting?,a machine learning application that transcribes spoken language into written text,a machine learning application that predicts future customer demand for products or services,"a machine learning application that predicts when equipment is likely to fail, enabling proactive maintenance",a machine learning task that involves predicting future values based on previously observed sequential data,D,time series forecasting is: a machine learning task that involves predicting future values based on previously observed sequential data,ML – Machine Learning,ML Applications
A classifier has 151 true positives and 60 false positives. What is its precision (rounded to 2 decimal places)?,0.72,0.62,0.42,0.87,A,Precision = TP / (TP + FP) = 151 / (151 + 60) = 0.72.,ML – Machine Learning,Model Evaluation
What is CatBoost?,"a gradient boosting library developed by Yandex, known for its strong handling of categorical features","a high-level neural network API that runs on top of frameworks like TensorFlow, designed for ease of use","a gradient boosting framework designed for efficiency and speed, developed by Microsoft","an open-source web application that allows users to create documents containing live code, equations, and visualisations",A,"CatBoost is: a gradient boosting library developed by Yandex, known for its strong handling of categorical features",ML – Machine Learning,ML Tools
"A classifier has 37 true positives, 120 true negatives, 23 false positives, and 96 false negatives. What is its accuracy (rounded to 2 decimal places)?",0.72,0.27,0.57,0.87,C,Accuracy = (TP+TN)/(TP+TN+FP+FN) = (37+120)/(37+120+23+96) = 0.57.,ML – Machine Learning,Model Evaluation
"Fill in the blank: ______ refers to ""a machine learning technique that combines predictions from multiple models to improve overall performance"".",underfitting,data cleaning,ensemble learning,feature scaling,C,ensemble learning refers to: a machine learning technique that combines predictions from multiple models to improve overall performance,ML – Machine Learning,ML Basics
"A classifier has 76 true positives, 106 true negatives, 54 false positives, and 92 false negatives. What is its accuracy (rounded to 2 decimal places)?",0.70,0.55,0.85,0.65,B,Accuracy = (TP+TN)/(TP+TN+FP+FN) = (76+106)/(76+106+54+92) = 0.55.,ML – Machine Learning,Model Evaluation
Which statement correctly describes scikit-learn?,"a high-level neural network API that runs on top of frameworks like TensorFlow, designed for ease of use",a popular open-source Python library used for implementing machine learning algorithms,a tool that chains together multiple data processing and modelling steps into a single workflow,"an open-source machine learning framework developed by Google, widely used for building deep learning models",B,"By definition, scikit-learn is: a popular open-source Python library used for implementing machine learning algorithms",ML – Machine Learning,ML Tools
Which statement correctly describes a pipeline (in scikit-learn)?,"an open-source web application that allows users to create documents containing live code, equations, and visualisations","a fundamental Python library used for numerical computing, providing support for arrays and matrices","a popular Python library used for data manipulation and analysis, especially with tabular data",a tool that chains together multiple data processing and modelling steps into a single workflow,D,"By definition, a pipeline (in scikit-learn) is: a tool that chains together multiple data processing and modelling steps into a single workflow",ML – Machine Learning,ML Tools
A classifier has 131 true positives and 3 false negatives. What is its recall (rounded to 2 decimal places)?,0.88,0.68,1.00,0.98,D,Recall = TP / (TP + FN) = 131 / (131 + 3) = 0.98.,ML – Machine Learning,Model Evaluation
"Fill in the blank: ______ refers to ""an ensemble technique that trains multiple models on different random subsets of data and averages their predictions"".",the MNIST dataset,model drift,early stopping,bagging (Bootstrap Aggregating),D,bagging (Bootstrap Aggregating) refers to: an ensemble technique that trains multiple models on different random subsets of data and averages their predictions,ML – Machine Learning,ML Basics
A classifier has 180 true positives and 3 false negatives. What is its recall (rounded to 2 decimal places)?,1.00,0.98,0.83,0.88,B,Recall = TP / (TP + FN) = 180 / (180 + 3) = 0.98.,ML – Machine Learning,Model Evaluation
Which statement correctly describes the elbow method?,a technique used to determine the optimal number of clusters in k-means clustering by plotting variance explained against cluster count,a clustering method that builds a tree of clusters by either merging or splitting groups iteratively,a metric used to evaluate the quality of clustering by measuring how similar an object is to its own cluster compared to other clusters,"an unsupervised technique used for topic modelling, identifying abstract topics within a collection of documents",A,"By definition, the elbow method is: a technique used to determine the optimal number of clusters in k-means clustering by plotting variance explained against cluster count",ML – Machine Learning,Unsupervised Learning
A classifier has 97 true positives and 82 false negatives. What is its recall (rounded to 2 decimal places)?,0.39,0.24,0.34,0.54,D,Recall = TP / (TP + FN) = 97 / (97 + 82) = 0.54.,ML – Machine Learning,Model Evaluation
Which statement correctly describes A/B testing (in ML)?,a simple model used as a reference point to compare the performance of more complex machine learning models,a technique used in deep learning to stabilise and accelerate training by normalising layer inputs,the balance between a model's error due to overly simplistic assumptions (bias) and its sensitivity to small fluctuations in data (variance),a method of comparing two versions of a model or system to determine which performs better in a real-world setting,D,"By definition, A/B testing (in ML) is: a method of comparing two versions of a model or system to determine which performs better in a real-world setting",ML – Machine Learning,ML Basics
A classifier has 11 true positives and 56 false positives. What is its precision (rounded to 2 decimal places)?,0.16,0.36,0.31,0.26,A,Precision = TP / (TP + FP) = 11 / (11 + 56) = 0.16.,ML – Machine Learning,Model Evaluation
"A classifier has 80 true positives, 18 true negatives, 40 false positives, and 47 false negatives. What is its accuracy (rounded to 2 decimal places)?",0.68,0.53,0.23,0.73,B,Accuracy = (TP+TN)/(TP+TN+FP+FN) = (80+18)/(80+18+40+47) = 0.53.,ML – Machine Learning,Model Evaluation
"A classifier has precision 0.47 and recall 0.47 (from 51 TP, 58 FP, 58 FN). What is its F1 score (rounded to 2 decimal places)?",0.62,0.32,0.57,0.47,D,F1 = 2×(Precision×Recall)/(Precision+Recall) = 2×(0.47×0.47)/(0.47+0.47) = 0.47.,ML – Machine Learning,Model Evaluation
"Which term matches this description: ""a modelling error where a model learns the training data too closely, including noise, and performs poorly on new data""?",an epoch (in ML),Machine Learning (ML),missing data imputation,overfitting,D,"The description matches overfitting: a modelling error where a model learns the training data too closely, including noise, and performs poorly on new data",ML – Machine Learning,ML Basics
"Which term matches this description: ""a supervised learning model that makes predictions by splitting data based on feature values, forming a tree-like structure""?",k-nearest neighbours (KNN),a classification problem,a decision tree,Naive Bayes classifier,C,"The description matches a decision tree: a supervised learning model that makes predictions by splitting data based on feature values, forming a tree-like structure",ML – Machine Learning,Classification
"Fill in the blank: ______ refers to ""a metric used to evaluate the quality of clustering by measuring how similar an object is to its own cluster compared to other clusters"".",silhouette score,k-means clustering,t-SNE (t-distributed Stochastic Neighbor Embedding),the elbow method,A,silhouette score refers to: a metric used to evaluate the quality of clustering by measuring how similar an object is to its own cluster compared to other clusters,ML – Machine Learning,Unsupervised Learning
"A classifier has precision 0.60 and recall 0.92 (from 101 TP, 67 FP, 9 FN). What is its F1 score (rounded to 2 decimal places)?",0.43,0.73,0.83,0.88,B,F1 = 2×(Precision×Recall)/(Precision+Recall) = 2×(0.60×0.92)/(0.60+0.92) = 0.73.,ML – Machine Learning,Model Evaluation
"Which term matches this description: ""a widely used benchmark dataset of handwritten digit images, commonly used to test image classification models""?",data cleaning,a label (in ML),a Markov chain,the MNIST dataset,D,"The description matches the MNIST dataset: a widely used benchmark dataset of handwritten digit images, commonly used to test image classification models",ML – Machine Learning,ML Basics
"A classifier has 156 true positives, 159 true negatives, 25 false positives, and 56 false negatives. What is its accuracy (rounded to 2 decimal places)?",0.70,0.80,0.95,0.60,B,Accuracy = (TP+TN)/(TP+TN+FP+FN) = (156+159)/(156+159+25+56) = 0.80.,ML – Machine Learning,Model Evaluation
"A classifier has precision 0.59 and recall 0.59 (from 60 TP, 42 FP, 41 FN). What is its F1 score (rounded to 2 decimal places)?",0.49,0.69,0.59,0.29,C,F1 = 2×(Precision×Recall)/(Precision+Recall) = 2×(0.59×0.59)/(0.59+0.59) = 0.59.,ML – Machine Learning,Model Evaluation
"Fill in the blank: ______ refers to ""a boosting technique that builds models sequentially, each minimising the errors of the combined previous models"".",gradient boosting,boosting,undersampling (in ML),dropout (in neural networks),A,"gradient boosting refers to: a boosting technique that builds models sequentially, each minimising the errors of the combined previous models",ML – Machine Learning,ML Basics
A classifier has 98 true positives and 6 false negatives. What is its recall (rounded to 2 decimal places)?,0.74,0.94,0.64,0.79,B,Recall = TP / (TP + FN) = 98 / (98 + 6) = 0.94.,ML – Machine Learning,Model Evaluation
A classifier has 16 true positives and 65 false negatives. What is its recall (rounded to 2 decimal places)?,0.35,0.20,0.30,0.05,B,Recall = TP / (TP + FN) = 16 / (16 + 65) = 0.20.,ML – Machine Learning,Model Evaluation
"A classifier has precision 0.51 and recall 0.48 (from 62 TP, 59 FP, 68 FN). What is its F1 score (rounded to 2 decimal places)?",0.19,0.49,0.29,0.34,B,F1 = 2×(Precision×Recall)/(Precision+Recall) = 2×(0.51×0.48)/(0.51+0.48) = 0.49.,ML – Machine Learning,Model Evaluation
Which statement correctly describes data cleaning?,a machine learning technique that combines predictions from multiple models to improve overall performance,"the process of identifying and correcting errors, inconsistencies, or missing values in a dataset before analysis",the portion of data used to evaluate the performance of a trained machine learning model on unseen examples,"a layer in a convolutional neural network that reduces the spatial size of data, decreasing computation and controlling overfitting",B,"By definition, data cleaning is: the process of identifying and correcting errors, inconsistencies, or missing values in a dataset before analysis",ML – Machine Learning,ML Basics
"A classifier has 143 true positives, 75 true negatives, 19 false positives, and 46 false negatives. What is its accuracy (rounded to 2 decimal places)?",0.92,1.00,0.77,0.57,C,Accuracy = (TP+TN)/(TP+TN+FP+FN) = (143+75)/(143+75+19+46) = 0.77.,ML – Machine Learning,Model Evaluation
A classifier has 21 true positives and 97 false negatives. What is its recall (rounded to 2 decimal places)?,0.03,0.18,0.33,0.28,B,Recall = TP / (TP + FN) = 21 / (21 + 97) = 0.18.,ML – Machine Learning,Model Evaluation
"A classifier has precision 0.95 and recall 0.76 (from 179 TP, 9 FP, 58 FN). What is its F1 score (rounded to 2 decimal places)?",0.64,0.94,0.84,0.99,C,F1 = 2×(Precision×Recall)/(Precision+Recall) = 2×(0.95×0.76)/(0.95+0.76) = 0.84.,ML – Machine Learning,Model Evaluation
"A classifier has precision 0.70 and recall 0.17 (from 16 TP, 7 FP, 78 FN). What is its F1 score (rounded to 2 decimal places)?",0.47,0.57,0.00,0.27,D,F1 = 2×(Precision×Recall)/(Precision+Recall) = 2×(0.70×0.17)/(0.70+0.17) = 0.27.,ML – Machine Learning,Model Evaluation
Which statement correctly describes multi-class classification?,a technique that allows support vector machines to operate in high-dimensional space without explicitly computing coordinates in that space,a decision boundary in a support vector machine that separates data points of different classes in high-dimensional space,"a supervised learning model that makes predictions by splitting data based on feature values, forming a tree-like structure",a classification task involving more than two possible output classes,D,"By definition, multi-class classification is: a classification task involving more than two possible output classes",ML – Machine Learning,Classification
"A classifier has 188 true positives, 122 true negatives, 71 false positives, and 78 false negatives. What is its accuracy (rounded to 2 decimal places)?",0.68,0.78,0.58,0.88,A,Accuracy = (TP+TN)/(TP+TN+FP+FN) = (188+122)/(188+122+71+78) = 0.68.,ML – Machine Learning,Model Evaluation
"A classifier has 166 true positives, 191 true negatives, 35 false positives, and 94 false negatives. What is its accuracy (rounded to 2 decimal places)?",0.73,0.53,0.43,1.00,A,Accuracy = (TP+TN)/(TP+TN+FP+FN) = (166+191)/(166+191+35+94) = 0.73.,ML – Machine Learning,Model Evaluation
"A classifier has precision 0.69 and recall 0.56 (from 75 TP, 33 FP, 58 FN). What is its F1 score (rounded to 2 decimal places)?",0.82,0.62,0.92,0.42,B,F1 = 2×(Precision×Recall)/(Precision+Recall) = 2×(0.69×0.56)/(0.69+0.56) = 0.62.,ML – Machine Learning,Model Evaluation
Which statement correctly describes a validation dataset?,a technique used to convert categorical variables into a binary vector representation suitable for machine learning models,an optimisation algorithm used to minimise a model's error by iteratively adjusting parameters in the direction of steepest descent,a subset of data used during training to tune model hyperparameters and prevent overfitting,a technique used to explain individual predictions of a machine learning model by attributing contributions to each feature,C,"By definition, a validation dataset is: a subset of data used during training to tune model hyperparameters and prevent overfitting",ML – Machine Learning,ML Basics
"A classifier has 155 true positives, 91 true negatives, 25 false positives, and 1 false negatives. What is its accuracy (rounded to 2 decimal places)?",0.75,0.60,0.90,0.70,C,Accuracy = (TP+TN)/(TP+TN+FP+FN) = (155+91)/(155+91+25+1) = 0.90.,ML – Machine Learning,Model Evaluation
"A classifier has precision 0.85 and recall 0.71 (from 165 TP, 28 FP, 69 FN). What is its F1 score (rounded to 2 decimal places)?",0.67,0.47,0.77,0.87,C,F1 = 2×(Precision×Recall)/(Precision+Recall) = 2×(0.85×0.71)/(0.85+0.71) = 0.77.,ML – Machine Learning,Model Evaluation
"A classifier has precision 0.91 and recall 0.97 (from 148 TP, 14 FP, 4 FN). What is its F1 score (rounded to 2 decimal places)?",0.94,0.84,0.64,0.79,A,F1 = 2×(Precision×Recall)/(Precision+Recall) = 2×(0.91×0.97)/(0.91+0.97) = 0.94.,ML – Machine Learning,Model Evaluation
"Which term matches this description: ""a statistical method used to model the relationship between a dependent variable and one or more independent variables using a straight line""?",linear regression,dimensionality reduction,normalisation (in ML),a loss function (in ML),A,The description matches linear regression: a statistical method used to model the relationship between a dependent variable and one or more independent variables using a straight line,ML – Machine Learning,Regression
Which statement correctly describes binary classification?,"a classification task involving exactly two possible output classes, such as spam or not spam","a probabilistic classification algorithm based on Bayes' theorem, assuming independence between features",a classification task involving more than two possible output classes,an ensemble learning method that combines multiple decision trees to improve prediction accuracy,A,"By definition, binary classification is: a classification task involving exactly two possible output classes, such as spam or not spam",ML – Machine Learning,Classification
Which statement correctly describes a decision boundary?,the number of training examples used in one iteration of model parameter updates,a mathematical model describing a sequence of events where the probability of each event depends only on the state attained in the previous event,the line or surface that separates different predicted classes in a classification model's feature space,a technique used to explain individual predictions of a machine learning model by attributing contributions to each feature,C,"By definition, a decision boundary is: the line or surface that separates different predicted classes in a classification model's feature space",ML – Machine Learning,ML Basics
A classifier has 125 true positives and 82 false negatives. What is its recall (rounded to 2 decimal places)?,0.30,0.60,0.40,0.80,B,Recall = TP / (TP + FN) = 125 / (125 + 82) = 0.60.,ML – Machine Learning,Model Evaluation
"A classifier has 78 true positives, 100 true negatives, 7 false positives, and 56 false negatives. What is its accuracy (rounded to 2 decimal places)?",0.54,0.74,0.84,0.59,B,Accuracy = (TP+TN)/(TP+TN+FP+FN) = (78+100)/(78+100+7+56) = 0.74.,ML – Machine Learning,Model Evaluation
"Fill in the blank: ______ refers to ""a mathematical model describing a sequence of events where the probability of each event depends only on the state attained in the previous event"".",a Markov chain,a data pipeline,A/B testing (in ML),one-hot encoding,A,a Markov chain refers to: a mathematical model describing a sequence of events where the probability of each event depends only on the state attained in the previous event,ML – Machine Learning,ML Basics
"A classifier has precision 0.59 and recall 0.65 (from 55 TP, 39 FP, 30 FN). What is its F1 score (rounded to 2 decimal places)?",0.61,0.81,0.46,0.71,A,F1 = 2×(Precision×Recall)/(Precision+Recall) = 2×(0.59×0.65)/(0.59+0.65) = 0.61.,ML – Machine Learning,Model Evaluation
A classifier has 120 true positives and 52 false positives. What is its precision (rounded to 2 decimal places)?,0.55,0.60,0.90,0.70,D,Precision = TP / (TP + FP) = 120 / (120 + 52) = 0.70.,ML – Machine Learning,Model Evaluation
"A classifier has precision 0.71 and recall 0.72 (from 174 TP, 70 FP, 68 FN). What is its F1 score (rounded to 2 decimal places)?",1.00,0.52,0.82,0.72,D,F1 = 2×(Precision×Recall)/(Precision+Recall) = 2×(0.71×0.72)/(0.71+0.72) = 0.72.,ML – Machine Learning,Model Evaluation
Which statement correctly describes cross-validation?,"a popular and efficient implementation of gradient boosting, widely used in machine learning competitions","a series of automated steps used to collect, clean, transform, and prepare data for machine learning models","the process of identifying and correcting errors, inconsistencies, or missing values in a dataset before analysis",a technique for assessing how well a model generalises by partitioning data into multiple training and testing subsets,D,"By definition, cross-validation is: a technique for assessing how well a model generalises by partitioning data into multiple training and testing subsets",ML – Machine Learning,ML Basics
Which statement correctly describes feature engineering?,"the process of selecting, transforming, and creating input variables to improve a machine learning model's performance","a problem in machine learning where information from outside the training dataset is used to create the model, leading to overly optimistic results",a technique that explains individual predictions of any classifier by approximating it locally with an interpretable model,the balance between a model's error due to overly simplistic assumptions (bias) and its sensitivity to small fluctuations in data (variance),A,"By definition, feature engineering is: the process of selecting, transforming, and creating input variables to improve a machine learning model's performance",ML – Machine Learning,ML Basics
What is L2 regularisation (Ridge)?,a regularisation technique that adds the squared value of coefficients as a penalty to prevent overly large weights,a technique used to address class imbalance by increasing the number of examples in the minority class,a technique used to prevent overfitting by adding a penalty term to a model's loss function,a method of comparing two versions of a model or system to determine which performs better in a real-world setting,A,L2 regularisation (Ridge) is: a regularisation technique that adds the squared value of coefficients as a penalty to prevent overly large weights,ML – Machine Learning,ML Basics
What is AUC (Area Under the Curve)?,a graphical plot used to evaluate the performance of a binary classification model at various threshold settings,a metric that measures the proportion of true positive predictions among all positive predictions made by a model,a table used to evaluate classification model performance by comparing predicted and actual class labels,a metric that summarises the overall performance of a classification model based on its ROC curve,D,AUC (Area Under the Curve) is: a metric that summarises the overall performance of a classification model based on its ROC curve,ML – Machine Learning,Model Evaluation
"Which term matches this description: ""a hyperparameter tuning method that exhaustively tries all possible combinations of specified parameter values""?",a hidden layer (in a neural network),one-hot encoding,data leakage,grid search,D,The description matches grid search: a hyperparameter tuning method that exhaustively tries all possible combinations of specified parameter values,ML – Machine Learning,ML Basics
Which statement correctly describes bagging (Bootstrap Aggregating)?,"a machine learning model inspired by the human brain, composed of interconnected layers of nodes",an ensemble technique that trains multiple models on different random subsets of data and averages their predictions,a regularisation technique that halts training once model performance on a validation set stops improving,"a widely used benchmark dataset of handwritten digit images, commonly used to test image classification models",B,"By definition, bagging (Bootstrap Aggregating) is: an ensemble technique that trains multiple models on different random subsets of data and averages their predictions",ML – Machine Learning,ML Basics
Which statement correctly describes a Hidden Markov Model (HMM)?,"a widely used benchmark dataset of handwritten digit images, commonly used to test image classification models",a hyperparameter tuning method that exhaustively tries all possible combinations of specified parameter values,the line or surface that separates different predicted classes in a classification model's feature space,a statistical model used to represent systems that are assumed to follow a Markov process with unobserved (hidden) states,D,"By definition, a Hidden Markov Model (HMM) is: a statistical model used to represent systems that are assumed to follow a Markov process with unobserved (hidden) states",ML – Machine Learning,ML Basics
A classifier has 43 true positives and 69 false negatives. What is its recall (rounded to 2 decimal places)?,0.23,0.18,0.68,0.38,D,Recall = TP / (TP + FN) = 43 / (43 + 69) = 0.38.,ML – Machine Learning,Model Evaluation
"Fill in the blank: ______ refers to ""an ensemble technique that combines multiple weak learners sequentially, with each one correcting errors of its predecessor"".",a feature (in ML),data leakage,LIME (Local Interpretable Model-agnostic Explanations),boosting,D,"boosting refers to: an ensemble technique that combines multiple weak learners sequentially, with each one correcting errors of its predecessor",ML – Machine Learning,ML Basics
What is a kernel trick (in SVM)?,"a measure used to evaluate the quality of a split in a decision tree, based on the impurity of resulting subsets",an ensemble method that trains multiple instances of a model on different bootstrapped subsets of data and averages their predictions,a technique that allows support vector machines to operate in high-dimensional space without explicitly computing coordinates in that space,"a probabilistic classification algorithm based on Bayes' theorem, assuming independence between features",C,a kernel trick (in SVM) is: a technique that allows support vector machines to operate in high-dimensional space without explicitly computing coordinates in that space,ML – Machine Learning,Classification
"A classifier has precision 0.57 and recall 0.60 (from 95 TP, 71 FP, 64 FN). What is its F1 score (rounded to 2 decimal places)?",0.73,0.58,0.48,0.38,B,F1 = 2×(Precision×Recall)/(Precision+Recall) = 2×(0.57×0.60)/(0.57+0.60) = 0.58.,ML – Machine Learning,Model Evaluation
"A classifier has precision 0.62 and recall 0.55 (from 108 TP, 67 FP, 87 FN). What is its F1 score (rounded to 2 decimal places)?",0.58,0.28,0.68,0.88,A,F1 = 2×(Precision×Recall)/(Precision+Recall) = 2×(0.62×0.55)/(0.62+0.55) = 0.58.,ML – Machine Learning,Model Evaluation
A classifier has 161 true positives and 26 false negatives. What is its recall (rounded to 2 decimal places)?,0.76,0.56,0.66,0.86,D,Recall = TP / (TP + FN) = 161 / (161 + 26) = 0.86.,ML – Machine Learning,Model Evaluation
A classifier has 68 true positives and 94 false positives. What is its precision (rounded to 2 decimal places)?,0.42,0.62,0.32,0.52,A,Precision = TP / (TP + FP) = 68 / (68 + 94) = 0.42.,ML – Machine Learning,Model Evaluation
"Fill in the blank: ______ refers to ""a machine learning application that transcribes spoken language into written text"".",churn prediction,speech-to-text conversion,credit scoring models,predictive maintenance,B,speech-to-text conversion refers to: a machine learning application that transcribes spoken language into written text,ML – Machine Learning,ML Applications
Which statement correctly describes supervised learning?,the process of removing sections of a decision tree to reduce complexity and prevent overfitting,an unsupervised learning technique used to discover interesting relationships between variables in large datasets,"a layer in a neural network that applies filters to detect patterns such as edges or textures, commonly used in image processing","a machine learning approach where a model is trained on labelled data, learning to map inputs to known outputs",D,"By definition, supervised learning is: a machine learning approach where a model is trained on labelled data, learning to map inputs to known outputs",ML – Machine Learning,Supervised Learning
"Fill in the blank: ______ refers to ""a machine learning approach that uses a small amount of labelled data combined with a larger amount of unlabelled data"".",L2 regularisation (Ridge),a Markov chain,semi-supervised learning,an epoch (in ML),C,semi-supervised learning refers to: a machine learning approach that uses a small amount of labelled data combined with a larger amount of unlabelled data,ML – Machine Learning,ML Basics
"Fill in the blank: ______ refers to ""a resampling technique that involves repeatedly drawing samples with replacement from a dataset to estimate a statistic"".",a baseline model,bootstrapping (in statistics/ML),k-fold cross-validation,a testing dataset,B,bootstrapping (in statistics/ML) refers to: a resampling technique that involves repeatedly drawing samples with replacement from a dataset to estimate a statistic,ML – Machine Learning,ML Basics
What is a confusion matrix?,a metric that measures the proportion of correct predictions made by a classification model,a statistical measure indicating how well a regression model's predictions approximate the actual data,a table used to evaluate classification model performance by comparing predicted and actual class labels,a common metric used to evaluate regression models by measuring the average squared difference between predicted and actual values,C,a confusion matrix is: a table used to evaluate classification model performance by comparing predicted and actual class labels,ML – Machine Learning,Model Evaluation
"Fill in the blank: ______ refers to ""an unsupervised technique used for topic modelling, identifying abstract topics within a collection of documents"".",the elbow method,unsupervised learning,t-SNE (t-distributed Stochastic Neighbor Embedding),Latent Dirichlet Allocation (LDA),D,"Latent Dirichlet Allocation (LDA) refers to: an unsupervised technique used for topic modelling, identifying abstract topics within a collection of documents",ML – Machine Learning,Unsupervised Learning
"A classifier has precision 0.21 and recall 0.28 (from 19 TP, 70 FP, 49 FN). What is its F1 score (rounded to 2 decimal places)?",0.24,0.14,0.44,0.04,A,F1 = 2×(Precision×Recall)/(Precision+Recall) = 2×(0.21×0.28)/(0.21+0.28) = 0.24.,ML – Machine Learning,Model Evaluation
What is an epoch (in ML)?,the process of selecting the optimal configuration settings for a machine learning model to maximise performance,an optimisation algorithm used to minimise a model's error by iteratively adjusting parameters in the direction of steepest descent,one complete pass through the entire training dataset during the model training process,"a layer in a neural network that applies filters to detect patterns such as edges or textures, commonly used in image processing",C,an epoch (in ML) is: one complete pass through the entire training dataset during the model training process,ML – Machine Learning,ML Basics
What is mean squared error (MSE)?,a common metric used to evaluate regression models by measuring the average squared difference between predicted and actual values,a statistical measure indicating how well a regression model's predictions approximate the actual data,a metric used to evaluate regression models by measuring the average absolute difference between predicted and actual values,a metric that measures the proportion of correct predictions made by a classification model,A,mean squared error (MSE) is: a common metric used to evaluate regression models by measuring the average squared difference between predicted and actual values,ML – Machine Learning,Model Evaluation
Which statement correctly describes bias-variance tradeoff?,"a popular and efficient implementation of gradient boosting, widely used in machine learning competitions",a large visual database used for training and benchmarking image classification and object detection models,the balance between a model's error due to overly simplistic assumptions (bias) and its sensitivity to small fluctuations in data (variance),a simple model used as a reference point to compare the performance of more complex machine learning models,C,"By definition, bias-variance tradeoff is: the balance between a model's error due to overly simplistic assumptions (bias) and its sensitivity to small fluctuations in data (variance)",ML – Machine Learning,ML Basics
Which statement correctly describes boosting?,a technique where a model trained on one task is reused as the starting point for a model on a related task,"an ensemble technique that combines multiple weak learners sequentially, with each one correcting errors of its predecessor",a technique used to address class imbalance by generating synthetic examples of the minority class,"a machine learning model inspired by the human brain, composed of interconnected layers of nodes",B,"By definition, boosting is: an ensemble technique that combines multiple weak learners sequentially, with each one correcting errors of its predecessor",ML – Machine Learning,ML Basics
Which statement correctly describes logistic regression?,the process of removing sections of a decision tree to reduce complexity and prevent overfitting,"a statistical method used for binary classification, predicting the probability of an outcome belonging to a particular class",a supervised learning algorithm that finds the optimal boundary (hyperplane) to separate data into classes,"a boosting algorithm that combines multiple weak classifiers, giving more weight to previously misclassified examples",B,"By definition, logistic regression is: a statistical method used for binary classification, predicting the probability of an outcome belonging to a particular class",ML – Machine Learning,Classification
"Fill in the blank: ______ refers to ""a situation in classification problems where one class significantly outnumbers other classes in the training data"".",a data pipeline,underfitting,class imbalance,normalisation (in ML),C,class imbalance refers to: a situation in classification problems where one class significantly outnumbers other classes in the training data,ML – Machine Learning,ML Basics
A classifier has 177 true positives and 79 false negatives. What is its recall (rounded to 2 decimal places)?,0.99,0.59,0.69,0.54,C,Recall = TP / (TP + FN) = 177 / (177 + 79) = 0.69.,ML – Machine Learning,Model Evaluation
What is a pooling layer?,"a layer in a convolutional neural network that reduces the spatial size of data, decreasing computation and controlling overfitting",the portion of data used to evaluate the performance of a trained machine learning model on unseen examples,a large visual database used for training and benchmarking image classification and object detection models,a subset of AI that enables systems to learn patterns from data and improve performance without being explicitly programmed,A,"a pooling layer is: a layer in a convolutional neural network that reduces the spatial size of data, decreasing computation and controlling overfitting",ML – Machine Learning,ML Basics
What is semi-supervised learning?,a modelling error where a model is too simple to capture the underlying pattern in the data,a machine learning approach that uses a small amount of labelled data combined with a larger amount of unlabelled data,"methods used to explain how a machine learning model arrives at its predictions, such as SHAP or LIME","the process of scaling numerical data to a common range, often between 0 and 1, to improve model performance",B,semi-supervised learning is: a machine learning approach that uses a small amount of labelled data combined with a larger amount of unlabelled data,ML – Machine Learning,ML Basics
"Which term matches this description: ""a machine learning application that predicts user preferences and suggests relevant items, such as movies or products""?",churn prediction,speech-to-text conversion,content-based recommendation,a recommender system,D,"The description matches a recommender system: a machine learning application that predicts user preferences and suggests relevant items, such as movies or products",ML – Machine Learning,ML Applications
Which statement correctly describes a label (in ML)?,the known output or target value associated with an input example in supervised learning,a subset of data used during training to tune model hyperparameters and prevent overfitting,a technique used to address class imbalance by reducing the number of examples in the majority class,"a series of automated steps used to collect, clean, transform, and prepare data for machine learning models",A,"By definition, a label (in ML) is: the known output or target value associated with an input example in supervised learning",ML – Machine Learning,ML Basics
"A classifier has 168 true positives, 50 true negatives, 34 false positives, and 21 false negatives. What is its accuracy (rounded to 2 decimal places)?",0.80,0.95,0.90,1.00,A,Accuracy = (TP+TN)/(TP+TN+FP+FN) = (168+50)/(168+50+34+21) = 0.80.,ML – Machine Learning,Model Evaluation
A classifier has 104 true positives and 8 false negatives. What is its recall (rounded to 2 decimal places)?,0.63,0.93,0.83,1.00,B,Recall = TP / (TP + FN) = 104 / (104 + 8) = 0.93.,ML – Machine Learning,Model Evaluation
A classifier has 92 true positives and 50 false negatives. What is its recall (rounded to 2 decimal places)?,0.80,0.95,0.65,0.75,C,Recall = TP / (TP + FN) = 92 / (92 + 50) = 0.65.,ML – Machine Learning,Model Evaluation
"Fill in the blank: ______ refers to ""a gradient boosting library developed by Yandex, known for its strong handling of categorical features"".",a pipeline (in scikit-learn),CatBoost,Keras,NumPy,B,"CatBoost refers to: a gradient boosting library developed by Yandex, known for its strong handling of categorical features",ML – Machine Learning,ML Tools
A classifier has 119 true positives and 82 false negatives. What is its recall (rounded to 2 decimal places)?,0.74,0.79,0.59,0.89,C,Recall = TP / (TP + FN) = 119 / (119 + 82) = 0.59.,ML – Machine Learning,Model Evaluation
"A classifier has 122 true positives, 96 true negatives, 19 false positives, and 16 false negatives. What is its accuracy (rounded to 2 decimal places)?",0.56,0.96,0.76,0.86,D,Accuracy = (TP+TN)/(TP+TN+FP+FN) = (122+96)/(122+96+19+16) = 0.86.,ML – Machine Learning,Model Evaluation
"A classifier has 112 true positives, 74 true negatives, 52 false positives, and 91 false negatives. What is its accuracy (rounded to 2 decimal places)?",0.47,0.37,0.57,0.77,C,Accuracy = (TP+TN)/(TP+TN+FP+FN) = (112+74)/(112+74+52+91) = 0.57.,ML – Machine Learning,Model Evaluation
"Fill in the blank: ______ refers to ""a boosting algorithm that combines multiple weak classifiers, giving more weight to previously misclassified examples"".",pruning (in decision trees),a classification problem,AdaBoost,a random forest,C,"AdaBoost refers to: a boosting algorithm that combines multiple weak classifiers, giving more weight to previously misclassified examples",ML – Machine Learning,Classification
"A classifier has precision 0.56 and recall 0.53 (from 49 TP, 39 FP, 43 FN). What is its F1 score (rounded to 2 decimal places)?",0.54,0.69,0.74,0.84,A,F1 = 2×(Precision×Recall)/(Precision+Recall) = 2×(0.56×0.53)/(0.56+0.53) = 0.54.,ML – Machine Learning,Model Evaluation
"A classifier has 146 true positives, 186 true negatives, 89 false positives, and 63 false negatives. What is its accuracy (rounded to 2 decimal places)?",0.54,0.49,0.59,0.69,D,Accuracy = (TP+TN)/(TP+TN+FP+FN) = (146+186)/(146+186+89+63) = 0.69.,ML – Machine Learning,Model Evaluation
A classifier has 16 true positives and 43 false negatives. What is its recall (rounded to 2 decimal places)?,0.17,0.47,0.12,0.27,D,Recall = TP / (TP + FN) = 16 / (16 + 43) = 0.27.,ML – Machine Learning,Model Evaluation
A classifier has 200 true positives and 80 false positives. What is its precision (rounded to 2 decimal places)?,0.71,0.51,0.91,0.86,A,Precision = TP / (TP + FP) = 200 / (200 + 80) = 0.71.,ML – Machine Learning,Model Evaluation
What is model deployment?,"the process of identifying and correcting errors, inconsistencies, or missing values in a dataset before analysis",a technique used to explain individual predictions of a machine learning model by attributing contributions to each feature,the process of integrating a trained machine learning model into a production environment for real-world use,a technique used to address class imbalance by reducing the number of examples in the majority class,C,model deployment is: the process of integrating a trained machine learning model into a production environment for real-world use,ML – Machine Learning,ML Basics
"A classifier has 181 true positives, 174 true negatives, 85 false positives, and 40 false negatives. What is its accuracy (rounded to 2 decimal places)?",0.64,0.84,0.74,0.89,C,Accuracy = (TP+TN)/(TP+TN+FP+FN) = (181+174)/(181+174+85+40) = 0.74.,ML – Machine Learning,Model Evaluation
"A classifier has 90 true positives, 9 true negatives, 23 false positives, and 57 false negatives. What is its accuracy (rounded to 2 decimal places)?",0.70,0.75,0.55,0.35,C,Accuracy = (TP+TN)/(TP+TN+FP+FN) = (90+9)/(90+9+23+57) = 0.55.,ML – Machine Learning,Model Evaluation
A classifier has 175 true positives and 7 false positives. What is its precision (rounded to 2 decimal places)?,0.76,0.86,0.96,1.00,C,Precision = TP / (TP + FP) = 175 / (175 + 7) = 0.96.,ML – Machine Learning,Model Evaluation
Which statement correctly describes Keras?,"an open-source machine learning framework developed by Meta (Facebook), popular for research and deep learning applications","a fundamental Python library used for numerical computing, providing support for arrays and matrices","an open-source web application that allows users to create documents containing live code, equations, and visualisations","a high-level neural network API that runs on top of frameworks like TensorFlow, designed for ease of use",D,"By definition, Keras is: a high-level neural network API that runs on top of frameworks like TensorFlow, designed for ease of use",ML – Machine Learning,ML Tools
"Which term matches this description: ""a technique used to address class imbalance by generating synthetic examples of the minority class""?",k-fold cross-validation,a loss function (in ML),SMOTE (Synthetic Minority Oversampling Technique),SHAP (SHapley Additive exPlanations),C,The description matches SMOTE (Synthetic Minority Oversampling Technique): a technique used to address class imbalance by generating synthetic examples of the minority class,ML – Machine Learning,ML Basics
"Fill in the blank: ______ refers to ""a machine learning approach where a model is trained on labelled data, learning to map inputs to known outputs"".",supervised learning,a bagging classifier,DBSCAN,a pooling layer,A,"supervised learning refers to: a machine learning approach where a model is trained on labelled data, learning to map inputs to known outputs",ML – Machine Learning,Supervised Learning
"Fill in the blank: ______ refers to ""a machine learning application that predicts future customer demand for products or services"".",object detection,time series forecasting,demand forecasting,image classification,C,demand forecasting refers to: a machine learning application that predicts future customer demand for products or services,ML – Machine Learning,ML Applications
Which statement correctly describes silhouette score?,a machine learning technique used to identify data points that deviate significantly from the norm,a machine learning approach where a model finds patterns or structure in data without labelled outputs,a metric used to evaluate the quality of clustering by measuring how similar an object is to its own cluster compared to other clusters,an unsupervised learning technique used to discover interesting relationships between variables in large datasets,C,"By definition, silhouette score is: a metric used to evaluate the quality of clustering by measuring how similar an object is to its own cluster compared to other clusters",ML – Machine Learning,Unsupervised Learning
What is outlier detection?,a method of comparing two versions of a model or system to determine which performs better in a real-world setting,the process of identifying data points that differ significantly from the rest of the dataset,"a layer in a convolutional neural network that reduces the spatial size of data, decreasing computation and controlling overfitting",a hyperparameter that controls the size of the steps taken when updating model parameters during training,B,outlier detection is: the process of identifying data points that differ significantly from the rest of the dataset,ML – Machine Learning,ML Basics
"Which term matches this description: ""a situation in regression analysis where two or more independent variables are highly correlated with each other""?",Jupyter Notebook,speech-to-text conversion,collaborative filtering,multicollinearity,D,The description matches multicollinearity: a situation in regression analysis where two or more independent variables are highly correlated with each other,ML – Machine Learning,Regression
What is a pipeline (in scikit-learn)?,a tool that chains together multiple data processing and modelling steps into a single workflow,"an open-source machine learning framework developed by Meta (Facebook), popular for research and deep learning applications",an online community and platform for data scientists and machine learning practitioners to find datasets and compete in competitions,"a high-level neural network API that runs on top of frameworks like TensorFlow, designed for ease of use",A,a pipeline (in scikit-learn) is: a tool that chains together multiple data processing and modelling steps into a single workflow,ML – Machine Learning,ML Tools
What is the ROC curve?,a metric that measures the proportion of true positive predictions among all positive predictions made by a model,a metric that combines precision and recall into a single value using their harmonic mean,a graphical plot used to evaluate the performance of a binary classification model at various threshold settings,a metric used to evaluate regression models by measuring the average absolute difference between predicted and actual values,C,the ROC curve is: a graphical plot used to evaluate the performance of a binary classification model at various threshold settings,ML – Machine Learning,Model Evaluation
What is learning rate (in ML)?,a technique used in deep learning to stabilise and accelerate training by normalising layer inputs,a technique for assessing how well a model generalises by partitioning data into multiple training and testing subsets,the process of transforming data to have a mean of zero and a standard deviation of one,a hyperparameter that controls the size of the steps taken when updating model parameters during training,D,learning rate (in ML) is: a hyperparameter that controls the size of the steps taken when updating model parameters during training,ML – Machine Learning,ML Basics
What is model drift?,a phenomenon where a deployed model's performance degrades over time due to changes in the underlying data patterns,a regularisation technique that halts training once model performance on a validation set stops improving,a mathematical model describing a sequence of events where the probability of each event depends only on the state attained in the previous event,"a cross-validation technique where data is divided into k subsets, with each subset used once as a test set",A,model drift is: a phenomenon where a deployed model's performance degrades over time due to changes in the underlying data patterns,ML – Machine Learning,ML Basics
A classifier has 123 true positives and 87 false negatives. What is its recall (rounded to 2 decimal places)?,0.59,0.79,0.89,0.74,A,Recall = TP / (TP + FN) = 123 / (123 + 87) = 0.59.,ML – Machine Learning,Model Evaluation
A classifier has 41 true positives and 6 false negatives. What is its recall (rounded to 2 decimal places)?,1.00,0.77,0.87,0.97,C,Recall = TP / (TP + FN) = 41 / (41 + 6) = 0.87.,ML – Machine Learning,Model Evaluation
Which statement correctly describes a training dataset?,the portion of data used to teach a machine learning model to recognise patterns,a technique used to address class imbalance by increasing the number of examples in the minority class,a simple model used as a reference point to compare the performance of more complex machine learning models,a machine learning technique that combines predictions from multiple models to improve overall performance,A,"By definition, a training dataset is: the portion of data used to teach a machine learning model to recognise patterns",ML – Machine Learning,ML Basics
"A classifier has precision 0.74 and recall 0.51 (from 103 TP, 37 FP, 100 FN). What is its F1 score (rounded to 2 decimal places)?",0.60,0.70,0.40,0.90,A,F1 = 2×(Precision×Recall)/(Precision+Recall) = 2×(0.74×0.51)/(0.74+0.51) = 0.60.,ML – Machine Learning,Model Evaluation
"Fill in the blank: ______ refers to ""a supervised learning model that makes predictions by splitting data based on feature values, forming a tree-like structure"".",a bagging classifier,k-nearest neighbours (KNN),a decision tree,multi-class classification,C,"a decision tree refers to: a supervised learning model that makes predictions by splitting data based on feature values, forming a tree-like structure",ML – Machine Learning,Classification
What is a label (in ML)?,the known output or target value associated with an input example in supervised learning,the process of identifying data points that differ significantly from the rest of the dataset,"a machine learning model inspired by the human brain, composed of interconnected layers of nodes","a cross-validation technique where data is divided into k subsets, with each subset used once as a test set",A,a label (in ML) is: the known output or target value associated with an input example in supervised learning,ML – Machine Learning,ML Basics
A classifier has 65 true positives and 91 false positives. What is its precision (rounded to 2 decimal places)?,0.62,0.12,0.42,0.27,C,Precision = TP / (TP + FP) = 65 / (65 + 91) = 0.42.,ML – Machine Learning,Model Evaluation
"A classifier has precision 0.74 and recall 0.79 (from 162 TP, 57 FP, 44 FN). What is its F1 score (rounded to 2 decimal places)?",0.56,1.00,0.76,0.61,C,F1 = 2×(Precision×Recall)/(Precision+Recall) = 2×(0.74×0.79)/(0.74+0.79) = 0.76.,ML – Machine Learning,Model Evaluation
"A classifier has precision 0.69 and recall 0.41 (from 35 TP, 16 FP, 51 FN). What is its F1 score (rounded to 2 decimal places)?",0.31,0.51,0.41,0.21,B,F1 = 2×(Precision×Recall)/(Precision+Recall) = 2×(0.69×0.41)/(0.69+0.41) = 0.51.,ML – Machine Learning,Model Evaluation
"Which term matches this description: ""a machine learning model inspired by the human brain, composed of interconnected layers of nodes""?",a neural network (in ML context),feature scaling,a feature (in ML),bootstrapping (in statistics/ML),A,"The description matches a neural network (in ML context): a machine learning model inspired by the human brain, composed of interconnected layers of nodes",ML – Machine Learning,ML Basics
"A classifier has 105 true positives, 31 true negatives, 45 false positives, and 55 false negatives. What is its accuracy (rounded to 2 decimal places)?",0.58,0.78,0.43,0.38,A,Accuracy = (TP+TN)/(TP+TN+FP+FN) = (105+31)/(105+31+45+55) = 0.58.,ML – Machine Learning,Model Evaluation
"Fill in the blank: ______ refers to ""the number of training examples used in one iteration of model parameter updates"".",batch size (in ML),feature scaling,cross-validation,oversampling (in ML),A,batch size (in ML) refers to: the number of training examples used in one iteration of model parameter updates,ML – Machine Learning,ML Basics
A classifier has 93 true positives and 7 false positives. What is its precision (rounded to 2 decimal places)?,1.00,0.83,0.78,0.93,D,Precision = TP / (TP + FP) = 93 / (93 + 7) = 0.93.,ML – Machine Learning,Model Evaluation
A classifier has 151 true positives and 73 false negatives. What is its recall (rounded to 2 decimal places)?,0.67,0.37,0.57,0.52,A,Recall = TP / (TP + FN) = 151 / (151 + 73) = 0.67.,ML – Machine Learning,Model Evaluation
Which statement correctly describes sentiment classification?,machine learning models used by financial institutions to assess the creditworthiness of loan applicants,a machine learning application that predicts which customers are likely to stop using a product or service,a machine learning technique used in recommendation systems that makes predictions based on user behaviour patterns,"a machine learning task that categorises text based on the emotional tone it conveys, such as positive or negative",D,"By definition, sentiment classification is: a machine learning task that categorises text based on the emotional tone it conveys, such as positive or negative",ML – Machine Learning,ML Applications
"Fill in the blank: ______ refers to ""an ensemble learning method that combines multiple decision trees to improve prediction accuracy"".",Naive Bayes classifier,a random forest,logistic regression,a Gini index (in decision trees),B,a random forest refers to: an ensemble learning method that combines multiple decision trees to improve prediction accuracy,ML – Machine Learning,Classification
A classifier has 46 true positives and 79 false positives. What is its precision (rounded to 2 decimal places)?,0.52,0.67,0.37,0.22,C,Precision = TP / (TP + FP) = 46 / (46 + 79) = 0.37.,ML – Machine Learning,Model Evaluation
Which statement correctly describes NumPy?,"a fundamental Python library used for numerical computing, providing support for arrays and matrices","an open-source machine learning framework developed by Meta (Facebook), popular for research and deep learning applications","a gradient boosting framework designed for efficiency and speed, developed by Microsoft","an open-source web application that allows users to create documents containing live code, equations, and visualisations",A,"By definition, NumPy is: a fundamental Python library used for numerical computing, providing support for arrays and matrices",ML – Machine Learning,ML Tools
A classifier has 75 true positives and 63 false negatives. What is its recall (rounded to 2 decimal places)?,0.39,0.44,0.54,0.24,C,Recall = TP / (TP + FN) = 75 / (75 + 63) = 0.54.,ML – Machine Learning,Model Evaluation
"Fill in the blank: ______ refers to ""the process of identifying data points that differ significantly from the rest of the dataset"".",model interpretability techniques,outlier detection,XGBoost,a cost function (in ML),B,outlier detection refers to: the process of identifying data points that differ significantly from the rest of the dataset,ML – Machine Learning,ML Basics
A classifier has 116 true positives and 30 false positives. What is its precision (rounded to 2 decimal places)?,0.64,0.99,0.79,0.49,C,Precision = TP / (TP + FP) = 116 / (116 + 30) = 0.79.,ML – Machine Learning,Model Evaluation
What is data leakage?,a mathematical function that quantifies the difference between a model's predictions and the actual target values,"a problem in machine learning where information from outside the training dataset is used to create the model, leading to overly optimistic results",a technique used to explain individual predictions of a machine learning model by attributing contributions to each feature,a mathematical model describing a sequence of events where the probability of each event depends only on the state attained in the previous event,B,"data leakage is: a problem in machine learning where information from outside the training dataset is used to create the model, leading to overly optimistic results",ML – Machine Learning,ML Basics
A classifier has 159 true positives and 17 false negatives. What is its recall (rounded to 2 decimal places)?,0.90,0.70,0.60,0.75,A,Recall = TP / (TP + FN) = 159 / (159 + 17) = 0.90.,ML – Machine Learning,Model Evaluation
"A classifier has precision 0.55 and recall 0.46 (from 46 TP, 38 FP, 54 FN). What is its F1 score (rounded to 2 decimal places)?",0.60,0.70,0.40,0.50,D,F1 = 2×(Precision×Recall)/(Precision+Recall) = 2×(0.55×0.46)/(0.55+0.46) = 0.50.,ML – Machine Learning,Model Evaluation
"Which term matches this description: ""an ensemble technique that trains multiple models on different random subsets of data and averages their predictions""?",bagging (Bootstrap Aggregating),a loss function (in ML),the MNIST dataset,k-fold cross-validation,A,The description matches bagging (Bootstrap Aggregating): an ensemble technique that trains multiple models on different random subsets of data and averages their predictions,ML – Machine Learning,ML Basics
"A classifier has precision 0.36 and recall 0.98 (from 55 TP, 96 FP, 1 FN). What is its F1 score (rounded to 2 decimal places)?",0.73,0.53,0.33,0.23,B,F1 = 2×(Precision×Recall)/(Precision+Recall) = 2×(0.36×0.98)/(0.36+0.98) = 0.53.,ML – Machine Learning,Model Evaluation
Which statement correctly describes CatBoost?,"a gradient boosting framework designed for efficiency and speed, developed by Microsoft","an open-source machine learning framework developed by Google, widely used for building deep learning models","a gradient boosting library developed by Yandex, known for its strong handling of categorical features","a fundamental Python library used for numerical computing, providing support for arrays and matrices",C,"By definition, CatBoost is: a gradient boosting library developed by Yandex, known for its strong handling of categorical features",ML – Machine Learning,ML Tools
"A classifier has precision 0.92 and recall 0.68 (from 178 TP, 15 FP, 84 FN). What is its F1 score (rounded to 2 decimal places)?",1.00,0.88,0.98,0.78,D,F1 = 2×(Precision×Recall)/(Precision+Recall) = 2×(0.92×0.68)/(0.92+0.68) = 0.78.,ML – Machine Learning,Model Evaluation
What is credit scoring models?,a machine learning task that involves predicting future values based on previously observed sequential data,"a machine learning application that predicts when equipment is likely to fail, enabling proactive maintenance",machine learning models used by financial institutions to assess the creditworthiness of loan applicants,a machine learning task that identifies and locates specific objects within an image,C,credit scoring models is: machine learning models used by financial institutions to assess the creditworthiness of loan applicants,ML – Machine Learning,ML Applications
"A classifier has precision 0.53 and recall 0.52 (from 101 TP, 89 FP, 92 FN). What is its F1 score (rounded to 2 decimal places)?",0.83,0.73,0.68,0.53,D,F1 = 2×(Precision×Recall)/(Precision+Recall) = 2×(0.53×0.52)/(0.53+0.52) = 0.53.,ML – Machine Learning,Model Evaluation
A classifier has 159 true positives and 67 false negatives. What is its recall (rounded to 2 decimal places)?,0.50,0.70,0.85,0.55,B,Recall = TP / (TP + FN) = 159 / (159 + 67) = 0.70.,ML – Machine Learning,Model Evaluation
"A classifier has precision 0.95 and recall 0.90 (from 133 TP, 7 FP, 14 FN). What is its F1 score (rounded to 2 decimal places)?",1.00,0.63,0.78,0.93,D,F1 = 2×(Precision×Recall)/(Precision+Recall) = 2×(0.95×0.90)/(0.95+0.90) = 0.93.,ML – Machine Learning,Model Evaluation
A classifier has 174 true positives and 44 false negatives. What is its recall (rounded to 2 decimal places)?,0.80,0.65,0.60,1.00,A,Recall = TP / (TP + FN) = 174 / (174 + 44) = 0.80.,ML – Machine Learning,Model Evaluation
Which statement correctly describes time series forecasting?,a machine learning task that involves predicting future values based on previously observed sequential data,a machine learning technique used in recommendation systems that makes predictions based on user behaviour patterns,machine learning models used by financial institutions to assess the creditworthiness of loan applicants,a machine learning application that predicts which customers are likely to stop using a product or service,A,"By definition, time series forecasting is: a machine learning task that involves predicting future values based on previously observed sequential data",ML – Machine Learning,ML Applications
A classifier has 93 true positives and 58 false positives. What is its precision (rounded to 2 decimal places)?,0.52,0.47,0.62,0.72,C,Precision = TP / (TP + FP) = 93 / (93 + 58) = 0.62.,ML – Machine Learning,Model Evaluation
"A classifier has precision 0.67 and recall 0.73 (from 160 TP, 78 FP, 59 FN). What is its F1 score (rounded to 2 decimal places)?",0.40,0.55,1.00,0.70,D,F1 = 2×(Precision×Recall)/(Precision+Recall) = 2×(0.67×0.73)/(0.67+0.73) = 0.70.,ML – Machine Learning,Model Evaluation
"Fill in the blank: ______ refers to ""a statistical method used to model the relationship between a dependent variable and one or more independent variables using a straight line"".",linear regression,unsupervised learning,regularisation,grid search,A,linear regression refers to: a statistical method used to model the relationship between a dependent variable and one or more independent variables using a straight line,ML – Machine Learning,Regression
"A classifier has 132 true positives, 38 true negatives, 44 false positives, and 79 false negatives. What is its accuracy (rounded to 2 decimal places)?",0.28,0.68,0.58,0.78,C,Accuracy = (TP+TN)/(TP+TN+FP+FN) = (132+38)/(132+38+44+79) = 0.58.,ML – Machine Learning,Model Evaluation
A classifier has 61 true positives and 44 false positives. What is its precision (rounded to 2 decimal places)?,0.38,0.58,0.73,0.78,B,Precision = TP / (TP + FP) = 61 / (61 + 44) = 0.58.,ML – Machine Learning,Model Evaluation
"Which term matches this description: ""a subset of AI that enables systems to learn patterns from data and improve performance without being explicitly programmed""?",Machine Learning (ML),a training dataset,the MNIST dataset,a feature (in ML),A,The description matches Machine Learning (ML): a subset of AI that enables systems to learn patterns from data and improve performance without being explicitly programmed,ML – Machine Learning,ML Basics
What is DBSCAN?,a density-based clustering algorithm that groups points closely packed together and marks outliers as noise,an application of association rule learning used to discover products frequently purchased together,a technique used to reduce the number of features in a dataset while retaining important information,a metric used to evaluate the quality of clustering by measuring how similar an object is to its own cluster compared to other clusters,A,DBSCAN is: a density-based clustering algorithm that groups points closely packed together and marks outliers as noise,ML – Machine Learning,Unsupervised Learning
A classifier has 126 true positives and 72 false negatives. What is its recall (rounded to 2 decimal places)?,0.94,0.79,0.64,0.74,C,Recall = TP / (TP + FN) = 126 / (126 + 72) = 0.64.,ML – Machine Learning,Model Evaluation
A classifier has 188 true positives and 14 false negatives. What is its recall (rounded to 2 decimal places)?,0.93,0.83,1.00,0.73,A,Recall = TP / (TP + FN) = 188 / (188 + 14) = 0.93.,ML – Machine Learning,Model Evaluation
Which statement correctly describes elastic net regression?,a metric that combines precision and recall into a single value using their harmonic mean,the process of transforming data to have a mean of zero and a standard deviation of one,"a statistical method used for binary classification, predicting the probability of an outcome belonging to a particular class",a regression technique that combines both L1 and L2 regularisation penalties,D,"By definition, elastic net regression is: a regression technique that combines both L1 and L2 regularisation penalties",ML – Machine Learning,Regression
"Which term matches this description: ""a popular and efficient implementation of gradient boosting, widely used in machine learning competitions""?",normalisation (in ML),the Iris dataset,a Markov chain,XGBoost,D,"The description matches XGBoost: a popular and efficient implementation of gradient boosting, widely used in machine learning competitions",ML – Machine Learning,ML Basics
A classifier has 15 true positives and 33 false negatives. What is its recall (rounded to 2 decimal places)?,0.11,0.41,0.61,0.31,D,Recall = TP / (TP + FN) = 15 / (15 + 33) = 0.31.,ML – Machine Learning,Model Evaluation
A classifier has 61 true positives and 31 false negatives. What is its recall (rounded to 2 decimal places)?,0.81,0.86,0.56,0.66,D,Recall = TP / (TP + FN) = 61 / (61 + 31) = 0.66.,ML – Machine Learning,Model Evaluation
"A classifier has 112 true positives, 36 true negatives, 37 false positives, and 70 false negatives. What is its accuracy (rounded to 2 decimal places)?",0.48,0.43,0.88,0.58,D,Accuracy = (TP+TN)/(TP+TN+FP+FN) = (112+36)/(112+36+37+70) = 0.58.,ML – Machine Learning,Model Evaluation
"A classifier has 49 true positives, 181 true negatives, 88 false positives, and 79 false negatives. What is its accuracy (rounded to 2 decimal places)?",0.43,0.58,0.88,0.78,B,Accuracy = (TP+TN)/(TP+TN+FP+FN) = (49+181)/(49+181+88+79) = 0.58.,ML – Machine Learning,Model Evaluation
A classifier has 173 true positives and 39 false negatives. What is its recall (rounded to 2 decimal places)?,0.82,0.97,0.72,0.62,A,Recall = TP / (TP + FN) = 173 / (173 + 39) = 0.82.,ML – Machine Learning,Model Evaluation
"Which term matches this description: ""an unsupervised learning technique used to discover interesting relationships between variables in large datasets""?",Latent Dirichlet Allocation (LDA),t-SNE (t-distributed Stochastic Neighbor Embedding),anomaly detection,association rule learning,D,The description matches association rule learning: an unsupervised learning technique used to discover interesting relationships between variables in large datasets,ML – Machine Learning,Unsupervised Learning
"A classifier has precision 0.60 and recall 0.60 (from 34 TP, 23 FP, 23 FN). What is its F1 score (rounded to 2 decimal places)?",0.40,0.60,0.50,0.75,B,F1 = 2×(Precision×Recall)/(Precision+Recall) = 2×(0.60×0.60)/(0.60+0.60) = 0.60.,ML – Machine Learning,Model Evaluation
"A classifier has 183 true positives, 87 true negatives, 39 false positives, and 24 false negatives. What is its accuracy (rounded to 2 decimal places)?",0.71,0.91,0.96,0.81,D,Accuracy = (TP+TN)/(TP+TN+FP+FN) = (183+87)/(183+87+39+24) = 0.81.,ML – Machine Learning,Model Evaluation
"Fill in the blank: ______ refers to ""a tool that chains together multiple data processing and modelling steps into a single workflow"".",NumPy,PyTorch,a pipeline (in scikit-learn),pandas,C,a pipeline (in scikit-learn) refers to: a tool that chains together multiple data processing and modelling steps into a single workflow,ML – Machine Learning,ML Tools
What is k-nearest neighbours (KNN)?,a classification task involving more than two possible output classes,"a supervised learning model that makes predictions by splitting data based on feature values, forming a tree-like structure",a simple supervised learning algorithm that classifies data points based on the majority class of their nearest neighbours,"a measure used to evaluate the quality of a split in a decision tree, based on the impurity of resulting subsets",C,k-nearest neighbours (KNN) is: a simple supervised learning algorithm that classifies data points based on the majority class of their nearest neighbours,ML – Machine Learning,Classification
A classifier has 10 true positives and 43 false positives. What is its precision (rounded to 2 decimal places)?,0.19,0.34,0.29,0.04,A,Precision = TP / (TP + FP) = 10 / (10 + 43) = 0.19.,ML – Machine Learning,Model Evaluation
"A classifier has 79 true positives, 93 true negatives, 15 false positives, and 16 false negatives. What is its accuracy (rounded to 2 decimal places)?",0.85,0.95,0.70,0.65,A,Accuracy = (TP+TN)/(TP+TN+FP+FN) = (79+93)/(79+93+15+16) = 0.85.,ML – Machine Learning,Model Evaluation
"A classifier has 29 true positives, 171 true negatives, 9 false positives, and 2 false negatives. What is its accuracy (rounded to 2 decimal places)?",1.00,0.65,0.80,0.95,D,Accuracy = (TP+TN)/(TP+TN+FP+FN) = (29+171)/(29+171+9+2) = 0.95.,ML – Machine Learning,Model Evaluation
A classifier has 72 true positives and 93 false positives. What is its precision (rounded to 2 decimal places)?,0.59,0.14,0.74,0.44,D,Precision = TP / (TP + FP) = 72 / (72 + 93) = 0.44.,ML – Machine Learning,Model Evaluation
"Which term matches this description: ""a hyperparameter that controls the size of the steps taken when updating model parameters during training""?",a Markov chain,early stopping,grid search,learning rate (in ML),D,The description matches learning rate (in ML): a hyperparameter that controls the size of the steps taken when updating model parameters during training,ML – Machine Learning,ML Basics
"A classifier has precision 0.65 and recall 0.87 (from 126 TP, 67 FP, 19 FN). What is its F1 score (rounded to 2 decimal places)?",0.75,0.60,0.65,0.85,A,F1 = 2×(Precision×Recall)/(Precision+Recall) = 2×(0.65×0.87)/(0.65+0.87) = 0.75.,ML – Machine Learning,Model Evaluation
"Which term matches this description: ""a machine learning approach that uses a small amount of labelled data combined with a larger amount of unlabelled data""?",semi-supervised learning,feature selection,a Hidden Markov Model (HMM),a cost function (in ML),A,The description matches semi-supervised learning: a machine learning approach that uses a small amount of labelled data combined with a larger amount of unlabelled data,ML – Machine Learning,ML Basics
"A classifier has 191 true positives, 94 true negatives, 6 false positives, and 22 false negatives. What is its accuracy (rounded to 2 decimal places)?",0.81,1.00,0.91,0.61,C,Accuracy = (TP+TN)/(TP+TN+FP+FN) = (191+94)/(191+94+6+22) = 0.91.,ML – Machine Learning,Model Evaluation
"Fill in the blank: ______ refers to ""an optimisation algorithm used to minimise a model's error by iteratively adjusting parameters in the direction of steepest descent"".",batch size (in ML),gradient descent,boosting,a baseline model,B,gradient descent refers to: an optimisation algorithm used to minimise a model's error by iteratively adjusting parameters in the direction of steepest descent,ML – Machine Learning,ML Basics
What is anomaly detection?,a machine learning approach where a model finds patterns or structure in data without labelled outputs,a dimensionality reduction technique that transforms data into a smaller set of uncorrelated variables called principal components,an unsupervised learning technique used to discover interesting relationships between variables in large datasets,a machine learning technique used to identify data points that deviate significantly from the norm,D,anomaly detection is: a machine learning technique used to identify data points that deviate significantly from the norm,ML – Machine Learning,Unsupervised Learning
"Fill in the blank: ______ refers to ""a table used to evaluate classification model performance by comparing predicted and actual class labels"".",the F1 score,R-squared (coefficient of determination),the ROC curve,a confusion matrix,D,a confusion matrix refers to: a table used to evaluate classification model performance by comparing predicted and actual class labels,ML – Machine Learning,Model Evaluation
A classifier has 164 true positives and 79 false negatives. What is its recall (rounded to 2 decimal places)?,0.97,0.67,0.37,0.57,B,Recall = TP / (TP + FN) = 164 / (164 + 79) = 0.67.,ML – Machine Learning,Model Evaluation
"A classifier has 175 true positives, 27 true negatives, 18 false positives, and 80 false negatives. What is its accuracy (rounded to 2 decimal places)?",0.67,0.97,0.77,0.87,A,Accuracy = (TP+TN)/(TP+TN+FP+FN) = (175+27)/(175+27+18+80) = 0.67.,ML – Machine Learning,Model Evaluation
A classifier has 55 true positives and 24 false positives. What is its precision (rounded to 2 decimal places)?,0.70,0.50,1.00,0.60,A,Precision = TP / (TP + FP) = 55 / (55 + 24) = 0.70.,ML – Machine Learning,Model Evaluation
What is SMOTE (Synthetic Minority Oversampling Technique)?,the number of training examples used in one iteration of model parameter updates,a technique used to address class imbalance by generating synthetic examples of the minority class,a layer in a neural network where every neuron is connected to every neuron in the previous layer,the portion of data used to teach a machine learning model to recognise patterns,B,SMOTE (Synthetic Minority Oversampling Technique) is: a technique used to address class imbalance by generating synthetic examples of the minority class,ML – Machine Learning,ML Basics
"Which term matches this description: ""a machine learning technique used in recommendation systems that makes predictions based on user behaviour patterns""?",churn prediction,sentiment classification,image classification,collaborative filtering,D,The description matches collaborative filtering: a machine learning technique used in recommendation systems that makes predictions based on user behaviour patterns,ML – Machine Learning,ML Applications
A classifier has 15 true positives and 13 false positives. What is its precision (rounded to 2 decimal places)?,0.34,0.69,0.74,0.54,D,Precision = TP / (TP + FP) = 15 / (15 + 13) = 0.54.,ML – Machine Learning,Model Evaluation
A classifier has 22 true positives and 23 false positives. What is its precision (rounded to 2 decimal places)?,0.79,0.29,0.49,0.64,C,Precision = TP / (TP + FP) = 22 / (22 + 23) = 0.49.,ML – Machine Learning,Model Evaluation
"Which term matches this description: ""the number of training examples used in one iteration of model parameter updates""?",regularisation,a convolutional layer,SMOTE (Synthetic Minority Oversampling Technique),batch size (in ML),D,The description matches batch size (in ML): the number of training examples used in one iteration of model parameter updates,ML – Machine Learning,ML Basics
"Which term matches this description: ""a machine learning task that assigns a label to an image based on its visual content""?",image classification,object detection,churn prediction,a recommender system,A,The description matches image classification: a machine learning task that assigns a label to an image based on its visual content,ML – Machine Learning,ML Applications
A classifier has 57 true positives and 31 false positives. What is its precision (rounded to 2 decimal places)?,0.55,0.95,0.65,0.85,C,Precision = TP / (TP + FP) = 57 / (57 + 31) = 0.65.,ML – Machine Learning,Model Evaluation
What is image classification?,machine learning models used by financial institutions to assess the creditworthiness of loan applicants,a machine learning application that transcribes spoken language into written text,a machine learning task that assigns a label to an image based on its visual content,a machine learning task that identifies and locates specific objects within an image,C,image classification is: a machine learning task that assigns a label to an image based on its visual content,ML – Machine Learning,ML Applications
"A classifier has precision 0.84 and recall 0.64 (from 65 TP, 12 FP, 37 FN). What is its F1 score (rounded to 2 decimal places)?",0.88,0.73,0.83,0.63,B,F1 = 2×(Precision×Recall)/(Precision+Recall) = 2×(0.84×0.64)/(0.84+0.64) = 0.73.,ML – Machine Learning,Model Evaluation
What is information gain (in decision trees)?,the process of removing sections of a decision tree to reduce complexity and prevent overfitting,"a probabilistic classification algorithm based on Bayes' theorem, assuming independence between features","a supervised learning model that makes predictions by splitting data based on feature values, forming a tree-like structure","a metric used to decide which feature to split on at each step, based on the reduction in entropy",D,"information gain (in decision trees) is: a metric used to decide which feature to split on at each step, based on the reduction in entropy",ML – Machine Learning,Classification
"Fill in the blank: ______ refers to ""a standard, publicly available dataset used to compare the performance of different machine learning models"".",a benchmark dataset (in ML),bagging (Bootstrap Aggregating),a Hidden Markov Model (HMM),class imbalance,A,"a benchmark dataset (in ML) refers to: a standard, publicly available dataset used to compare the performance of different machine learning models",ML – Machine Learning,ML Basics
"Fill in the blank: ______ refers to ""a metric that summarises the overall performance of a classification model based on its ROC curve"".",the ROC curve,model accuracy,mean absolute error (MAE),AUC (Area Under the Curve),D,AUC (Area Under the Curve) refers to: a metric that summarises the overall performance of a classification model based on its ROC curve,ML – Machine Learning,Model Evaluation
"A classifier has precision 0.87 and recall 0.55 (from 95 TP, 14 FP, 78 FN). What is its F1 score (rounded to 2 decimal places)?",0.77,0.52,0.87,0.67,D,F1 = 2×(Precision×Recall)/(Precision+Recall) = 2×(0.87×0.55)/(0.87+0.55) = 0.67.,ML – Machine Learning,Model Evaluation
Which statement correctly describes feature selection?,the process of choosing the most relevant variables from a dataset to use in model training,a technique used to address class imbalance by reducing the number of examples in the majority class,the known output or target value associated with an input example in supervised learning,the portion of data used to evaluate the performance of a trained machine learning model on unseen examples,A,"By definition, feature selection is: the process of choosing the most relevant variables from a dataset to use in model training",ML – Machine Learning,ML Basics
A classifier has 17 true positives and 79 false negatives. What is its recall (rounded to 2 decimal places)?,0.18,0.48,0.08,0.38,A,Recall = TP / (TP + FN) = 17 / (17 + 79) = 0.18.,ML – Machine Learning,Model Evaluation
What is a support vector machine (SVM)?,an ensemble learning method that combines multiple decision trees to improve prediction accuracy,"a supervised learning model that makes predictions by splitting data based on feature values, forming a tree-like structure",a supervised learning algorithm that finds the optimal boundary (hyperplane) to separate data into classes,a measure of impurity or disorder used to determine the best splits when building a decision tree,C,a support vector machine (SVM) is: a supervised learning algorithm that finds the optimal boundary (hyperplane) to separate data into classes,ML – Machine Learning,Classification
A classifier has 102 true positives and 58 false negatives. What is its recall (rounded to 2 decimal places)?,0.79,0.84,0.94,0.64,D,Recall = TP / (TP + FN) = 102 / (102 + 58) = 0.64.,ML – Machine Learning,Model Evaluation
A classifier has 49 true positives and 15 false negatives. What is its recall (rounded to 2 decimal places)?,0.47,0.77,0.67,0.87,B,Recall = TP / (TP + FN) = 49 / (49 + 15) = 0.77.,ML – Machine Learning,Model Evaluation
"Which term matches this description: ""a technique used to explain individual predictions of a machine learning model by attributing contributions to each feature""?",a validation dataset,batch size (in ML),SHAP (SHapley Additive exPlanations),a benchmark dataset (in ML),C,The description matches SHAP (SHapley Additive exPlanations): a technique used to explain individual predictions of a machine learning model by attributing contributions to each feature,ML – Machine Learning,ML Basics
What is a cost function (in ML)?,the process of integrating a trained machine learning model into a production environment for real-world use,a technique used to address class imbalance by generating synthetic examples of the minority class,a simple model used as a reference point to compare the performance of more complex machine learning models,"the average loss across an entire training dataset, which a model seeks to minimise during training",D,"a cost function (in ML) is: the average loss across an entire training dataset, which a model seeks to minimise during training",ML – Machine Learning,ML Basics
A classifier has 158 true positives and 83 false positives. What is its precision (rounded to 2 decimal places)?,0.76,0.86,0.46,0.66,D,Precision = TP / (TP + FP) = 158 / (158 + 83) = 0.66.,ML – Machine Learning,Model Evaluation
"Which term matches this description: ""a technique used to determine the optimal number of clusters in k-means clustering by plotting variance explained against cluster count""?",the elbow method,association rule learning,silhouette score,DBSCAN,A,The description matches the elbow method: a technique used to determine the optimal number of clusters in k-means clustering by plotting variance explained against cluster count,ML – Machine Learning,Unsupervised Learning
"A classifier has precision 0.60 and recall 0.33 (from 43 TP, 29 FP, 87 FN). What is its F1 score (rounded to 2 decimal places)?",0.43,0.13,0.23,0.58,A,F1 = 2×(Precision×Recall)/(Precision+Recall) = 2×(0.60×0.33)/(0.60+0.33) = 0.43.,ML – Machine Learning,Model Evaluation
"Which term matches this description: ""the process of integrating a trained machine learning model into a production environment for real-world use""?",model deployment,a fully connected layer,the Iris dataset,gradient descent,A,The description matches model deployment: the process of integrating a trained machine learning model into a production environment for real-world use,ML – Machine Learning,ML Basics
"A classifier has precision 0.62 and recall 0.70 (from 86 TP, 52 FP, 37 FN). What is its F1 score (rounded to 2 decimal places)?",0.56,0.66,0.96,0.76,B,F1 = 2×(Precision×Recall)/(Precision+Recall) = 2×(0.62×0.70)/(0.62+0.70) = 0.66.,ML – Machine Learning,Model Evaluation
A classifier has 17 true positives and 40 false negatives. What is its recall (rounded to 2 decimal places)?,0.00,0.50,0.40,0.30,D,Recall = TP / (TP + FN) = 17 / (17 + 40) = 0.30.,ML – Machine Learning,Model Evaluation
Which statement correctly describes underfitting?,a technique used to address class imbalance by generating synthetic examples of the minority class,"a regularisation technique that adds the absolute value of coefficients as a penalty, which can shrink some coefficients to zero",the portion of data used to evaluate the performance of a trained machine learning model on unseen examples,a modelling error where a model is too simple to capture the underlying pattern in the data,D,"By definition, underfitting is: a modelling error where a model is too simple to capture the underlying pattern in the data",ML – Machine Learning,ML Basics
Which statement correctly describes TensorFlow?,an online community and platform for data scientists and machine learning practitioners to find datasets and compete in competitions,"an open-source machine learning framework developed by Google, widely used for building deep learning models","an open-source web application that allows users to create documents containing live code, equations, and visualisations","a popular Python library used for data manipulation and analysis, especially with tabular data",B,"By definition, TensorFlow is: an open-source machine learning framework developed by Google, widely used for building deep learning models",ML – Machine Learning,ML Tools
"A classifier has 67 true positives, 55 true negatives, 58 false positives, and 5 false negatives. What is its accuracy (rounded to 2 decimal places)?",0.66,0.36,0.96,0.76,A,Accuracy = (TP+TN)/(TP+TN+FP+FN) = (67+55)/(67+55+58+5) = 0.66.,ML – Machine Learning,Model Evaluation
What is multicollinearity?,a situation in regression analysis where two or more independent variables are highly correlated with each other,a subset of data used during training to tune model hyperparameters and prevent overfitting,a classification task involving more than two possible output classes,a machine learning technique used in recommendation systems that makes predictions based on user behaviour patterns,A,multicollinearity is: a situation in regression analysis where two or more independent variables are highly correlated with each other,ML – Machine Learning,Regression
A classifier has 53 true positives and 47 false negatives. What is its recall (rounded to 2 decimal places)?,0.53,0.73,0.68,0.23,A,Recall = TP / (TP + FN) = 53 / (53 + 47) = 0.53.,ML – Machine Learning,Model Evaluation
"A classifier has precision 0.10 and recall 0.08 (from 7 TP, 61 FP, 76 FN). What is its F1 score (rounded to 2 decimal places)?",0.00,0.09,0.39,0.29,B,F1 = 2×(Precision×Recall)/(Precision+Recall) = 2×(0.10×0.08)/(0.10+0.08) = 0.09.,ML – Machine Learning,Model Evaluation
"Which term matches this description: ""a density-based clustering algorithm that groups points closely packed together and marks outliers as noise""?",Principal Component Analysis (PCA),DBSCAN,dimensionality reduction,association rule learning,B,The description matches DBSCAN: a density-based clustering algorithm that groups points closely packed together and marks outliers as noise,ML – Machine Learning,Unsupervised Learning
"Which term matches this description: ""the difference between an observed value and the value predicted by a regression model""?",a residual (in regression),a Gaussian (RBF) kernel,churn prediction,the ImageNet dataset,A,The description matches a residual (in regression): the difference between an observed value and the value predicted by a regression model,ML – Machine Learning,Regression
"Fill in the blank: ______ refers to ""the process of identifying and correcting errors, inconsistencies, or missing values in a dataset before analysis"".",feature selection,missing data imputation,outlier detection,data cleaning,D,"data cleaning refers to: the process of identifying and correcting errors, inconsistencies, or missing values in a dataset before analysis",ML – Machine Learning,ML Basics
"Which term matches this description: ""a popular open-source Python library used for implementing machine learning algorithms""?",NumPy,Kaggle,TensorFlow,scikit-learn,D,The description matches scikit-learn: a popular open-source Python library used for implementing machine learning algorithms,ML – Machine Learning,ML Tools
"A classifier has 90 true positives, 97 true negatives, 63 false positives, and 98 false negatives. What is its accuracy (rounded to 2 decimal places)?",0.54,0.64,0.34,0.39,A,Accuracy = (TP+TN)/(TP+TN+FP+FN) = (90+97)/(90+97+63+98) = 0.54.,ML – Machine Learning,Model Evaluation
"Which term matches this description: ""a probabilistic classification algorithm based on Bayes' theorem, assuming independence between features""?",a support vector machine (SVM),information gain (in decision trees),a classification problem,Naive Bayes classifier,D,"The description matches Naive Bayes classifier: a probabilistic classification algorithm based on Bayes' theorem, assuming independence between features",ML – Machine Learning,Classification
What is oversampling (in ML)?,the number of training examples used in one iteration of model parameter updates,a technique used to address class imbalance by increasing the number of examples in the minority class,"a regularisation technique that adds the absolute value of coefficients as a penalty, which can shrink some coefficients to zero",an individual measurable property or characteristic used as input to a machine learning model,B,oversampling (in ML) is: a technique used to address class imbalance by increasing the number of examples in the minority class,ML – Machine Learning,ML Basics
A classifier has 104 true positives and 8 false positives. What is its precision (rounded to 2 decimal places)?,0.83,0.73,0.93,0.63,C,Precision = TP / (TP + FP) = 104 / (104 + 8) = 0.93.,ML – Machine Learning,Model Evaluation
"Fill in the blank: ______ refers to ""a variation of gradient descent that updates model parameters using one training example at a time, rather than the full dataset"".",stochastic gradient descent (SGD),oversampling (in ML),SHAP (SHapley Additive exPlanations),feature selection,A,"stochastic gradient descent (SGD) refers to: a variation of gradient descent that updates model parameters using one training example at a time, rather than the full dataset",ML – Machine Learning,ML Basics
"A classifier has 32 true positives, 171 true negatives, 67 false positives, and 100 false negatives. What is its accuracy (rounded to 2 decimal places)?",0.75,0.55,0.35,0.25,B,Accuracy = (TP+TN)/(TP+TN+FP+FN) = (32+171)/(32+171+67+100) = 0.55.,ML – Machine Learning,Model Evaluation
"Which term matches this description: ""an open-source machine learning framework developed by Google, widely used for building deep learning models""?",pandas,TensorFlow,scikit-learn,Kaggle,B,"The description matches TensorFlow: an open-source machine learning framework developed by Google, widely used for building deep learning models",ML – Machine Learning,ML Tools
"Which term matches this description: ""a technique used to reduce the number of features in a dataset while retaining important information""?",dimensionality reduction,Latent Dirichlet Allocation (LDA),association rule learning,clustering,A,The description matches dimensionality reduction: a technique used to reduce the number of features in a dataset while retaining important information,ML – Machine Learning,Unsupervised Learning
A classifier has 59 true positives and 31 false positives. What is its precision (rounded to 2 decimal places)?,0.96,0.86,0.51,0.66,D,Precision = TP / (TP + FP) = 59 / (59 + 31) = 0.66.,ML – Machine Learning,Model Evaluation
A classifier has 189 true positives and 88 false negatives. What is its recall (rounded to 2 decimal places)?,0.98,0.48,0.53,0.68,D,Recall = TP / (TP + FN) = 189 / (189 + 88) = 0.68.,ML – Machine Learning,Model Evaluation
"A classifier has precision 0.67 and recall 0.97 (from 187 TP, 93 FP, 6 FN). What is its F1 score (rounded to 2 decimal places)?",0.79,0.99,1.00,0.59,A,F1 = 2×(Precision×Recall)/(Precision+Recall) = 2×(0.67×0.97)/(0.67+0.97) = 0.79.,ML – Machine Learning,Model Evaluation
"A classifier has precision 0.91 and recall 0.95 (from 176 TP, 18 FP, 9 FN). What is its F1 score (rounded to 2 decimal places)?",0.93,0.63,0.78,0.73,A,F1 = 2×(Precision×Recall)/(Precision+Recall) = 2×(0.91×0.95)/(0.91+0.95) = 0.93.,ML – Machine Learning,Model Evaluation
Which statement correctly describes a baseline model?,a simple model used as a reference point to compare the performance of more complex machine learning models,a layer in a neural network where every neuron is connected to every neuron in the previous layer,a subset of AI that enables systems to learn patterns from data and improve performance without being explicitly programmed,a technique used to address class imbalance by increasing the number of examples in the minority class,A,"By definition, a baseline model is: a simple model used as a reference point to compare the performance of more complex machine learning models",ML – Machine Learning,ML Basics
What is SHAP (SHapley Additive exPlanations)?,"a variation of gradient descent that updates model parameters using one training example at a time, rather than the full dataset",the portion of data used to evaluate the performance of a trained machine learning model on unseen examples,a technique used to explain individual predictions of a machine learning model by attributing contributions to each feature,a technique used in deep learning to stabilise and accelerate training by normalising layer inputs,C,SHAP (SHapley Additive exPlanations) is: a technique used to explain individual predictions of a machine learning model by attributing contributions to each feature,ML – Machine Learning,ML Basics
Which statement correctly describes a kernel trick (in SVM)?,a technique that allows support vector machines to operate in high-dimensional space without explicitly computing coordinates in that space,an ensemble method that trains multiple instances of a model on different bootstrapped subsets of data and averages their predictions,a supervised learning algorithm that finds the optimal boundary (hyperplane) to separate data into classes,a type of supervised learning task where the goal is to assign inputs into predefined categories or classes,A,"By definition, a kernel trick (in SVM) is: a technique that allows support vector machines to operate in high-dimensional space without explicitly computing coordinates in that space",ML – Machine Learning,Classification
What is bootstrapping (in statistics/ML)?,"the process of selecting, transforming, and creating input variables to improve a machine learning model's performance",a resampling technique that involves repeatedly drawing samples with replacement from a dataset to estimate a statistic,a machine learning approach where an agent learns to make decisions by receiving rewards or penalties from its environment,a regularisation technique that halts training once model performance on a validation set stops improving,B,bootstrapping (in statistics/ML) is: a resampling technique that involves repeatedly drawing samples with replacement from a dataset to estimate a statistic,ML – Machine Learning,ML Basics
"Which term matches this description: ""a classic, small dataset in machine learning containing measurements of iris flowers, often used to teach classification""?",bias-variance tradeoff,a label (in ML),the Iris dataset,Machine Learning (ML),C,"The description matches the Iris dataset: a classic, small dataset in machine learning containing measurements of iris flowers, often used to teach classification",ML – Machine Learning,ML Basics
"Which term matches this description: ""a machine learning approach where an agent learns to make decisions by receiving rewards or penalties from its environment""?",batch normalisation,reinforcement learning,gradient descent,a pooling layer,B,The description matches reinforcement learning: a machine learning approach where an agent learns to make decisions by receiving rewards or penalties from its environment,ML – Machine Learning,ML Basics
"A classifier has 118 true positives, 150 true negatives, 69 false positives, and 13 false negatives. What is its accuracy (rounded to 2 decimal places)?",0.97,0.77,0.92,1.00,B,Accuracy = (TP+TN)/(TP+TN+FP+FN) = (118+150)/(118+150+69+13) = 0.77.,ML – Machine Learning,Model Evaluation
A classifier has 53 true positives and 11 false positives. What is its precision (rounded to 2 decimal places)?,0.73,0.63,0.83,1.00,C,Precision = TP / (TP + FP) = 53 / (53 + 11) = 0.83.,ML – Machine Learning,Model Evaluation
A classifier has 50 true positives and 11 false negatives. What is its recall (rounded to 2 decimal places)?,0.62,0.82,0.72,1.00,B,Recall = TP / (TP + FN) = 50 / (50 + 11) = 0.82.,ML – Machine Learning,Model Evaluation
A classifier has 104 true positives and 49 false negatives. What is its recall (rounded to 2 decimal places)?,0.38,0.88,0.48,0.68,D,Recall = TP / (TP + FN) = 104 / (104 + 49) = 0.68.,ML – Machine Learning,Model Evaluation
"Fill in the blank: ______ refers to ""a type of supervised learning task where the goal is to predict a continuous numerical value"".",entropy (in decision trees),grid search,k-means clustering,a regression problem,D,a regression problem refers to: a type of supervised learning task where the goal is to predict a continuous numerical value,ML – Machine Learning,Regression
"Fill in the blank: ______ refers to ""a popular clustering algorithm that partitions data into k clusters based on distance from cluster centroids"".",the elbow method,Principal Component Analysis (PCA),k-means clustering,unsupervised learning,C,k-means clustering refers to: a popular clustering algorithm that partitions data into k clusters based on distance from cluster centroids,ML – Machine Learning,Unsupervised Learning
What is linear regression?,the difference between an observed value and the value predicted by a regression model,a statistical method used to model the relationship between a dependent variable and one or more independent variables using a straight line,a technique used to explain individual predictions of a machine learning model by attributing contributions to each feature,a machine learning technique that combines predictions from multiple models to improve overall performance,B,linear regression is: a statistical method used to model the relationship between a dependent variable and one or more independent variables using a straight line,ML – Machine Learning,Regression
"Which term matches this description: ""a simple supervised learning algorithm that classifies data points based on the majority class of their nearest neighbours""?",Naive Bayes classifier,logistic regression,a bagging classifier,k-nearest neighbours (KNN),D,The description matches k-nearest neighbours (KNN): a simple supervised learning algorithm that classifies data points based on the majority class of their nearest neighbours,ML – Machine Learning,Classification
What is the MNIST dataset?,"a widely used benchmark dataset of handwritten digit images, commonly used to test image classification models",a technique that explains individual predictions of any classifier by approximating it locally with an interpretable model,a statistical model used to represent systems that are assumed to follow a Markov process with unobserved (hidden) states,a large visual database used for training and benchmarking image classification and object detection models,A,"the MNIST dataset is: a widely used benchmark dataset of handwritten digit images, commonly used to test image classification models",ML – Machine Learning,ML Basics
"Fill in the blank: ______ refers to ""a machine learning application that predicts when equipment is likely to fail, enabling proactive maintenance"".",time series forecasting,predictive maintenance,a recommender system,content-based recommendation,B,"predictive maintenance refers to: a machine learning application that predicts when equipment is likely to fail, enabling proactive maintenance",ML – Machine Learning,ML Applications
"A classifier has 120 true positives, 19 true negatives, 86 false positives, and 8 false negatives. What is its accuracy (rounded to 2 decimal places)?",0.60,0.45,0.70,0.80,A,Accuracy = (TP+TN)/(TP+TN+FP+FN) = (120+19)/(120+19+86+8) = 0.60.,ML – Machine Learning,Model Evaluation
A classifier has 25 true positives and 35 false negatives. What is its recall (rounded to 2 decimal places)?,0.42,0.57,0.27,0.22,A,Recall = TP / (TP + FN) = 25 / (25 + 35) = 0.42.,ML – Machine Learning,Model Evaluation
A classifier has 111 true positives and 90 false negatives. What is its recall (rounded to 2 decimal places)?,0.75,0.70,0.45,0.55,D,Recall = TP / (TP + FN) = 111 / (111 + 90) = 0.55.,ML – Machine Learning,Model Evaluation
A classifier has 85 true positives and 36 false positives. What is its precision (rounded to 2 decimal places)?,0.85,0.60,0.50,0.70,D,Precision = TP / (TP + FP) = 85 / (85 + 36) = 0.70.,ML – Machine Learning,Model Evaluation
What is missing data imputation?,a technique used to fill in missing values in a dataset using estimated or calculated values,a machine learning approach that uses a small amount of labelled data combined with a larger amount of unlabelled data,the number of training examples used in one iteration of model parameter updates,"a widely used benchmark dataset of handwritten digit images, commonly used to test image classification models",A,missing data imputation is: a technique used to fill in missing values in a dataset using estimated or calculated values,ML – Machine Learning,ML Basics
What is the ImageNet dataset?,"the process of selecting, transforming, and creating input variables to improve a machine learning model's performance",a machine learning technique that combines predictions from multiple models to improve overall performance,a large visual database used for training and benchmarking image classification and object detection models,the known output or target value associated with an input example in supervised learning,C,the ImageNet dataset is: a large visual database used for training and benchmarking image classification and object detection models,ML – Machine Learning,ML Basics
"Fill in the blank: ______ refers to ""the portion of data used to evaluate the performance of a trained machine learning model on unseen examples"".",feature selection,a testing dataset,bootstrapping (in statistics/ML),learning rate (in ML),B,a testing dataset refers to: the portion of data used to evaluate the performance of a trained machine learning model on unseen examples,ML – Machine Learning,ML Basics
A classifier has 171 true positives and 92 false negatives. What is its recall (rounded to 2 decimal places)?,0.95,0.80,0.55,0.65,D,Recall = TP / (TP + FN) = 171 / (171 + 92) = 0.65.,ML – Machine Learning,Model Evaluation
"A classifier has precision 0.47 and recall 0.68 (from 47 TP, 53 FP, 22 FN). What is its F1 score (rounded to 2 decimal places)?",0.76,0.56,0.36,0.41,B,F1 = 2×(Precision×Recall)/(Precision+Recall) = 2×(0.47×0.68)/(0.47+0.68) = 0.56.,ML – Machine Learning,Model Evaluation
Which statement correctly describes stochastic gradient descent (SGD)?,"a standard, publicly available dataset used to compare the performance of different machine learning models",a hyperparameter that controls the size of the steps taken when updating model parameters during training,a technique used to convert categorical variables into a binary vector representation suitable for machine learning models,"a variation of gradient descent that updates model parameters using one training example at a time, rather than the full dataset",D,"By definition, stochastic gradient descent (SGD) is: a variation of gradient descent that updates model parameters using one training example at a time, rather than the full dataset",ML – Machine Learning,ML Basics
"A classifier has 133 true positives, 20 true negatives, 73 false positives, and 47 false negatives. What is its accuracy (rounded to 2 decimal places)?",0.71,0.56,0.36,0.76,B,Accuracy = (TP+TN)/(TP+TN+FP+FN) = (133+20)/(133+20+73+47) = 0.56.,ML – Machine Learning,Model Evaluation
A classifier has 26 true positives and 98 false negatives. What is its recall (rounded to 2 decimal places)?,0.01,0.51,0.00,0.21,D,Recall = TP / (TP + FN) = 26 / (26 + 98) = 0.21.,ML – Machine Learning,Model Evaluation
"A classifier has precision 0.80 and recall 0.95 (from 138 TP, 35 FP, 8 FN). What is its F1 score (rounded to 2 decimal places)?",0.87,1.00,0.67,0.77,A,F1 = 2×(Precision×Recall)/(Precision+Recall) = 2×(0.80×0.95)/(0.80+0.95) = 0.87.,ML – Machine Learning,Model Evaluation
"Which term matches this description: ""a recommendation approach that suggests items similar to those a user has liked in the past, based on item attributes""?",content-based recommendation,time series forecasting,demand forecasting,churn prediction,A,"The description matches content-based recommendation: a recommendation approach that suggests items similar to those a user has liked in the past, based on item attributes",ML – Machine Learning,ML Applications
Which statement correctly describes a hidden layer (in a neural network)?,"a layer of nodes between the input and output layers of a neural network, used to learn intermediate representations",a technique for assessing how well a model generalises by partitioning data into multiple training and testing subsets,"a standard, publicly available dataset used to compare the performance of different machine learning models",the portion of data used to evaluate the performance of a trained machine learning model on unseen examples,A,"By definition, a hidden layer (in a neural network) is: a layer of nodes between the input and output layers of a neural network, used to learn intermediate representations",ML – Machine Learning,ML Basics
"Which term matches this description: ""the average loss across an entire training dataset, which a model seeks to minimise during training""?",a cost function (in ML),SMOTE (Synthetic Minority Oversampling Technique),a loss function (in ML),Machine Learning (ML),A,"The description matches a cost function (in ML): the average loss across an entire training dataset, which a model seeks to minimise during training",ML – Machine Learning,ML Basics
"Which term matches this description: ""machine learning models used by financial institutions to assess the creditworthiness of loan applicants""?",credit scoring models,collaborative filtering,speech-to-text conversion,object detection,A,The description matches credit scoring models: machine learning models used by financial institutions to assess the creditworthiness of loan applicants,ML – Machine Learning,ML Applications
What is deep learning?,"a modelling error where a model learns the training data too closely, including noise, and performs poorly on new data",the process of integrating a trained machine learning model into a production environment for real-world use,"a regularisation technique that adds the absolute value of coefficients as a penalty, which can shrink some coefficients to zero",a subset of machine learning that uses neural networks with many layers to model complex patterns in data,D,deep learning is: a subset of machine learning that uses neural networks with many layers to model complex patterns in data,ML – Machine Learning,ML Basics
A classifier has 187 true positives and 87 false negatives. What is its recall (rounded to 2 decimal places)?,0.53,0.48,0.78,0.68,D,Recall = TP / (TP + FN) = 187 / (187 + 87) = 0.68.,ML – Machine Learning,Model Evaluation
A classifier has 162 true positives and 39 false negatives. What is its recall (rounded to 2 decimal places)?,0.91,0.61,0.81,0.66,C,Recall = TP / (TP + FN) = 162 / (162 + 39) = 0.81.,ML – Machine Learning,Model Evaluation
"Fill in the blank: ______ refers to ""a simple supervised learning algorithm that classifies data points based on the majority class of their nearest neighbours"".",logistic regression,a kernel trick (in SVM),k-nearest neighbours (KNN),a support vector machine (SVM),C,k-nearest neighbours (KNN) refers to: a simple supervised learning algorithm that classifies data points based on the majority class of their nearest neighbours,ML – Machine Learning,Classification
A classifier has 68 true positives and 11 false negatives. What is its recall (rounded to 2 decimal places)?,0.66,0.86,0.76,0.96,B,Recall = TP / (TP + FN) = 68 / (68 + 11) = 0.86.,ML – Machine Learning,Model Evaluation
A classifier has 69 true positives and 90 false positives. What is its precision (rounded to 2 decimal places)?,0.28,0.43,0.58,0.73,B,Precision = TP / (TP + FP) = 69 / (69 + 90) = 0.43.,ML – Machine Learning,Model Evaluation
"Which term matches this description: ""the process of identifying and correcting errors, inconsistencies, or missing values in a dataset before analysis""?",k-fold cross-validation,data cleaning,underfitting,a loss function (in ML),B,"The description matches data cleaning: the process of identifying and correcting errors, inconsistencies, or missing values in a dataset before analysis",ML – Machine Learning,ML Basics
"A classifier has 124 true positives, 32 true negatives, 34 false positives, and 6 false negatives. What is its accuracy (rounded to 2 decimal places)?",0.80,0.95,0.90,0.60,A,Accuracy = (TP+TN)/(TP+TN+FP+FN) = (124+32)/(124+32+34+6) = 0.80.,ML – Machine Learning,Model Evaluation
What is class imbalance?,a situation in classification problems where one class significantly outnumbers other classes in the training data,the process of choosing the most relevant variables from a dataset to use in model training,"a layer of nodes between the input and output layers of a neural network, used to learn intermediate representations","a standard, publicly available dataset used to compare the performance of different machine learning models",A,class imbalance is: a situation in classification problems where one class significantly outnumbers other classes in the training data,ML – Machine Learning,ML Basics
"A classifier has 111 true positives, 149 true negatives, 9 false positives, and 90 false negatives. What is its accuracy (rounded to 2 decimal places)?",0.42,0.92,0.57,0.72,D,Accuracy = (TP+TN)/(TP+TN+FP+FN) = (111+149)/(111+149+9+90) = 0.72.,ML – Machine Learning,Model Evaluation
"Which term matches this description: ""a subset of data used during training to tune model hyperparameters and prevent overfitting""?",underfitting,a validation dataset,Machine Learning (ML),ensemble learning,B,The description matches a validation dataset: a subset of data used during training to tune model hyperparameters and prevent overfitting,ML – Machine Learning,ML Basics
"A classifier has precision 0.91 and recall 0.87 (from 198 TP, 20 FP, 29 FN). What is its F1 score (rounded to 2 decimal places)?",0.69,0.89,0.74,1.00,B,F1 = 2×(Precision×Recall)/(Precision+Recall) = 2×(0.91×0.87)/(0.91+0.87) = 0.89.,ML – Machine Learning,Model Evaluation
Which statement correctly describes dropout (in neural networks)?,"a widely used benchmark dataset of handwritten digit images, commonly used to test image classification models",a regularisation technique that randomly disables a fraction of neurons during training to prevent overfitting,"an ensemble technique that combines multiple weak learners sequentially, with each one correcting errors of its predecessor",a regularisation technique that adds the squared value of coefficients as a penalty to prevent overly large weights,B,"By definition, dropout (in neural networks) is: a regularisation technique that randomly disables a fraction of neurons during training to prevent overfitting",ML – Machine Learning,ML Basics
"Fill in the blank: ______ refers to ""a common metric used to evaluate regression models by measuring the average squared difference between predicted and actual values"".",AUC (Area Under the Curve),recall (in ML),R-squared (coefficient of determination),mean squared error (MSE),D,mean squared error (MSE) refers to: a common metric used to evaluate regression models by measuring the average squared difference between predicted and actual values,ML – Machine Learning,Model Evaluation
A classifier has 88 true positives and 63 false negatives. What is its recall (rounded to 2 decimal places)?,0.28,0.78,0.58,0.38,C,Recall = TP / (TP + FN) = 88 / (88 + 63) = 0.58.,ML – Machine Learning,Model Evaluation
Which statement correctly describes a hyperplane (in ML)?,a decision boundary in a support vector machine that separates data points of different classes in high-dimensional space,a classification task involving more than two possible output classes,"a probabilistic classification algorithm based on Bayes' theorem, assuming independence between features",a commonly used kernel function in support vector machines that measures similarity based on distance,A,"By definition, a hyperplane (in ML) is: a decision boundary in a support vector machine that separates data points of different classes in high-dimensional space",ML – Machine Learning,Classification
"A classifier has precision 0.96 and recall 0.81 (from 143 TP, 6 FP, 33 FN). What is its F1 score (rounded to 2 decimal places)?",0.78,0.88,0.73,1.00,B,F1 = 2×(Precision×Recall)/(Precision+Recall) = 2×(0.96×0.81)/(0.96+0.81) = 0.88.,ML – Machine Learning,Model Evaluation
"A classifier has 20 true positives, 184 true negatives, 90 false positives, and 67 false negatives. What is its accuracy (rounded to 2 decimal places)?",0.72,0.27,0.67,0.57,D,Accuracy = (TP+TN)/(TP+TN+FP+FN) = (20+184)/(20+184+90+67) = 0.57.,ML – Machine Learning,Model Evaluation
"A classifier has 42 true positives, 194 true negatives, 70 false positives, and 94 false negatives. What is its accuracy (rounded to 2 decimal places)?",0.44,0.79,0.49,0.59,D,Accuracy = (TP+TN)/(TP+TN+FP+FN) = (42+194)/(42+194+70+94) = 0.59.,ML – Machine Learning,Model Evaluation
A classifier has 115 true positives and 77 false negatives. What is its recall (rounded to 2 decimal places)?,0.90,0.75,0.60,0.30,C,Recall = TP / (TP + FN) = 115 / (115 + 77) = 0.60.,ML – Machine Learning,Model Evaluation
What is precision (in ML)?,a metric that measures the proportion of correct predictions made by a classification model,a metric that measures the proportion of true positive predictions among all positive predictions made by a model,a metric that measures the proportion of actual positives correctly identified by a model,a statistical measure indicating how well a regression model's predictions approximate the actual data,B,precision (in ML) is: a metric that measures the proportion of true positive predictions among all positive predictions made by a model,ML – Machine Learning,Model Evaluation
A classifier has 50 true positives and 64 false positives. What is its precision (rounded to 2 decimal places)?,0.54,0.64,0.44,0.29,C,Precision = TP / (TP + FP) = 50 / (50 + 64) = 0.44.,ML – Machine Learning,Model Evaluation
"A classifier has 113 true positives, 36 true negatives, 68 false positives, and 29 false negatives. What is its accuracy (rounded to 2 decimal places)?",0.76,0.46,0.31,0.61,D,Accuracy = (TP+TN)/(TP+TN+FP+FN) = (113+36)/(113+36+68+29) = 0.61.,ML – Machine Learning,Model Evaluation
"Which term matches this description: ""a form of regression analysis in which the relationship between the independent and dependent variable is modelled as an nth degree polynomial""?",SHAP (SHapley Additive exPlanations),polynomial regression,silhouette score,gradient boosting,B,The description matches polynomial regression: a form of regression analysis in which the relationship between the independent and dependent variable is modelled as an nth degree polynomial,ML – Machine Learning,Regression
"A classifier has 177 true positives, 72 true negatives, 26 false positives, and 9 false negatives. What is its accuracy (rounded to 2 decimal places)?",0.88,0.73,0.68,0.98,A,Accuracy = (TP+TN)/(TP+TN+FP+FN) = (177+72)/(177+72+26+9) = 0.88.,ML – Machine Learning,Model Evaluation
"Fill in the blank: ______ refers to ""a popular and efficient implementation of gradient boosting, widely used in machine learning competitions"".",a fully connected layer,XGBoost,SMOTE (Synthetic Minority Oversampling Technique),the MNIST dataset,B,"XGBoost refers to: a popular and efficient implementation of gradient boosting, widely used in machine learning competitions",ML – Machine Learning,ML Basics
A classifier has 51 true positives and 80 false negatives. What is its recall (rounded to 2 decimal places)?,0.39,0.54,0.24,0.69,A,Recall = TP / (TP + FN) = 51 / (51 + 80) = 0.39.,ML – Machine Learning,Model Evaluation
"Fill in the blank: ______ refers to ""a modelling error where a model is too simple to capture the underlying pattern in the data"".",bagging (Bootstrap Aggregating),underfitting,a data pipeline,A/B testing (in ML),B,underfitting refers to: a modelling error where a model is too simple to capture the underlying pattern in the data,ML – Machine Learning,ML Basics
"A classifier has 181 true positives, 134 true negatives, 7 false positives, and 65 false negatives. What is its accuracy (rounded to 2 decimal places)?",0.81,0.51,1.00,0.91,A,Accuracy = (TP+TN)/(TP+TN+FP+FN) = (181+134)/(181+134+7+65) = 0.81.,ML – Machine Learning,Model Evaluation
What is a fully connected layer?,a large visual database used for training and benchmarking image classification and object detection models,a technique for assessing how well a model generalises by partitioning data into multiple training and testing subsets,a technique used to prevent overfitting by adding a penalty term to a model's loss function,a layer in a neural network where every neuron is connected to every neuron in the previous layer,D,a fully connected layer is: a layer in a neural network where every neuron is connected to every neuron in the previous layer,ML – Machine Learning,ML Basics
What is boosting?,"an ensemble technique that combines multiple weak learners sequentially, with each one correcting errors of its predecessor",the process of selecting the optimal configuration settings for a machine learning model to maximise performance,"a series of automated steps used to collect, clean, transform, and prepare data for machine learning models","a regularisation technique that adds the absolute value of coefficients as a penalty, which can shrink some coefficients to zero",A,"boosting is: an ensemble technique that combines multiple weak learners sequentially, with each one correcting errors of its predecessor",ML – Machine Learning,ML Basics
"A classifier has precision 0.60 and recall 0.92 (from 130 TP, 88 FP, 12 FN). What is its F1 score (rounded to 2 decimal places)?",0.92,0.82,0.72,0.87,C,F1 = 2×(Precision×Recall)/(Precision+Recall) = 2×(0.60×0.92)/(0.60+0.92) = 0.72.,ML – Machine Learning,Model Evaluation
A classifier has 94 true positives and 12 false positives. What is its precision (rounded to 2 decimal places)?,0.69,0.74,0.79,0.89,D,Precision = TP / (TP + FP) = 94 / (94 + 12) = 0.89.,ML – Machine Learning,Model Evaluation
"Which term matches this description: ""a high-level neural network API that runs on top of frameworks like TensorFlow, designed for ease of use""?",TensorFlow,CatBoost,Jupyter Notebook,Keras,D,"The description matches Keras: a high-level neural network API that runs on top of frameworks like TensorFlow, designed for ease of use",ML – Machine Learning,ML Tools
What is a data pipeline?,the portion of data used to evaluate the performance of a trained machine learning model on unseen examples,"a series of automated steps used to collect, clean, transform, and prepare data for machine learning models","a regularisation technique that adds the absolute value of coefficients as a penalty, which can shrink some coefficients to zero",a technique used to address class imbalance by generating synthetic examples of the minority class,B,"a data pipeline is: a series of automated steps used to collect, clean, transform, and prepare data for machine learning models",ML – Machine Learning,ML Basics
A classifier has 193 true positives and 54 false negatives. What is its recall (rounded to 2 decimal places)?,0.88,0.98,0.78,0.93,C,Recall = TP / (TP + FN) = 193 / (193 + 54) = 0.78.,ML – Machine Learning,Model Evaluation
"A classifier has precision 0.72 and recall 0.89 (from 168 TP, 66 FP, 21 FN). What is its F1 score (rounded to 2 decimal places)?",0.64,0.79,0.89,0.49,B,F1 = 2×(Precision×Recall)/(Precision+Recall) = 2×(0.72×0.89)/(0.72+0.89) = 0.79.,ML – Machine Learning,Model Evaluation
Which statement correctly describes LightGBM?,"an open-source web application that allows users to create documents containing live code, equations, and visualisations",a popular open-source Python library used for implementing machine learning algorithms,"a gradient boosting framework designed for efficiency and speed, developed by Microsoft","an open-source machine learning framework developed by Meta (Facebook), popular for research and deep learning applications",C,"By definition, LightGBM is: a gradient boosting framework designed for efficiency and speed, developed by Microsoft",ML – Machine Learning,ML Tools
"A classifier has precision 0.82 and recall 0.74 (from 194 TP, 43 FP, 69 FN). What is its F1 score (rounded to 2 decimal places)?",0.48,0.63,0.58,0.78,D,F1 = 2×(Precision×Recall)/(Precision+Recall) = 2×(0.82×0.74)/(0.82+0.74) = 0.78.,ML – Machine Learning,Model Evaluation
"Fill in the blank: ______ refers to ""an open-source machine learning framework developed by Meta (Facebook), popular for research and deep learning applications"".",LightGBM,PyTorch,Keras,TensorFlow,B,"PyTorch refers to: an open-source machine learning framework developed by Meta (Facebook), popular for research and deep learning applications",ML – Machine Learning,ML Tools
What is a hidden layer (in a neural network)?,"a standard, publicly available dataset used to compare the performance of different machine learning models",a technique used to explain individual predictions of a machine learning model by attributing contributions to each feature,"a layer of nodes between the input and output layers of a neural network, used to learn intermediate representations","a classic, small dataset in machine learning containing measurements of iris flowers, often used to teach classification",C,"a hidden layer (in a neural network) is: a layer of nodes between the input and output layers of a neural network, used to learn intermediate representations",ML – Machine Learning,ML Basics
"Fill in the blank: ______ refers to ""a technique used to fill in missing values in a dataset using estimated or calculated values"".",a label (in ML),normalisation (in ML),model interpretability techniques,missing data imputation,D,missing data imputation refers to: a technique used to fill in missing values in a dataset using estimated or calculated values,ML – Machine Learning,ML Basics
"Which term matches this description: ""methods used to explain how a machine learning model arrives at its predictions, such as SHAP or LIME""?",a training dataset,outlier detection,model interpretability techniques,a neural network (in ML context),C,"The description matches model interpretability techniques: methods used to explain how a machine learning model arrives at its predictions, such as SHAP or LIME",ML – Machine Learning,ML Basics
A classifier has 170 true positives and 61 false positives. What is its precision (rounded to 2 decimal places)?,0.94,0.59,0.74,0.64,C,Precision = TP / (TP + FP) = 170 / (170 + 61) = 0.74.,ML – Machine Learning,Model Evaluation
"Which term matches this description: ""a machine learning technique used to identify data points that deviate significantly from the norm""?",clustering,unsupervised learning,anomaly detection,Latent Dirichlet Allocation (LDA),C,The description matches anomaly detection: a machine learning technique used to identify data points that deviate significantly from the norm,ML – Machine Learning,Unsupervised Learning
"A classifier has precision 0.59 and recall 0.31 (from 16 TP, 11 FP, 35 FN). What is its F1 score (rounded to 2 decimal places)?",0.51,0.11,0.31,0.41,D,F1 = 2×(Precision×Recall)/(Precision+Recall) = 2×(0.59×0.31)/(0.59+0.31) = 0.41.,ML – Machine Learning,Model Evaluation
"Which term matches this description: ""an unsupervised learning technique that groups similar data points together based on shared characteristics""?",clustering,t-SNE (t-distributed Stochastic Neighbor Embedding),anomaly detection,Principal Component Analysis (PCA),A,The description matches clustering: an unsupervised learning technique that groups similar data points together based on shared characteristics,ML – Machine Learning,Unsupervised Learning
"A classifier has precision 0.59 and recall 0.48 (from 90 TP, 62 FP, 99 FN). What is its F1 score (rounded to 2 decimal places)?",0.33,0.83,0.68,0.53,D,F1 = 2×(Precision×Recall)/(Precision+Recall) = 2×(0.59×0.48)/(0.59+0.48) = 0.53.,ML – Machine Learning,Model Evaluation
"Fill in the blank: ______ refers to ""a layer in a neural network that applies filters to detect patterns such as edges or textures, commonly used in image processing"".",learning rate (in ML),k-fold cross-validation,outlier detection,a convolutional layer,D,"a convolutional layer refers to: a layer in a neural network that applies filters to detect patterns such as edges or textures, commonly used in image processing",ML – Machine Learning,ML Basics
"A classifier has 28 true positives, 112 true negatives, 32 false positives, and 12 false negatives. What is its accuracy (rounded to 2 decimal places)?",0.91,0.86,0.76,0.56,C,Accuracy = (TP+TN)/(TP+TN+FP+FN) = (28+112)/(28+112+32+12) = 0.76.,ML – Machine Learning,Model Evaluation
Which statement correctly describes hierarchical clustering?,a technique used to determine the optimal number of clusters in k-means clustering by plotting variance explained against cluster count,a clustering method that builds a tree of clusters by either merging or splitting groups iteratively,a technique used to reduce the number of features in a dataset while retaining important information,a popular clustering algorithm that partitions data into k clusters based on distance from cluster centroids,B,"By definition, hierarchical clustering is: a clustering method that builds a tree of clusters by either merging or splitting groups iteratively",ML – Machine Learning,Unsupervised Learning
Which statement correctly describes outlier detection?,a large visual database used for training and benchmarking image classification and object detection models,"the process of selecting, transforming, and creating input variables to improve a machine learning model's performance",a phenomenon where a deployed model's performance degrades over time due to changes in the underlying data patterns,the process of identifying data points that differ significantly from the rest of the dataset,D,"By definition, outlier detection is: the process of identifying data points that differ significantly from the rest of the dataset",ML – Machine Learning,ML Basics
A classifier has 90 true positives and 87 false negatives. What is its recall (rounded to 2 decimal places)?,0.66,0.51,0.36,0.81,B,Recall = TP / (TP + FN) = 90 / (90 + 87) = 0.51.,ML – Machine Learning,Model Evaluation
A classifier has 182 true positives and 81 false negatives. What is its recall (rounded to 2 decimal places)?,0.59,0.69,0.89,0.84,B,Recall = TP / (TP + FN) = 182 / (182 + 81) = 0.69.,ML – Machine Learning,Model Evaluation
What is Kaggle?,an online community and platform for data scientists and machine learning practitioners to find datasets and compete in competitions,"a popular Python library used for data manipulation and analysis, especially with tabular data","a fundamental Python library used for numerical computing, providing support for arrays and matrices","an open-source machine learning framework developed by Google, widely used for building deep learning models",A,Kaggle is: an online community and platform for data scientists and machine learning practitioners to find datasets and compete in competitions,ML – Machine Learning,ML Tools
Which statement correctly describes semi-supervised learning?,the line or surface that separates different predicted classes in a classification model's feature space,"a layer of nodes between the input and output layers of a neural network, used to learn intermediate representations",a method of comparing two versions of a model or system to determine which performs better in a real-world setting,a machine learning approach that uses a small amount of labelled data combined with a larger amount of unlabelled data,D,"By definition, semi-supervised learning is: a machine learning approach that uses a small amount of labelled data combined with a larger amount of unlabelled data",ML – Machine Learning,ML Basics
"Fill in the blank: ______ refers to ""the process of adjusting the range of independent variables in a dataset, often required before applying certain algorithms"".",a loss function (in ML),dropout (in neural networks),bias-variance tradeoff,feature scaling,D,"feature scaling refers to: the process of adjusting the range of independent variables in a dataset, often required before applying certain algorithms",ML – Machine Learning,ML Basics
A classifier has 101 true positives and 47 false positives. What is its precision (rounded to 2 decimal places)?,0.68,0.38,0.58,0.53,A,Precision = TP / (TP + FP) = 101 / (101 + 47) = 0.68.,ML – Machine Learning,Model Evaluation
"A classifier has 168 true positives, 142 true negatives, 66 false positives, and 61 false negatives. What is its accuracy (rounded to 2 decimal places)?",0.91,0.56,0.71,0.86,C,Accuracy = (TP+TN)/(TP+TN+FP+FN) = (168+142)/(168+142+66+61) = 0.71.,ML – Machine Learning,Model Evaluation
"A classifier has 121 true positives, 12 true negatives, 53 false positives, and 55 false negatives. What is its accuracy (rounded to 2 decimal places)?",0.40,0.55,0.85,0.65,B,Accuracy = (TP+TN)/(TP+TN+FP+FN) = (121+12)/(121+12+53+55) = 0.55.,ML – Machine Learning,Model Evaluation
"Fill in the blank: ______ refers to ""a classification task involving more than two possible output classes"".",a hyperplane (in ML),information gain (in decision trees),a Gini index (in decision trees),multi-class classification,D,multi-class classification refers to: a classification task involving more than two possible output classes,ML – Machine Learning,Classification
Which statement correctly describes an epoch (in ML)?,one complete pass through the entire training dataset during the model training process,a technique used to address class imbalance by increasing the number of examples in the minority class,the line or surface that separates different predicted classes in a classification model's feature space,the process of integrating a trained machine learning model into a production environment for real-world use,A,"By definition, an epoch (in ML) is: one complete pass through the entire training dataset during the model training process",ML – Machine Learning,ML Basics
"A classifier has 17 true positives, 108 true negatives, 33 false positives, and 38 false negatives. What is its accuracy (rounded to 2 decimal places)?",0.64,0.94,0.44,0.49,A,Accuracy = (TP+TN)/(TP+TN+FP+FN) = (17+108)/(17+108+33+38) = 0.64.,ML – Machine Learning,Model Evaluation
"Which term matches this description: ""a measure used to evaluate the quality of a split in a decision tree, based on the impurity of resulting subsets""?",k-nearest neighbours (KNN),a Gini index (in decision trees),a Gaussian (RBF) kernel,information gain (in decision trees),B,"The description matches a Gini index (in decision trees): a measure used to evaluate the quality of a split in a decision tree, based on the impurity of resulting subsets",ML – Machine Learning,Classification
"Fill in the blank: ______ refers to ""a graphical plot used to evaluate the performance of a binary classification model at various threshold settings"".",recall (in ML),the ROC curve,model accuracy,mean absolute error (MAE),B,the ROC curve refers to: a graphical plot used to evaluate the performance of a binary classification model at various threshold settings,ML – Machine Learning,Model Evaluation
"A classifier has 7 true positives, 105 true negatives, 40 false positives, and 25 false negatives. What is its accuracy (rounded to 2 decimal places)?",0.78,0.93,0.83,0.63,D,Accuracy = (TP+TN)/(TP+TN+FP+FN) = (7+105)/(7+105+40+25) = 0.63.,ML – Machine Learning,Model Evaluation
Which statement correctly describes AdaBoost?,the process of removing sections of a decision tree to reduce complexity and prevent overfitting,"a boosting algorithm that combines multiple weak classifiers, giving more weight to previously misclassified examples","a probabilistic classification algorithm based on Bayes' theorem, assuming independence between features",a simple supervised learning algorithm that classifies data points based on the majority class of their nearest neighbours,B,"By definition, AdaBoost is: a boosting algorithm that combines multiple weak classifiers, giving more weight to previously misclassified examples",ML – Machine Learning,Classification
Which statement correctly describes a classification problem?,a type of supervised learning task where the goal is to assign inputs into predefined categories or classes,"a metric used to decide which feature to split on at each step, based on the reduction in entropy","a probabilistic classification algorithm based on Bayes' theorem, assuming independence between features","a statistical method used for binary classification, predicting the probability of an outcome belonging to a particular class",A,"By definition, a classification problem is: a type of supervised learning task where the goal is to assign inputs into predefined categories or classes",ML – Machine Learning,Classification
What is feature selection?,a technique used to convert categorical variables into a binary vector representation suitable for machine learning models,the process of choosing the most relevant variables from a dataset to use in model training,"a regularisation technique that adds the absolute value of coefficients as a penalty, which can shrink some coefficients to zero",a hyperparameter that controls the size of the steps taken when updating model parameters during training,B,feature selection is: the process of choosing the most relevant variables from a dataset to use in model training,ML – Machine Learning,ML Basics
Which statement correctly describes k-means clustering?,an unsupervised learning technique that groups similar data points together based on shared characteristics,an application of association rule learning used to discover products frequently purchased together,a machine learning approach where a model finds patterns or structure in data without labelled outputs,a popular clustering algorithm that partitions data into k clusters based on distance from cluster centroids,D,"By definition, k-means clustering is: a popular clustering algorithm that partitions data into k clusters based on distance from cluster centroids",ML – Machine Learning,Unsupervised Learning
"Which term matches this description: ""one complete pass through the entire training dataset during the model training process""?",feature engineering,model drift,a Hidden Markov Model (HMM),an epoch (in ML),D,The description matches an epoch (in ML): one complete pass through the entire training dataset during the model training process,ML – Machine Learning,ML Basics
"Which term matches this description: ""a machine learning task that identifies and locates specific objects within an image""?",object detection,churn prediction,demand forecasting,credit scoring models,A,The description matches object detection: a machine learning task that identifies and locates specific objects within an image,ML – Machine Learning,ML Applications
A classifier has 50 true positives and 1 false positives. What is its precision (rounded to 2 decimal places)?,0.83,1.00,0.98,0.68,C,Precision = TP / (TP + FP) = 50 / (50 + 1) = 0.98.,ML – Machine Learning,Model Evaluation
A classifier has 181 true positives and 90 false negatives. What is its recall (rounded to 2 decimal places)?,0.77,0.97,0.82,0.67,D,Recall = TP / (TP + FN) = 181 / (181 + 90) = 0.67.,ML – Machine Learning,Model Evaluation
"A classifier has 118 true positives, 92 true negatives, 93 false positives, and 40 false negatives. What is its accuracy (rounded to 2 decimal places)?",0.91,0.61,0.31,0.46,B,Accuracy = (TP+TN)/(TP+TN+FP+FN) = (118+92)/(118+92+93+40) = 0.61.,ML – Machine Learning,Model Evaluation
"Which term matches this description: ""a regularisation technique that adds the squared value of coefficients as a penalty to prevent overly large weights""?",a data pipeline,model drift,L2 regularisation (Ridge),dropout (in neural networks),C,The description matches L2 regularisation (Ridge): a regularisation technique that adds the squared value of coefficients as a penalty to prevent overly large weights,ML – Machine Learning,ML Basics
"Which term matches this description: ""a technique used to address class imbalance by reducing the number of examples in the majority class""?",undersampling (in ML),a validation dataset,a fully connected layer,regularisation,A,The description matches undersampling (in ML): a technique used to address class imbalance by reducing the number of examples in the majority class,ML – Machine Learning,ML Basics
"Which term matches this description: ""a layer of nodes between the input and output layers of a neural network, used to learn intermediate representations""?",a hidden layer (in a neural network),gradient descent,dropout (in neural networks),feature engineering,A,"The description matches a hidden layer (in a neural network): a layer of nodes between the input and output layers of a neural network, used to learn intermediate representations",ML – Machine Learning,ML Basics
"A classifier has precision 0.67 and recall 0.96 (from 87 TP, 43 FP, 4 FN). What is its F1 score (rounded to 2 decimal places)?",0.89,0.79,0.49,0.99,B,F1 = 2×(Precision×Recall)/(Precision+Recall) = 2×(0.67×0.96)/(0.67+0.96) = 0.79.,ML – Machine Learning,Model Evaluation
What is bagging (Bootstrap Aggregating)?,a subset of data used during training to tune model hyperparameters and prevent overfitting,an ensemble technique that trains multiple models on different random subsets of data and averages their predictions,the line or surface that separates different predicted classes in a classification model's feature space,a technique used to address class imbalance by reducing the number of examples in the majority class,B,bagging (Bootstrap Aggregating) is: an ensemble technique that trains multiple models on different random subsets of data and averages their predictions,ML – Machine Learning,ML Basics
What is clustering?,an unsupervised learning technique that groups similar data points together based on shared characteristics,a technique used to reduce the number of features in a dataset while retaining important information,a density-based clustering algorithm that groups points closely packed together and marks outliers as noise,a technique used to determine the optimal number of clusters in k-means clustering by plotting variance explained against cluster count,A,clustering is: an unsupervised learning technique that groups similar data points together based on shared characteristics,ML – Machine Learning,Unsupervised Learning
"Fill in the blank: ______ refers to ""a recommendation approach that suggests items similar to those a user has liked in the past, based on item attributes"".",a recommender system,object detection,content-based recommendation,image classification,C,"content-based recommendation refers to: a recommendation approach that suggests items similar to those a user has liked in the past, based on item attributes",ML – Machine Learning,ML Applications
A classifier has 75 true positives and 54 false positives. What is its precision (rounded to 2 decimal places)?,0.38,0.58,0.68,0.88,B,Precision = TP / (TP + FP) = 75 / (75 + 54) = 0.58.,ML – Machine Learning,Model Evaluation
Which statement correctly describes unsupervised learning?,a density-based clustering algorithm that groups points closely packed together and marks outliers as noise,a machine learning approach where a model finds patterns or structure in data without labelled outputs,a dimensionality reduction technique often used for visualising high-dimensional data in two or three dimensions,an unsupervised learning technique used to discover interesting relationships between variables in large datasets,B,"By definition, unsupervised learning is: a machine learning approach where a model finds patterns or structure in data without labelled outputs",ML – Machine Learning,Unsupervised Learning
A classifier has 57 true positives and 53 false positives. What is its precision (rounded to 2 decimal places)?,0.72,0.52,0.37,0.62,B,Precision = TP / (TP + FP) = 57 / (57 + 53) = 0.52.,ML – Machine Learning,Model Evaluation
A classifier has 92 true positives and 28 false positives. What is its precision (rounded to 2 decimal places)?,0.77,0.47,0.57,0.62,A,Precision = TP / (TP + FP) = 92 / (92 + 28) = 0.77.,ML – Machine Learning,Model Evaluation
"A classifier has precision 0.90 and recall 0.90 (from 132 TP, 15 FP, 14 FN). What is its F1 score (rounded to 2 decimal places)?",0.60,0.70,0.75,0.90,D,F1 = 2×(Precision×Recall)/(Precision+Recall) = 2×(0.90×0.90)/(0.90+0.90) = 0.90.,ML – Machine Learning,Model Evaluation
"Fill in the blank: ______ refers to ""a layer in a convolutional neural network that reduces the spatial size of data, decreasing computation and controlling overfitting"".",reinforcement learning,a pooling layer,outlier detection,feature selection,B,"a pooling layer refers to: a layer in a convolutional neural network that reduces the spatial size of data, decreasing computation and controlling overfitting",ML – Machine Learning,ML Basics
"A classifier has 179 true positives, 5 true negatives, 78 false positives, and 78 false negatives. What is its accuracy (rounded to 2 decimal places)?",0.54,0.34,0.44,0.74,A,Accuracy = (TP+TN)/(TP+TN+FP+FN) = (179+5)/(179+5+78+78) = 0.54.,ML – Machine Learning,Model Evaluation
Which statement correctly describes LIME (Local Interpretable Model-agnostic Explanations)?,a mathematical model describing a sequence of events where the probability of each event depends only on the state attained in the previous event,a technique that explains individual predictions of any classifier by approximating it locally with an interpretable model,a simple model used as a reference point to compare the performance of more complex machine learning models,"an ensemble technique that combines multiple weak learners sequentially, with each one correcting errors of its predecessor",B,"By definition, LIME (Local Interpretable Model-agnostic Explanations) is: a technique that explains individual predictions of any classifier by approximating it locally with an interpretable model",ML – Machine Learning,ML Basics
"Which term matches this description: ""a gradient boosting library developed by Yandex, known for its strong handling of categorical features""?",pandas,scikit-learn,Jupyter Notebook,CatBoost,D,"The description matches CatBoost: a gradient boosting library developed by Yandex, known for its strong handling of categorical features",ML – Machine Learning,ML Tools
Which statement correctly describes t-SNE (t-distributed Stochastic Neighbor Embedding)?,a dimensionality reduction technique that transforms data into a smaller set of uncorrelated variables called principal components,a dimensionality reduction technique often used for visualising high-dimensional data in two or three dimensions,"an unsupervised technique used for topic modelling, identifying abstract topics within a collection of documents",a machine learning approach where a model finds patterns or structure in data without labelled outputs,B,"By definition, t-SNE (t-distributed Stochastic Neighbor Embedding) is: a dimensionality reduction technique often used for visualising high-dimensional data in two or three dimensions",ML – Machine Learning,Unsupervised Learning
What is demand forecasting?,a machine learning technique used in recommendation systems that makes predictions based on user behaviour patterns,a machine learning application that predicts future customer demand for products or services,"a recommendation approach that suggests items similar to those a user has liked in the past, based on item attributes",a machine learning application that transcribes spoken language into written text,B,demand forecasting is: a machine learning application that predicts future customer demand for products or services,ML – Machine Learning,ML Applications
"A classifier has precision 0.60 and recall 0.67 (from 29 TP, 19 FP, 14 FN). What is its F1 score (rounded to 2 decimal places)?",0.94,0.54,0.44,0.64,D,F1 = 2×(Precision×Recall)/(Precision+Recall) = 2×(0.60×0.67)/(0.60+0.67) = 0.64.,ML – Machine Learning,Model Evaluation
Which statement correctly describes a bagging classifier?,an ensemble method that trains multiple instances of a model on different bootstrapped subsets of data and averages their predictions,"a classification task involving exactly two possible output classes, such as spam or not spam","a boosting algorithm that combines multiple weak classifiers, giving more weight to previously misclassified examples",a decision boundary in a support vector machine that separates data points of different classes in high-dimensional space,A,"By definition, a bagging classifier is: an ensemble method that trains multiple instances of a model on different bootstrapped subsets of data and averages their predictions",ML – Machine Learning,Classification
A classifier has 18 true positives and 84 false positives. What is its precision (rounded to 2 decimal places)?,0.38,0.08,0.18,0.00,C,Precision = TP / (TP + FP) = 18 / (18 + 84) = 0.18.,ML – Machine Learning,Model Evaluation
What is AdaBoost?,"a boosting algorithm that combines multiple weak classifiers, giving more weight to previously misclassified examples","a statistical method used for binary classification, predicting the probability of an outcome belonging to a particular class","a supervised learning model that makes predictions by splitting data based on feature values, forming a tree-like structure",a commonly used kernel function in support vector machines that measures similarity based on distance,A,"AdaBoost is: a boosting algorithm that combines multiple weak classifiers, giving more weight to previously misclassified examples",ML – Machine Learning,Classification
Which statement correctly describes model drift?,"methods used to explain how a machine learning model arrives at its predictions, such as SHAP or LIME",a phenomenon where a deployed model's performance degrades over time due to changes in the underlying data patterns,a resampling technique that involves repeatedly drawing samples with replacement from a dataset to estimate a statistic,"a regularisation technique that adds the absolute value of coefficients as a penalty, which can shrink some coefficients to zero",B,"By definition, model drift is: a phenomenon where a deployed model's performance degrades over time due to changes in the underlying data patterns",ML – Machine Learning,ML Basics
What is collaborative filtering?,"a machine learning application that predicts user preferences and suggests relevant items, such as movies or products",a machine learning technique used in recommendation systems that makes predictions based on user behaviour patterns,a machine learning application that transcribes spoken language into written text,a machine learning task that identifies and locates specific objects within an image,B,collaborative filtering is: a machine learning technique used in recommendation systems that makes predictions based on user behaviour patterns,ML – Machine Learning,ML Applications
"Fill in the blank: ______ refers to ""a commonly used kernel function in support vector machines that measures similarity based on distance"".",binary classification,a Gaussian (RBF) kernel,a classification problem,a random forest,B,a Gaussian (RBF) kernel refers to: a commonly used kernel function in support vector machines that measures similarity based on distance,ML – Machine Learning,Classification
"A classifier has precision 0.18 and recall 0.23 (from 17 TP, 79 FP, 57 FN). What is its F1 score (rounded to 2 decimal places)?",0.35,0.05,0.50,0.20,D,F1 = 2×(Precision×Recall)/(Precision+Recall) = 2×(0.18×0.23)/(0.18+0.23) = 0.20.,ML – Machine Learning,Model Evaluation
Which statement correctly describes DBSCAN?,"an unsupervised technique used for topic modelling, identifying abstract topics within a collection of documents",a machine learning technique used to identify data points that deviate significantly from the norm,a technique used to reduce the number of features in a dataset while retaining important information,a density-based clustering algorithm that groups points closely packed together and marks outliers as noise,D,"By definition, DBSCAN is: a density-based clustering algorithm that groups points closely packed together and marks outliers as noise",ML – Machine Learning,Unsupervised Learning
"A classifier has 114 true positives, 61 true negatives, 55 false positives, and 53 false negatives. What is its accuracy (rounded to 2 decimal places)?",0.62,0.72,0.82,0.52,A,Accuracy = (TP+TN)/(TP+TN+FP+FN) = (114+61)/(114+61+55+53) = 0.62.,ML – Machine Learning,Model Evaluation
"Fill in the blank: ______ refers to ""a mathematical function that quantifies the difference between a model's predictions and the actual target values"".",SHAP (SHapley Additive exPlanations),grid search,a neural network (in ML context),a loss function (in ML),D,a loss function (in ML) refers to: a mathematical function that quantifies the difference between a model's predictions and the actual target values,ML – Machine Learning,ML Basics
A classifier has 102 true positives and 54 false positives. What is its precision (rounded to 2 decimal places)?,0.45,0.50,0.65,0.75,C,Precision = TP / (TP + FP) = 102 / (102 + 54) = 0.65.,ML – Machine Learning,Model Evaluation
What is the F1 score?,a metric that measures the proportion of true positive predictions among all positive predictions made by a model,a metric used to evaluate regression models by measuring the average absolute difference between predicted and actual values,a metric that combines precision and recall into a single value using their harmonic mean,a statistical measure indicating how well a regression model's predictions approximate the actual data,C,the F1 score is: a metric that combines precision and recall into a single value using their harmonic mean,ML – Machine Learning,Model Evaluation
A classifier has 160 true positives and 28 false negatives. What is its recall (rounded to 2 decimal places)?,1.00,0.85,0.65,0.95,B,Recall = TP / (TP + FN) = 160 / (160 + 28) = 0.85.,ML – Machine Learning,Model Evaluation
Which statement correctly describes a testing dataset?,"an ensemble technique that combines multiple weak learners sequentially, with each one correcting errors of its predecessor",the line or surface that separates different predicted classes in a classification model's feature space,the portion of data used to evaluate the performance of a trained machine learning model on unseen examples,a phenomenon where a deployed model's performance degrades over time due to changes in the underlying data patterns,C,"By definition, a testing dataset is: the portion of data used to evaluate the performance of a trained machine learning model on unseen examples",ML – Machine Learning,ML Basics
"A classifier has precision 0.69 and recall 0.70 (from 166 TP, 73 FP, 71 FN). What is its F1 score (rounded to 2 decimal places)?",0.90,0.80,0.40,0.70,D,F1 = 2×(Precision×Recall)/(Precision+Recall) = 2×(0.69×0.70)/(0.69+0.70) = 0.70.,ML – Machine Learning,Model Evaluation
"Which term matches this description: ""a technique for assessing how well a model generalises by partitioning data into multiple training and testing subsets""?",a data pipeline,regularisation,cross-validation,early stopping,C,The description matches cross-validation: a technique for assessing how well a model generalises by partitioning data into multiple training and testing subsets,ML – Machine Learning,ML Basics
Which statement correctly describes L2 regularisation (Ridge)?,"a variation of gradient descent that updates model parameters using one training example at a time, rather than the full dataset","a problem in machine learning where information from outside the training dataset is used to create the model, leading to overly optimistic results",a regularisation technique that adds the squared value of coefficients as a penalty to prevent overly large weights,a technique used in deep learning to stabilise and accelerate training by normalising layer inputs,C,"By definition, L2 regularisation (Ridge) is: a regularisation technique that adds the squared value of coefficients as a penalty to prevent overly large weights",ML – Machine Learning,ML Basics
A classifier has 176 true positives and 35 false negatives. What is its recall (rounded to 2 decimal places)?,0.68,0.98,0.83,0.63,C,Recall = TP / (TP + FN) = 176 / (176 + 35) = 0.83.,ML – Machine Learning,Model Evaluation
"Which term matches this description: ""an ensemble method that trains multiple instances of a model on different bootstrapped subsets of data and averages their predictions""?",a classification problem,a bagging classifier,a decision tree,a random forest,B,The description matches a bagging classifier: an ensemble method that trains multiple instances of a model on different bootstrapped subsets of data and averages their predictions,ML – Machine Learning,Classification
Which statement correctly describes mean squared error (MSE)?,a metric that summarises the overall performance of a classification model based on its ROC curve,a common metric used to evaluate regression models by measuring the average squared difference between predicted and actual values,a metric used to evaluate regression models by measuring the average absolute difference between predicted and actual values,a statistical measure indicating how well a regression model's predictions approximate the actual data,B,"By definition, mean squared error (MSE) is: a common metric used to evaluate regression models by measuring the average squared difference between predicted and actual values",ML – Machine Learning,Model Evaluation
A classifier has 117 true positives and 39 false negatives. What is its recall (rounded to 2 decimal places)?,0.95,0.55,1.00,0.75,D,Recall = TP / (TP + FN) = 117 / (117 + 39) = 0.75.,ML – Machine Learning,Model Evaluation
A classifier has 154 true positives and 79 false positives. What is its precision (rounded to 2 decimal places)?,0.81,0.66,0.51,0.86,B,Precision = TP / (TP + FP) = 154 / (154 + 79) = 0.66.,ML – Machine Learning,Model Evaluation
A classifier has 163 true positives and 15 false negatives. What is its recall (rounded to 2 decimal places)?,0.62,0.77,0.82,0.92,D,Recall = TP / (TP + FN) = 163 / (163 + 15) = 0.92.,ML – Machine Learning,Model Evaluation
"Fill in the blank: ______ refers to ""a metric that measures the proportion of actual positives correctly identified by a model"".",mean squared error (MSE),mean absolute error (MAE),AUC (Area Under the Curve),recall (in ML),D,recall (in ML) refers to: a metric that measures the proportion of actual positives correctly identified by a model,ML – Machine Learning,Model Evaluation
Which statement correctly describes hyperparameter tuning?,a technique used to address class imbalance by increasing the number of examples in the minority class,the process of selecting the optimal configuration settings for a machine learning model to maximise performance,a subset of data used during training to tune model hyperparameters and prevent overfitting,the portion of data used to evaluate the performance of a trained machine learning model on unseen examples,B,"By definition, hyperparameter tuning is: the process of selecting the optimal configuration settings for a machine learning model to maximise performance",ML – Machine Learning,ML Basics
"Which term matches this description: ""a popular Python library used for data manipulation and analysis, especially with tabular data""?",pandas,LightGBM,a pipeline (in scikit-learn),Keras,A,"The description matches pandas: a popular Python library used for data manipulation and analysis, especially with tabular data",ML – Machine Learning,ML Tools
Which statement correctly describes Kaggle?,"an open-source machine learning framework developed by Google, widely used for building deep learning models",a tool that chains together multiple data processing and modelling steps into a single workflow,a popular open-source Python library used for implementing machine learning algorithms,an online community and platform for data scientists and machine learning practitioners to find datasets and compete in competitions,D,"By definition, Kaggle is: an online community and platform for data scientists and machine learning practitioners to find datasets and compete in competitions",ML – Machine Learning,ML Tools
Which statement correctly describes a residual (in regression)?,"the process of adjusting the range of independent variables in a dataset, often required before applying certain algorithms",the difference between an observed value and the value predicted by a regression model,"a machine learning application that predicts when equipment is likely to fail, enabling proactive maintenance",a measure of impurity or disorder used to determine the best splits when building a decision tree,B,"By definition, a residual (in regression) is: the difference between an observed value and the value predicted by a regression model",ML – Machine Learning,Regression
What is grid search?,one complete pass through the entire training dataset during the model training process,a technique used to convert categorical variables into a binary vector representation suitable for machine learning models,the process of choosing the most relevant variables from a dataset to use in model training,a hyperparameter tuning method that exhaustively tries all possible combinations of specified parameter values,D,grid search is: a hyperparameter tuning method that exhaustively tries all possible combinations of specified parameter values,ML – Machine Learning,ML Basics
Which statement correctly describes content-based recommendation?,a machine learning application that predicts future customer demand for products or services,"a machine learning task that categorises text based on the emotional tone it conveys, such as positive or negative","a recommendation approach that suggests items similar to those a user has liked in the past, based on item attributes",a machine learning task that involves predicting future values based on previously observed sequential data,C,"By definition, content-based recommendation is: a recommendation approach that suggests items similar to those a user has liked in the past, based on item attributes",ML – Machine Learning,ML Applications
"Fill in the blank: ______ refers to ""a fundamental Python library used for numerical computing, providing support for arrays and matrices"".",NumPy,TensorFlow,CatBoost,Keras,A,"NumPy refers to: a fundamental Python library used for numerical computing, providing support for arrays and matrices",ML – Machine Learning,ML Tools
A classifier has 30 true positives and 10 false negatives. What is its recall (rounded to 2 decimal places)?,0.90,0.75,0.45,0.65,B,Recall = TP / (TP + FN) = 30 / (30 + 10) = 0.75.,ML – Machine Learning,Model Evaluation
What is unsupervised learning?,a metric used to evaluate the quality of clustering by measuring how similar an object is to its own cluster compared to other clusters,an unsupervised learning technique used to discover interesting relationships between variables in large datasets,a technique used to reduce the number of features in a dataset while retaining important information,a machine learning approach where a model finds patterns or structure in data without labelled outputs,D,unsupervised learning is: a machine learning approach where a model finds patterns or structure in data without labelled outputs,ML – Machine Learning,Unsupervised Learning
"Fill in the blank: ______ refers to ""the process of scaling numerical data to a common range, often between 0 and 1, to improve model performance"".",normalisation (in ML),Machine Learning (ML),XGBoost,a neural network (in ML context),A,"normalisation (in ML) refers to: the process of scaling numerical data to a common range, often between 0 and 1, to improve model performance",ML – Machine Learning,ML Basics
"Which term matches this description: ""a series of automated steps used to collect, clean, transform, and prepare data for machine learning models""?",a validation dataset,A/B testing (in ML),an epoch (in ML),a data pipeline,D,"The description matches a data pipeline: a series of automated steps used to collect, clean, transform, and prepare data for machine learning models",ML – Machine Learning,ML Basics
A classifier has 134 true positives and 85 false negatives. What is its recall (rounded to 2 decimal places)?,0.31,0.41,0.61,0.91,C,Recall = TP / (TP + FN) = 134 / (134 + 85) = 0.61.,ML – Machine Learning,Model Evaluation
A classifier has 35 true positives and 11 false negatives. What is its recall (rounded to 2 decimal places)?,0.86,0.76,0.66,1.00,B,Recall = TP / (TP + FN) = 35 / (35 + 11) = 0.76.,ML – Machine Learning,Model Evaluation
"Fill in the blank: ______ refers to ""a technique for assessing how well a model generalises by partitioning data into multiple training and testing subsets"".",cross-validation,an epoch (in ML),A/B testing (in ML),SMOTE (Synthetic Minority Oversampling Technique),A,cross-validation refers to: a technique for assessing how well a model generalises by partitioning data into multiple training and testing subsets,ML – Machine Learning,ML Basics
"Which term matches this description: ""a type of supervised learning task where the goal is to predict a continuous numerical value""?",a Gaussian (RBF) kernel,a support vector machine (SVM),a regression problem,learning rate (in ML),C,The description matches a regression problem: a type of supervised learning task where the goal is to predict a continuous numerical value,ML – Machine Learning,Regression
"A classifier has precision 0.17 and recall 0.35 (from 19 TP, 91 FP, 36 FN). What is its F1 score (rounded to 2 decimal places)?",0.33,0.00,0.53,0.23,D,F1 = 2×(Precision×Recall)/(Precision+Recall) = 2×(0.17×0.35)/(0.17+0.35) = 0.23.,ML – Machine Learning,Model Evaluation
"A classifier has 117 true positives, 158 true negatives, 88 false positives, and 26 false negatives. What is its accuracy (rounded to 2 decimal places)?",0.71,0.81,0.91,0.56,A,Accuracy = (TP+TN)/(TP+TN+FP+FN) = (117+158)/(117+158+88+26) = 0.71.,ML – Machine Learning,Model Evaluation
"Fill in the blank: ______ refers to ""a machine learning approach where an agent learns to make decisions by receiving rewards or penalties from its environment"".",the MNIST dataset,reinforcement learning,dropout (in neural networks),missing data imputation,B,reinforcement learning refers to: a machine learning approach where an agent learns to make decisions by receiving rewards or penalties from its environment,ML – Machine Learning,ML Basics
A classifier has 70 true positives and 45 false positives. What is its precision (rounded to 2 decimal places)?,0.31,0.61,0.81,0.76,B,Precision = TP / (TP + FP) = 70 / (70 + 45) = 0.61.,ML – Machine Learning,Model Evaluation
Which statement correctly describes a random forest?,"a supervised learning model that makes predictions by splitting data based on feature values, forming a tree-like structure",a measure of impurity or disorder used to determine the best splits when building a decision tree,an ensemble learning method that combines multiple decision trees to improve prediction accuracy,"a measure used to evaluate the quality of a split in a decision tree, based on the impurity of resulting subsets",C,"By definition, a random forest is: an ensemble learning method that combines multiple decision trees to improve prediction accuracy",ML – Machine Learning,Classification
What is bias-variance tradeoff?,the balance between a model's error due to overly simplistic assumptions (bias) and its sensitivity to small fluctuations in data (variance),a hyperparameter that controls the size of the steps taken when updating model parameters during training,"a layer in a convolutional neural network that reduces the spatial size of data, decreasing computation and controlling overfitting",a regularisation technique that adds the squared value of coefficients as a penalty to prevent overly large weights,A,bias-variance tradeoff is: the balance between a model's error due to overly simplistic assumptions (bias) and its sensitivity to small fluctuations in data (variance),ML – Machine Learning,ML Basics
Which statement correctly describes market basket analysis?,an application of association rule learning used to discover products frequently purchased together,a machine learning technique used to identify data points that deviate significantly from the norm,a metric used to evaluate the quality of clustering by measuring how similar an object is to its own cluster compared to other clusters,a popular clustering algorithm that partitions data into k clusters based on distance from cluster centroids,A,"By definition, market basket analysis is: an application of association rule learning used to discover products frequently purchased together",ML – Machine Learning,Unsupervised Learning
"Which term matches this description: ""a technique used to fill in missing values in a dataset using estimated or calculated values""?",overfitting,standardisation (in ML),missing data imputation,normalisation (in ML),C,The description matches missing data imputation: a technique used to fill in missing values in a dataset using estimated or calculated values,ML – Machine Learning,ML Basics
A classifier has 81 true positives and 33 false negatives. What is its recall (rounded to 2 decimal places)?,0.91,0.71,1.00,0.86,B,Recall = TP / (TP + FN) = 81 / (81 + 33) = 0.71.,ML – Machine Learning,Model Evaluation
A classifier has 37 true positives and 4 false positives. What is its precision (rounded to 2 decimal places)?,0.80,0.70,1.00,0.90,D,Precision = TP / (TP + FP) = 37 / (37 + 4) = 0.90.,ML – Machine Learning,Model Evaluation
"A classifier has 56 true positives, 165 true negatives, 91 false positives, and 63 false negatives. What is its accuracy (rounded to 2 decimal places)?",0.49,0.39,0.74,0.59,D,Accuracy = (TP+TN)/(TP+TN+FP+FN) = (56+165)/(56+165+91+63) = 0.59.,ML – Machine Learning,Model Evaluation
"A classifier has 124 true positives, 172 true negatives, 75 false positives, and 32 false negatives. What is its accuracy (rounded to 2 decimal places)?",0.83,0.73,0.58,0.53,B,Accuracy = (TP+TN)/(TP+TN+FP+FN) = (124+172)/(124+172+75+32) = 0.73.,ML – Machine Learning,Model Evaluation
A classifier has 70 true positives and 80 false positives. What is its precision (rounded to 2 decimal places)?,0.37,0.62,0.47,0.57,C,Precision = TP / (TP + FP) = 70 / (70 + 80) = 0.47.,ML – Machine Learning,Model Evaluation
Which statement correctly describes Machine Learning (ML)?,"a regularisation technique that adds the absolute value of coefficients as a penalty, which can shrink some coefficients to zero",a subset of AI that enables systems to learn patterns from data and improve performance without being explicitly programmed,"the process of identifying and correcting errors, inconsistencies, or missing values in a dataset before analysis",a regularisation technique that adds the squared value of coefficients as a penalty to prevent overly large weights,B,"By definition, Machine Learning (ML) is: a subset of AI that enables systems to learn patterns from data and improve performance without being explicitly programmed",ML – Machine Learning,ML Basics
"Fill in the blank: ______ refers to ""the portion of data used to teach a machine learning model to recognise patterns"".",gradient boosting,ensemble learning,feature selection,a training dataset,D,a training dataset refers to: the portion of data used to teach a machine learning model to recognise patterns,ML – Machine Learning,ML Basics
A classifier has 160 true positives and 48 false positives. What is its precision (rounded to 2 decimal places)?,0.77,0.62,0.57,1.00,A,Precision = TP / (TP + FP) = 160 / (160 + 48) = 0.77.,ML – Machine Learning,Model Evaluation
"A classifier has precision 0.73 and recall 0.72 (from 188 TP, 68 FP, 73 FN). What is its F1 score (rounded to 2 decimal places)?",0.43,0.73,0.63,0.53,B,F1 = 2×(Precision×Recall)/(Precision+Recall) = 2×(0.73×0.72)/(0.73+0.72) = 0.73.,ML – Machine Learning,Model Evaluation
"Fill in the blank: ______ refers to ""one complete pass through the entire training dataset during the model training process"".",an epoch (in ML),L2 regularisation (Ridge),stochastic gradient descent (SGD),the Iris dataset,A,an epoch (in ML) refers to: one complete pass through the entire training dataset during the model training process,ML – Machine Learning,ML Basics
What is scikit-learn?,"a high-level neural network API that runs on top of frameworks like TensorFlow, designed for ease of use","an open-source machine learning framework developed by Meta (Facebook), popular for research and deep learning applications","a gradient boosting framework designed for efficiency and speed, developed by Microsoft",a popular open-source Python library used for implementing machine learning algorithms,D,scikit-learn is: a popular open-source Python library used for implementing machine learning algorithms,ML – Machine Learning,ML Tools
"Which term matches this description: ""a boosting technique that builds models sequentially, each minimising the errors of the combined previous models""?",a benchmark dataset (in ML),a feature (in ML),gradient boosting,SHAP (SHapley Additive exPlanations),C,"The description matches gradient boosting: a boosting technique that builds models sequentially, each minimising the errors of the combined previous models",ML – Machine Learning,ML Basics
"A classifier has precision 0.49 and recall 0.81 (from 46 TP, 47 FP, 11 FN). What is its F1 score (rounded to 2 decimal places)?",0.71,0.61,0.41,0.46,B,F1 = 2×(Precision×Recall)/(Precision+Recall) = 2×(0.49×0.81)/(0.49+0.81) = 0.61.,ML – Machine Learning,Model Evaluation
"Which term matches this description: ""a technique where a model trained on one task is reused as the starting point for a model on a related task""?",dropout (in neural networks),transfer learning (in ML),a baseline model,standardisation (in ML),B,The description matches transfer learning (in ML): a technique where a model trained on one task is reused as the starting point for a model on a related task,ML – Machine Learning,ML Basics
"A classifier has precision 0.81 and recall 0.63 (from 164 TP, 39 FP, 95 FN). What is its F1 score (rounded to 2 decimal places)?",0.91,0.81,0.61,0.71,D,F1 = 2×(Precision×Recall)/(Precision+Recall) = 2×(0.81×0.63)/(0.81+0.63) = 0.71.,ML – Machine Learning,Model Evaluation
"Fill in the blank: ______ refers to ""a widely used benchmark dataset of handwritten digit images, commonly used to test image classification models"".",gradient boosting,the MNIST dataset,class imbalance,a fully connected layer,B,"the MNIST dataset refers to: a widely used benchmark dataset of handwritten digit images, commonly used to test image classification models",ML – Machine Learning,ML Basics
A classifier has 158 true positives and 42 false negatives. What is its recall (rounded to 2 decimal places)?,0.79,0.64,0.89,0.69,A,Recall = TP / (TP + FN) = 158 / (158 + 42) = 0.79.,ML – Machine Learning,Model Evaluation
Which statement correctly describes a pooling layer?,"a layer in a convolutional neural network that reduces the spatial size of data, decreasing computation and controlling overfitting","a series of automated steps used to collect, clean, transform, and prepare data for machine learning models","the process of identifying and correcting errors, inconsistencies, or missing values in a dataset before analysis",a modelling error where a model is too simple to capture the underlying pattern in the data,A,"By definition, a pooling layer is: a layer in a convolutional neural network that reduces the spatial size of data, decreasing computation and controlling overfitting",ML – Machine Learning,ML Basics
"A classifier has 92 true positives, 50 true negatives, 3 false positives, and 12 false negatives. What is its accuracy (rounded to 2 decimal places)?",1.00,0.90,0.60,0.75,B,Accuracy = (TP+TN)/(TP+TN+FP+FN) = (92+50)/(92+50+3+12) = 0.90.,ML – Machine Learning,Model Evaluation
"Fill in the blank: ______ refers to ""an open-source web application that allows users to create documents containing live code, equations, and visualisations"".",Jupyter Notebook,scikit-learn,Kaggle,TensorFlow,A,"Jupyter Notebook refers to: an open-source web application that allows users to create documents containing live code, equations, and visualisations",ML – Machine Learning,ML Tools
"Fill in the blank: ______ refers to ""the line or surface that separates different predicted classes in a classification model's feature space"".",ensemble learning,gradient descent,a decision boundary,a neural network (in ML context),C,a decision boundary refers to: the line or surface that separates different predicted classes in a classification model's feature space,ML – Machine Learning,ML Basics
"Which term matches this description: ""a technique that explains individual predictions of any classifier by approximating it locally with an interpretable model""?",the ImageNet dataset,LIME (Local Interpretable Model-agnostic Explanations),dropout (in neural networks),batch normalisation,B,The description matches LIME (Local Interpretable Model-agnostic Explanations): a technique that explains individual predictions of any classifier by approximating it locally with an interpretable model,ML – Machine Learning,ML Basics
"Which term matches this description: ""a table used to evaluate classification model performance by comparing predicted and actual class labels""?",the ROC curve,a confusion matrix,AUC (Area Under the Curve),model accuracy,B,The description matches a confusion matrix: a table used to evaluate classification model performance by comparing predicted and actual class labels,ML – Machine Learning,Model Evaluation
"A classifier has 50 true positives, 135 true negatives, 11 false positives, and 55 false negatives. What is its accuracy (rounded to 2 decimal places)?",0.74,0.44,1.00,0.54,A,Accuracy = (TP+TN)/(TP+TN+FP+FN) = (50+135)/(50+135+11+55) = 0.74.,ML – Machine Learning,Model Evaluation
"A classifier has precision 0.50 and recall 0.82 (from 102 TP, 100 FP, 23 FN). What is its F1 score (rounded to 2 decimal places)?",0.82,0.52,0.72,0.62,D,F1 = 2×(Precision×Recall)/(Precision+Recall) = 2×(0.50×0.82)/(0.50+0.82) = 0.62.,ML – Machine Learning,Model Evaluation
Which statement correctly describes credit scoring models?,machine learning models used by financial institutions to assess the creditworthiness of loan applicants,"a recommendation approach that suggests items similar to those a user has liked in the past, based on item attributes","a machine learning task that categorises text based on the emotional tone it conveys, such as positive or negative",a machine learning task that assigns a label to an image based on its visual content,A,"By definition, credit scoring models is: machine learning models used by financial institutions to assess the creditworthiness of loan applicants",ML – Machine Learning,ML Applications
"A classifier has 193 true positives, 139 true negatives, 55 false positives, and 25 false negatives. What is its accuracy (rounded to 2 decimal places)?",0.81,0.66,0.51,0.61,A,Accuracy = (TP+TN)/(TP+TN+FP+FN) = (193+139)/(193+139+55+25) = 0.81.,ML – Machine Learning,Model Evaluation
What is a regression problem?,the portion of data used to teach a machine learning model to recognise patterns,a common metric used to evaluate regression models by measuring the average squared difference between predicted and actual values,a type of supervised learning task where the goal is to predict a continuous numerical value,a technique used to determine the optimal number of clusters in k-means clustering by plotting variance explained against cluster count,C,a regression problem is: a type of supervised learning task where the goal is to predict a continuous numerical value,ML – Machine Learning,Regression
Which statement correctly describes the ImageNet dataset?,a large visual database used for training and benchmarking image classification and object detection models,"a layer in a neural network that applies filters to detect patterns such as edges or textures, commonly used in image processing","the average loss across an entire training dataset, which a model seeks to minimise during training",the process of integrating a trained machine learning model into a production environment for real-world use,A,"By definition, the ImageNet dataset is: a large visual database used for training and benchmarking image classification and object detection models",ML – Machine Learning,ML Basics
