Question,Option A,Option B,Option C,Option D,Correct Answer,Solution,Category,Subcategory
What is the national animal of India?,"the Indian Peacock, known for its colourful plumage","the Bengal Tiger, a symbol of India's wildlife conservation efforts","'Jana Gana Mana', written by Rabindranath Tagore and adopted in 1950","the Lotus, which symbolises purity and grace in Indian culture",B,"the national animal of India is: the Bengal Tiger, a symbol of India's wildlife conservation efforts",General Knowledge (GK),India Facts
What is the capital of Myanmar?,Jakarta,Astana,Cairo,Naypyidaw,D,The capital of Myanmar is Naypyidaw.,General Knowledge (GK),Countries and Capitals
What is the Nile River?,"widely regarded as the longest river in the world, flowing through northeastern Africa",the largest and deepest of Earth's oceanic divisions,"the largest river by discharge volume of water in the world, flowing through South America","a salt lake bordered by Jordan and Israel, known for its extremely high salinity",A,"the Nile River is: widely regarded as the longest river in the world, flowing through northeastern Africa",General Knowledge (GK),Geography
Which currency would you use for everyday transactions in Ireland?,South African Rand,Ethiopian Birr,Libyan Dinar,Euro,D,Ireland uses the Euro as its official currency.,General Knowledge (GK),Currencies
A traveller lands in Bogotá. Which country are they most likely visiting?,Colombia,Serbia,Kenya,Mongolia,A,Bogotá is the capital city of Colombia.,General Knowledge (GK),Countries and Capitals
"Which term matches this description: ""annual awards presented by the Recording Academy for outstanding achievements in music""?",the Nobel Prize,the Padma Shri,the Grammy Awards,the Booker Prize,C,The description matches the Grammy Awards: annual awards presented by the Recording Academy for outstanding achievements in music,General Knowledge (GK),Awards
Ireland is located on which continent?,Asia/Europe,Europe/Asia,Europe,Africa,C,Ireland is located in Europe.,General Knowledge (GK),Geography
What is the Amazon River?,"the deepest and one of the largest freshwater lakes in the world, located in Russia","the largest river by discharge volume of water in the world, flowing through South America","the deepest known part of the world's oceans, located in the western Pacific Ocean","the largest hot desert in the world, located in North Africa",B,"the Amazon River is: the largest river by discharge volume of water in the world, flowing through South America",General Knowledge (GK),Geography
The city of Riyadh serves as the capital of which nation in Asia?,Kuwait,Saudi Arabia,Qatar,Indonesia,B,"Riyadh is the capital of Saudi Arabia, located in Asia.",General Knowledge (GK),Countries and Capitals
"Which term matches this description: ""the World Health Organization, a UN agency responsible for international public health""?",the World Bank,the International Monetary Fund (IMF),WHO,the United Nations (UN),C,"The description matches WHO: the World Health Organization, a UN agency responsible for international public health",General Knowledge (GK),Organisations
Which statement correctly describes the Indian Constitution?,"Dr. Rajendra Prasad, who served from 1950 to 1962","the supreme law of India, which came into effect on 26 January 1950, drafted under Dr. B.R. Ambedkar","the Lotus, which symbolises purity and grace in Indian culture","the Ganga (Ganges), which flows through northern India and is considered sacred",B,"By definition, the Indian Constitution is: the supreme law of India, which came into effect on 26 January 1950, drafted under Dr. B.R. Ambedkar",General Knowledge (GK),India Facts
The city of Sofia serves as the capital of which nation in Europe?,Ukraine,Belgium,United Kingdom,Bulgaria,D,"Sofia is the capital of Bulgaria, located in Europe.",General Knowledge (GK),Countries and Capitals
Which statement correctly describes World Population Day?,observed on 22 April to raise awareness about environmental protection,observed on 21 June to raise awareness of the benefits of practicing yoga,"celebrated on 14 November, the birthday of Jawaharlal Nehru",observed on 11 July to raise awareness of global population issues,D,"By definition, World Population Day is: observed on 11 July to raise awareness of global population issues",General Knowledge (GK),Important Days
Which currency would you use for everyday transactions in Czech Republic?,Sudanese Pound,Egyptian Pound,Czech Koruna,Polish Zloty,C,Czech Republic uses the Czech Koruna as its official currency.,General Knowledge (GK),Currencies
A traveller lands in Ulaanbaatar. Which country are they most likely visiting?,Sudan,Mongolia,Greece,Serbia,B,Ulaanbaatar is the capital city of Mongolia.,General Knowledge (GK),Countries and Capitals
What is the Red Cross?,an organisation that works to secure global monetary cooperation and financial stability,"an international humanitarian organisation providing relief in war and disaster, founded by Henri Dunant","the South Asian Association for Regional Cooperation, an organisation of South Asian nations",an international financial institution that provides loans and grants to developing countries,B,"the Red Cross is: an international humanitarian organisation providing relief in war and disaster, founded by Henri Dunant",General Knowledge (GK),Organisations
What is the official currency of Portugal?,Bolivian Boliviano,Pound Sterling,Vietnamese Dong,Euro,D,The currency of Portugal is the Euro.,General Knowledge (GK),Currencies
Canberra is the capital city of which country?,Finland,Australia,Norway,Mexico,B,Canberra is the capital of Australia.,General Knowledge (GK),Countries and Capitals
What is the telephone?,"a device for transmitting voice over distance, credited to Alexander Graham Bell","Dr. Rajendra Prasad, who served from 1950 to 1962","ancient Egyptian monuments built as tombs for pharaohs, located near Cairo",an ancient series of fortifications built across northern China to protect against invasions,A,"the telephone is: a device for transmitting voice over distance, credited to Alexander Graham Bell",General Knowledge (GK),Inventions
"Fill in the blank: ______ refers to ""an ancient amphitheatre in Rome, Italy, used for gladiator contests and public spectacles"".",the Colosseum,the Great Wall of China,the Pyramids of Giza,the Statue of Liberty,A,"the Colosseum refers to: an ancient amphitheatre in Rome, Italy, used for gladiator contests and public spectacles",General Knowledge (GK),Landmarks
"Fill in the blank: ______ refers to ""Russia, which spans across Europe and Asia"".",the largest country in the world by area,the smallest country in the world,the smallest continent by area,the tallest building in the world,A,"the largest country in the world by area refers to: Russia, which spans across Europe and Asia",General Knowledge (GK),World Facts
"Fill in the blank: ______ refers to ""the deepest and one of the largest freshwater lakes in the world, located in Russia"".",the Nile River,Lake Baikal,the Dead Sea,the Amazon River,B,"Lake Baikal refers to: the deepest and one of the largest freshwater lakes in the world, located in Russia",General Knowledge (GK),Geography
Which currency would you use for everyday transactions in Sweden?,Uruguayan Peso,Swedish Krona,UAE Dirham,Nigerian Naira,B,Sweden uses the Swedish Krona as its official currency.,General Knowledge (GK),Currencies
What is the official currency of Ethiopia?,Russian Ruble,Cuban Peso,Moroccan Dirham,Ethiopian Birr,D,The currency of Ethiopia is the Ethiopian Birr.,General Knowledge (GK),Currencies
A traveller lands in Khartoum. Which country are they most likely visiting?,Japan,Egypt,Sudan,Germany,C,Khartoum is the capital city of Sudan.,General Knowledge (GK),Countries and Capitals
What is the official currency of France?,Euro,Malaysian Ringgit,Russian Ruble,Peruvian Sol,A,The currency of France is the Euro.,General Knowledge (GK),Currencies
Which currency would you use for everyday transactions in Mongolia?,Mongolian Tögrög,Hungarian Forint,Tunisian Dinar,Libyan Dinar,A,Mongolia uses the Mongolian Tögrög as its official currency.,General Knowledge (GK),Currencies
The city of Athens serves as the capital of which nation in Europe?,Hungary,Ukraine,Czech Republic,Greece,D,"Athens is the capital of Greece, located in Europe.",General Knowledge (GK),Countries and Capitals
A traveller lands in Rabat. Which country are they most likely visiting?,Portugal,Morocco,Austria,Germany,B,Rabat is the capital city of Morocco.,General Knowledge (GK),Countries and Capitals
What is the official currency of Belgium?,Lao Kip,Tanzanian Shilling,Euro,Kuwaiti Dinar,C,The currency of Belgium is the Euro.,General Knowledge (GK),Currencies
What is the capital of North Korea?,London,Bogotá,Khartoum,Pyongyang,D,The capital of North Korea is Pyongyang.,General Knowledge (GK),Countries and Capitals
Bangladesh is located on which continent?,Asia/Europe,South America,Asia,North America,C,Bangladesh is located in Asia.,General Knowledge (GK),Geography
Which currency would you use for everyday transactions in Myanmar?,Kuwaiti Dinar,Myanmar Kyat,Algerian Dinar,Ugandan Shilling,B,Myanmar uses the Myanmar Kyat as its official currency.,General Knowledge (GK),Currencies
Which currency would you use for everyday transactions in United Kingdom?,Colombian Peso,Singapore Dollar,Jordanian Dinar,Pound Sterling,D,United Kingdom uses the Pound Sterling as its official currency.,General Knowledge (GK),Currencies
Iran is located on which continent?,South America,Asia/Europe,Oceania,Asia,D,Iran is located in Asia.,General Knowledge (GK),Geography
What is the capital of Qatar?,Tunis,Doha,Kyiv,Paris,B,The capital of Qatar is Doha.,General Knowledge (GK),Countries and Capitals
A traveller lands in Harare. Which country are they most likely visiting?,Germany,Zimbabwe,Switzerland,Greece,B,Harare is the capital city of Zimbabwe.,General Knowledge (GK),Countries and Capitals
A traveller lands in Reykjavik. Which country are they most likely visiting?,New Zealand,China,Iceland,Romania,C,Reykjavik is the capital city of Iceland.,General Knowledge (GK),Countries and Capitals
What is the tallest building in the world?,"the Burj Khalifa, located in Dubai, United Arab Emirates","Vatican City, an independent city-state located within Rome, Italy","India, which surpassed China in population in 2023","the Pacific Ocean, covering about one-third of Earth's surface",A,"the tallest building in the world is: the Burj Khalifa, located in Dubai, United Arab Emirates",General Knowledge (GK),World Facts
Which currency would you use for everyday transactions in Ecuador?,US Dollar,Lao Kip,North Korean Won,New Taiwan Dollar,A,Ecuador uses the US Dollar as its official currency.,General Knowledge (GK),Currencies
What is the official currency of Singapore?,Mexican Peso,Singapore Dollar,Czech Koruna,Sri Lankan Rupee,B,The currency of Singapore is the Singapore Dollar.,General Knowledge (GK),Currencies
Phnom Penh is the capital city of which country?,Egypt,Laos,Cambodia,Ghana,C,Phnom Penh is the capital of Cambodia.,General Knowledge (GK),Countries and Capitals
A traveller lands in New Delhi. Which country are they most likely visiting?,North Korea,India,Sweden,Czech Republic,B,New Delhi is the capital city of India.,General Knowledge (GK),Countries and Capitals
What is the official currency of United Arab Emirates?,Iranian Rial,New Taiwan Dollar,Czech Koruna,UAE Dirham,D,The currency of United Arab Emirates is the UAE Dirham.,General Knowledge (GK),Currencies
What is the official currency of Ecuador?,US Dollar,Thai Baht,Peruvian Sol,Swiss Franc,A,The currency of Ecuador is the US Dollar.,General Knowledge (GK),Currencies
Harare is the capital city of which country?,Finland,Canada,Zimbabwe,Algeria,C,Harare is the capital of Zimbabwe.,General Knowledge (GK),Countries and Capitals
"Fill in the blank: ______ refers to ""Orville and Wilbur Wright, American inventors credited with building and flying the first successful airplane"".",the currency of Japan,the Commonwealth Games,Wright Brothers,the Sahara Desert,C,"Wright Brothers refers to: Orville and Wilbur Wright, American inventors credited with building and flying the first successful airplane",General Knowledge (GK),Inventions
"Which term matches this description: ""an Indian leader who led India's non-violent independence movement against British rule""?",Charles Darwin,Albert Einstein,APJ Abdul Kalam,Mahatma Gandhi,D,The description matches Mahatma Gandhi: an Indian leader who led India's non-violent independence movement against British rule,General Knowledge (GK),Famous People
Which statement correctly describes the national song of India?,"Dr. Rajendra Prasad, who served from 1950 to 1962","the Indian Peacock, known for its colourful plumage","'Vande Mataram', written by Bankim Chandra Chattopadhyay","the Ganga (Ganges), which flows through northern India and is considered sacred",C,"By definition, the national song of India is: 'Vande Mataram', written by Bankim Chandra Chattopadhyay",General Knowledge (GK),India Facts
Iceland is located on which continent?,Europe,Europe/Asia,Africa,South America,A,Iceland is located in Europe.,General Knowledge (GK),Geography
What is the capital of Spain?,Madrid,Harare,Islamabad,Kingston,A,The capital of Spain is Madrid.,General Knowledge (GK),Countries and Capitals
What is the Leaning Tower of Pisa?,a freestanding bell tower in Italy famous for its unintended tilt,an ancient series of fortifications built across northern China to protect against invasions,an ancient Incan citadel located in the Andes Mountains of Peru,"a wrought-iron lattice tower in Paris, built in 1889 by Gustave Eiffel",A,the Leaning Tower of Pisa is: a freestanding bell tower in Italy famous for its unintended tilt,General Knowledge (GK),Landmarks
Which statement correctly describes Teachers' Day in India?,observed on 11 July to raise awareness of global population issues,"celebrated on 15 August, marking India's independence from British rule in 1947","celebrated on 5 September, the birthday of Dr. Sarvepalli Radhakrishnan",observed on 5 June to raise awareness about protecting the environment,C,"By definition, Teachers' Day in India is: celebrated on 5 September, the birthday of Dr. Sarvepalli Radhakrishnan",General Knowledge (GK),Important Days
The city of Muscat serves as the capital of which nation in Asia?,Kazakhstan,Uzbekistan,Oman,Kuwait,C,"Muscat is the capital of Oman, located in Asia.",General Knowledge (GK),Countries and Capitals
Which currency would you use for everyday transactions in Kuwait?,Kuwaiti Dinar,Yemeni Rial,Bolivian Boliviano,South African Rand,A,Kuwait uses the Kuwaiti Dinar as its official currency.,General Knowledge (GK),Currencies
Which currency would you use for everyday transactions in South Korea?,Bolivian Boliviano,Ethiopian Birr,South Korean Won,Vietnamese Dong,C,South Korea uses the South Korean Won as its official currency.,General Knowledge (GK),Currencies
What is the capital of Kazakhstan?,London,Buenos Aires,Brussels,Astana,D,The capital of Kazakhstan is Astana.,General Knowledge (GK),Countries and Capitals
What is the official currency of Indonesia?,South African Rand,Indonesian Rupiah,Egyptian Pound,Ukrainian Hryvnia,B,The currency of Indonesia is the Indonesian Rupiah.,General Knowledge (GK),Currencies
What is the official currency of Tanzania?,Mexican Peso,Kazakhstani Tenge,Tanzanian Shilling,Ghanaian Cedi,C,The currency of Tanzania is the Tanzanian Shilling.,General Knowledge (GK),Currencies
"Which term matches this description: ""widely regarded as the longest river in the world, flowing through northeastern Africa""?",the Amazon River,Lake Baikal,the Sahara Desert,the Nile River,D,"The description matches the Nile River: widely regarded as the longest river in the world, flowing through northeastern Africa",General Knowledge (GK),Geography
Saudi Arabia is located on which continent?,Asia,Europe/Asia,Asia/Europe,South America,A,Saudi Arabia is located in Asia.,General Knowledge (GK),Geography
Which statement correctly describes APJ Abdul Kalam?,an Indian aerospace scientist who served as the 11th President of India,a naturalist known for his contributions to the theory of evolution by natural selection,a physicist best known for developing the theory of relativity,an astronomer and physicist who championed heliocentrism and improved the telescope,A,"By definition, APJ Abdul Kalam is: an Indian aerospace scientist who served as the 11th President of India",General Knowledge (GK),Famous People
Kathmandu is the capital city of which country?,Russia,Vietnam,Nepal,Egypt,C,Kathmandu is the capital of Nepal.,General Knowledge (GK),Countries and Capitals
Czech Republic is located on which continent?,North America,Africa,Europe/Asia,Europe,D,Czech Republic is located in Europe.,General Knowledge (GK),Geography
Kuwait is located on which continent?,Europe/Asia,Asia/Europe,Europe,Asia,D,Kuwait is located in Asia.,General Knowledge (GK),Geography
Vietnam is located on which continent?,Oceania,Asia,Asia/Europe,North America,B,Vietnam is located in Asia.,General Knowledge (GK),Geography
A traveller lands in Islamabad. Which country are they most likely visiting?,Croatia,Uruguay,Malaysia,Pakistan,D,Islamabad is the capital city of Pakistan.,General Knowledge (GK),Countries and Capitals
A traveller lands in Baghdad. Which country are they most likely visiting?,Iraq,South Korea,Qatar,Mexico,A,Baghdad is the capital city of Iraq.,General Knowledge (GK),Countries and Capitals
The city of Ulaanbaatar serves as the capital of which nation in Asia?,Indonesia,Mongolia,Nepal,Malaysia,B,"Ulaanbaatar is the capital of Mongolia, located in Asia.",General Knowledge (GK),Countries and Capitals
Buenos Aires is the capital city of which country?,Thailand,Ecuador,Canada,Argentina,D,Buenos Aires is the capital of Argentina.,General Knowledge (GK),Countries and Capitals
Which currency would you use for everyday transactions in Morocco?,Moroccan Dirham,Ghanaian Cedi,Romanian Leu,Nigerian Naira,A,Morocco uses the Moroccan Dirham as its official currency.,General Knowledge (GK),Currencies
What is the capital of Germany?,London,Berlin,Beijing,Kingston,B,The capital of Germany is Berlin.,General Knowledge (GK),Countries and Capitals
What is the Great Barrier Reef?,the largest and deepest of Earth's oceanic divisions,"the largest hot desert in the world, located in North Africa","the world's largest tropical rainforest, located mostly in Brazil","the world's largest coral reef system, located off the coast of Queensland, Australia",D,"the Great Barrier Reef is: the world's largest coral reef system, located off the coast of Queensland, Australia",General Knowledge (GK),Geography
Switzerland is located on which continent?,Africa,Europe,Europe/Asia,Asia/Europe,B,Switzerland is located in Europe.,General Knowledge (GK),Geography
What is the capital of Ethiopia?,Addis Ababa,Cairo,Bogotá,New Delhi,A,The capital of Ethiopia is Addis Ababa.,General Knowledge (GK),Countries and Capitals
Bangkok is the capital city of which country?,Iraq,Thailand,South Korea,Venezuela,B,Bangkok is the capital of Thailand.,General Knowledge (GK),Countries and Capitals
What is the official currency of Egypt?,Mongolian Tögrög,Bolivian Boliviano,Egyptian Pound,Libyan Dinar,C,The currency of Egypt is the Egyptian Pound.,General Knowledge (GK),Currencies
What is the first President of India?,"Rajasthan, known for the Thar Desert and its rich cultural heritage","the Lion Capital of Ashoka, adapted from the Sarnath pillar","'Vande Mataram', written by Bankim Chandra Chattopadhyay","Dr. Rajendra Prasad, who served from 1950 to 1962",D,"the first President of India is: Dr. Rajendra Prasad, who served from 1950 to 1962",General Knowledge (GK),India Facts
Argentina is located on which continent?,Europe,Asia,Asia/Europe,South America,D,Argentina is located in South America.,General Knowledge (GK),Geography
Denmark is located on which continent?,Asia,Europe/Asia,Africa,Europe,D,Denmark is located in Europe.,General Knowledge (GK),Geography
Which currency would you use for everyday transactions in Fiji?,Singapore Dollar,Turkish Lira,Peruvian Sol,Fijian Dollar,D,Fiji uses the Fijian Dollar as its official currency.,General Knowledge (GK),Currencies
A traveller lands in Cairo. Which country are they most likely visiting?,Brazil,Egypt,Serbia,Sudan,B,Cairo is the capital city of Egypt.,General Knowledge (GK),Countries and Capitals
Fiji is located on which continent?,Asia,Africa,South America,Oceania,D,Fiji is located in Oceania.,General Knowledge (GK),Geography
What is the Guinness World Records?,"a device for producing light using electricity, commercially developed by Thomas Edison",a South African leader who fought against apartheid and later became President of South Africa,observed on 5 June to raise awareness about protecting the environment,a reference book and organisation that documents and verifies world records,D,the Guinness World Records is: a reference book and organisation that documents and verifies world records,General Knowledge (GK),Records
What is the capital of Israel?,Amman,Beijing,Muscat,Jerusalem,D,The capital of Israel is Jerusalem.,General Knowledge (GK),Countries and Capitals
Which currency would you use for everyday transactions in Argentina?,Argentine Peso,Omani Rial,New Taiwan Dollar,Cuban Peso,A,Argentina uses the Argentine Peso as its official currency.,General Knowledge (GK),Currencies
"Which term matches this description: ""a device for transmitting voice over distance, credited to Alexander Graham Bell""?",the telephone,penicillin,the Great Wall of China,the Commonwealth Games,A,"The description matches the telephone: a device for transmitting voice over distance, credited to Alexander Graham Bell",General Knowledge (GK),Inventions
What is the capital of Greece?,Athens,Bogotá,Cairo,Pyongyang,A,The capital of Greece is Athens.,General Knowledge (GK),Countries and Capitals
The city of Beijing serves as the capital of which nation in Asia?,China,Iran,Malaysia,Laos,A,"Beijing is the capital of China, located in Asia.",General Knowledge (GK),Countries and Capitals
A traveller lands in Singapore. Which country are they most likely visiting?,Singapore,Iran,Thailand,Argentina,A,Singapore is the capital city of Singapore.,General Knowledge (GK),Countries and Capitals
A traveller lands in Sucre. Which country are they most likely visiting?,South Korea,Bolivia,Tanzania,Ghana,B,Sucre is the capital city of Bolivia.,General Knowledge (GK),Countries and Capitals
Mongolia is located on which continent?,Asia,Asia/Europe,North America,Europe,A,Mongolia is located in Asia.,General Knowledge (GK),Geography
What is the capital of Laos?,Manila,Vientiane,Accra,Amman,B,The capital of Laos is Vientiane.,General Knowledge (GK),Countries and Capitals
Lebanon is located on which continent?,Asia,Africa,Asia/Europe,South America,A,Lebanon is located in Asia.,General Knowledge (GK),Geography
Which statement correctly describes the Asian Games?,the nickname for the Great Bell of the clock at the Houses of Parliament in London,"Australia (Oceania), located in the Southern Hemisphere",a multi-sport event held every four years among athletes from across Asia,an international football tournament held every four years for national teams,C,"By definition, the Asian Games is: a multi-sport event held every four years among athletes from across Asia",General Knowledge (GK),Sports and Events
Which statement correctly describes the longest wall in the world?,"the Great Wall of China, stretching thousands of kilometres","India, which surpassed China in population in 2023","Australia (Oceania), located in the Southern Hemisphere","the Euro, used by most member states of the EU",A,"By definition, the longest wall in the world is: the Great Wall of China, stretching thousands of kilometres",General Knowledge (GK),World Facts
Warsaw is the capital city of which country?,Ethiopia,New Zealand,Vietnam,Poland,D,Warsaw is the capital of Poland.,General Knowledge (GK),Countries and Capitals
What is the official currency of Yemen?,Jamaican Dollar,Vietnamese Dong,Yemeni Rial,Algerian Dinar,C,The currency of Yemen is the Yemeni Rial.,General Knowledge (GK),Currencies
Which statement correctly describes WHO?,an international organisation founded in 1945 to maintain world peace and promote cooperation among countries,"the World Health Organization, a UN agency responsible for international public health",an organisation that works to secure global monetary cooperation and financial stability,"an international humanitarian organisation providing relief in war and disaster, founded by Henri Dunant",B,"By definition, WHO is: the World Health Organization, a UN agency responsible for international public health",General Knowledge (GK),Organisations
Baghdad is the capital city of which country?,Hungary,Thailand,Denmark,Iraq,D,Baghdad is the capital of Iraq.,General Knowledge (GK),Countries and Capitals
Which currency would you use for everyday transactions in North Korea?,Iranian Rial,North Korean Won,Bangladeshi Taka,Indonesian Rupiah,B,North Korea uses the North Korean Won as its official currency.,General Knowledge (GK),Currencies
Kuwait City is the capital city of which country?,Tanzania,Austria,Russia,Kuwait,D,Kuwait City is the capital of Kuwait.,General Knowledge (GK),Countries and Capitals
Bolivia is located on which continent?,Europe,South America,North America,Europe/Asia,B,Bolivia is located in South America.,General Knowledge (GK),Geography
"Fill in the blank: ______ refers to ""observed on 8 March to celebrate women's achievements and promote gender equality"".",World Environment Day,International Women's Day,Earth Day,Independence Day of India,B,International Women's Day refers to: observed on 8 March to celebrate women's achievements and promote gender equality,General Knowledge (GK),Important Days
What is the Asian Games?,a multi-sport event held every four years among athletes from across Asia,an Indian aerospace scientist who served as the 11th President of India,"celebrated on 15 August, marking India's independence from British rule in 1947",an astronomer and physicist who championed heliocentrism and improved the telescope,A,the Asian Games is: a multi-sport event held every four years among athletes from across Asia,General Knowledge (GK),Sports and Events
What is the capital of Ecuador?,Paris,Sofia,Cairo,Quito,D,The capital of Ecuador is Quito.,General Knowledge (GK),Countries and Capitals
The city of Harare serves as the capital of which nation in Africa?,Tunisia,Zimbabwe,Algeria,Ethiopia,B,"Harare is the capital of Zimbabwe, located in Africa.",General Knowledge (GK),Countries and Capitals
What is the capital of Portugal?,Lisbon,Kathmandu,Zagreb,Abu Dhabi,A,The capital of Portugal is Lisbon.,General Knowledge (GK),Countries and Capitals
"Fill in the blank: ______ refers to ""the South Asian Association for Regional Cooperation, an organisation of South Asian nations"".",ASEAN,the United Nations (UN),SAARC,WHO,C,"SAARC refers to: the South Asian Association for Regional Cooperation, an organisation of South Asian nations",General Knowledge (GK),Organisations
A traveller lands in Phnom Penh. Which country are they most likely visiting?,Finland,Denmark,Cambodia,Japan,C,Phnom Penh is the capital city of Cambodia.,General Knowledge (GK),Countries and Capitals
Seoul is the capital city of which country?,South Korea,Nigeria,Nepal,Qatar,A,Seoul is the capital of South Korea.,General Knowledge (GK),Countries and Capitals
A traveller lands in Vientiane. Which country are they most likely visiting?,China,Algeria,Laos,Japan,C,Vientiane is the capital city of Laos.,General Knowledge (GK),Countries and Capitals
Which statement correctly describes the smallest continent by area?,"Australia (Oceania), located in the Southern Hemisphere","the Burj Khalifa, located in Dubai, United Arab Emirates","Russia, which spans across Europe and Asia","the Pacific Ocean, covering about one-third of Earth's surface",A,"By definition, the smallest continent by area is: Australia (Oceania), located in the Southern Hemisphere",General Knowledge (GK),World Facts
"Fill in the blank: ______ refers to ""India, which surpassed China in population in 2023"".",the most populous country in the world,the largest ocean in the world,the largest continent by area,the smallest country in the world,A,"the most populous country in the world refers to: India, which surpassed China in population in 2023",General Knowledge (GK),World Facts
"Which term matches this description: ""the Pacific Ocean, covering about one-third of Earth's surface""?",the largest ocean in the world,the largest country in the world by area,the largest continent by area,the currency of the European Union,A,"The description matches the largest ocean in the world: the Pacific Ocean, covering about one-third of Earth's surface",General Knowledge (GK),World Facts
The city of Wellington serves as the capital of which nation in Oceania?,New Zealand,Papua New Guinea,Australia,Fiji,A,"Wellington is the capital of New Zealand, located in Oceania.",General Knowledge (GK),Countries and Capitals
Which currency would you use for everyday transactions in Austria?,Kuwaiti Dinar,Thai Baht,UAE Dirham,Euro,D,Austria uses the Euro as its official currency.,General Knowledge (GK),Currencies
What is the theory of relativity?,"an engine that uses steam to produce mechanical power, refined by James Watt","a multi-venue performing arts centre in Sydney, Australia, known for its distinctive shell-like design",a force described by Isaac Newton that attracts objects with mass toward one another,a scientific theory developed by Albert Einstein describing the relationship between space and time,D,the theory of relativity is: a scientific theory developed by Albert Einstein describing the relationship between space and time,General Knowledge (GK),Discoveries
What is the printing press?,a physicist best known for developing the theory of relativity,"widely regarded as the longest river in the world, flowing through northeastern Africa","Asia, which is home to more than half the world's population",a device invented by Johannes Gutenberg around 1440 that enabled mass production of books,D,the printing press is: a device invented by Johannes Gutenberg around 1440 that enabled mass production of books,General Knowledge (GK),Inventions
What is the official currency of Netherlands?,Iranian Rial,Mexican Peso,Lebanese Pound,Euro,D,The currency of Netherlands is the Euro.,General Knowledge (GK),Currencies
The city of Paris serves as the capital of which nation in Europe?,Italy,Austria,Spain,France,D,"Paris is the capital of France, located in Europe.",General Knowledge (GK),Countries and Capitals
Quito is the capital city of which country?,Netherlands,Thailand,Fiji,Ecuador,D,Quito is the capital of Ecuador.,General Knowledge (GK),Countries and Capitals
What is the capital of Chile?,Jakarta,Sucre,Berlin,Santiago,D,The capital of Chile is Santiago.,General Knowledge (GK),Countries and Capitals
"Fill in the blank: ______ refers to ""an Indian poet and writer who won the Nobel Prize in Literature in 1913"".",APJ Abdul Kalam,Albert Einstein,Rabindranath Tagore,Charles Darwin,C,Rabindranath Tagore refers to: an Indian poet and writer who won the Nobel Prize in Literature in 1913,General Knowledge (GK),Famous People
The city of Zagreb serves as the capital of which nation in Europe?,Greece,Ireland,Poland,Croatia,D,"Zagreb is the capital of Croatia, located in Europe.",General Knowledge (GK),Countries and Capitals
What is the capital of Ukraine?,Kyiv,Riyadh,Oslo,Kabul,A,The capital of Ukraine is Kyiv.,General Knowledge (GK),Countries and Capitals
Which currency would you use for everyday transactions in United Arab Emirates?,Moroccan Dirham,Jamaican Dollar,New Zealand Dollar,UAE Dirham,D,United Arab Emirates uses the UAE Dirham as its official currency.,General Knowledge (GK),Currencies
"Fill in the blank: ______ refers to ""an international organisation founded in 1945 to maintain world peace and promote cooperation among countries"".",the United Nations (UN),UNESCO,the International Monetary Fund (IMF),the Red Cross,A,the United Nations (UN) refers to: an international organisation founded in 1945 to maintain world peace and promote cooperation among countries,General Knowledge (GK),Organisations
What is the Booker Prize?,a prestigious literary award given for the best novel written in English,annual awards presented by the Recording Academy for outstanding achievements in music,"one of India's highest civilian awards, given for distinguished contributions in various fields","a prestigious American award for achievements in journalism, literature, and music",A,the Booker Prize is: a prestigious literary award given for the best novel written in English,General Knowledge (GK),Awards
What is the largest country in the world by area?,"the Great Wall of China, stretching thousands of kilometres","Australia (Oceania), located in the Southern Hemisphere","India, which surpassed China in population in 2023","Russia, which spans across Europe and Asia",D,"the largest country in the world by area is: Russia, which spans across Europe and Asia",General Knowledge (GK),World Facts
What is the capital of Lebanon?,Washington D.C.,Beirut,Amsterdam,Ottawa,B,The capital of Lebanon is Beirut.,General Knowledge (GK),Countries and Capitals
A traveller lands in Amman. Which country are they most likely visiting?,Jordan,Iran,Czech Republic,Belgium,A,Amman is the capital city of Jordan.,General Knowledge (GK),Countries and Capitals
"Fill in the blank: ______ refers to ""the Great Wall of China, stretching thousands of kilometres"".",the longest wall in the world,the most populous country in the world,the smallest country in the world,the largest ocean in the world,A,"the longest wall in the world refers to: the Great Wall of China, stretching thousands of kilometres",General Knowledge (GK),World Facts
The city of Madrid serves as the capital of which nation in Europe?,Romania,Switzerland,Spain,Belgium,C,"Madrid is the capital of Spain, located in Europe.",General Knowledge (GK),Countries and Capitals
"Fill in the blank: ______ refers to ""an English playwright and poet widely regarded as the greatest writer in the English language"".",William Shakespeare,Galileo Galilei,Leonardo da Vinci,Rabindranath Tagore,A,William Shakespeare refers to: an English playwright and poet widely regarded as the greatest writer in the English language,General Knowledge (GK),Famous People
The city of Tunis serves as the capital of which nation in Africa?,Tunisia,Kenya,South Africa,Uganda,A,"Tunis is the capital of Tunisia, located in Africa.",General Knowledge (GK),Countries and Capitals
The city of Amman serves as the capital of which nation in Asia?,Saudi Arabia,Jordan,China,Philippines,B,"Amman is the capital of Jordan, located in Asia.",General Knowledge (GK),Countries and Capitals
Which currency would you use for everyday transactions in Nepal?,Libyan Dinar,Chilean Peso,South Korean Won,Nepalese Rupee,D,Nepal uses the Nepalese Rupee as its official currency.,General Knowledge (GK),Currencies
The city of Dodoma serves as the capital of which nation in Africa?,Tanzania,Morocco,Nigeria,Kenya,A,"Dodoma is the capital of Tanzania, located in Africa.",General Knowledge (GK),Countries and Capitals
What is the capital of Venezuela?,Caracas,Seoul,Manila,Singapore,A,The capital of Venezuela is Caracas.,General Knowledge (GK),Countries and Capitals
Which statement correctly describes the Bharat Ratna?,"India's highest civilian award, given for exceptional service in any field","an international award given annually in fields including Physics, Chemistry, Medicine, Literature, Peace, and Economics, established by Alfred Nobel's will","annual awards, officially the Academy Awards, honouring achievement in the film industry","one of India's highest civilian awards, given for distinguished contributions in various fields",A,"By definition, the Bharat Ratna is: India's highest civilian award, given for exceptional service in any field",General Knowledge (GK),Awards
Which currency would you use for everyday transactions in Portugal?,Japanese Yen,Brazilian Real,Euro,Kuwaiti Dinar,C,Portugal uses the Euro as its official currency.,General Knowledge (GK),Currencies
Which currency would you use for everyday transactions in Croatia?,Euro,North Korean Won,Danish Krone,Qatari Riyal,A,Croatia uses the Euro as its official currency.,General Knowledge (GK),Currencies
What is the official currency of Tunisia?,Tunisian Dinar,Venezuelan Bolívar,Thai Baht,Philippine Peso,A,The currency of Tunisia is the Tunisian Dinar.,General Knowledge (GK),Currencies
Nigeria is located on which continent?,Oceania,Europe/Asia,Africa,South America,C,Nigeria is located in Africa.,General Knowledge (GK),Geography
The city of Vienna serves as the capital of which nation in Europe?,Portugal,France,Austria,Italy,C,"Vienna is the capital of Austria, located in Europe.",General Knowledge (GK),Countries and Capitals
"Fill in the blank: ______ refers to ""a multi-sport event held every four years among members of the Commonwealth of Nations"".",the Commonwealth Games,the Indian Constitution,the Amazon River,the Leaning Tower of Pisa,A,the Commonwealth Games refers to: a multi-sport event held every four years among members of the Commonwealth of Nations,General Knowledge (GK),Sports and Events
"Fill in the blank: ______ refers to ""a scientific theory proposed by Charles Darwin explaining how species change over time through natural selection"".",the FIFA World Cup,the Amazon Rainforest,SAARC,the theory of evolution,D,the theory of evolution refers to: a scientific theory proposed by Charles Darwin explaining how species change over time through natural selection,General Knowledge (GK),Discoveries
What is the capital of Iraq?,Pyongyang,Baghdad,Vienna,Riyadh,B,The capital of Iraq is Baghdad.,General Knowledge (GK),Countries and Capitals
What is the national game of India?,"the supreme law of India, which came into effect on 26 January 1950, drafted under Dr. B.R. Ambedkar","the Lion Capital of Ashoka, adapted from the Sarnath pillar","officially there is no declared national game of India, though hockey is often popularly associated with it","Jawaharlal Nehru, who served from 1947 to 1964",C,"the national game of India is: officially there is no declared national game of India, though hockey is often popularly associated with it",General Knowledge (GK),India Facts
Copenhagen is the capital city of which country?,Denmark,Egypt,Myanmar,Japan,A,Copenhagen is the capital of Denmark.,General Knowledge (GK),Countries and Capitals
What is the official currency of Iceland?,Icelandic Krona,Fijian Dollar,Ukrainian Hryvnia,Uzbekistani Som,A,The currency of Iceland is the Icelandic Krona.,General Knowledge (GK),Currencies
What is the capital of Serbia?,Algiers,Belgrade,Vienna,Jakarta,B,The capital of Serbia is Belgrade.,General Knowledge (GK),Countries and Capitals
"Which term matches this description: ""observed on 21 June to raise awareness of the benefits of practicing yoga""?",World Health Day,International Yoga Day,World Environment Day,Republic Day of India,B,The description matches International Yoga Day: observed on 21 June to raise awareness of the benefits of practicing yoga,General Knowledge (GK),Important Days
Which statement correctly describes Lake Baikal?,"the deepest and one of the largest freshwater lakes in the world, located in Russia","the southernmost continent, almost entirely covered by ice","widely regarded as the longest river in the world, flowing through northeastern Africa","a salt lake bordered by Jordan and Israel, known for its extremely high salinity",A,"By definition, Lake Baikal is: the deepest and one of the largest freshwater lakes in the world, located in Russia",General Knowledge (GK),Geography
"Fill in the blank: ______ refers to ""the Indian Peacock, known for its colourful plumage"".",the national flower of India,the national bird of India,the national anthem of India,the national song of India,B,"the national bird of India refers to: the Indian Peacock, known for its colourful plumage",General Knowledge (GK),India Facts
What is the capital of Yemen?,Kuwait City,Ottawa,Warsaw,Sana'a,D,The capital of Yemen is Sana'a.,General Knowledge (GK),Countries and Capitals
"Fill in the blank: ______ refers to ""the nickname for the Great Bell of the clock at the Houses of Parliament in London"".",the Taj Mahal,the Statue of Unity,the Sydney Opera House,Big Ben,D,Big Ben refers to: the nickname for the Great Bell of the clock at the Houses of Parliament in London,General Knowledge (GK),Landmarks
"Which term matches this description: ""the world's tallest statue, located in Gujarat, India, depicting Sardar Vallabhbhai Patel""?",the Pyramids of Giza,the Leaning Tower of Pisa,the Eiffel Tower,the Statue of Unity,D,"The description matches the Statue of Unity: the world's tallest statue, located in Gujarat, India, depicting Sardar Vallabhbhai Patel",General Knowledge (GK),Landmarks
A traveller lands in Stockholm. Which country are they most likely visiting?,Iceland,Denmark,Israel,Sweden,D,Stockholm is the capital city of Sweden.,General Knowledge (GK),Countries and Capitals
Which statement correctly describes the Eiffel Tower?,the nickname for the Great Bell of the clock at the Houses of Parliament in London,"a wrought-iron lattice tower in Paris, built in 1889 by Gustave Eiffel","an ancient amphitheatre in Rome, Italy, used for gladiator contests and public spectacles",an ancient Incan citadel located in the Andes Mountains of Peru,B,"By definition, the Eiffel Tower is: a wrought-iron lattice tower in Paris, built in 1889 by Gustave Eiffel",General Knowledge (GK),Landmarks
Colombia is located on which continent?,South America,Asia,Oceania,Europe/Asia,A,Colombia is located in South America.,General Knowledge (GK),Geography
Which statement correctly describes the Pacific Ocean?,"the world's largest tropical rainforest, located mostly in Brazil","widely regarded as the longest river in the world, flowing through northeastern Africa",the largest and deepest of Earth's oceanic divisions,"a salt lake bordered by Jordan and Israel, known for its extremely high salinity",C,"By definition, the Pacific Ocean is: the largest and deepest of Earth's oceanic divisions",General Knowledge (GK),Geography
A traveller lands in Ankara. Which country are they most likely visiting?,Turkey,Fiji,Kazakhstan,South Korea,A,Ankara is the capital city of Turkey.,General Knowledge (GK),Countries and Capitals
Singapore is located on which continent?,Asia,Africa,South America,Asia/Europe,A,Singapore is located in Asia.,General Knowledge (GK),Geography
Dodoma is the capital city of which country?,Venezuela,Singapore,Tanzania,Pakistan,C,Dodoma is the capital of Tanzania.,General Knowledge (GK),Countries and Capitals
What is the capital of Turkey?,Ankara,Santiago,Addis Ababa,Moscow,A,The capital of Turkey is Ankara.,General Knowledge (GK),Countries and Capitals
Which currency would you use for everyday transactions in New Zealand?,Tanzanian Shilling,New Zealand Dollar,Euro,US Dollar,B,New Zealand uses the New Zealand Dollar as its official currency.,General Knowledge (GK),Currencies
What is the capital of South Korea?,Washington D.C.,Ulaanbaatar,Bern,Seoul,D,The capital of South Korea is Seoul.,General Knowledge (GK),Countries and Capitals
What is Republic Day of India?,"celebrated on 15 August, marking India's independence from British rule in 1947","celebrated on 5 September, the birthday of Dr. Sarvepalli Radhakrishnan","celebrated on 26 January, marking the day the Constitution of India came into effect in 1950","observed on 7 April to raise awareness of global health issues, marking the founding of the WHO",C,"Republic Day of India is: celebrated on 26 January, marking the day the Constitution of India came into effect in 1950",General Knowledge (GK),Important Days
Which currency would you use for everyday transactions in United States?,Pound Sterling,Danish Krone,US Dollar,Canadian Dollar,C,United States uses the US Dollar as its official currency.,General Knowledge (GK),Currencies
Which currency would you use for everyday transactions in Iraq?,Jordanian Dinar,Myanmar Kyat,Iraqi Dinar,UAE Dirham,C,Iraq uses the Iraqi Dinar as its official currency.,General Knowledge (GK),Currencies
Which statement correctly describes Children's Day in India?,"celebrated on 15 August, marking India's independence from British rule in 1947","celebrated on 14 November, the birthday of Jawaharlal Nehru","celebrated on 26 January, marking the day the Constitution of India came into effect in 1950",observed on 8 March to celebrate women's achievements and promote gender equality,B,"By definition, Children's Day in India is: celebrated on 14 November, the birthday of Jawaharlal Nehru",General Knowledge (GK),Important Days
A traveller lands in Copenhagen. Which country are they most likely visiting?,Fiji,France,Denmark,Bulgaria,C,Copenhagen is the capital city of Denmark.,General Knowledge (GK),Countries and Capitals
Which currency would you use for everyday transactions in Indonesia?,Indonesian Rupiah,Philippine Peso,Ugandan Shilling,Canadian Dollar,A,Indonesia uses the Indonesian Rupiah as its official currency.,General Knowledge (GK),Currencies
"Which term matches this description: ""observed on 22 April to raise awareness about environmental protection""?",Children's Day in India,International Women's Day,World Health Day,Earth Day,D,The description matches Earth Day: observed on 22 April to raise awareness about environmental protection,General Knowledge (GK),Important Days
Which statement correctly describes the longest river in India?,"the Ganga (Ganges), which flows through northern India and is considered sacred","'Jana Gana Mana', written by Rabindranath Tagore and adopted in 1950","officially there is no declared national game of India, though hockey is often popularly associated with it","the Indian Peacock, known for its colourful plumage",A,"By definition, the longest river in India is: the Ganga (Ganges), which flows through northern India and is considered sacred",General Knowledge (GK),India Facts
What is the capital of Kuwait?,Kuwait City,Riyadh,Beijing,London,A,The capital of Kuwait is Kuwait City.,General Knowledge (GK),Countries and Capitals
Which currency would you use for everyday transactions in Mexico?,Lebanese Pound,Mexican Peso,Zimbabwean Dollar,Indian Rupee,B,Mexico uses the Mexican Peso as its official currency.,General Knowledge (GK),Currencies
Which statement correctly describes Galileo Galilei?,an astronomer and physicist who championed heliocentrism and improved the telescope,a physicist best known for developing the theory of relativity,an English playwright and poet widely regarded as the greatest writer in the English language,a South African leader who fought against apartheid and later became President of South Africa,A,"By definition, Galileo Galilei is: an astronomer and physicist who championed heliocentrism and improved the telescope",General Knowledge (GK),Famous People
What is the capital of Bolivia?,Sucre,Quito,Vienna,Sofia,A,The capital of Bolivia is Sucre.,General Knowledge (GK),Countries and Capitals
Which statement correctly describes UNESCO?,an international financial institution that provides loans and grants to developing countries,"the Association of Southeast Asian Nations, a regional organisation promoting political and economic cooperation","the United Nations Educational, Scientific and Cultural Organization, which promotes education, science, and culture worldwide","the World Health Organization, a UN agency responsible for international public health",C,"By definition, UNESCO is: the United Nations Educational, Scientific and Cultural Organization, which promotes education, science, and culture worldwide",General Knowledge (GK),Organisations
The city of Tashkent serves as the capital of which nation in Asia?,Mongolia,South Korea,Japan,Uzbekistan,D,"Tashkent is the capital of Uzbekistan, located in Asia.",General Knowledge (GK),Countries and Capitals
The city of Naypyidaw serves as the capital of which nation in Asia?,India,Lebanon,Myanmar,Pakistan,C,"Naypyidaw is the capital of Myanmar, located in Asia.",General Knowledge (GK),Countries and Capitals
What is the capital of Nepal?,Kathmandu,Astana,Khartoum,Budapest,A,The capital of Nepal is Kathmandu.,General Knowledge (GK),Countries and Capitals
"Fill in the blank: ______ refers to ""the Euro, used by most member states of the EU"".",the largest country in the world by area,the smallest continent by area,the most populous country in the world,the currency of the European Union,D,"the currency of the European Union refers to: the Euro, used by most member states of the EU",General Knowledge (GK),World Facts
Which statement correctly describes Leonardo da Vinci?,a physicist best known for developing the theory of relativity,an astronomer and physicist who championed heliocentrism and improved the telescope,a Renaissance artist and inventor known for the Mona Lisa and many scientific sketches,a South African leader who fought against apartheid and later became President of South Africa,C,"By definition, Leonardo da Vinci is: a Renaissance artist and inventor known for the Mona Lisa and many scientific sketches",General Knowledge (GK),Famous People
"Which term matches this description: ""Australia (Oceania), located in the Southern Hemisphere""?",the tallest building in the world,the currency of the European Union,the smallest continent by area,the smallest country in the world,C,"The description matches the smallest continent by area: Australia (Oceania), located in the Southern Hemisphere",General Knowledge (GK),World Facts
A traveller lands in Kuwait City. Which country are they most likely visiting?,Ukraine,Kuwait,Nigeria,Philippines,B,Kuwait City is the capital city of Kuwait.,General Knowledge (GK),Countries and Capitals
A traveller lands in Seoul. Which country are they most likely visiting?,Croatia,Argentina,Bulgaria,South Korea,D,Seoul is the capital city of South Korea.,General Knowledge (GK),Countries and Capitals
"Fill in the blank: ______ refers to ""a device for transmitting voice over distance, credited to Alexander Graham Bell"".",Teachers' Day in India,the telephone,the Pacific Ocean,the Guinness World Records,B,"the telephone refers to: a device for transmitting voice over distance, credited to Alexander Graham Bell",General Knowledge (GK),Inventions
"Which term matches this description: ""a device for producing light using electricity, commercially developed by Thomas Edison""?",the Sydney Opera House,Big Ben,the Guinness World Records,the light bulb,D,"The description matches the light bulb: a device for producing light using electricity, commercially developed by Thomas Edison",General Knowledge (GK),Inventions
Lima is the capital city of which country?,Finland,Peru,Chile,Philippines,B,Lima is the capital of Peru.,General Knowledge (GK),Countries and Capitals
What is the currency of Japan?,observed on 22 April to raise awareness about environmental protection,the largest and deepest of Earth's oceanic divisions,an Indian leader who led India's non-violent independence movement against British rule,"the Japanese Yen, one of the most traded currencies in the world",D,"the currency of Japan is: the Japanese Yen, one of the most traded currencies in the world",General Knowledge (GK),Currencies
Which statement correctly describes the Great Barrier Reef?,"the tallest mountain above sea level, located in the Himalayas on the Nepal-China border","widely regarded as the longest river in the world, flowing through northeastern Africa","the world's largest coral reef system, located off the coast of Queensland, Australia","the deepest known part of the world's oceans, located in the western Pacific Ocean",C,"By definition, the Great Barrier Reef is: the world's largest coral reef system, located off the coast of Queensland, Australia",General Knowledge (GK),Geography
Which statement correctly describes the Statue of Unity?,a freestanding bell tower in Italy famous for its unintended tilt,"a wrought-iron lattice tower in Paris, built in 1889 by Gustave Eiffel","the world's tallest statue, located in Gujarat, India, depicting Sardar Vallabhbhai Patel",an ancient Incan citadel located in the Andes Mountains of Peru,C,"By definition, the Statue of Unity is: the world's tallest statue, located in Gujarat, India, depicting Sardar Vallabhbhai Patel",General Knowledge (GK),Landmarks
Uganda is located on which continent?,Europe,Africa,Asia,Asia/Europe,B,Uganda is located in Africa.,General Knowledge (GK),Geography
What is the official currency of Philippines?,Romanian Leu,Tunisian Dinar,Philippine Peso,Serbian Dinar,C,The currency of Philippines is the Philippine Peso.,General Knowledge (GK),Currencies
What is the national emblem of India?,"Jawaharlal Nehru, who served from 1947 to 1964","the Lion Capital of Ashoka, adapted from the Sarnath pillar","'Vande Mataram', written by Bankim Chandra Chattopadhyay","Dr. Rajendra Prasad, who served from 1950 to 1962",B,"the national emblem of India is: the Lion Capital of Ashoka, adapted from the Sarnath pillar",General Knowledge (GK),India Facts
What is Wimbledon?,"Dr. Rajendra Prasad, who served from 1950 to 1962",an international financial institution that provides loans and grants to developing countries,"celebrated on 26 January, marking the day the Constitution of India came into effect in 1950","the oldest tennis tournament in the world, held annually in London, England",D,"Wimbledon is: the oldest tennis tournament in the world, held annually in London, England",General Knowledge (GK),Sports and Events
Mexico City is the capital city of which country?,Cuba,Mexico,Jamaica,Morocco,B,Mexico City is the capital of Mexico.,General Knowledge (GK),Countries and Capitals
Beirut is the capital city of which country?,Lebanon,Qatar,Turkey,Papua New Guinea,A,Beirut is the capital of Lebanon.,General Knowledge (GK),Countries and Capitals
"Fill in the blank: ______ refers to ""a large statue on Liberty Island in New York Harbor, gifted to the USA by France in 1886"".",the Statue of Liberty,the Pyramids of Giza,the Great Wall of China,the Sydney Opera House,A,"the Statue of Liberty refers to: a large statue on Liberty Island in New York Harbor, gifted to the USA by France in 1886",General Knowledge (GK),Landmarks
"Fill in the blank: ______ refers to ""the oldest tennis tournament in the world, held annually in London, England"".",ASEAN,the national flower of India,Wimbledon,the Antarctic continent,C,"Wimbledon refers to: the oldest tennis tournament in the world, held annually in London, England",General Knowledge (GK),Sports and Events
Vienna is the capital city of which country?,United States,Jamaica,Austria,Romania,C,Vienna is the capital of Austria.,General Knowledge (GK),Countries and Capitals
Amsterdam is the capital city of which country?,South Africa,Germany,Netherlands,Taiwan,C,Amsterdam is the capital of Netherlands.,General Knowledge (GK),Countries and Capitals
A traveller lands in Montevideo. Which country are they most likely visiting?,Uruguay,Tunisia,Cambodia,Norway,A,Montevideo is the capital city of Uruguay.,General Knowledge (GK),Countries and Capitals
The city of Prague serves as the capital of which nation in Europe?,Bulgaria,Czech Republic,France,Denmark,B,"Prague is the capital of Czech Republic, located in Europe.",General Knowledge (GK),Countries and Capitals
The city of Mexico City serves as the capital of which nation in North America?,Canada,United States,Cuba,Mexico,D,"Mexico City is the capital of Mexico, located in North America.",General Knowledge (GK),Countries and Capitals
What is the official currency of Nepal?,Nepalese Rupee,Polish Zloty,Jamaican Dollar,Serbian Dinar,A,The currency of Nepal is the Nepalese Rupee.,General Knowledge (GK),Currencies
What is the most populous country in the world?,"Russia, which spans across Europe and Asia","India, which surpassed China in population in 2023","Australia (Oceania), located in the Southern Hemisphere","the Euro, used by most member states of the EU",B,"the most populous country in the world is: India, which surpassed China in population in 2023",General Knowledge (GK),World Facts
Croatia is located on which continent?,North America,Asia,Europe/Asia,Europe,D,Croatia is located in Europe.,General Knowledge (GK),Geography
Zimbabwe is located on which continent?,Africa,South America,Europe/Asia,Europe,A,Zimbabwe is located in Africa.,General Knowledge (GK),Geography
What is the official currency of Bolivia?,Kazakhstani Tenge,Indonesian Rupiah,Polish Zloty,Bolivian Boliviano,D,The currency of Bolivia is the Bolivian Boliviano.,General Knowledge (GK),Currencies
Which currency would you use for everyday transactions in Laos?,Lao Kip,Philippine Peso,South African Rand,Icelandic Krona,A,Laos uses the Lao Kip as its official currency.,General Knowledge (GK),Currencies
Which currency would you use for everyday transactions in Ghana?,Kazakhstani Tenge,Fijian Dollar,Ghanaian Cedi,Danish Krone,C,Ghana uses the Ghanaian Cedi as its official currency.,General Knowledge (GK),Currencies
Brussels is the capital city of which country?,Saudi Arabia,Japan,Malaysia,Belgium,D,Brussels is the capital of Belgium.,General Knowledge (GK),Countries and Capitals
What is the official currency of Fiji?,Qatari Riyal,Iranian Rial,Fijian Dollar,Russian Ruble,C,The currency of Fiji is the Fijian Dollar.,General Knowledge (GK),Currencies
A traveller lands in Bern. Which country are they most likely visiting?,Oman,Turkey,Switzerland,United Kingdom,C,Bern is the capital city of Switzerland.,General Knowledge (GK),Countries and Capitals
The city of Havana serves as the capital of which nation in North America?,Mexico,Jamaica,Cuba,United States,C,"Havana is the capital of Cuba, located in North America.",General Knowledge (GK),Countries and Capitals
What is the capital of Poland?,Naypyidaw,Warsaw,Vientiane,Hanoi,B,The capital of Poland is Warsaw.,General Knowledge (GK),Countries and Capitals
What is the capital of Libya?,Oslo,Ankara,Tripoli,Madrid,C,The capital of Libya is Tripoli.,General Knowledge (GK),Countries and Capitals
The city of Helsinki serves as the capital of which nation in Europe?,Ukraine,Finland,Netherlands,Italy,B,"Helsinki is the capital of Finland, located in Europe.",General Knowledge (GK),Countries and Capitals
Which currency would you use for everyday transactions in Malaysia?,Zimbabwean Dollar,Kuwaiti Dinar,Uzbekistani Som,Malaysian Ringgit,D,Malaysia uses the Malaysian Ringgit as its official currency.,General Knowledge (GK),Currencies
The city of Oslo serves as the capital of which nation in Europe?,Norway,Denmark,Croatia,Germany,A,"Oslo is the capital of Norway, located in Europe.",General Knowledge (GK),Countries and Capitals
What is the Great Wall of China?,"ancient Egyptian monuments built as tombs for pharaohs, located near Cairo",an ancient Incan citadel located in the Andes Mountains of Peru,the nickname for the Great Bell of the clock at the Houses of Parliament in London,an ancient series of fortifications built across northern China to protect against invasions,D,the Great Wall of China is: an ancient series of fortifications built across northern China to protect against invasions,General Knowledge (GK),Landmarks
What is the official currency of Chile?,Argentine Peso,Cambodian Riel,Chilean Peso,Peruvian Sol,C,The currency of Chile is the Chilean Peso.,General Knowledge (GK),Currencies
Which statement correctly describes World Environment Day?,observed on 21 June to raise awareness of the benefits of practicing yoga,observed on 5 June to raise awareness about protecting the environment,"celebrated on 14 November, the birthday of Jawaharlal Nehru",observed on 8 March to celebrate women's achievements and promote gender equality,B,"By definition, World Environment Day is: observed on 5 June to raise awareness about protecting the environment",General Knowledge (GK),Important Days
What is the official currency of Vietnam?,Tanzanian Shilling,Vietnamese Dong,Qatari Riyal,Malaysian Ringgit,B,The currency of Vietnam is the Vietnamese Dong.,General Knowledge (GK),Currencies
What is the official currency of Myanmar?,Myanmar Kyat,New Taiwan Dollar,South Korean Won,Sudanese Pound,A,The currency of Myanmar is the Myanmar Kyat.,General Knowledge (GK),Currencies
"Which term matches this description: ""a multi-venue performing arts centre in Sydney, Australia, known for its distinctive shell-like design""?",the Eiffel Tower,the Sydney Opera House,Big Ben,the Pyramids of Giza,B,"The description matches the Sydney Opera House: a multi-venue performing arts centre in Sydney, Australia, known for its distinctive shell-like design",General Knowledge (GK),Landmarks
"Fill in the blank: ______ refers to ""the Association of Southeast Asian Nations, a regional organisation promoting political and economic cooperation"".",the Red Cross,SAARC,UNESCO,ASEAN,D,"ASEAN refers to: the Association of Southeast Asian Nations, a regional organisation promoting political and economic cooperation",General Knowledge (GK),Organisations
A traveller lands in Dublin. Which country are they most likely visiting?,Ireland,Netherlands,Iceland,Thailand,A,Dublin is the capital city of Ireland.,General Knowledge (GK),Countries and Capitals
What is the capital of Jordan?,Amman,Tehran,Athens,Tunis,A,The capital of Jordan is Amman.,General Knowledge (GK),Countries and Capitals
Which statement correctly describes the smallest country in the world?,"Vatican City, an independent city-state located within Rome, Italy","the Great Wall of China, stretching thousands of kilometres","the Pacific Ocean, covering about one-third of Earth's surface","Australia (Oceania), located in the Southern Hemisphere",A,"By definition, the smallest country in the world is: Vatican City, an independent city-state located within Rome, Italy",General Knowledge (GK),World Facts
"Fill in the blank: ______ refers to ""an engine that uses steam to produce mechanical power, refined by James Watt"".",the Bharat Ratna,the national game of India,the steam engine,the telephone,C,"the steam engine refers to: an engine that uses steam to produce mechanical power, refined by James Watt",General Knowledge (GK),Inventions
What is the Bharat Ratna?,"a prestigious American award for achievements in journalism, literature, and music",annual awards presented by the Recording Academy for outstanding achievements in music,"India's highest civilian award, given for exceptional service in any field","an international award given annually in fields including Physics, Chemistry, Medicine, Literature, Peace, and Economics, established by Alfred Nobel's will",C,"the Bharat Ratna is: India's highest civilian award, given for exceptional service in any field",General Knowledge (GK),Awards
"Which term matches this description: ""Dr. Rajendra Prasad, who served from 1950 to 1962""?",the national bird of India,the Indian Constitution,the national song of India,the first President of India,D,"The description matches the first President of India: Dr. Rajendra Prasad, who served from 1950 to 1962",General Knowledge (GK),India Facts
"Which term matches this description: ""a system of interlinked hypertext documents accessed via the internet, invented by Tim Berners-Lee""?",Marie Curie,the Amazon Rainforest,the Sahara Desert,the World Wide Web,D,"The description matches the World Wide Web: a system of interlinked hypertext documents accessed via the internet, invented by Tim Berners-Lee",General Knowledge (GK),Inventions
What is the official currency of Poland?,Saudi Riyal,Brazilian Real,Polish Zloty,Afghan Afghani,C,The currency of Poland is the Polish Zloty.,General Knowledge (GK),Currencies
The city of Lima serves as the capital of which nation in South America?,Argentina,Colombia,Brazil,Peru,D,"Lima is the capital of Peru, located in South America.",General Knowledge (GK),Countries and Capitals
"Which term matches this description: ""the largest hot desert in the world, located in North Africa""?",Lake Baikal,the Amazon River,the Sahara Desert,the Great Barrier Reef,C,"The description matches the Sahara Desert: the largest hot desert in the world, located in North Africa",General Knowledge (GK),Geography
What is the official currency of Hungary?,Egyptian Pound,Mexican Peso,Hungarian Forint,Romanian Leu,C,The currency of Hungary is the Hungarian Forint.,General Knowledge (GK),Currencies
The city of Tehran serves as the capital of which nation in Asia?,Iran,Singapore,Myanmar,Yemen,A,"Tehran is the capital of Iran, located in Asia.",General Knowledge (GK),Countries and Capitals
Abu Dhabi is the capital city of which country?,United Arab Emirates,Yemen,Spain,Tanzania,A,Abu Dhabi is the capital of United Arab Emirates.,General Knowledge (GK),Countries and Capitals
Australia is located on which continent?,Africa,Oceania,Asia,Asia/Europe,B,Australia is located in Oceania.,General Knowledge (GK),Geography
The city of Bogotá serves as the capital of which nation in South America?,Ecuador,Uruguay,Colombia,Chile,C,"Bogotá is the capital of Colombia, located in South America.",General Knowledge (GK),Countries and Capitals
What is the capital of Malaysia?,Kuala Lumpur,Taipei,Prague,Buenos Aires,A,The capital of Malaysia is Kuala Lumpur.,General Knowledge (GK),Countries and Capitals
"Which term matches this description: ""the deepest known part of the world's oceans, located in the western Pacific Ocean""?",the Great Barrier Reef,Lake Baikal,the Mariana Trench,the Amazon Rainforest,C,"The description matches the Mariana Trench: the deepest known part of the world's oceans, located in the western Pacific Ocean",General Knowledge (GK),Geography
Which statement correctly describes the theory of evolution?,a multi-sport event held every four years among members of the Commonwealth of Nations,a scientific theory proposed by Charles Darwin explaining how species change over time through natural selection,"Rajasthan, known for the Thar Desert and its rich cultural heritage","Orville and Wilbur Wright, American inventors credited with building and flying the first successful airplane",B,"By definition, the theory of evolution is: a scientific theory proposed by Charles Darwin explaining how species change over time through natural selection",General Knowledge (GK),Discoveries
A traveller lands in Brussels. Which country are they most likely visiting?,Belgium,Lebanon,North Korea,Kuwait,A,Brussels is the capital city of Belgium.,General Knowledge (GK),Countries and Capitals
What is the official currency of Bangladesh?,Zimbabwean Dollar,Mongolian Tögrög,Bangladeshi Taka,Omani Rial,C,The currency of Bangladesh is the Bangladeshi Taka.,General Knowledge (GK),Currencies
A traveller lands in Taipei. Which country are they most likely visiting?,Peru,Chile,Russia,Taiwan,D,Taipei is the capital city of Taiwan.,General Knowledge (GK),Countries and Capitals
Morocco is located on which continent?,Oceania,Africa,Asia/Europe,Europe/Asia,B,Morocco is located in Africa.,General Knowledge (GK),Geography
"Which term matches this description: ""a device invented by Johannes Gutenberg around 1440 that enabled mass production of books""?",International Yoga Day,the national anthem of India,the Pyramids of Giza,the printing press,D,The description matches the printing press: a device invented by Johannes Gutenberg around 1440 that enabled mass production of books,General Knowledge (GK),Inventions
What is the capital of Peru?,Tehran,Lima,Amsterdam,Ottawa,B,The capital of Peru is Lima.,General Knowledge (GK),Countries and Capitals
Which currency would you use for everyday transactions in Singapore?,Singapore Dollar,Afghan Afghani,Philippine Peso,Iranian Rial,A,Singapore uses the Singapore Dollar as its official currency.,General Knowledge (GK),Currencies
"Which term matches this description: ""an ancient amphitheatre in Rome, Italy, used for gladiator contests and public spectacles""?",the Statue of Unity,the Great Wall of China,the Colosseum,the Taj Mahal,C,"The description matches the Colosseum: an ancient amphitheatre in Rome, Italy, used for gladiator contests and public spectacles",General Knowledge (GK),Landmarks
Montevideo is the capital city of which country?,Uruguay,Venezuela,North Korea,Nigeria,A,Montevideo is the capital of Uruguay.,General Knowledge (GK),Countries and Capitals
Brazil is located on which continent?,Africa,Europe,South America,Europe/Asia,C,Brazil is located in South America.,General Knowledge (GK),Geography
The city of Ankara serves as the capital of which nation in Asia/Europe?,Turkey_2,Turkey_1,Turkey,Turkey_3,C,"Ankara is the capital of Turkey, located in Asia/Europe.",General Knowledge (GK),Countries and Capitals
Which currency would you use for everyday transactions in Spain?,Moroccan Dirham,Icelandic Krona,Ethiopian Birr,Euro,D,Spain uses the Euro as its official currency.,General Knowledge (GK),Currencies
Which currency would you use for everyday transactions in France?,Japanese Yen,Mongolian Tögrög,South Korean Won,Euro,D,France uses the Euro as its official currency.,General Knowledge (GK),Currencies
What is the official currency of Serbia?,UAE Dirham,Lao Kip,Serbian Dinar,Venezuelan Bolívar,C,The currency of Serbia is the Serbian Dinar.,General Knowledge (GK),Currencies
Which statement correctly describes the Taj Mahal?,"a white marble mausoleum in Agra, India, built by Mughal emperor Shah Jahan in memory of his wife Mumtaz Mahal","a wrought-iron lattice tower in Paris, built in 1889 by Gustave Eiffel",a freestanding bell tower in Italy famous for its unintended tilt,"a large statue on Liberty Island in New York Harbor, gifted to the USA by France in 1886",A,"By definition, the Taj Mahal is: a white marble mausoleum in Agra, India, built by Mughal emperor Shah Jahan in memory of his wife Mumtaz Mahal",General Knowledge (GK),Landmarks
"Fill in the blank: ______ refers to ""celebrated on 26 January, marking the day the Constitution of India came into effect in 1950"".",World Health Day,Children's Day in India,International Yoga Day,Republic Day of India,D,"Republic Day of India refers to: celebrated on 26 January, marking the day the Constitution of India came into effect in 1950",General Knowledge (GK),Important Days
What is the official currency of Ireland?,Brazilian Real,Euro,Jamaican Dollar,Mongolian Tögrög,B,The currency of Ireland is the Euro.,General Knowledge (GK),Currencies
"Fill in the blank: ______ refers to ""a white marble mausoleum in Agra, India, built by Mughal emperor Shah Jahan in memory of his wife Mumtaz Mahal"".",the Great Wall of China,Big Ben,the Taj Mahal,Machu Picchu,C,"the Taj Mahal refers to: a white marble mausoleum in Agra, India, built by Mughal emperor Shah Jahan in memory of his wife Mumtaz Mahal",General Knowledge (GK),Landmarks
The city of Warsaw serves as the capital of which nation in Europe?,Norway,Belgium,Poland,Ukraine,C,"Warsaw is the capital of Poland, located in Europe.",General Knowledge (GK),Countries and Capitals
What is the official currency of Czech Republic?,Polish Zloty,Czech Koruna,Serbian Dinar,Tanzanian Shilling,B,The currency of Czech Republic is the Czech Koruna.,General Knowledge (GK),Currencies
Which currency would you use for everyday transactions in Poland?,Polish Zloty,Omani Rial,Indian Rupee,Iraqi Dinar,A,Poland uses the Polish Zloty as its official currency.,General Knowledge (GK),Currencies
Which statement correctly describes the Leaning Tower of Pisa?,the nickname for the Great Bell of the clock at the Houses of Parliament in London,an ancient series of fortifications built across northern China to protect against invasions,a freestanding bell tower in Italy famous for its unintended tilt,"a white marble mausoleum in Agra, India, built by Mughal emperor Shah Jahan in memory of his wife Mumtaz Mahal",C,"By definition, the Leaning Tower of Pisa is: a freestanding bell tower in Italy famous for its unintended tilt",General Knowledge (GK),Landmarks
Laos is located on which continent?,Asia,Africa,North America,Asia/Europe,A,Laos is located in Asia.,General Knowledge (GK),Geography
A traveller lands in Warsaw. Which country are they most likely visiting?,Norway,Poland,Myanmar,Greece,B,Warsaw is the capital city of Poland.,General Knowledge (GK),Countries and Capitals
Which statement correctly describes the Pyramids of Giza?,"ancient Egyptian monuments built as tombs for pharaohs, located near Cairo","a white marble mausoleum in Agra, India, built by Mughal emperor Shah Jahan in memory of his wife Mumtaz Mahal","an ancient amphitheatre in Rome, Italy, used for gladiator contests and public spectacles",an ancient Incan citadel located in the Andes Mountains of Peru,A,"By definition, the Pyramids of Giza is: ancient Egyptian monuments built as tombs for pharaohs, located near Cairo",General Knowledge (GK),Landmarks
Which currency would you use for everyday transactions in Finland?,Cuban Peso,New Zealand Dollar,Cambodian Riel,Euro,D,Finland uses the Euro as its official currency.,General Knowledge (GK),Currencies
"Which term matches this description: ""Jawaharlal Nehru, who served from 1947 to 1964""?",the largest state in India by area,the first Prime Minister of India,the national anthem of India,the national flower of India,B,"The description matches the first Prime Minister of India: Jawaharlal Nehru, who served from 1947 to 1964",General Knowledge (GK),India Facts
What is the capital of Cambodia?,Tunis,Sofia,Phnom Penh,Dhaka,C,The capital of Cambodia is Phnom Penh.,General Knowledge (GK),Countries and Capitals
Which statement correctly describes the national flower of India?,"the Lion Capital of Ashoka, adapted from the Sarnath pillar","the Lotus, which symbolises purity and grace in Indian culture","Jawaharlal Nehru, who served from 1947 to 1964","the Bengal Tiger, a symbol of India's wildlife conservation efforts",B,"By definition, the national flower of India is: the Lotus, which symbolises purity and grace in Indian culture",General Knowledge (GK),India Facts
Accra is the capital city of which country?,Norway,Ghana,Singapore,Algeria,B,Accra is the capital of Ghana.,General Knowledge (GK),Countries and Capitals
"Which term matches this description: ""an international multi-sport event held every four years, originating in ancient Greece""?",the Guinness World Records,the Olympic Games,the longest river in India,the Great Barrier Reef,B,"The description matches the Olympic Games: an international multi-sport event held every four years, originating in ancient Greece",General Knowledge (GK),Sports and Events
What is the official currency of Uruguay?,Bolivian Boliviano,South Korean Won,Uruguayan Peso,Zimbabwean Dollar,C,The currency of Uruguay is the Uruguayan Peso.,General Knowledge (GK),Currencies
What is the capital of China?,Ankara,Stockholm,Beijing,Taipei,C,The capital of China is Beijing.,General Knowledge (GK),Countries and Capitals
A traveller lands in Algiers. Which country are they most likely visiting?,Algeria,Fiji,Malaysia,Switzerland,A,Algiers is the capital city of Algeria.,General Knowledge (GK),Countries and Capitals
A traveller lands in Amsterdam. Which country are they most likely visiting?,Czech Republic,Sri Lanka,Netherlands,Ireland,C,Amsterdam is the capital city of Netherlands.,General Knowledge (GK),Countries and Capitals
Which currency would you use for everyday transactions in Taiwan?,New Taiwan Dollar,Moroccan Dirham,Jamaican Dollar,Chilean Peso,A,Taiwan uses the New Taiwan Dollar as its official currency.,General Knowledge (GK),Currencies
The city of Astana serves as the capital of which nation in Asia?,Jordan,Lebanon,Taiwan,Kazakhstan,D,"Astana is the capital of Kazakhstan, located in Asia.",General Knowledge (GK),Countries and Capitals
What is the official currency of Turkey?,Turkish Lira,Uzbekistani Som,Japanese Yen,Colombian Peso,A,The currency of Turkey is the Turkish Lira.,General Knowledge (GK),Currencies
Ukraine is located on which continent?,Europe,Africa,South America,Oceania,A,Ukraine is located in Europe.,General Knowledge (GK),Geography
A traveller lands in Abuja. Which country are they most likely visiting?,Singapore,Nigeria,Ecuador,Jordan,B,Abuja is the capital city of Nigeria.,General Knowledge (GK),Countries and Capitals
What is the capital of Indonesia?,Jakarta,Paris,Pyongyang,Reykjavik,A,The capital of Indonesia is Jakarta.,General Knowledge (GK),Countries and Capitals
"Which term matches this description: ""celebrated on 5 September, the birthday of Dr. Sarvepalli Radhakrishnan""?",Teachers' Day in India,World Health Day,Independence Day of India,International Women's Day,A,"The description matches Teachers' Day in India: celebrated on 5 September, the birthday of Dr. Sarvepalli Radhakrishnan",General Knowledge (GK),Important Days
What is the official currency of Israel?,Qatari Riyal,Moroccan Dirham,Brazilian Real,Israeli New Shekel,D,The currency of Israel is the Israeli New Shekel.,General Knowledge (GK),Currencies
What is the official currency of Nigeria?,Colombian Peso,Singapore Dollar,Nigerian Naira,South African Rand,C,The currency of Nigeria is the Nigerian Naira.,General Knowledge (GK),Currencies
Which statement correctly describes the Nile River?,"the southernmost continent, almost entirely covered by ice","the deepest and one of the largest freshwater lakes in the world, located in Russia",the largest and deepest of Earth's oceanic divisions,"widely regarded as the longest river in the world, flowing through northeastern Africa",D,"By definition, the Nile River is: widely regarded as the longest river in the world, flowing through northeastern Africa",General Knowledge (GK),Geography
"Which term matches this description: ""a large statue on Liberty Island in New York Harbor, gifted to the USA by France in 1886""?",Machu Picchu,the Pyramids of Giza,the Statue of Liberty,the Great Wall of China,C,"The description matches the Statue of Liberty: a large statue on Liberty Island in New York Harbor, gifted to the USA by France in 1886",General Knowledge (GK),Landmarks
"Fill in the blank: ______ refers to ""an international football tournament held every four years for national teams"".",the Red Cross,International Yoga Day,the FIFA World Cup,the theory of relativity,C,the FIFA World Cup refers to: an international football tournament held every four years for national teams,General Knowledge (GK),Sports and Events
What is the smallest continent by area?,"Australia (Oceania), located in the Southern Hemisphere","Russia, which spans across Europe and Asia","the Burj Khalifa, located in Dubai, United Arab Emirates","the Great Wall of China, stretching thousands of kilometres",A,"the smallest continent by area is: Australia (Oceania), located in the Southern Hemisphere",General Knowledge (GK),World Facts
What is the capital of Bangladesh?,Wellington,Dhaka,Algiers,Beijing,B,The capital of Bangladesh is Dhaka.,General Knowledge (GK),Countries and Capitals
What is the official currency of Uganda?,Uruguayan Peso,New Taiwan Dollar,Ugandan Shilling,Ukrainian Hryvnia,C,The currency of Uganda is the Ugandan Shilling.,General Knowledge (GK),Currencies
Serbia is located on which continent?,Europe/Asia,Asia/Europe,Europe,Africa,C,Serbia is located in Europe.,General Knowledge (GK),Geography
The city of Abu Dhabi serves as the capital of which nation in Asia?,United Arab Emirates,Singapore,Japan,Kazakhstan,A,"Abu Dhabi is the capital of United Arab Emirates, located in Asia.",General Knowledge (GK),Countries and Capitals
Belgrade is the capital city of which country?,Serbia,Vietnam,United Kingdom,Portugal,A,Belgrade is the capital of Serbia.,General Knowledge (GK),Countries and Capitals
What is the capital of Singapore?,Zagreb,Algiers,Singapore,Dublin,C,The capital of Singapore is Singapore.,General Knowledge (GK),Countries and Capitals
Berlin is the capital city of which country?,Japan,Brazil,Germany,Iraq,C,Berlin is the capital of Germany.,General Knowledge (GK),Countries and Capitals
Vientiane is the capital city of which country?,France,Colombia,Malaysia,Laos,D,Vientiane is the capital of Laos.,General Knowledge (GK),Countries and Capitals
Which statement correctly describes William Shakespeare?,a naturalist known for his contributions to the theory of evolution by natural selection,a physicist and chemist who conducted pioneering research on radioactivity and won two Nobel Prizes,a Renaissance artist and inventor known for the Mona Lisa and many scientific sketches,an English playwright and poet widely regarded as the greatest writer in the English language,D,"By definition, William Shakespeare is: an English playwright and poet widely regarded as the greatest writer in the English language",General Knowledge (GK),Famous People
What is the Sydney Opera House?,"a large statue on Liberty Island in New York Harbor, gifted to the USA by France in 1886","the world's tallest statue, located in Gujarat, India, depicting Sardar Vallabhbhai Patel","a wrought-iron lattice tower in Paris, built in 1889 by Gustave Eiffel","a multi-venue performing arts centre in Sydney, Australia, known for its distinctive shell-like design",D,"the Sydney Opera House is: a multi-venue performing arts centre in Sydney, Australia, known for its distinctive shell-like design",General Knowledge (GK),Landmarks
"Fill in the blank: ______ refers to ""an Indian aerospace scientist who served as the 11th President of India"".",APJ Abdul Kalam,Charles Darwin,Isaac Newton,Nelson Mandela,A,APJ Abdul Kalam refers to: an Indian aerospace scientist who served as the 11th President of India,General Knowledge (GK),Famous People
Which currency would you use for everyday transactions in Serbia?,Colombian Peso,Hungarian Forint,South African Rand,Serbian Dinar,D,Serbia uses the Serbian Dinar as its official currency.,General Knowledge (GK),Currencies
What is the official currency of Papua New Guinea?,Zimbabwean Dollar,Sri Lankan Rupee,Papua New Guinean Kina,Brazilian Real,C,The currency of Papua New Guinea is the Papua New Guinean Kina.,General Knowledge (GK),Currencies
What is the capital of Zimbabwe?,Vienna,Harare,Helsinki,Tashkent,B,The capital of Zimbabwe is Harare.,General Knowledge (GK),Countries and Capitals
A traveller lands in Tunis. Which country are they most likely visiting?,Tunisia,Denmark,Thailand,Portugal,A,Tunis is the capital city of Tunisia.,General Knowledge (GK),Countries and Capitals
United Arab Emirates is located on which continent?,Asia,North America,Europe/Asia,South America,A,United Arab Emirates is located in Asia.,General Knowledge (GK),Geography
The city of Pretoria serves as the capital of which nation in Africa?,Nigeria,Tunisia,Egypt,South Africa,D,"Pretoria is the capital of South Africa, located in Africa.",General Knowledge (GK),Countries and Capitals
The city of Brasília serves as the capital of which nation in South America?,Brazil,Venezuela,Uruguay,Colombia,A,"Brasília is the capital of Brazil, located in South America.",General Knowledge (GK),Countries and Capitals
What is the official currency of Saudi Arabia?,Peruvian Sol,Japanese Yen,Saudi Riyal,Papua New Guinean Kina,C,The currency of Saudi Arabia is the Saudi Riyal.,General Knowledge (GK),Currencies
"Which term matches this description: ""a prestigious American award for achievements in journalism, literature, and music""?",the Oscars,the Nobel Prize,the Padma Shri,the Pulitzer Prize,D,"The description matches the Pulitzer Prize: a prestigious American award for achievements in journalism, literature, and music",General Knowledge (GK),Awards
A traveller lands in Oslo. Which country are they most likely visiting?,Qatar,Norway,Peru,United Arab Emirates,B,Oslo is the capital city of Norway.,General Knowledge (GK),Countries and Capitals
A traveller lands in Washington D.C.. Which country are they most likely visiting?,Cuba,Argentina,United States,Uruguay,C,Washington D.C. is the capital city of United States.,General Knowledge (GK),Countries and Capitals
"Which term matches this description: ""a white marble mausoleum in Agra, India, built by Mughal emperor Shah Jahan in memory of his wife Mumtaz Mahal""?",the Eiffel Tower,the Taj Mahal,the Pyramids of Giza,the Sydney Opera House,B,"The description matches the Taj Mahal: a white marble mausoleum in Agra, India, built by Mughal emperor Shah Jahan in memory of his wife Mumtaz Mahal",General Knowledge (GK),Landmarks
What is the official currency of Cuba?,Bolivian Boliviano,Cuban Peso,Serbian Dinar,Polish Zloty,B,The currency of Cuba is the Cuban Peso.,General Knowledge (GK),Currencies
"Which term matches this description: ""an astronomer and physicist who championed heliocentrism and improved the telescope""?",Mahatma Gandhi,Marie Curie,Galileo Galilei,Rabindranath Tagore,C,The description matches Galileo Galilei: an astronomer and physicist who championed heliocentrism and improved the telescope,General Knowledge (GK),Famous People
What is Albert Einstein?,a physicist best known for developing the theory of relativity,a Renaissance artist and inventor known for the Mona Lisa and many scientific sketches,a naturalist known for his contributions to the theory of evolution by natural selection,a physicist and chemist who conducted pioneering research on radioactivity and won two Nobel Prizes,A,Albert Einstein is: a physicist best known for developing the theory of relativity,General Knowledge (GK),Famous People
A traveller lands in Pyongyang. Which country are they most likely visiting?,Thailand,Uzbekistan,Serbia,North Korea,D,Pyongyang is the capital city of North Korea.,General Knowledge (GK),Countries and Capitals
Chile is located on which continent?,Europe/Asia,South America,Asia,Europe,B,Chile is located in South America.,General Knowledge (GK),Geography
Which statement correctly describes the Booker Prize?,"annual awards, officially the Academy Awards, honouring achievement in the film industry",annual awards presented by the Recording Academy for outstanding achievements in music,"a prestigious American award for achievements in journalism, literature, and music",a prestigious literary award given for the best novel written in English,D,"By definition, the Booker Prize is: a prestigious literary award given for the best novel written in English",General Knowledge (GK),Awards
A traveller lands in Hanoi. Which country are they most likely visiting?,Vietnam,Sudan,Croatia,Venezuela,A,Hanoi is the capital city of Vietnam.,General Knowledge (GK),Countries and Capitals
What is the capital of Iran?,Paris,Tehran,Bangkok,Helsinki,B,The capital of Iran is Tehran.,General Knowledge (GK),Countries and Capitals
Which statement correctly describes the Great Wall of China?,an ancient Incan citadel located in the Andes Mountains of Peru,the nickname for the Great Bell of the clock at the Houses of Parliament in London,"ancient Egyptian monuments built as tombs for pharaohs, located near Cairo",an ancient series of fortifications built across northern China to protect against invasions,D,"By definition, the Great Wall of China is: an ancient series of fortifications built across northern China to protect against invasions",General Knowledge (GK),Landmarks
What is Nelson Mandela?,a physicist and chemist who conducted pioneering research on radioactivity and won two Nobel Prizes,an English playwright and poet widely regarded as the greatest writer in the English language,a Renaissance artist and inventor known for the Mona Lisa and many scientific sketches,a South African leader who fought against apartheid and later became President of South Africa,D,Nelson Mandela is: a South African leader who fought against apartheid and later became President of South Africa,General Knowledge (GK),Famous People
Which statement correctly describes the World Wide Web?,"India's highest civilian award, given for exceptional service in any field","an international multi-sport event held every four years, originating in ancient Greece","the Burj Khalifa, located in Dubai, United Arab Emirates","a system of interlinked hypertext documents accessed via the internet, invented by Tim Berners-Lee",D,"By definition, the World Wide Web is: a system of interlinked hypertext documents accessed via the internet, invented by Tim Berners-Lee",General Knowledge (GK),Inventions
Cairo is the capital city of which country?,Iran,Egypt,Ecuador,Malaysia,B,Cairo is the capital of Egypt.,General Knowledge (GK),Countries and Capitals
Which statement correctly describes Independence Day of India?,observed on 11 July to raise awareness of global population issues,observed on 22 April to raise awareness about environmental protection,observed on 8 March to celebrate women's achievements and promote gender equality,"celebrated on 15 August, marking India's independence from British rule in 1947",D,"By definition, Independence Day of India is: celebrated on 15 August, marking India's independence from British rule in 1947",General Knowledge (GK),Important Days
What is the capital of South Africa?,Pretoria,Seoul,Islamabad,Rabat,A,The capital of South Africa is Pretoria.,General Knowledge (GK),Countries and Capitals
The city of Reykjavik serves as the capital of which nation in Europe?,United Kingdom,Poland,Iceland,Romania,C,"Reykjavik is the capital of Iceland, located in Europe.",General Knowledge (GK),Countries and Capitals
Iraq is located on which continent?,Oceania,North America,Asia,Africa,C,Iraq is located in Asia.,General Knowledge (GK),Geography
Poland is located on which continent?,Oceania,Europe,Asia/Europe,Asia,B,Poland is located in Europe.,General Knowledge (GK),Geography
"Which term matches this description: ""the Great Wall of China, stretching thousands of kilometres""?",the largest ocean in the world,the longest wall in the world,the smallest country in the world,the smallest continent by area,B,"The description matches the longest wall in the world: the Great Wall of China, stretching thousands of kilometres",General Knowledge (GK),World Facts
Which currency would you use for everyday transactions in Uruguay?,Lao Kip,Russian Ruble,Uruguayan Peso,Philippine Peso,C,Uruguay uses the Uruguayan Peso as its official currency.,General Knowledge (GK),Currencies
"Which term matches this description: ""celebrated on 15 August, marking India's independence from British rule in 1947""?",Children's Day in India,Independence Day of India,International Yoga Day,World Health Day,B,"The description matches Independence Day of India: celebrated on 15 August, marking India's independence from British rule in 1947",General Knowledge (GK),Important Days
Sofia is the capital city of which country?,Bulgaria,New Zealand,South Africa,Japan,A,Sofia is the capital of Bulgaria.,General Knowledge (GK),Countries and Capitals
A traveller lands in Canberra. Which country are they most likely visiting?,Australia,China,Papua New Guinea,Tanzania,A,Canberra is the capital city of Australia.,General Knowledge (GK),Countries and Capitals
A traveller lands in Madrid. Which country are they most likely visiting?,New Zealand,Spain,Ethiopia,Chile,B,Madrid is the capital city of Spain.,General Knowledge (GK),Countries and Capitals
What is World Health Day?,"observed on 7 April to raise awareness of global health issues, marking the founding of the WHO","celebrated on 5 September, the birthday of Dr. Sarvepalli Radhakrishnan","celebrated on 14 November, the birthday of Jawaharlal Nehru","celebrated on 15 August, marking India's independence from British rule in 1947",A,"World Health Day is: observed on 7 April to raise awareness of global health issues, marking the founding of the WHO",General Knowledge (GK),Important Days
Israel is located on which continent?,Asia,Europe,Europe/Asia,Africa,A,Israel is located in Asia.,General Knowledge (GK),Geography
Which statement correctly describes the printing press?,"the Burj Khalifa, located in Dubai, United Arab Emirates","the Pacific Ocean, covering about one-third of Earth's surface",observed on 5 June to raise awareness about protecting the environment,a device invented by Johannes Gutenberg around 1440 that enabled mass production of books,D,"By definition, the printing press is: a device invented by Johannes Gutenberg around 1440 that enabled mass production of books",General Knowledge (GK),Inventions
The city of Baghdad serves as the capital of which nation in Asia?,Afghanistan,Mongolia,Myanmar,Iraq,D,"Baghdad is the capital of Iraq, located in Asia.",General Knowledge (GK),Countries and Capitals
What is the capital of United Kingdom?,Beijing,London,Seoul,Zagreb,B,The capital of United Kingdom is London.,General Knowledge (GK),Countries and Capitals
Abuja is the capital city of which country?,Nigeria,Netherlands,Fiji,Yemen,A,Abuja is the capital of Nigeria.,General Knowledge (GK),Countries and Capitals
Which currency would you use for everyday transactions in South Africa?,Norwegian Krone,Serbian Dinar,Swedish Krona,South African Rand,D,South Africa uses the South African Rand as its official currency.,General Knowledge (GK),Currencies
Pyongyang is the capital city of which country?,Iceland,North Korea,Libya,Hungary,B,Pyongyang is the capital of North Korea.,General Knowledge (GK),Countries and Capitals
What is the Padma Shri?,"a prestigious American award for achievements in journalism, literature, and music","India's highest civilian award, given for exceptional service in any field","one of India's highest civilian awards, given for distinguished contributions in various fields",annual awards presented by the Recording Academy for outstanding achievements in music,C,"the Padma Shri is: one of India's highest civilian awards, given for distinguished contributions in various fields",General Knowledge (GK),Awards
Sana'a is the capital city of which country?,Serbia,Argentina,Venezuela,Yemen,D,Sana'a is the capital of Yemen.,General Knowledge (GK),Countries and Capitals
What is the smallest country in the world?,"Vatican City, an independent city-state located within Rome, Italy","Asia, which is home to more than half the world's population","Russia, which spans across Europe and Asia","the Great Wall of China, stretching thousands of kilometres",A,"the smallest country in the world is: Vatican City, an independent city-state located within Rome, Italy",General Knowledge (GK),World Facts
"Which term matches this description: ""a force described by Isaac Newton that attracts objects with mass toward one another""?",the national bird of India,the currency of the European Union,gravity,the Eiffel Tower,C,The description matches gravity: a force described by Isaac Newton that attracts objects with mass toward one another,General Knowledge (GK),Discoveries
A traveller lands in Wellington. Which country are they most likely visiting?,New Zealand,Spain,South Korea,Mongolia,A,Wellington is the capital city of New Zealand.,General Knowledge (GK),Countries and Capitals
Sudan is located on which continent?,South America,Africa,Oceania,Europe/Asia,B,Sudan is located in Africa.,General Knowledge (GK),Geography
A traveller lands in Athens. Which country are they most likely visiting?,Greece,Papua New Guinea,United Kingdom,Serbia,A,Athens is the capital city of Greece.,General Knowledge (GK),Countries and Capitals
Paris is the capital city of which country?,France,Norway,Kuwait,United Arab Emirates,A,Paris is the capital of France.,General Knowledge (GK),Countries and Capitals
What is the World Wide Web?,"a system of interlinked hypertext documents accessed via the internet, invented by Tim Berners-Lee",observed on 21 June to raise awareness of the benefits of practicing yoga,"an international multi-sport event held every four years, originating in ancient Greece","the United Nations Educational, Scientific and Cultural Organization, which promotes education, science, and culture worldwide",A,"the World Wide Web is: a system of interlinked hypertext documents accessed via the internet, invented by Tim Berners-Lee",General Knowledge (GK),Inventions
"Which term matches this description: ""India's highest civilian award, given for exceptional service in any field""?",the Grammy Awards,the Bharat Ratna,the Nobel Prize,the Oscars,B,"The description matches the Bharat Ratna: India's highest civilian award, given for exceptional service in any field",General Knowledge (GK),Awards
Nairobi is the capital city of which country?,Kenya,Indonesia,Croatia,South Korea,A,Nairobi is the capital of Kenya.,General Knowledge (GK),Countries and Capitals
What is the official currency of India?,Indian Rupee,Afghan Afghani,Hungarian Forint,Japanese Yen,A,The currency of India is the Indian Rupee.,General Knowledge (GK),Currencies
Thailand is located on which continent?,Europe/Asia,Asia,South America,Asia/Europe,B,Thailand is located in Asia.,General Knowledge (GK),Geography
Cambodia is located on which continent?,Africa,South America,Asia,Oceania,C,Cambodia is located in Asia.,General Knowledge (GK),Geography
"Fill in the blank: ______ refers to ""one of India's highest civilian awards, given for distinguished contributions in various fields"".",the Booker Prize,the Nobel Prize,the Padma Shri,the Oscars,C,"the Padma Shri refers to: one of India's highest civilian awards, given for distinguished contributions in various fields",General Knowledge (GK),Awards
"Fill in the blank: ______ refers to ""a multi-venue performing arts centre in Sydney, Australia, known for its distinctive shell-like design"".",the Eiffel Tower,the Sydney Opera House,the Taj Mahal,the Leaning Tower of Pisa,B,"the Sydney Opera House refers to: a multi-venue performing arts centre in Sydney, Australia, known for its distinctive shell-like design",General Knowledge (GK),Landmarks
Stockholm is the capital city of which country?,Venezuela,Sweden,Uzbekistan,Kenya,B,Stockholm is the capital of Sweden.,General Knowledge (GK),Countries and Capitals
Which currency would you use for everyday transactions in Tanzania?,Tanzanian Shilling,Tunisian Dinar,Bulgarian Lev,Turkish Lira,A,Tanzania uses the Tanzanian Shilling as its official currency.,General Knowledge (GK),Currencies
Spain is located on which continent?,North America,Europe,Asia,Europe/Asia,B,Spain is located in Europe.,General Knowledge (GK),Geography
What is the capital of Uzbekistan?,Brasília,Suva,Tashkent,Bern,C,The capital of Uzbekistan is Tashkent.,General Knowledge (GK),Countries and Capitals
"Fill in the blank: ______ refers to ""a force described by Isaac Newton that attracts objects with mass toward one another"".",the first President of India,gravity,Galileo Galilei,the Antarctic continent,B,gravity refers to: a force described by Isaac Newton that attracts objects with mass toward one another,General Knowledge (GK),Discoveries
What is the World Bank?,"the South Asian Association for Regional Cooperation, an organisation of South Asian nations","an international humanitarian organisation providing relief in war and disaster, founded by Henri Dunant","the World Health Organization, a UN agency responsible for international public health",an international financial institution that provides loans and grants to developing countries,D,the World Bank is: an international financial institution that provides loans and grants to developing countries,General Knowledge (GK),Organisations
What is the official currency of Bulgaria?,Polish Zloty,Philippine Peso,Tanzanian Shilling,Bulgarian Lev,D,The currency of Bulgaria is the Bulgarian Lev.,General Knowledge (GK),Currencies
The city of Addis Ababa serves as the capital of which nation in Africa?,Zimbabwe,Egypt,Uganda,Ethiopia,D,"Addis Ababa is the capital of Ethiopia, located in Africa.",General Knowledge (GK),Countries and Capitals
Sri Lanka is located on which continent?,Oceania,Asia,Africa,Europe,B,Sri Lanka is located in Asia.,General Knowledge (GK),Geography
What is the official currency of Zimbabwe?,Norwegian Krone,Lao Kip,Zimbabwean Dollar,Sudanese Pound,C,The currency of Zimbabwe is the Zimbabwean Dollar.,General Knowledge (GK),Currencies
"Fill in the blank: ______ refers to ""the World Health Organization, a UN agency responsible for international public health"".",WHO,the International Monetary Fund (IMF),ASEAN,SAARC,A,"WHO refers to: the World Health Organization, a UN agency responsible for international public health",General Knowledge (GK),Organisations
What is the capital of Bulgaria?,Santiago,Beirut,Sofia,Paris,C,The capital of Bulgaria is Sofia.,General Knowledge (GK),Countries and Capitals
The city of Moscow serves as the capital of which nation in Europe/Asia?,Russia,Russia_3,Russia_2,Russia_1,A,"Moscow is the capital of Russia, located in Europe/Asia.",General Knowledge (GK),Countries and Capitals
Which currency would you use for everyday transactions in Zimbabwe?,Zimbabwean Dollar,Qatari Riyal,Algerian Dinar,Argentine Peso,A,Zimbabwe uses the Zimbabwean Dollar as its official currency.,General Knowledge (GK),Currencies
Which currency would you use for everyday transactions in Israel?,Israeli New Shekel,Australian Dollar,Chilean Peso,Papua New Guinean Kina,A,Israel uses the Israeli New Shekel as its official currency.,General Knowledge (GK),Currencies
What is the capital of Iceland?,Reykjavik,Lima,Kampala,Ottawa,A,The capital of Iceland is Reykjavik.,General Knowledge (GK),Countries and Capitals
What is the official currency of Iran?,Venezuelan Bolívar,Colombian Peso,Sudanese Pound,Iranian Rial,D,The currency of Iran is the Iranian Rial.,General Knowledge (GK),Currencies
London is the capital city of which country?,Spain,United Kingdom,Nepal,Thailand,B,London is the capital of United Kingdom.,General Knowledge (GK),Countries and Capitals
What is the official currency of Australia?,Singapore Dollar,Australian Dollar,Ethiopian Birr,New Zealand Dollar,B,The currency of Australia is the Australian Dollar.,General Knowledge (GK),Currencies
Algeria is located on which continent?,North America,Africa,South America,Asia/Europe,B,Algeria is located in Africa.,General Knowledge (GK),Geography
The city of Bucharest serves as the capital of which nation in Europe?,Hungary,Netherlands,Romania,Ireland,C,"Bucharest is the capital of Romania, located in Europe.",General Knowledge (GK),Countries and Capitals
What is the capital of Kenya?,Amman,Nairobi,Suva,Copenhagen,B,The capital of Kenya is Nairobi.,General Knowledge (GK),Countries and Capitals
A traveller lands in Jakarta. Which country are they most likely visiting?,Myanmar,Laos,Indonesia,Italy,C,Jakarta is the capital city of Indonesia.,General Knowledge (GK),Countries and Capitals
"Fill in the blank: ______ refers to ""the Lion Capital of Ashoka, adapted from the Sarnath pillar"".",the first Prime Minister of India,the national emblem of India,the longest river in India,the national bird of India,B,"the national emblem of India refers to: the Lion Capital of Ashoka, adapted from the Sarnath pillar",General Knowledge (GK),India Facts
Brasília is the capital city of which country?,Brazil,Mongolia,Yemen,Poland,A,Brasília is the capital of Brazil.,General Knowledge (GK),Countries and Capitals
"Which term matches this description: ""a reference book and organisation that documents and verifies world records""?",the Statue of Unity,the Guinness World Records,the national flower of India,the Grammy Awards,B,The description matches the Guinness World Records: a reference book and organisation that documents and verifies world records,General Knowledge (GK),Records
Tashkent is the capital city of which country?,Uzbekistan,Papua New Guinea,Thailand,Kazakhstan,A,Tashkent is the capital of Uzbekistan.,General Knowledge (GK),Countries and Capitals
Austria is located on which continent?,Europe,Europe/Asia,Asia/Europe,South America,A,Austria is located in Europe.,General Knowledge (GK),Geography
"Which term matches this description: ""the Lion Capital of Ashoka, adapted from the Sarnath pillar""?",the national flower of India,the largest state in India by area,the national emblem of India,the first Prime Minister of India,C,"The description matches the national emblem of India: the Lion Capital of Ashoka, adapted from the Sarnath pillar",General Knowledge (GK),India Facts
"Fill in the blank: ______ refers to ""Vatican City, an independent city-state located within Rome, Italy"".",the tallest building in the world,the smallest country in the world,the most populous country in the world,the currency of the European Union,B,"the smallest country in the world refers to: Vatican City, an independent city-state located within Rome, Italy",General Knowledge (GK),World Facts
What is the official currency of Sudan?,Romanian Leu,Ghanaian Cedi,Philippine Peso,Sudanese Pound,D,The currency of Sudan is the Sudanese Pound.,General Knowledge (GK),Currencies
What is the official currency of Switzerland?,Iranian Rial,Canadian Dollar,Swiss Franc,Myanmar Kyat,C,The currency of Switzerland is the Swiss Franc.,General Knowledge (GK),Currencies
What is International Yoga Day?,observed on 8 March to celebrate women's achievements and promote gender equality,"celebrated on 15 August, marking India's independence from British rule in 1947",observed on 11 July to raise awareness of global population issues,observed on 21 June to raise awareness of the benefits of practicing yoga,D,International Yoga Day is: observed on 21 June to raise awareness of the benefits of practicing yoga,General Knowledge (GK),Important Days
Netherlands is located on which continent?,Asia,Europe,Oceania,Europe/Asia,B,Netherlands is located in Europe.,General Knowledge (GK),Geography
A traveller lands in Sri Jayawardenepura Kotte. Which country are they most likely visiting?,Bulgaria,Nepal,Thailand,Sri Lanka,D,Sri Jayawardenepura Kotte is the capital city of Sri Lanka.,General Knowledge (GK),Countries and Capitals
France is located on which continent?,Oceania,Asia/Europe,North America,Europe,D,France is located in Europe.,General Knowledge (GK),Geography
Reykjavik is the capital city of which country?,Iceland,Sri Lanka,Thailand,Nepal,A,Reykjavik is the capital of Iceland.,General Knowledge (GK),Countries and Capitals
Which statement correctly describes the most populous country in the world?,"Vatican City, an independent city-state located within Rome, Italy","India, which surpassed China in population in 2023","Russia, which spans across Europe and Asia","Australia (Oceania), located in the Southern Hemisphere",B,"By definition, the most populous country in the world is: India, which surpassed China in population in 2023",General Knowledge (GK),World Facts
"Fill in the blank: ______ refers to ""a South African leader who fought against apartheid and later became President of South Africa"".",William Shakespeare,Charles Darwin,Leonardo da Vinci,Nelson Mandela,D,Nelson Mandela refers to: a South African leader who fought against apartheid and later became President of South Africa,General Knowledge (GK),Famous People
Wellington is the capital city of which country?,New Zealand,Argentina,Peru,France,A,Wellington is the capital of New Zealand.,General Knowledge (GK),Countries and Capitals
What is the capital of Australia?,Tripoli,Canberra,Harare,Wellington,B,The capital of Australia is Canberra.,General Knowledge (GK),Countries and Capitals
What is the official currency of Malaysia?,Malaysian Ringgit,Canadian Dollar,Turkish Lira,Sri Lankan Rupee,A,The currency of Malaysia is the Malaysian Ringgit.,General Knowledge (GK),Currencies
Which currency would you use for everyday transactions in Sri Lanka?,Cuban Peso,Malaysian Ringgit,Sri Lankan Rupee,Venezuelan Bolívar,C,Sri Lanka uses the Sri Lankan Rupee as its official currency.,General Knowledge (GK),Currencies
Which statement correctly describes the Commonwealth Games?,"Asia, which is home to more than half the world's population","celebrated on 5 September, the birthday of Dr. Sarvepalli Radhakrishnan",a multi-sport event held every four years among members of the Commonwealth of Nations,"a device for producing light using electricity, commercially developed by Thomas Edison",C,"By definition, the Commonwealth Games is: a multi-sport event held every four years among members of the Commonwealth of Nations",General Knowledge (GK),Sports and Events
"Fill in the blank: ______ refers to ""India's highest civilian award, given for exceptional service in any field"".",the Padma Shri,the Nobel Prize,the Grammy Awards,the Bharat Ratna,D,"the Bharat Ratna refers to: India's highest civilian award, given for exceptional service in any field",General Knowledge (GK),Awards
Algiers is the capital city of which country?,Sri Lanka,Algeria,Iceland,Venezuela,B,Algiers is the capital of Algeria.,General Knowledge (GK),Countries and Capitals
A traveller lands in Bangkok. Which country are they most likely visiting?,Kuwait,Thailand,North Korea,Taiwan,B,Bangkok is the capital city of Thailand.,General Knowledge (GK),Countries and Capitals
What is the steam engine?,"an engine that uses steam to produce mechanical power, refined by James Watt","the South Asian Association for Regional Cooperation, an organisation of South Asian nations","a salt lake bordered by Jordan and Israel, known for its extremely high salinity","Asia, which is home to more than half the world's population",A,"the steam engine is: an engine that uses steam to produce mechanical power, refined by James Watt",General Knowledge (GK),Inventions
Which currency would you use for everyday transactions in Tunisia?,Malaysian Ringgit,Tunisian Dinar,Lao Kip,Kazakhstani Tenge,B,Tunisia uses the Tunisian Dinar as its official currency.,General Knowledge (GK),Currencies
Yemen is located on which continent?,South America,North America,Asia/Europe,Asia,D,Yemen is located in Asia.,General Knowledge (GK),Geography
"Fill in the blank: ______ refers to ""celebrated on 15 August, marking India's independence from British rule in 1947"".",World Population Day,International Women's Day,World Health Day,Independence Day of India,D,"Independence Day of India refers to: celebrated on 15 August, marking India's independence from British rule in 1947",General Knowledge (GK),Important Days
What is the capital of Hungary?,Budapest,Kabul,Abu Dhabi,Canberra,A,The capital of Hungary is Budapest.,General Knowledge (GK),Countries and Capitals
What is the official currency of Greece?,Bulgarian Lev,Euro,Cuban Peso,Ukrainian Hryvnia,B,The currency of Greece is the Euro.,General Knowledge (GK),Currencies
What is ASEAN?,an international organisation founded in 1945 to maintain world peace and promote cooperation among countries,an international financial institution that provides loans and grants to developing countries,"an international humanitarian organisation providing relief in war and disaster, founded by Henri Dunant","the Association of Southeast Asian Nations, a regional organisation promoting political and economic cooperation",D,"ASEAN is: the Association of Southeast Asian Nations, a regional organisation promoting political and economic cooperation",General Knowledge (GK),Organisations
Jordan is located on which continent?,Africa,Oceania,Europe,Asia,D,Jordan is located in Asia.,General Knowledge (GK),Geography
"Fill in the blank: ______ refers to ""a scientific theory developed by Albert Einstein describing the relationship between space and time"".",the World Bank,the theory of relativity,the Sydney Opera House,World Environment Day,B,the theory of relativity refers to: a scientific theory developed by Albert Einstein describing the relationship between space and time,General Knowledge (GK),Discoveries
What is the official currency of Austria?,Ethiopian Birr,Euro,Pound Sterling,North Korean Won,B,The currency of Austria is the Euro.,General Knowledge (GK),Currencies
The city of Vientiane serves as the capital of which nation in Asia?,Laos,Taiwan,Thailand,Saudi Arabia,A,"Vientiane is the capital of Laos, located in Asia.",General Knowledge (GK),Countries and Capitals
What is the capital of Ghana?,Athens,Dublin,Accra,Suva,C,The capital of Ghana is Accra.,General Knowledge (GK),Countries and Capitals
"Which term matches this description: ""one of India's highest civilian awards, given for distinguished contributions in various fields""?",the Bharat Ratna,the Grammy Awards,the Padma Shri,the Nobel Prize,C,"The description matches the Padma Shri: one of India's highest civilian awards, given for distinguished contributions in various fields",General Knowledge (GK),Awards
What is the capital of United States?,Washington D.C.,Bogotá,Doha,Harare,A,The capital of United States is Washington D.C..,General Knowledge (GK),Countries and Capitals
What is the official currency of United States?,US Dollar,Egyptian Pound,Hungarian Forint,Colombian Peso,A,The currency of United States is the US Dollar.,General Knowledge (GK),Currencies
Belgium is located on which continent?,Europe/Asia,Oceania,Africa,Europe,D,Belgium is located in Europe.,General Knowledge (GK),Geography
"Which term matches this description: ""the Ganga (Ganges), which flows through northern India and is considered sacred""?",the Indian Constitution,the national song of India,the first Prime Minister of India,the longest river in India,D,"The description matches the longest river in India: the Ganga (Ganges), which flows through northern India and is considered sacred",General Knowledge (GK),India Facts
What is the capital of Croatia?,Tashkent,Zagreb,Vienna,Berlin,B,The capital of Croatia is Zagreb.,General Knowledge (GK),Countries and Capitals
What is the capital of Switzerland?,Kabul,Jerusalem,Kampala,Bern,D,The capital of Switzerland is Bern.,General Knowledge (GK),Countries and Capitals
The city of Kampala serves as the capital of which nation in Africa?,Egypt,Kenya,Uganda,Ethiopia,C,"Kampala is the capital of Uganda, located in Africa.",General Knowledge (GK),Countries and Capitals
Which currency would you use for everyday transactions in Cuba?,Euro,Turkish Lira,Icelandic Krona,Cuban Peso,D,Cuba uses the Cuban Peso as its official currency.,General Knowledge (GK),Currencies
What is the capital of Argentina?,Ulaanbaatar,Prague,Phnom Penh,Buenos Aires,D,The capital of Argentina is Buenos Aires.,General Knowledge (GK),Countries and Capitals
"Which term matches this description: ""a wrought-iron lattice tower in Paris, built in 1889 by Gustave Eiffel""?",the Statue of Unity,Big Ben,the Statue of Liberty,the Eiffel Tower,D,"The description matches the Eiffel Tower: a wrought-iron lattice tower in Paris, built in 1889 by Gustave Eiffel",General Knowledge (GK),Landmarks
A traveller lands in Kingston. Which country are they most likely visiting?,South Korea,Hungary,Turkey,Jamaica,D,Kingston is the capital city of Jamaica.,General Knowledge (GK),Countries and Capitals
Which currency would you use for everyday transactions in Greece?,Japanese Yen,Pound Sterling,Iranian Rial,Euro,D,Greece uses the Euro as its official currency.,General Knowledge (GK),Currencies
Which statement correctly describes the currency of Japan?,an ancient series of fortifications built across northern China to protect against invasions,"widely regarded as the longest river in the world, flowing through northeastern Africa","the Japanese Yen, one of the most traded currencies in the world","celebrated on 5 September, the birthday of Dr. Sarvepalli Radhakrishnan",C,"By definition, the currency of Japan is: the Japanese Yen, one of the most traded currencies in the world",General Knowledge (GK),Currencies
Jakarta is the capital city of which country?,Myanmar,Belgium,Indonesia,Poland,C,Jakarta is the capital of Indonesia.,General Knowledge (GK),Countries and Capitals
The city of Cairo serves as the capital of which nation in Africa?,Kenya,Tunisia,Nigeria,Egypt,D,"Cairo is the capital of Egypt, located in Africa.",General Knowledge (GK),Countries and Capitals
"Which term matches this description: ""a scientific theory proposed by Charles Darwin explaining how species change over time through natural selection""?",Charles Darwin,the theory of evolution,the Sahara Desert,the national anthem of India,B,The description matches the theory of evolution: a scientific theory proposed by Charles Darwin explaining how species change over time through natural selection,General Knowledge (GK),Discoveries
What is Machu Picchu?,"a white marble mausoleum in Agra, India, built by Mughal emperor Shah Jahan in memory of his wife Mumtaz Mahal","an ancient amphitheatre in Rome, Italy, used for gladiator contests and public spectacles",an ancient Incan citadel located in the Andes Mountains of Peru,a freestanding bell tower in Italy famous for its unintended tilt,C,Machu Picchu is: an ancient Incan citadel located in the Andes Mountains of Peru,General Knowledge (GK),Landmarks
Which statement correctly describes Marie Curie?,a physicist and chemist who conducted pioneering research on radioactivity and won two Nobel Prizes,an English playwright and poet widely regarded as the greatest writer in the English language,an Indian leader who led India's non-violent independence movement against British rule,an Indian poet and writer who won the Nobel Prize in Literature in 1913,A,"By definition, Marie Curie is: a physicist and chemist who conducted pioneering research on radioactivity and won two Nobel Prizes",General Knowledge (GK),Famous People
"Fill in the blank: ______ refers to ""a multi-sport event held every four years among athletes from across Asia"".",the Sahara Desert,the theory of evolution,Mount Everest,the Asian Games,D,the Asian Games refers to: a multi-sport event held every four years among athletes from across Asia,General Knowledge (GK),Sports and Events
What is the capital of Denmark?,Kampala,Tripoli,Washington D.C.,Copenhagen,D,The capital of Denmark is Copenhagen.,General Knowledge (GK),Countries and Capitals
Lisbon is the capital city of which country?,Ukraine,Portugal,Pakistan,Lebanon,B,Lisbon is the capital of Portugal.,General Knowledge (GK),Countries and Capitals
Which currency would you use for everyday transactions in Turkey?,Euro,Turkish Lira,Vietnamese Dong,Philippine Peso,B,Turkey uses the Turkish Lira as its official currency.,General Knowledge (GK),Currencies
What is the capital of Sri Lanka?,Santiago,Sri Jayawardenepura Kotte,Montevideo,New Delhi,B,The capital of Sri Lanka is Sri Jayawardenepura Kotte.,General Knowledge (GK),Countries and Capitals
"Which term matches this description: ""a freestanding bell tower in Italy famous for its unintended tilt""?",the Statue of Unity,the Leaning Tower of Pisa,the Sydney Opera House,the Eiffel Tower,B,The description matches the Leaning Tower of Pisa: a freestanding bell tower in Italy famous for its unintended tilt,General Knowledge (GK),Landmarks
Which currency would you use for everyday transactions in Philippines?,Kuwaiti Dinar,Vietnamese Dong,Polish Zloty,Philippine Peso,D,Philippines uses the Philippine Peso as its official currency.,General Knowledge (GK),Currencies
Japan is located on which continent?,North America,Africa,Europe,Asia,D,Japan is located in Asia.,General Knowledge (GK),Geography
What is the official currency of Ukraine?,Bangladeshi Taka,Ukrainian Hryvnia,Ghanaian Cedi,Hungarian Forint,B,The currency of Ukraine is the Ukrainian Hryvnia.,General Knowledge (GK),Currencies
Which currency would you use for everyday transactions in Vietnam?,UAE Dirham,Euro,Malaysian Ringgit,Vietnamese Dong,D,Vietnam uses the Vietnamese Dong as its official currency.,General Knowledge (GK),Currencies
"Which term matches this description: ""ancient Egyptian monuments built as tombs for pharaohs, located near Cairo""?",the Pyramids of Giza,the Great Wall of China,the Colosseum,Big Ben,A,"The description matches the Pyramids of Giza: ancient Egyptian monuments built as tombs for pharaohs, located near Cairo",General Knowledge (GK),Landmarks
What is the official currency of Kenya?,Swiss Franc,Kenyan Shilling,Algerian Dinar,Norwegian Krone,B,The currency of Kenya is the Kenyan Shilling.,General Knowledge (GK),Currencies
"Fill in the blank: ______ refers to ""the tallest mountain above sea level, located in the Himalayas on the Nepal-China border"".",the Antarctic continent,the Amazon Rainforest,Mount Everest,the Great Barrier Reef,C,"Mount Everest refers to: the tallest mountain above sea level, located in the Himalayas on the Nepal-China border",General Knowledge (GK),Geography
A traveller lands in Quito. Which country are they most likely visiting?,Ecuador,Papua New Guinea,Oman,India,A,Quito is the capital city of Ecuador.,General Knowledge (GK),Countries and Capitals
The city of Caracas serves as the capital of which nation in South America?,Uruguay,Venezuela,Peru,Brazil,B,"Caracas is the capital of Venezuela, located in South America.",General Knowledge (GK),Countries and Capitals
What is APJ Abdul Kalam?,a physicist and chemist who conducted pioneering research on radioactivity and won two Nobel Prizes,an Indian poet and writer who won the Nobel Prize in Literature in 1913,a physicist best known for developing the theory of relativity,an Indian aerospace scientist who served as the 11th President of India,D,APJ Abdul Kalam is: an Indian aerospace scientist who served as the 11th President of India,General Knowledge (GK),Famous People
What is the official currency of Canada?,Sudanese Pound,Venezuelan Bolívar,Yemeni Rial,Canadian Dollar,D,The currency of Canada is the Canadian Dollar.,General Knowledge (GK),Currencies
What is penicillin?,"the oldest tennis tournament in the world, held annually in London, England",an international financial institution that provides loans and grants to developing countries,"the first widely used antibiotic, discovered by Alexander Fleming in 1928","the Japanese Yen, one of the most traded currencies in the world",C,"penicillin is: the first widely used antibiotic, discovered by Alexander Fleming in 1928",General Knowledge (GK),Discoveries
What is the capital of Afghanistan?,Sri Jayawardenepura Kotte,Seoul,Kabul,London,C,The capital of Afghanistan is Kabul.,General Knowledge (GK),Countries and Capitals
New Zealand is located on which continent?,Oceania,Asia,North America,Europe,A,New Zealand is located in Oceania.,General Knowledge (GK),Geography
What is the official currency of Morocco?,Chilean Peso,Norwegian Krone,Moroccan Dirham,Ukrainian Hryvnia,C,The currency of Morocco is the Moroccan Dirham.,General Knowledge (GK),Currencies
Peru is located on which continent?,South America,Africa,North America,Europe/Asia,A,Peru is located in South America.,General Knowledge (GK),Geography
What is the capital of United Arab Emirates?,Abuja,Belgrade,Abu Dhabi,Tokyo,C,The capital of United Arab Emirates is Abu Dhabi.,General Knowledge (GK),Countries and Capitals
Which currency would you use for everyday transactions in Belgium?,Euro,Indian Rupee,Algerian Dinar,Mexican Peso,A,Belgium uses the Euro as its official currency.,General Knowledge (GK),Currencies
What is the official currency of Croatia?,UAE Dirham,Ukrainian Hryvnia,Pakistani Rupee,Euro,D,The currency of Croatia is the Euro.,General Knowledge (GK),Currencies
Turkey is located on which continent?,Europe/Asia,Asia/Europe,Oceania,North America,B,Turkey is located in Asia/Europe.,General Knowledge (GK),Geography
"Fill in the blank: ______ refers to ""an Indian leader who led India's non-violent independence movement against British rule"".",Mahatma Gandhi,Leonardo da Vinci,William Shakespeare,Rabindranath Tagore,A,Mahatma Gandhi refers to: an Indian leader who led India's non-violent independence movement against British rule,General Knowledge (GK),Famous People
Taiwan is located on which continent?,Asia,North America,Europe,Europe/Asia,A,Taiwan is located in Asia.,General Knowledge (GK),Geography
What is the official currency of Cambodia?,Colombian Peso,Myanmar Kyat,Peruvian Sol,Cambodian Riel,D,The currency of Cambodia is the Cambodian Riel.,General Knowledge (GK),Currencies
Which statement correctly describes the light bulb?,the largest and deepest of Earth's oceanic divisions,"an engine that uses steam to produce mechanical power, refined by James Watt","ancient Egyptian monuments built as tombs for pharaohs, located near Cairo","a device for producing light using electricity, commercially developed by Thomas Edison",D,"By definition, the light bulb is: a device for producing light using electricity, commercially developed by Thomas Edison",General Knowledge (GK),Inventions
What is the capital of Uruguay?,Jakarta,Montevideo,Amman,Havana,B,The capital of Uruguay is Montevideo.,General Knowledge (GK),Countries and Capitals
Sweden is located on which continent?,Europe,South America,Asia,Europe/Asia,A,Sweden is located in Europe.,General Knowledge (GK),Geography
Which currency would you use for everyday transactions in Norway?,Norwegian Krone,North Korean Won,Czech Koruna,Indonesian Rupiah,A,Norway uses the Norwegian Krone as its official currency.,General Knowledge (GK),Currencies
Which statement correctly describes penicillin?,"the first widely used antibiotic, discovered by Alexander Fleming in 1928",a freestanding bell tower in Italy famous for its unintended tilt,"Dr. Rajendra Prasad, who served from 1950 to 1962",an ancient Incan citadel located in the Andes Mountains of Peru,A,"By definition, penicillin is: the first widely used antibiotic, discovered by Alexander Fleming in 1928",General Knowledge (GK),Discoveries
"Which term matches this description: ""an international financial institution that provides loans and grants to developing countries""?",SAARC,the World Bank,UNESCO,the International Monetary Fund (IMF),B,The description matches the World Bank: an international financial institution that provides loans and grants to developing countries,General Knowledge (GK),Organisations
Which statement correctly describes the telephone?,"a device for transmitting voice over distance, credited to Alexander Graham Bell",annual awards presented by the Recording Academy for outstanding achievements in music,"an international award given annually in fields including Physics, Chemistry, Medicine, Literature, Peace, and Economics, established by Alfred Nobel's will","celebrated on 15 August, marking India's independence from British rule in 1947",A,"By definition, the telephone is: a device for transmitting voice over distance, credited to Alexander Graham Bell",General Knowledge (GK),Inventions
Which statement correctly describes the first Prime Minister of India?,"Jawaharlal Nehru, who served from 1947 to 1964","Dr. Rajendra Prasad, who served from 1950 to 1962","the Bengal Tiger, a symbol of India's wildlife conservation efforts","the Ganga (Ganges), which flows through northern India and is considered sacred",A,"By definition, the first Prime Minister of India is: Jawaharlal Nehru, who served from 1947 to 1964",General Knowledge (GK),India Facts
What is the Colosseum?,"an ancient amphitheatre in Rome, Italy, used for gladiator contests and public spectacles","a white marble mausoleum in Agra, India, built by Mughal emperor Shah Jahan in memory of his wife Mumtaz Mahal","ancient Egyptian monuments built as tombs for pharaohs, located near Cairo","a multi-venue performing arts centre in Sydney, Australia, known for its distinctive shell-like design",A,"the Colosseum is: an ancient amphitheatre in Rome, Italy, used for gladiator contests and public spectacles",General Knowledge (GK),Landmarks
United Kingdom is located on which continent?,North America,Europe,Asia,Europe/Asia,B,United Kingdom is located in Europe.,General Knowledge (GK),Geography
Venezuela is located on which continent?,Africa,Europe/Asia,South America,Asia,C,Venezuela is located in South America.,General Knowledge (GK),Geography
Ecuador is located on which continent?,Asia,Africa,Europe/Asia,South America,D,Ecuador is located in South America.,General Knowledge (GK),Geography
"Fill in the blank: ______ refers to ""Dr. Rajendra Prasad, who served from 1950 to 1962"".",the first President of India,the national game of India,the longest river in India,the national bird of India,A,"the first President of India refers to: Dr. Rajendra Prasad, who served from 1950 to 1962",General Knowledge (GK),India Facts
Which currency would you use for everyday transactions in Japan?,Russian Ruble,Tanzanian Shilling,Japanese Yen,Saudi Riyal,C,Japan uses the Japanese Yen as its official currency.,General Knowledge (GK),Currencies
"Fill in the blank: ______ refers to ""the United Nations Educational, Scientific and Cultural Organization, which promotes education, science, and culture worldwide"".",the World Bank,the International Monetary Fund (IMF),WHO,UNESCO,D,"UNESCO refers to: the United Nations Educational, Scientific and Cultural Organization, which promotes education, science, and culture worldwide",General Knowledge (GK),Organisations
Finland is located on which continent?,Europe,North America,Europe/Asia,South America,A,Finland is located in Europe.,General Knowledge (GK),Geography
A traveller lands in Helsinki. Which country are they most likely visiting?,Nigeria,Kazakhstan,Finland,Afghanistan,C,Helsinki is the capital city of Finland.,General Knowledge (GK),Countries and Capitals
The city of Kingston serves as the capital of which nation in North America?,Jamaica,United States,Mexico,Cuba,A,"Kingston is the capital of Jamaica, located in North America.",General Knowledge (GK),Countries and Capitals
"Which term matches this description: ""a Renaissance artist and inventor known for the Mona Lisa and many scientific sketches""?",Charles Darwin,Leonardo da Vinci,Isaac Newton,William Shakespeare,B,The description matches Leonardo da Vinci: a Renaissance artist and inventor known for the Mona Lisa and many scientific sketches,General Knowledge (GK),Famous People
What is the Mariana Trench?,"the largest hot desert in the world, located in North Africa","the world's largest tropical rainforest, located mostly in Brazil","the deepest known part of the world's oceans, located in the western Pacific Ocean","the world's largest coral reef system, located off the coast of Queensland, Australia",C,"the Mariana Trench is: the deepest known part of the world's oceans, located in the western Pacific Ocean",General Knowledge (GK),Geography
"Fill in the blank: ______ refers to ""the Bengal Tiger, a symbol of India's wildlife conservation efforts"".",the first President of India,the national bird of India,the national animal of India,the first Prime Minister of India,C,"the national animal of India refers to: the Bengal Tiger, a symbol of India's wildlife conservation efforts",General Knowledge (GK),India Facts
"Fill in the blank: ______ refers to ""a prestigious literary award given for the best novel written in English"".",the Booker Prize,the Padma Shri,the Grammy Awards,the Oscars,A,the Booker Prize refers to: a prestigious literary award given for the best novel written in English,General Knowledge (GK),Awards
Papua New Guinea is located on which continent?,South America,Oceania,Europe/Asia,Asia/Europe,B,Papua New Guinea is located in Oceania.,General Knowledge (GK),Geography
Which currency would you use for everyday transactions in Qatar?,Egyptian Pound,Bangladeshi Taka,Qatari Riyal,Icelandic Krona,C,Qatar uses the Qatari Riyal as its official currency.,General Knowledge (GK),Currencies
"Which term matches this description: ""a physicist and chemist who conducted pioneering research on radioactivity and won two Nobel Prizes""?",Marie Curie,Isaac Newton,Galileo Galilei,William Shakespeare,A,The description matches Marie Curie: a physicist and chemist who conducted pioneering research on radioactivity and won two Nobel Prizes,General Knowledge (GK),Famous People
"Which term matches this description: ""a naturalist known for his contributions to the theory of evolution by natural selection""?",Nelson Mandela,APJ Abdul Kalam,Marie Curie,Charles Darwin,D,The description matches Charles Darwin: a naturalist known for his contributions to the theory of evolution by natural selection,General Knowledge (GK),Famous People
The city of Pyongyang serves as the capital of which nation in Asia?,Saudi Arabia,Oman,North Korea,India,C,"Pyongyang is the capital of North Korea, located in Asia.",General Knowledge (GK),Countries and Capitals
What is the capital of Saudi Arabia?,Riyadh,Dublin,Bangkok,Kampala,A,The capital of Saudi Arabia is Riyadh.,General Knowledge (GK),Countries and Capitals
"Which term matches this description: ""the nickname for the Great Bell of the clock at the Houses of Parliament in London""?",the Statue of Liberty,the Taj Mahal,Machu Picchu,Big Ben,D,The description matches Big Ben: the nickname for the Great Bell of the clock at the Houses of Parliament in London,General Knowledge (GK),Landmarks
What is the official currency of Russia?,South Korean Won,Algerian Dinar,Renminbi (Yuan),Russian Ruble,D,The currency of Russia is the Russian Ruble.,General Knowledge (GK),Currencies
Which statement correctly describes the largest ocean in the world?,"India, which surpassed China in population in 2023","Australia (Oceania), located in the Southern Hemisphere","Vatican City, an independent city-state located within Rome, Italy","the Pacific Ocean, covering about one-third of Earth's surface",D,"By definition, the largest ocean in the world is: the Pacific Ocean, covering about one-third of Earth's surface",General Knowledge (GK),World Facts
"Fill in the blank: ______ refers to ""ancient Egyptian monuments built as tombs for pharaohs, located near Cairo"".",the Pyramids of Giza,the Great Wall of China,the Leaning Tower of Pisa,the Colosseum,A,"the Pyramids of Giza refers to: ancient Egyptian monuments built as tombs for pharaohs, located near Cairo",General Knowledge (GK),Landmarks
Khartoum is the capital city of which country?,Qatar,Oman,Sudan,Poland,C,Khartoum is the capital of Sudan.,General Knowledge (GK),Countries and Capitals
Jerusalem is the capital city of which country?,Malaysia,Israel,Belgium,Czech Republic,B,Jerusalem is the capital of Israel.,General Knowledge (GK),Countries and Capitals
What is Isaac Newton?,an Indian poet and writer who won the Nobel Prize in Literature in 1913,a naturalist known for his contributions to the theory of evolution by natural selection,a scientist known for formulating the laws of motion and universal gravitation,an Indian leader who led India's non-violent independence movement against British rule,C,Isaac Newton is: a scientist known for formulating the laws of motion and universal gravitation,General Knowledge (GK),Famous People
Which currency would you use for everyday transactions in Lebanon?,Cuban Peso,Mexican Peso,Mongolian Tögrög,Lebanese Pound,D,Lebanon uses the Lebanese Pound as its official currency.,General Knowledge (GK),Currencies
Oman is located on which continent?,Europe,Europe/Asia,Africa,Asia,D,Oman is located in Asia.,General Knowledge (GK),Geography
Which statement correctly describes the Olympic Games?,"Asia, which is home to more than half the world's population","India, which surpassed China in population in 2023","an international multi-sport event held every four years, originating in ancient Greece","a salt lake bordered by Jordan and Israel, known for its extremely high salinity",C,"By definition, the Olympic Games is: an international multi-sport event held every four years, originating in ancient Greece",General Knowledge (GK),Sports and Events
"Which term matches this description: ""an ancient Incan citadel located in the Andes Mountains of Peru""?",the Sydney Opera House,Machu Picchu,the Taj Mahal,the Pyramids of Giza,B,The description matches Machu Picchu: an ancient Incan citadel located in the Andes Mountains of Peru,General Knowledge (GK),Landmarks
Which statement correctly describes Charles Darwin?,a scientist known for formulating the laws of motion and universal gravitation,an Indian leader who led India's non-violent independence movement against British rule,a Renaissance artist and inventor known for the Mona Lisa and many scientific sketches,a naturalist known for his contributions to the theory of evolution by natural selection,D,"By definition, Charles Darwin is: a naturalist known for his contributions to the theory of evolution by natural selection",General Knowledge (GK),Famous People
What is the Olympic Games?,"celebrated on 26 January, marking the day the Constitution of India came into effect in 1950","an international multi-sport event held every four years, originating in ancient Greece",a scientific theory proposed by Charles Darwin explaining how species change over time through natural selection,"the Indian Peacock, known for its colourful plumage",B,"the Olympic Games is: an international multi-sport event held every four years, originating in ancient Greece",General Knowledge (GK),Sports and Events
"Which term matches this description: ""an international football tournament held every four years for national teams""?",the FIFA World Cup,the telephone,World Health Day,the Sahara Desert,A,The description matches the FIFA World Cup: an international football tournament held every four years for national teams,General Knowledge (GK),Sports and Events
The city of Tripoli serves as the capital of which nation in Africa?,Egypt,Sudan,Uganda,Libya,D,"Tripoli is the capital of Libya, located in Africa.",General Knowledge (GK),Countries and Capitals
What is the capital of Colombia?,Nairobi,Bogotá,Kathmandu,Suva,B,The capital of Colombia is Bogotá.,General Knowledge (GK),Countries and Capitals
What is the official currency of Italy?,Euro,Brazilian Real,UAE Dirham,Thai Baht,A,The currency of Italy is the Euro.,General Knowledge (GK),Currencies
Which currency would you use for everyday transactions in Cambodia?,Nepalese Rupee,Mongolian Tögrög,Cambodian Riel,Hungarian Forint,C,Cambodia uses the Cambodian Riel as its official currency.,General Knowledge (GK),Currencies
Riyadh is the capital city of which country?,Bulgaria,Saudi Arabia,Afghanistan,Iran,B,Riyadh is the capital of Saudi Arabia.,General Knowledge (GK),Countries and Capitals
The city of Kabul serves as the capital of which nation in Asia?,Myanmar,North Korea,Jordan,Afghanistan,D,"Kabul is the capital of Afghanistan, located in Asia.",General Knowledge (GK),Countries and Capitals
"Fill in the blank: ______ refers to ""observed on 11 July to raise awareness of global population issues"".",Earth Day,World Population Day,World Environment Day,International Women's Day,B,World Population Day refers to: observed on 11 July to raise awareness of global population issues,General Knowledge (GK),Important Days
What is the International Monetary Fund (IMF)?,"the United Nations Educational, Scientific and Cultural Organization, which promotes education, science, and culture worldwide",an organisation that works to secure global monetary cooperation and financial stability,an international organisation founded in 1945 to maintain world peace and promote cooperation among countries,an international financial institution that provides loans and grants to developing countries,B,the International Monetary Fund (IMF) is: an organisation that works to secure global monetary cooperation and financial stability,General Knowledge (GK),Organisations
The city of Algiers serves as the capital of which nation in Africa?,Uganda,Algeria,Nigeria,Kenya,B,"Algiers is the capital of Algeria, located in Africa.",General Knowledge (GK),Countries and Capitals
What is the Nobel Prize?,a prestigious literary award given for the best novel written in English,"an international award given annually in fields including Physics, Chemistry, Medicine, Literature, Peace, and Economics, established by Alfred Nobel's will","a prestigious American award for achievements in journalism, literature, and music","annual awards, officially the Academy Awards, honouring achievement in the film industry",B,"the Nobel Prize is: an international award given annually in fields including Physics, Chemistry, Medicine, Literature, Peace, and Economics, established by Alfred Nobel's will",General Knowledge (GK),Awards
Which currency would you use for everyday transactions in India?,Serbian Dinar,Indian Rupee,Peruvian Sol,Pakistani Rupee,B,India uses the Indian Rupee as its official currency.,General Knowledge (GK),Currencies
Suva is the capital city of which country?,Serbia,Sudan,Finland,Fiji,D,Suva is the capital of Fiji.,General Knowledge (GK),Countries and Capitals
What is World Environment Day?,"celebrated on 5 September, the birthday of Dr. Sarvepalli Radhakrishnan",observed on 5 June to raise awareness about protecting the environment,observed on 21 June to raise awareness of the benefits of practicing yoga,"celebrated on 15 August, marking India's independence from British rule in 1947",B,World Environment Day is: observed on 5 June to raise awareness about protecting the environment,General Knowledge (GK),Important Days
Uzbekistan is located on which continent?,Asia/Europe,Africa,North America,Asia,D,Uzbekistan is located in Asia.,General Knowledge (GK),Geography
Which statement correctly describes Nelson Mandela?,an Indian poet and writer who won the Nobel Prize in Literature in 1913,a naturalist known for his contributions to the theory of evolution by natural selection,a South African leader who fought against apartheid and later became President of South Africa,a scientist known for formulating the laws of motion and universal gravitation,C,"By definition, Nelson Mandela is: a South African leader who fought against apartheid and later became President of South Africa",General Knowledge (GK),Famous People
Pakistan is located on which continent?,Asia,Europe,Oceania,Europe/Asia,A,Pakistan is located in Asia.,General Knowledge (GK),Geography
What is the capital of Fiji?,Kabul,Suva,Quito,Reykjavik,B,The capital of Fiji is Suva.,General Knowledge (GK),Countries and Capitals
A traveller lands in Manila. Which country are they most likely visiting?,Philippines,Kuwait,Jordan,Nigeria,A,Manila is the capital city of Philippines.,General Knowledge (GK),Countries and Capitals
Which statement correctly describes the Antarctic continent?,the largest and deepest of Earth's oceanic divisions,"the largest river by discharge volume of water in the world, flowing through South America","the largest hot desert in the world, located in North Africa","the southernmost continent, almost entirely covered by ice",D,"By definition, the Antarctic continent is: the southernmost continent, almost entirely covered by ice",General Knowledge (GK),Geography
Which currency would you use for everyday transactions in Thailand?,Iranian Rial,Thai Baht,Kuwaiti Dinar,Kenyan Shilling,B,Thailand uses the Thai Baht as its official currency.,General Knowledge (GK),Currencies
Which statement correctly describes the World Bank?,"the World Health Organization, a UN agency responsible for international public health","the Association of Southeast Asian Nations, a regional organisation promoting political and economic cooperation",an international financial institution that provides loans and grants to developing countries,"an international humanitarian organisation providing relief in war and disaster, founded by Henri Dunant",C,"By definition, the World Bank is: an international financial institution that provides loans and grants to developing countries",General Knowledge (GK),Organisations
What is the capital of Papua New Guinea?,Port Moresby,Caracas,Abu Dhabi,Kingston,A,The capital of Papua New Guinea is Port Moresby.,General Knowledge (GK),Countries and Capitals
Which currency would you use for everyday transactions in Papua New Guinea?,Myanmar Kyat,Iraqi Dinar,Papua New Guinean Kina,US Dollar,C,Papua New Guinea uses the Papua New Guinean Kina as its official currency.,General Knowledge (GK),Currencies
Germany is located on which continent?,North America,Asia,Europe,Africa,C,Germany is located in Europe.,General Knowledge (GK),Geography
What is the official currency of Spain?,Swiss Franc,Cambodian Riel,Peruvian Sol,Euro,D,The currency of Spain is the Euro.,General Knowledge (GK),Currencies
Singapore is the capital city of which country?,Greece,Tanzania,Singapore,Hungary,C,Singapore is the capital of Singapore.,General Knowledge (GK),Countries and Capitals
Which currency would you use for everyday transactions in Romania?,Renminbi (Yuan),Romanian Leu,Libyan Dinar,UAE Dirham,B,Romania uses the Romanian Leu as its official currency.,General Knowledge (GK),Currencies
A traveller lands in Pretoria. Which country are they most likely visiting?,Ecuador,Myanmar,South Africa,United States,C,Pretoria is the capital city of South Africa.,General Knowledge (GK),Countries and Capitals
What is Charles Darwin?,a scientist known for formulating the laws of motion and universal gravitation,a naturalist known for his contributions to the theory of evolution by natural selection,a physicist best known for developing the theory of relativity,a South African leader who fought against apartheid and later became President of South Africa,B,Charles Darwin is: a naturalist known for his contributions to the theory of evolution by natural selection,General Knowledge (GK),Famous People
What is the capital of Sweden?,Stockholm,Madrid,Kampala,Kuala Lumpur,A,The capital of Sweden is Stockholm.,General Knowledge (GK),Countries and Capitals
Kuala Lumpur is the capital city of which country?,Bolivia,Nigeria,Malaysia,Laos,C,Kuala Lumpur is the capital of Malaysia.,General Knowledge (GK),Countries and Capitals
Uruguay is located on which continent?,Europe/Asia,South America,Oceania,Asia/Europe,B,Uruguay is located in South America.,General Knowledge (GK),Geography
What is the official currency of Kuwait?,Brazilian Real,Kuwaiti Dinar,Uzbekistani Som,Saudi Riyal,B,The currency of Kuwait is the Kuwaiti Dinar.,General Knowledge (GK),Currencies
Amman is the capital city of which country?,Papua New Guinea,Israel,Laos,Jordan,D,Amman is the capital of Jordan.,General Knowledge (GK),Countries and Capitals
"Which term matches this description: ""an international humanitarian organisation providing relief in war and disaster, founded by Henri Dunant""?",the Red Cross,ASEAN,SAARC,the United Nations (UN),A,"The description matches the Red Cross: an international humanitarian organisation providing relief in war and disaster, founded by Henri Dunant",General Knowledge (GK),Organisations
Muscat is the capital city of which country?,Oman,Kenya,Iceland,United Arab Emirates,A,Muscat is the capital of Oman.,General Knowledge (GK),Countries and Capitals
Which currency would you use for everyday transactions in Bulgaria?,Danish Krone,Brazilian Real,Bulgarian Lev,Sri Lankan Rupee,C,Bulgaria uses the Bulgarian Lev as its official currency.,General Knowledge (GK),Currencies
"Which term matches this description: ""'Jana Gana Mana', written by Rabindranath Tagore and adopted in 1950""?",the national bird of India,the largest state in India by area,the national animal of India,the national anthem of India,D,"The description matches the national anthem of India: 'Jana Gana Mana', written by Rabindranath Tagore and adopted in 1950",General Knowledge (GK),India Facts
What is the capital of Vietnam?,Canberra,Khartoum,Hanoi,Tripoli,C,The capital of Vietnam is Hanoi.,General Knowledge (GK),Countries and Capitals
What is the Amazon Rainforest?,"the deepest known part of the world's oceans, located in the western Pacific Ocean","the world's largest tropical rainforest, located mostly in Brazil","the world's largest coral reef system, located off the coast of Queensland, Australia","the tallest mountain above sea level, located in the Himalayas on the Nepal-China border",B,"the Amazon Rainforest is: the world's largest tropical rainforest, located mostly in Brazil",General Knowledge (GK),Geography
Which statement correctly describes World Health Day?,observed on 5 June to raise awareness about protecting the environment,observed on 11 July to raise awareness of global population issues,observed on 22 April to raise awareness about environmental protection,"observed on 7 April to raise awareness of global health issues, marking the founding of the WHO",D,"By definition, World Health Day is: observed on 7 April to raise awareness of global health issues, marking the founding of the WHO",General Knowledge (GK),Important Days
Which currency would you use for everyday transactions in Germany?,Euro,Cuban Peso,Turkish Lira,Mongolian Tögrög,A,Germany uses the Euro as its official currency.,General Knowledge (GK),Currencies
Mexico is located on which continent?,Europe/Asia,Asia,North America,Asia/Europe,C,Mexico is located in North America.,General Knowledge (GK),Geography
Which currency would you use for everyday transactions in Peru?,Myanmar Kyat,Algerian Dinar,Peruvian Sol,Nigerian Naira,C,Peru uses the Peruvian Sol as its official currency.,General Knowledge (GK),Currencies
"Which term matches this description: ""the Indian Peacock, known for its colourful plumage""?",the national bird of India,the national flower of India,the national game of India,the national anthem of India,A,"The description matches the national bird of India: the Indian Peacock, known for its colourful plumage",General Knowledge (GK),India Facts
The city of Port Moresby serves as the capital of which nation in Oceania?,Papua New Guinea,New Zealand,Fiji,Australia,A,"Port Moresby is the capital of Papua New Guinea, located in Oceania.",General Knowledge (GK),Countries and Capitals
Kabul is the capital city of which country?,Afghanistan,Switzerland,South Africa,Serbia,A,Kabul is the capital of Afghanistan.,General Knowledge (GK),Countries and Capitals
What is the official currency of Norway?,Kazakhstani Tenge,Canadian Dollar,Norwegian Krone,Danish Krone,C,The currency of Norway is the Norwegian Krone.,General Knowledge (GK),Currencies
What is the official currency of Qatar?,Japanese Yen,Egyptian Pound,Pakistani Rupee,Qatari Riyal,D,The currency of Qatar is the Qatari Riyal.,General Knowledge (GK),Currencies
A traveller lands in Zagreb. Which country are they most likely visiting?,Ukraine,United Kingdom,Croatia,Cuba,C,Zagreb is the capital city of Croatia.,General Knowledge (GK),Countries and Capitals
Egypt is located on which continent?,Europe/Asia,Europe,Asia,Africa,D,Egypt is located in Africa.,General Knowledge (GK),Geography
What is the capital of Czech Republic?,Prague,Havana,Sucre,Naypyidaw,A,The capital of Czech Republic is Prague.,General Knowledge (GK),Countries and Capitals
What is the capital of Norway?,Paris,Athens,Ankara,Oslo,D,The capital of Norway is Oslo.,General Knowledge (GK),Countries and Capitals
Which currency would you use for everyday transactions in Nigeria?,Vietnamese Dong,Sudanese Pound,Pakistani Rupee,Nigerian Naira,D,Nigeria uses the Nigerian Naira as its official currency.,General Knowledge (GK),Currencies
What is the capital of Mongolia?,Copenhagen,Havana,Ulaanbaatar,Naypyidaw,C,The capital of Mongolia is Ulaanbaatar.,General Knowledge (GK),Countries and Capitals
Which statement correctly describes the national anthem of India?,"Rajasthan, known for the Thar Desert and its rich cultural heritage","'Jana Gana Mana', written by Rabindranath Tagore and adopted in 1950","Jawaharlal Nehru, who served from 1947 to 1964","'Vande Mataram', written by Bankim Chandra Chattopadhyay",B,"By definition, the national anthem of India is: 'Jana Gana Mana', written by Rabindranath Tagore and adopted in 1950",General Knowledge (GK),India Facts
What is Big Ben?,"the world's tallest statue, located in Gujarat, India, depicting Sardar Vallabhbhai Patel",the nickname for the Great Bell of the clock at the Houses of Parliament in London,"a multi-venue performing arts centre in Sydney, Australia, known for its distinctive shell-like design","a white marble mausoleum in Agra, India, built by Mughal emperor Shah Jahan in memory of his wife Mumtaz Mahal",B,Big Ben is: the nickname for the Great Bell of the clock at the Houses of Parliament in London,General Knowledge (GK),Landmarks
"Fill in the blank: ______ refers to ""a device for producing light using electricity, commercially developed by Thomas Edison"".",International Women's Day,the tallest building in the world,the national bird of India,the light bulb,D,"the light bulb refers to: a device for producing light using electricity, commercially developed by Thomas Edison",General Knowledge (GK),Inventions
Which currency would you use for everyday transactions in Iran?,Iranian Rial,Argentine Peso,Libyan Dinar,Vietnamese Dong,A,Iran uses the Iranian Rial as its official currency.,General Knowledge (GK),Currencies
What is the capital of Cuba?,Beijing,Havana,Amsterdam,Kingston,B,The capital of Cuba is Havana.,General Knowledge (GK),Countries and Capitals
"Which term matches this description: ""the world's largest tropical rainforest, located mostly in Brazil""?",the Amazon Rainforest,the Sahara Desert,the Pacific Ocean,Lake Baikal,A,"The description matches the Amazon Rainforest: the world's largest tropical rainforest, located mostly in Brazil",General Knowledge (GK),Geography
"Which term matches this description: ""the Japanese Yen, one of the most traded currencies in the world""?",SAARC,the Nile River,the Tour de France,the currency of Japan,D,"The description matches the currency of Japan: the Japanese Yen, one of the most traded currencies in the world",General Knowledge (GK),Currencies
The city of Quito serves as the capital of which nation in South America?,Venezuela,Brazil,Uruguay,Ecuador,D,"Quito is the capital of Ecuador, located in South America.",General Knowledge (GK),Countries and Capitals
Which statement correctly describes the Dead Sea?,the largest and deepest of Earth's oceanic divisions,"a salt lake bordered by Jordan and Israel, known for its extremely high salinity","the largest river by discharge volume of water in the world, flowing through South America","the world's largest tropical rainforest, located mostly in Brazil",B,"By definition, the Dead Sea is: a salt lake bordered by Jordan and Israel, known for its extremely high salinity",General Knowledge (GK),Geography
A traveller lands in Rome. Which country are they most likely visiting?,Italy,Indonesia,Kenya,Poland,A,Rome is the capital city of Italy.,General Knowledge (GK),Countries and Capitals
"Which term matches this description: ""a physicist best known for developing the theory of relativity""?",Rabindranath Tagore,APJ Abdul Kalam,Albert Einstein,Marie Curie,C,The description matches Albert Einstein: a physicist best known for developing the theory of relativity,General Knowledge (GK),Famous People
Dublin is the capital city of which country?,Mongolia,Algeria,Greece,Ireland,D,Dublin is the capital of Ireland.,General Knowledge (GK),Countries and Capitals
The city of Santiago serves as the capital of which nation in South America?,Ecuador,Chile,Brazil,Uruguay,B,"Santiago is the capital of Chile, located in South America.",General Knowledge (GK),Countries and Capitals
A traveller lands in Kyiv. Which country are they most likely visiting?,Qatar,Ukraine,Sri Lanka,Czech Republic,B,Kyiv is the capital city of Ukraine.,General Knowledge (GK),Countries and Capitals
Which statement correctly describes Earth Day?,observed on 21 June to raise awareness of the benefits of practicing yoga,"observed on 7 April to raise awareness of global health issues, marking the founding of the WHO",observed on 22 April to raise awareness about environmental protection,observed on 11 July to raise awareness of global population issues,C,"By definition, Earth Day is: observed on 22 April to raise awareness about environmental protection",General Knowledge (GK),Important Days
What is the largest ocean in the world?,"the Pacific Ocean, covering about one-third of Earth's surface","Asia, which is home to more than half the world's population","the Burj Khalifa, located in Dubai, United Arab Emirates","Vatican City, an independent city-state located within Rome, Italy",A,"the largest ocean in the world is: the Pacific Ocean, covering about one-third of Earth's surface",General Knowledge (GK),World Facts
"Which term matches this description: ""the supreme law of India, which came into effect on 26 January 1950, drafted under Dr. B.R. Ambedkar""?",the national song of India,the largest state in India by area,the national anthem of India,the Indian Constitution,D,"The description matches the Indian Constitution: the supreme law of India, which came into effect on 26 January 1950, drafted under Dr. B.R. Ambedkar",General Knowledge (GK),India Facts
Cuba is located on which continent?,Africa,Europe,Oceania,North America,D,Cuba is located in North America.,General Knowledge (GK),Geography
Which statement correctly describes Big Ben?,an ancient series of fortifications built across northern China to protect against invasions,the nickname for the Great Bell of the clock at the Houses of Parliament in London,"a multi-venue performing arts centre in Sydney, Australia, known for its distinctive shell-like design","a white marble mausoleum in Agra, India, built by Mughal emperor Shah Jahan in memory of his wife Mumtaz Mahal",B,"By definition, Big Ben is: the nickname for the Great Bell of the clock at the Houses of Parliament in London",General Knowledge (GK),Landmarks
A traveller lands in Dhaka. Which country are they most likely visiting?,Poland,Bangladesh,Libya,Sri Lanka,B,Dhaka is the capital city of Bangladesh.,General Knowledge (GK),Countries and Capitals
A traveller lands in Berlin. Which country are they most likely visiting?,Germany,Taiwan,Japan,South Africa,A,Berlin is the capital city of Germany.,General Knowledge (GK),Countries and Capitals
"Which term matches this description: ""an organisation that works to secure global monetary cooperation and financial stability""?",ASEAN,WHO,the United Nations (UN),the International Monetary Fund (IMF),D,The description matches the International Monetary Fund (IMF): an organisation that works to secure global monetary cooperation and financial stability,General Knowledge (GK),Organisations
What is the capital of Algeria?,Tunis,Hanoi,Algiers,Amsterdam,C,The capital of Algeria is Algiers.,General Knowledge (GK),Countries and Capitals
Prague is the capital city of which country?,Iraq,Philippines,Czech Republic,Belgium,C,Prague is the capital of Czech Republic.,General Knowledge (GK),Countries and Capitals
"Fill in the blank: ______ refers to ""annual awards presented by the Recording Academy for outstanding achievements in music"".",the Padma Shri,the Grammy Awards,the Oscars,the Pulitzer Prize,B,the Grammy Awards refers to: annual awards presented by the Recording Academy for outstanding achievements in music,General Knowledge (GK),Awards
"Fill in the blank: ______ refers to ""the Pacific Ocean, covering about one-third of Earth's surface"".",the currency of the European Union,the largest ocean in the world,the most populous country in the world,the largest country in the world by area,B,"the largest ocean in the world refers to: the Pacific Ocean, covering about one-third of Earth's surface",General Knowledge (GK),World Facts
"Fill in the blank: ______ refers to ""the supreme law of India, which came into effect on 26 January 1950, drafted under Dr. B.R. Ambedkar"".",the first President of India,the largest state in India by area,the Indian Constitution,the first Prime Minister of India,C,"the Indian Constitution refers to: the supreme law of India, which came into effect on 26 January 1950, drafted under Dr. B.R. Ambedkar",General Knowledge (GK),India Facts
What is Mahatma Gandhi?,a physicist and chemist who conducted pioneering research on radioactivity and won two Nobel Prizes,a South African leader who fought against apartheid and later became President of South Africa,an Indian leader who led India's non-violent independence movement against British rule,a naturalist known for his contributions to the theory of evolution by natural selection,C,Mahatma Gandhi is: an Indian leader who led India's non-violent independence movement against British rule,General Knowledge (GK),Famous People
Addis Ababa is the capital city of which country?,Mexico,Ethiopia,Philippines,Ghana,B,Addis Ababa is the capital of Ethiopia.,General Knowledge (GK),Countries and Capitals
India is located on which continent?,North America,Asia/Europe,Europe,Asia,D,India is located in Asia.,General Knowledge (GK),Geography
Norway is located on which continent?,Europe/Asia,Europe,Africa,North America,B,Norway is located in Europe.,General Knowledge (GK),Geography
Which currency would you use for everyday transactions in Colombia?,Israeli New Shekel,Russian Ruble,Libyan Dinar,Colombian Peso,D,Colombia uses the Colombian Peso as its official currency.,General Knowledge (GK),Currencies
Which statement correctly describes the Sahara Desert?,"the largest hot desert in the world, located in North Africa","the deepest known part of the world's oceans, located in the western Pacific Ocean","the world's largest tropical rainforest, located mostly in Brazil",the largest and deepest of Earth's oceanic divisions,A,"By definition, the Sahara Desert is: the largest hot desert in the world, located in North Africa",General Knowledge (GK),Geography
Which currency would you use for everyday transactions in Uzbekistan?,Ghanaian Cedi,Uzbekistani Som,Kuwaiti Dinar,Lao Kip,B,Uzbekistan uses the Uzbekistani Som as its official currency.,General Knowledge (GK),Currencies
What is World Population Day?,observed on 22 April to raise awareness about environmental protection,observed on 21 June to raise awareness of the benefits of practicing yoga,observed on 8 March to celebrate women's achievements and promote gender equality,observed on 11 July to raise awareness of global population issues,D,World Population Day is: observed on 11 July to raise awareness of global population issues,General Knowledge (GK),Important Days
"Fill in the blank: ______ refers to ""Jawaharlal Nehru, who served from 1947 to 1964"".",the largest state in India by area,the first Prime Minister of India,the national animal of India,the national flower of India,B,"the first Prime Minister of India refers to: Jawaharlal Nehru, who served from 1947 to 1964",General Knowledge (GK),India Facts
What is the Antarctic continent?,"the largest hot desert in the world, located in North Africa",the largest and deepest of Earth's oceanic divisions,"the southernmost continent, almost entirely covered by ice","the deepest known part of the world's oceans, located in the western Pacific Ocean",C,"the Antarctic continent is: the southernmost continent, almost entirely covered by ice",General Knowledge (GK),Geography
Nepal is located on which continent?,Asia,North America,South America,Asia/Europe,A,Nepal is located in Asia.,General Knowledge (GK),Geography
What is the official currency of Uzbekistan?,Yemeni Rial,Danish Krone,Cuban Peso,Uzbekistani Som,D,The currency of Uzbekistan is the Uzbekistani Som.,General Knowledge (GK),Currencies
Which currency would you use for everyday transactions in Libya?,Fijian Dollar,Colombian Peso,Kenyan Shilling,Libyan Dinar,D,Libya uses the Libyan Dinar as its official currency.,General Knowledge (GK),Currencies
Tokyo is the capital city of which country?,Greece,United Arab Emirates,Japan,Saudi Arabia,C,Tokyo is the capital of Japan.,General Knowledge (GK),Countries and Capitals
Which currency would you use for everyday transactions in Chile?,Chilean Peso,Nepalese Rupee,Icelandic Krona,South Korean Won,A,Chile uses the Chilean Peso as its official currency.,General Knowledge (GK),Currencies
"Which term matches this description: ""the largest river by discharge volume of water in the world, flowing through South America""?",the Great Barrier Reef,the Pacific Ocean,Mount Everest,the Amazon River,D,"The description matches the Amazon River: the largest river by discharge volume of water in the world, flowing through South America",General Knowledge (GK),Geography
Islamabad is the capital city of which country?,Uganda,Pakistan,Russia,Laos,B,Islamabad is the capital of Pakistan.,General Knowledge (GK),Countries and Capitals
"Fill in the blank: ______ refers to ""celebrated on 5 September, the birthday of Dr. Sarvepalli Radhakrishnan"".",World Health Day,Teachers' Day in India,Earth Day,Republic Day of India,B,"Teachers' Day in India refers to: celebrated on 5 September, the birthday of Dr. Sarvepalli Radhakrishnan",General Knowledge (GK),Important Days
"Which term matches this description: ""a multi-sport event held every four years among members of the Commonwealth of Nations""?",the Commonwealth Games,William Shakespeare,SAARC,the Pacific Ocean,A,The description matches the Commonwealth Games: a multi-sport event held every four years among members of the Commonwealth of Nations,General Knowledge (GK),Sports and Events
"Which term matches this description: ""the Association of Southeast Asian Nations, a regional organisation promoting political and economic cooperation""?",the Red Cross,ASEAN,the International Monetary Fund (IMF),UNESCO,B,"The description matches ASEAN: the Association of Southeast Asian Nations, a regional organisation promoting political and economic cooperation",General Knowledge (GK),Organisations
What is the official currency of Laos?,Nepalese Rupee,Peruvian Sol,Lao Kip,Romanian Leu,C,The currency of Laos is the Lao Kip.,General Knowledge (GK),Currencies
Bucharest is the capital city of which country?,Philippines,Czech Republic,Spain,Romania,D,Bucharest is the capital of Romania.,General Knowledge (GK),Countries and Capitals
What is the official currency of Finland?,Libyan Dinar,Euro,Sri Lankan Rupee,Sudanese Pound,B,The currency of Finland is the Euro.,General Knowledge (GK),Currencies
"Which term matches this description: ""celebrated on 26 January, marking the day the Constitution of India came into effect in 1950""?",Independence Day of India,Earth Day,World Environment Day,Republic Day of India,D,"The description matches Republic Day of India: celebrated on 26 January, marking the day the Constitution of India came into effect in 1950",General Knowledge (GK),Important Days
Which currency would you use for everyday transactions in Switzerland?,Singapore Dollar,Ugandan Shilling,Swiss Franc,Algerian Dinar,C,Switzerland uses the Swiss Franc as its official currency.,General Knowledge (GK),Currencies
A traveller lands in Kabul. Which country are they most likely visiting?,Cambodia,Afghanistan,Mexico,Pakistan,B,Kabul is the capital city of Afghanistan.,General Knowledge (GK),Countries and Capitals
Port Moresby is the capital city of which country?,Kenya,Papua New Guinea,Germany,Pakistan,B,Port Moresby is the capital of Papua New Guinea.,General Knowledge (GK),Countries and Capitals
What is the official currency of Mongolia?,Tunisian Dinar,Egyptian Pound,Bulgarian Lev,Mongolian Tögrög,D,The currency of Mongolia is the Mongolian Tögrög.,General Knowledge (GK),Currencies
Portugal is located on which continent?,Asia/Europe,Europe,North America,Africa,B,Portugal is located in Europe.,General Knowledge (GK),Geography
What is the capital of Netherlands?,Lisbon,Amsterdam,Canberra,Beijing,B,The capital of Netherlands is Amsterdam.,General Knowledge (GK),Countries and Capitals
What is the theory of evolution?,"the Burj Khalifa, located in Dubai, United Arab Emirates","the largest river by discharge volume of water in the world, flowing through South America","Jawaharlal Nehru, who served from 1947 to 1964",a scientific theory proposed by Charles Darwin explaining how species change over time through natural selection,D,the theory of evolution is: a scientific theory proposed by Charles Darwin explaining how species change over time through natural selection,General Knowledge (GK),Discoveries
The city of Brussels serves as the capital of which nation in Europe?,Netherlands,Hungary,Italy,Belgium,D,"Brussels is the capital of Belgium, located in Europe.",General Knowledge (GK),Countries and Capitals
Kampala is the capital city of which country?,Uzbekistan,Tanzania,Uganda,Jordan,C,Kampala is the capital of Uganda.,General Knowledge (GK),Countries and Capitals
"Fill in the blank: ______ refers to ""a Renaissance artist and inventor known for the Mona Lisa and many scientific sketches"".",William Shakespeare,Nelson Mandela,Leonardo da Vinci,Rabindranath Tagore,C,Leonardo da Vinci refers to: a Renaissance artist and inventor known for the Mona Lisa and many scientific sketches,General Knowledge (GK),Famous People
What is Leonardo da Vinci?,an Indian poet and writer who won the Nobel Prize in Literature in 1913,a Renaissance artist and inventor known for the Mona Lisa and many scientific sketches,an Indian aerospace scientist who served as the 11th President of India,an Indian leader who led India's non-violent independence movement against British rule,B,Leonardo da Vinci is: a Renaissance artist and inventor known for the Mona Lisa and many scientific sketches,General Knowledge (GK),Famous People
"Fill in the blank: ______ refers to ""a physicist best known for developing the theory of relativity"".",Albert Einstein,Isaac Newton,Rabindranath Tagore,Marie Curie,A,Albert Einstein refers to: a physicist best known for developing the theory of relativity,General Knowledge (GK),Famous People
What is the capital of Japan?,Tokyo,Buenos Aires,Nairobi,Rome,A,The capital of Japan is Tokyo.,General Knowledge (GK),Countries and Capitals
Budapest is the capital city of which country?,United Kingdom,Pakistan,Hungary,Malaysia,C,Budapest is the capital of Hungary.,General Knowledge (GK),Countries and Capitals
What is the Dead Sea?,"a salt lake bordered by Jordan and Israel, known for its extremely high salinity","the largest hot desert in the world, located in North Africa","the deepest known part of the world's oceans, located in the western Pacific Ocean","the southernmost continent, almost entirely covered by ice",A,"the Dead Sea is: a salt lake bordered by Jordan and Israel, known for its extremely high salinity",General Knowledge (GK),Geography
Which currency would you use for everyday transactions in Venezuela?,Venezuelan Bolívar,Jamaican Dollar,Turkish Lira,Algerian Dinar,A,Venezuela uses the Venezuelan Bolívar as its official currency.,General Knowledge (GK),Currencies
What is the official currency of Oman?,New Zealand Dollar,Omani Rial,Venezuelan Bolívar,Argentine Peso,B,The currency of Oman is the Omani Rial.,General Knowledge (GK),Currencies
What is the Statue of Liberty?,"a large statue on Liberty Island in New York Harbor, gifted to the USA by France in 1886",an ancient Incan citadel located in the Andes Mountains of Peru,"ancient Egyptian monuments built as tombs for pharaohs, located near Cairo","a wrought-iron lattice tower in Paris, built in 1889 by Gustave Eiffel",A,"the Statue of Liberty is: a large statue on Liberty Island in New York Harbor, gifted to the USA by France in 1886",General Knowledge (GK),Landmarks
"Fill in the blank: ______ refers to ""a naturalist known for his contributions to the theory of evolution by natural selection"".",Marie Curie,Albert Einstein,Charles Darwin,Leonardo da Vinci,C,Charles Darwin refers to: a naturalist known for his contributions to the theory of evolution by natural selection,General Knowledge (GK),Famous People
Which statement correctly describes Republic Day of India?,observed on 8 March to celebrate women's achievements and promote gender equality,observed on 21 June to raise awareness of the benefits of practicing yoga,"celebrated on 26 January, marking the day the Constitution of India came into effect in 1950","celebrated on 5 September, the birthday of Dr. Sarvepalli Radhakrishnan",C,"By definition, Republic Day of India is: celebrated on 26 January, marking the day the Constitution of India came into effect in 1950",General Knowledge (GK),Important Days
Tanzania is located on which continent?,North America,Oceania,Africa,Europe/Asia,C,Tanzania is located in Africa.,General Knowledge (GK),Geography
The city of Copenhagen serves as the capital of which nation in Europe?,Serbia,Poland,Denmark,Hungary,C,"Copenhagen is the capital of Denmark, located in Europe.",General Knowledge (GK),Countries and Capitals
"Which term matches this description: ""the world's largest coral reef system, located off the coast of Queensland, Australia""?",Mount Everest,the Great Barrier Reef,the Mariana Trench,the Amazon River,B,"The description matches the Great Barrier Reef: the world's largest coral reef system, located off the coast of Queensland, Australia",General Knowledge (GK),Geography
"Which term matches this description: ""Orville and Wilbur Wright, American inventors credited with building and flying the first successful airplane""?",the national animal of India,the World Wide Web,the Commonwealth Games,Wright Brothers,D,"The description matches Wright Brothers: Orville and Wilbur Wright, American inventors credited with building and flying the first successful airplane",General Knowledge (GK),Inventions
"Which term matches this description: ""observed on 7 April to raise awareness of global health issues, marking the founding of the WHO""?",International Yoga Day,Teachers' Day in India,World Health Day,Republic Day of India,C,"The description matches World Health Day: observed on 7 April to raise awareness of global health issues, marking the founding of the WHO",General Knowledge (GK),Important Days
Which statement correctly describes the Pulitzer Prize?,annual awards presented by the Recording Academy for outstanding achievements in music,"a prestigious American award for achievements in journalism, literature, and music","India's highest civilian award, given for exceptional service in any field","one of India's highest civilian awards, given for distinguished contributions in various fields",B,"By definition, the Pulitzer Prize is: a prestigious American award for achievements in journalism, literature, and music",General Knowledge (GK),Awards
"Which term matches this description: ""a salt lake bordered by Jordan and Israel, known for its extremely high salinity""?",Mount Everest,the Mariana Trench,the Dead Sea,Lake Baikal,C,"The description matches the Dead Sea: a salt lake bordered by Jordan and Israel, known for its extremely high salinity",General Knowledge (GK),Geography
What is the capital of Taiwan?,Dhaka,Quito,Suva,Taipei,D,The capital of Taiwan is Taipei.,General Knowledge (GK),Countries and Capitals
"Fill in the blank: ______ refers to ""Rajasthan, known for the Thar Desert and its rich cultural heritage"".",the national emblem of India,the national animal of India,the largest state in India by area,the national flower of India,C,"the largest state in India by area refers to: Rajasthan, known for the Thar Desert and its rich cultural heritage",General Knowledge (GK),India Facts
Which statement correctly describes the Sydney Opera House?,"a multi-venue performing arts centre in Sydney, Australia, known for its distinctive shell-like design","a white marble mausoleum in Agra, India, built by Mughal emperor Shah Jahan in memory of his wife Mumtaz Mahal",a freestanding bell tower in Italy famous for its unintended tilt,an ancient Incan citadel located in the Andes Mountains of Peru,A,"By definition, the Sydney Opera House is: a multi-venue performing arts centre in Sydney, Australia, known for its distinctive shell-like design",General Knowledge (GK),Landmarks
Helsinki is the capital city of which country?,Finland,Yemen,Turkey,China,A,Helsinki is the capital of Finland.,General Knowledge (GK),Countries and Capitals
What is the capital of Italy?,Paris,Stockholm,Rome,New Delhi,C,The capital of Italy is Rome.,General Knowledge (GK),Countries and Capitals
The city of Singapore serves as the capital of which nation in Asia?,Singapore,South Korea,Sri Lanka,Oman,A,"Singapore is the capital of Singapore, located in Asia.",General Knowledge (GK),Countries and Capitals
Which currency would you use for everyday transactions in Uganda?,Polish Zloty,Moroccan Dirham,Ugandan Shilling,North Korean Won,C,Uganda uses the Ugandan Shilling as its official currency.,General Knowledge (GK),Currencies
Ethiopia is located on which continent?,Africa,Europe,Europe/Asia,Oceania,A,Ethiopia is located in Africa.,General Knowledge (GK),Geography
A traveller lands in Muscat. Which country are they most likely visiting?,Sweden,Denmark,Oman,Kazakhstan,C,Muscat is the capital city of Oman.,General Knowledge (GK),Countries and Capitals
Which statement correctly describes the Amazon River?,"the deepest and one of the largest freshwater lakes in the world, located in Russia","the largest hot desert in the world, located in North Africa","the largest river by discharge volume of water in the world, flowing through South America","the world's largest coral reef system, located off the coast of Queensland, Australia",C,"By definition, the Amazon River is: the largest river by discharge volume of water in the world, flowing through South America",General Knowledge (GK),Geography
Which statement correctly describes ASEAN?,"the Association of Southeast Asian Nations, a regional organisation promoting political and economic cooperation",an organisation that works to secure global monetary cooperation and financial stability,an international financial institution that provides loans and grants to developing countries,"the South Asian Association for Regional Cooperation, an organisation of South Asian nations",A,"By definition, ASEAN is: the Association of Southeast Asian Nations, a regional organisation promoting political and economic cooperation",General Knowledge (GK),Organisations
What is the official currency of Sweden?,Swedish Krona,Sudanese Pound,Colombian Peso,Algerian Dinar,A,The currency of Sweden is the Swedish Krona.,General Knowledge (GK),Currencies
The city of Nairobi serves as the capital of which nation in Africa?,Nigeria,Kenya,Ethiopia,Tanzania,B,"Nairobi is the capital of Kenya, located in Africa.",General Knowledge (GK),Countries and Capitals
What is the capital of Thailand?,Lima,Addis Ababa,Ottawa,Bangkok,D,The capital of Thailand is Bangkok.,General Knowledge (GK),Countries and Capitals
The city of Belgrade serves as the capital of which nation in Europe?,Serbia,Finland,Denmark,Sweden,A,"Belgrade is the capital of Serbia, located in Europe.",General Knowledge (GK),Countries and Capitals
South Africa is located on which continent?,Asia/Europe,South America,Africa,Europe/Asia,C,South Africa is located in Africa.,General Knowledge (GK),Geography
Hungary is located on which continent?,Oceania,Europe,Africa,South America,B,Hungary is located in Europe.,General Knowledge (GK),Geography
"Which term matches this description: ""the Lotus, which symbolises purity and grace in Indian culture""?",the national anthem of India,the national emblem of India,the first Prime Minister of India,the national flower of India,D,"The description matches the national flower of India: the Lotus, which symbolises purity and grace in Indian culture",General Knowledge (GK),India Facts
A traveller lands in Sana'a. Which country are they most likely visiting?,Iceland,Turkey,Tunisia,Yemen,D,Sana'a is the capital city of Yemen.,General Knowledge (GK),Countries and Capitals
South Korea is located on which continent?,South America,Africa,Asia,Asia/Europe,C,South Korea is located in Asia.,General Knowledge (GK),Geography
A traveller lands in Prague. Which country are they most likely visiting?,United Kingdom,Czech Republic,Papua New Guinea,France,B,Prague is the capital city of Czech Republic.,General Knowledge (GK),Countries and Capitals
Rome is the capital city of which country?,Italy,Belgium,Sweden,Nigeria,A,Rome is the capital of Italy.,General Knowledge (GK),Countries and Capitals
What is gravity?,an Indian poet and writer who won the Nobel Prize in Literature in 1913,a force described by Isaac Newton that attracts objects with mass toward one another,observed on 21 June to raise awareness of the benefits of practicing yoga,"'Vande Mataram', written by Bankim Chandra Chattopadhyay",B,gravity is: a force described by Isaac Newton that attracts objects with mass toward one another,General Knowledge (GK),Discoveries
"Which term matches this description: ""the deepest and one of the largest freshwater lakes in the world, located in Russia""?",the Great Barrier Reef,the Mariana Trench,Lake Baikal,Mount Everest,C,"The description matches Lake Baikal: the deepest and one of the largest freshwater lakes in the world, located in Russia",General Knowledge (GK),Geography
Which statement correctly describes the Colosseum?,"the world's tallest statue, located in Gujarat, India, depicting Sardar Vallabhbhai Patel","an ancient amphitheatre in Rome, Italy, used for gladiator contests and public spectacles","ancient Egyptian monuments built as tombs for pharaohs, located near Cairo",an ancient series of fortifications built across northern China to protect against invasions,B,"By definition, the Colosseum is: an ancient amphitheatre in Rome, Italy, used for gladiator contests and public spectacles",General Knowledge (GK),Landmarks
Which statement correctly describes the largest state in India by area?,"officially there is no declared national game of India, though hockey is often popularly associated with it","Rajasthan, known for the Thar Desert and its rich cultural heritage","Jawaharlal Nehru, who served from 1947 to 1964","the Indian Peacock, known for its colourful plumage",B,"By definition, the largest state in India by area is: Rajasthan, known for the Thar Desert and its rich cultural heritage",General Knowledge (GK),India Facts
"Which term matches this description: ""Russia, which spans across Europe and Asia""?",the largest country in the world by area,the largest continent by area,the most populous country in the world,the smallest continent by area,A,"The description matches the largest country in the world by area: Russia, which spans across Europe and Asia",General Knowledge (GK),World Facts
What is the official currency of Jordan?,Jordanian Dinar,Ugandan Shilling,Venezuelan Bolívar,Libyan Dinar,A,The currency of Jordan is the Jordanian Dinar.,General Knowledge (GK),Currencies
Which currency would you use for everyday transactions in Afghanistan?,Afghan Afghani,Tunisian Dinar,Venezuelan Bolívar,Omani Rial,A,Afghanistan uses the Afghan Afghani as its official currency.,General Knowledge (GK),Currencies
The city of Kathmandu serves as the capital of which nation in Asia?,Mongolia,Yemen,India,Nepal,D,"Kathmandu is the capital of Nepal, located in Asia.",General Knowledge (GK),Countries and Capitals
"Which term matches this description: ""an Indian aerospace scientist who served as the 11th President of India""?",APJ Abdul Kalam,William Shakespeare,Mahatma Gandhi,Charles Darwin,A,The description matches APJ Abdul Kalam: an Indian aerospace scientist who served as the 11th President of India,General Knowledge (GK),Famous People
Qatar is located on which continent?,Africa,Asia,Europe,South America,B,Qatar is located in Asia.,General Knowledge (GK),Geography
"Fill in the blank: ______ refers to ""a physicist and chemist who conducted pioneering research on radioactivity and won two Nobel Prizes"".",Leonardo da Vinci,Marie Curie,APJ Abdul Kalam,Mahatma Gandhi,B,Marie Curie refers to: a physicist and chemist who conducted pioneering research on radioactivity and won two Nobel Prizes,General Knowledge (GK),Famous People
The city of Berlin serves as the capital of which nation in Europe?,Iceland,Poland,Germany,Norway,C,"Berlin is the capital of Germany, located in Europe.",General Knowledge (GK),Countries and Capitals
The city of Rabat serves as the capital of which nation in Africa?,Morocco,Nigeria,Tunisia,Egypt,A,"Rabat is the capital of Morocco, located in Africa.",General Knowledge (GK),Countries and Capitals
Oslo is the capital city of which country?,South Africa,Nigeria,Norway,United Kingdom,C,Oslo is the capital of Norway.,General Knowledge (GK),Countries and Capitals
The city of Kuala Lumpur serves as the capital of which nation in Asia?,Malaysia,Bangladesh,Israel,Japan,A,"Kuala Lumpur is the capital of Malaysia, located in Asia.",General Knowledge (GK),Countries and Capitals
"Which term matches this description: ""the Burj Khalifa, located in Dubai, United Arab Emirates""?",the tallest building in the world,the largest continent by area,the longest wall in the world,the currency of the European Union,A,"The description matches the tallest building in the world: the Burj Khalifa, located in Dubai, United Arab Emirates",General Knowledge (GK),World Facts
Sri Jayawardenepura Kotte is the capital city of which country?,Laos,Sri Lanka,Uruguay,Tunisia,B,Sri Jayawardenepura Kotte is the capital of Sri Lanka.,General Knowledge (GK),Countries and Capitals
What is the official currency of Brazil?,Brazilian Real,Philippine Peso,Afghan Afghani,Nepalese Rupee,A,The currency of Brazil is the Brazilian Real.,General Knowledge (GK),Currencies
What is William Shakespeare?,a naturalist known for his contributions to the theory of evolution by natural selection,an Indian poet and writer who won the Nobel Prize in Literature in 1913,a physicist best known for developing the theory of relativity,an English playwright and poet widely regarded as the greatest writer in the English language,D,William Shakespeare is: an English playwright and poet widely regarded as the greatest writer in the English language,General Knowledge (GK),Famous People
Which statement correctly describes Mount Everest?,"the southernmost continent, almost entirely covered by ice","the world's largest tropical rainforest, located mostly in Brazil","the tallest mountain above sea level, located in the Himalayas on the Nepal-China border","a salt lake bordered by Jordan and Israel, known for its extremely high salinity",C,"By definition, Mount Everest is: the tallest mountain above sea level, located in the Himalayas on the Nepal-China border",General Knowledge (GK),Geography
The city of Taipei serves as the capital of which nation in Asia?,Malaysia,Kazakhstan,Mongolia,Taiwan,D,"Taipei is the capital of Taiwan, located in Asia.",General Knowledge (GK),Countries and Capitals
"Which term matches this description: ""an Indian poet and writer who won the Nobel Prize in Literature in 1913""?",William Shakespeare,Albert Einstein,Charles Darwin,Rabindranath Tagore,D,The description matches Rabindranath Tagore: an Indian poet and writer who won the Nobel Prize in Literature in 1913,General Knowledge (GK),Famous People
"Fill in the blank: ______ refers to ""'Vande Mataram', written by Bankim Chandra Chattopadhyay"".",the first Prime Minister of India,the national song of India,the national bird of India,the first President of India,B,"the national song of India refers to: 'Vande Mataram', written by Bankim Chandra Chattopadhyay",General Knowledge (GK),India Facts
"Fill in the blank: ______ refers to ""an ancient series of fortifications built across northern China to protect against invasions"".",the Statue of Liberty,the Taj Mahal,the Eiffel Tower,the Great Wall of China,D,the Great Wall of China refers to: an ancient series of fortifications built across northern China to protect against invasions,General Knowledge (GK),Landmarks
Kyiv is the capital city of which country?,Jordan,Czech Republic,Ukraine,Canada,C,Kyiv is the capital of Ukraine.,General Knowledge (GK),Countries and Capitals
"Which term matches this description: ""'Vande Mataram', written by Bankim Chandra Chattopadhyay""?",the Indian Constitution,the first President of India,the national song of India,the largest state in India by area,C,"The description matches the national song of India: 'Vande Mataram', written by Bankim Chandra Chattopadhyay",General Knowledge (GK),India Facts
"Which term matches this description: ""an ancient series of fortifications built across northern China to protect against invasions""?",the Eiffel Tower,the Great Wall of China,the Taj Mahal,the Statue of Unity,B,The description matches the Great Wall of China: an ancient series of fortifications built across northern China to protect against invasions,General Knowledge (GK),Landmarks
Which statement correctly describes the steam engine?,a scientific theory developed by Albert Einstein describing the relationship between space and time,a multi-sport event held every four years among members of the Commonwealth of Nations,"Australia (Oceania), located in the Southern Hemisphere","an engine that uses steam to produce mechanical power, refined by James Watt",D,"By definition, the steam engine is: an engine that uses steam to produce mechanical power, refined by James Watt",General Knowledge (GK),Inventions
What is the official currency of Afghanistan?,Yemeni Rial,Renminbi (Yuan),Afghan Afghani,Singapore Dollar,C,The currency of Afghanistan is the Afghan Afghani.,General Knowledge (GK),Currencies
The city of Seoul serves as the capital of which nation in Asia?,Sri Lanka,Bangladesh,South Korea,Saudi Arabia,C,"Seoul is the capital of South Korea, located in Asia.",General Knowledge (GK),Countries and Capitals
The city of Ottawa serves as the capital of which nation in North America?,United States,Mexico,Canada,Jamaica,C,"Ottawa is the capital of Canada, located in North America.",General Knowledge (GK),Countries and Capitals
The city of Canberra serves as the capital of which nation in Oceania?,Papua New Guinea,Australia,Fiji,New Zealand,B,"Canberra is the capital of Australia, located in Oceania.",General Knowledge (GK),Countries and Capitals
The city of Islamabad serves as the capital of which nation in Asia?,Iraq,China,Pakistan,India,C,"Islamabad is the capital of Pakistan, located in Asia.",General Knowledge (GK),Countries and Capitals
"Fill in the blank: ______ refers to ""an international humanitarian organisation providing relief in war and disaster, founded by Henri Dunant"".",ASEAN,the Red Cross,the International Monetary Fund (IMF),the World Bank,B,"the Red Cross refers to: an international humanitarian organisation providing relief in war and disaster, founded by Henri Dunant",General Knowledge (GK),Organisations
"Fill in the blank: ______ refers to ""an organisation that works to secure global monetary cooperation and financial stability"".",the World Bank,ASEAN,the International Monetary Fund (IMF),the Red Cross,C,the International Monetary Fund (IMF) refers to: an organisation that works to secure global monetary cooperation and financial stability,General Knowledge (GK),Organisations
Which statement correctly describes the Red Cross?,"an international humanitarian organisation providing relief in war and disaster, founded by Henri Dunant","the Association of Southeast Asian Nations, a regional organisation promoting political and economic cooperation",an international organisation founded in 1945 to maintain world peace and promote cooperation among countries,"the World Health Organization, a UN agency responsible for international public health",A,"By definition, the Red Cross is: an international humanitarian organisation providing relief in war and disaster, founded by Henri Dunant",General Knowledge (GK),Organisations
"Which term matches this description: ""observed on 11 July to raise awareness of global population issues""?",International Women's Day,Children's Day in India,World Population Day,Earth Day,C,The description matches World Population Day: observed on 11 July to raise awareness of global population issues,General Knowledge (GK),Important Days
What is WHO?,an organisation that works to secure global monetary cooperation and financial stability,"the World Health Organization, a UN agency responsible for international public health","the United Nations Educational, Scientific and Cultural Organization, which promotes education, science, and culture worldwide",an international financial institution that provides loans and grants to developing countries,B,"WHO is: the World Health Organization, a UN agency responsible for international public health",General Knowledge (GK),Organisations
Bulgaria is located on which continent?,Africa,Europe,South America,Europe/Asia,B,Bulgaria is located in Europe.,General Knowledge (GK),Geography
The city of Kuwait City serves as the capital of which nation in Asia?,Indonesia,Japan,Jordan,Kuwait,D,"Kuwait City is the capital of Kuwait, located in Asia.",General Knowledge (GK),Countries and Capitals
What is the FIFA World Cup?,an international organisation founded in 1945 to maintain world peace and promote cooperation among countries,an international football tournament held every four years for national teams,"the World Health Organization, a UN agency responsible for international public health","Asia, which is home to more than half the world's population",B,the FIFA World Cup is: an international football tournament held every four years for national teams,General Knowledge (GK),Sports and Events
A traveller lands in Moscow. Which country are they most likely visiting?,Spain,Russia,Poland,Uruguay,B,Moscow is the capital city of Russia.,General Knowledge (GK),Countries and Capitals
"Fill in the blank: ______ refers to ""observed on 21 June to raise awareness of the benefits of practicing yoga"".",International Yoga Day,Independence Day of India,World Population Day,Earth Day,A,International Yoga Day refers to: observed on 21 June to raise awareness of the benefits of practicing yoga,General Knowledge (GK),Important Days
A traveller lands in Kampala. Which country are they most likely visiting?,Laos,Uzbekistan,South Korea,Uganda,D,Kampala is the capital city of Uganda.,General Knowledge (GK),Countries and Capitals
A traveller lands in Tashkent. Which country are they most likely visiting?,North Korea,India,Uzbekistan,Germany,C,Tashkent is the capital city of Uzbekistan.,General Knowledge (GK),Countries and Capitals
A traveller lands in Brasília. Which country are they most likely visiting?,Venezuela,Brazil,Russia,Denmark,B,Brasília is the capital city of Brazil.,General Knowledge (GK),Countries and Capitals
Santiago is the capital city of which country?,Denmark,Qatar,Chile,Cuba,C,Santiago is the capital of Chile.,General Knowledge (GK),Countries and Capitals
"Fill in the blank: ______ refers to ""the Burj Khalifa, located in Dubai, United Arab Emirates"".",the currency of the European Union,the smallest country in the world,the largest country in the world by area,the tallest building in the world,D,"the tallest building in the world refers to: the Burj Khalifa, located in Dubai, United Arab Emirates",General Knowledge (GK),World Facts
The city of New Delhi serves as the capital of which nation in Asia?,Kuwait,Japan,North Korea,India,D,"New Delhi is the capital of India, located in Asia.",General Knowledge (GK),Countries and Capitals
"Which term matches this description: ""the oldest tennis tournament in the world, held annually in London, England""?",ASEAN,Wimbledon,Rabindranath Tagore,SAARC,B,"The description matches Wimbledon: the oldest tennis tournament in the world, held annually in London, England",General Knowledge (GK),Sports and Events
"Which term matches this description: ""a multi-sport event held every four years among athletes from across Asia""?",William Shakespeare,the Pulitzer Prize,the Asian Games,Marie Curie,C,The description matches the Asian Games: a multi-sport event held every four years among athletes from across Asia,General Knowledge (GK),Sports and Events
Taipei is the capital city of which country?,Cambodia,Russia,Taiwan,United Arab Emirates,C,Taipei is the capital of Taiwan.,General Knowledge (GK),Countries and Capitals
A traveller lands in Suva. Which country are they most likely visiting?,Fiji,Serbia,Denmark,Mongolia,A,Suva is the capital city of Fiji.,General Knowledge (GK),Countries and Capitals
What is the Statue of Unity?,an ancient Incan citadel located in the Andes Mountains of Peru,"the world's tallest statue, located in Gujarat, India, depicting Sardar Vallabhbhai Patel","a wrought-iron lattice tower in Paris, built in 1889 by Gustave Eiffel",the nickname for the Great Bell of the clock at the Houses of Parliament in London,B,"the Statue of Unity is: the world's tallest statue, located in Gujarat, India, depicting Sardar Vallabhbhai Patel",General Knowledge (GK),Landmarks
Which statement correctly describes gravity?,"'Vande Mataram', written by Bankim Chandra Chattopadhyay","the Lion Capital of Ashoka, adapted from the Sarnath pillar",a force described by Isaac Newton that attracts objects with mass toward one another,"widely regarded as the longest river in the world, flowing through northeastern Africa",C,"By definition, gravity is: a force described by Isaac Newton that attracts objects with mass toward one another",General Knowledge (GK),Discoveries
"Which term matches this description: ""an engine that uses steam to produce mechanical power, refined by James Watt""?",the Great Wall of China,the light bulb,SAARC,the steam engine,D,"The description matches the steam engine: an engine that uses steam to produce mechanical power, refined by James Watt",General Knowledge (GK),Inventions
What is the Tour de France?,an annual multi-stage bicycle race held primarily in France,annual awards presented by the Recording Academy for outstanding achievements in music,"Rajasthan, known for the Thar Desert and its rich cultural heritage",observed on 11 July to raise awareness of global population issues,A,the Tour de France is: an annual multi-stage bicycle race held primarily in France,General Knowledge (GK),Sports and Events
The city of Lisbon serves as the capital of which nation in Europe?,Norway,Ukraine,Greece,Portugal,D,"Lisbon is the capital of Portugal, located in Europe.",General Knowledge (GK),Countries and Capitals
Jamaica is located on which continent?,North America,Europe/Asia,Asia,South America,A,Jamaica is located in North America.,General Knowledge (GK),Geography
Which statement correctly describes the tallest building in the world?,"the Burj Khalifa, located in Dubai, United Arab Emirates","India, which surpassed China in population in 2023","the Pacific Ocean, covering about one-third of Earth's surface","the Great Wall of China, stretching thousands of kilometres",A,"By definition, the tallest building in the world is: the Burj Khalifa, located in Dubai, United Arab Emirates",General Knowledge (GK),World Facts
Moscow is the capital city of which country?,United Kingdom,Canada,Russia,Lebanon,C,Moscow is the capital of Russia.,General Knowledge (GK),Countries and Capitals
"Fill in the blank: ______ refers to ""a prestigious American award for achievements in journalism, literature, and music"".",the Oscars,the Pulitzer Prize,the Padma Shri,the Grammy Awards,B,"the Pulitzer Prize refers to: a prestigious American award for achievements in journalism, literature, and music",General Knowledge (GK),Awards
What is the official currency of China?,Norwegian Krone,Lao Kip,Indian Rupee,Renminbi (Yuan),D,The currency of China is the Renminbi (Yuan).,General Knowledge (GK),Currencies
"Fill in the blank: ______ refers to ""'Jana Gana Mana', written by Rabindranath Tagore and adopted in 1950"".",the Indian Constitution,the largest state in India by area,the national emblem of India,the national anthem of India,D,"the national anthem of India refers to: 'Jana Gana Mana', written by Rabindranath Tagore and adopted in 1950",General Knowledge (GK),India Facts
"Fill in the blank: ______ refers to ""an international multi-sport event held every four years, originating in ancient Greece"".",the Olympic Games,World Health Day,Republic Day of India,the Colosseum,A,"the Olympic Games refers to: an international multi-sport event held every four years, originating in ancient Greece",General Knowledge (GK),Sports and Events
What is UNESCO?,"the World Health Organization, a UN agency responsible for international public health","an international humanitarian organisation providing relief in war and disaster, founded by Henri Dunant","the United Nations Educational, Scientific and Cultural Organization, which promotes education, science, and culture worldwide","the Association of Southeast Asian Nations, a regional organisation promoting political and economic cooperation",C,"UNESCO is: the United Nations Educational, Scientific and Cultural Organization, which promotes education, science, and culture worldwide",General Knowledge (GK),Organisations
What is the capital of Russia?,Tripoli,Tashkent,New Delhi,Moscow,D,The capital of Russia is Moscow.,General Knowledge (GK),Countries and Capitals
What is the official currency of Sri Lanka?,Sri Lankan Rupee,Fijian Dollar,Romanian Leu,South Korean Won,A,The currency of Sri Lanka is the Sri Lankan Rupee.,General Knowledge (GK),Currencies
What is the United Nations (UN)?,"the South Asian Association for Regional Cooperation, an organisation of South Asian nations","the Association of Southeast Asian Nations, a regional organisation promoting political and economic cooperation",an organisation that works to secure global monetary cooperation and financial stability,an international organisation founded in 1945 to maintain world peace and promote cooperation among countries,D,the United Nations (UN) is: an international organisation founded in 1945 to maintain world peace and promote cooperation among countries,General Knowledge (GK),Organisations
"Which term matches this description: ""Asia, which is home to more than half the world's population""?",the tallest building in the world,the smallest continent by area,the largest continent by area,the longest wall in the world,C,"The description matches the largest continent by area: Asia, which is home to more than half the world's population",General Knowledge (GK),World Facts
What is the capital of Romania?,Baghdad,Montevideo,Bucharest,Tashkent,C,The capital of Romania is Bucharest.,General Knowledge (GK),Countries and Capitals
Malaysia is located on which continent?,North America,Asia/Europe,Asia,Europe,C,Malaysia is located in Asia.,General Knowledge (GK),Geography
The city of Beirut serves as the capital of which nation in Asia?,Laos,United Arab Emirates,Lebanon,Indonesia,C,"Beirut is the capital of Lebanon, located in Asia.",General Knowledge (GK),Countries and Capitals
Which currency would you use for everyday transactions in Kenya?,Thai Baht,Mongolian Tögrög,Renminbi (Yuan),Kenyan Shilling,D,Kenya uses the Kenyan Shilling as its official currency.,General Knowledge (GK),Currencies
What is the national song of India?,"the Bengal Tiger, a symbol of India's wildlife conservation efforts","Dr. Rajendra Prasad, who served from 1950 to 1962","'Vande Mataram', written by Bankim Chandra Chattopadhyay","Jawaharlal Nehru, who served from 1947 to 1964",C,"the national song of India is: 'Vande Mataram', written by Bankim Chandra Chattopadhyay",General Knowledge (GK),India Facts
The city of Bangkok serves as the capital of which nation in Asia?,Malaysia,Kazakhstan,Thailand,Pakistan,C,"Bangkok is the capital of Thailand, located in Asia.",General Knowledge (GK),Countries and Capitals
The city of Amsterdam serves as the capital of which nation in Europe?,Switzerland,Portugal,Ukraine,Netherlands,D,"Amsterdam is the capital of Netherlands, located in Europe.",General Knowledge (GK),Countries and Capitals
The city of Accra serves as the capital of which nation in Africa?,Algeria,Libya,Uganda,Ghana,D,"Accra is the capital of Ghana, located in Africa.",General Knowledge (GK),Countries and Capitals
Which currency would you use for everyday transactions in Netherlands?,Chilean Peso,Euro,Jordanian Dinar,Tunisian Dinar,B,Netherlands uses the Euro as its official currency.,General Knowledge (GK),Currencies
"Which term matches this description: ""celebrated on 14 November, the birthday of Jawaharlal Nehru""?",Independence Day of India,Children's Day in India,World Population Day,Earth Day,B,"The description matches Children's Day in India: celebrated on 14 November, the birthday of Jawaharlal Nehru",General Knowledge (GK),Important Days
A traveller lands in Bucharest. Which country are they most likely visiting?,Ghana,Iraq,Mongolia,Romania,D,Bucharest is the capital city of Romania.,General Knowledge (GK),Countries and Capitals
Which statement correctly describes the Guinness World Records?,a reference book and organisation that documents and verifies world records,an English playwright and poet widely regarded as the greatest writer in the English language,"a wrought-iron lattice tower in Paris, built in 1889 by Gustave Eiffel","Vatican City, an independent city-state located within Rome, Italy",A,"By definition, the Guinness World Records is: a reference book and organisation that documents and verifies world records",General Knowledge (GK),Records
Tunisia is located on which continent?,Africa,Europe/Asia,Europe,Asia,A,Tunisia is located in Africa.,General Knowledge (GK),Geography
Which statement correctly describes Isaac Newton?,a South African leader who fought against apartheid and later became President of South Africa,a scientist known for formulating the laws of motion and universal gravitation,a naturalist known for his contributions to the theory of evolution by natural selection,an English playwright and poet widely regarded as the greatest writer in the English language,B,"By definition, Isaac Newton is: a scientist known for formulating the laws of motion and universal gravitation",General Knowledge (GK),Famous People
What is the national anthem of India?,"'Jana Gana Mana', written by Rabindranath Tagore and adopted in 1950","'Vande Mataram', written by Bankim Chandra Chattopadhyay","officially there is no declared national game of India, though hockey is often popularly associated with it","the Bengal Tiger, a symbol of India's wildlife conservation efforts",A,"the national anthem of India is: 'Jana Gana Mana', written by Rabindranath Tagore and adopted in 1950",General Knowledge (GK),India Facts
Bogotá is the capital city of which country?,Russia,Switzerland,Colombia,Morocco,C,Bogotá is the capital of Colombia.,General Knowledge (GK),Countries and Capitals
Philippines is located on which continent?,South America,Asia,Europe,Africa,B,Philippines is located in Asia.,General Knowledge (GK),Geography
What is the Pyramids of Giza?,"ancient Egyptian monuments built as tombs for pharaohs, located near Cairo","a large statue on Liberty Island in New York Harbor, gifted to the USA by France in 1886","a wrought-iron lattice tower in Paris, built in 1889 by Gustave Eiffel",the nickname for the Great Bell of the clock at the Houses of Parliament in London,A,"the Pyramids of Giza is: ancient Egyptian monuments built as tombs for pharaohs, located near Cairo",General Knowledge (GK),Landmarks
Which statement correctly describes Mahatma Gandhi?,a scientist known for formulating the laws of motion and universal gravitation,a physicist best known for developing the theory of relativity,an Indian aerospace scientist who served as the 11th President of India,an Indian leader who led India's non-violent independence movement against British rule,D,"By definition, Mahatma Gandhi is: an Indian leader who led India's non-violent independence movement against British rule",General Knowledge (GK),Famous People
Dhaka is the capital city of which country?,Bangladesh,Iraq,North Korea,Kuwait,A,Dhaka is the capital of Bangladesh.,General Knowledge (GK),Countries and Capitals
The city of Buenos Aires serves as the capital of which nation in South America?,Brazil,Venezuela,Argentina,Bolivia,C,"Buenos Aires is the capital of Argentina, located in South America.",General Knowledge (GK),Countries and Capitals
Which statement correctly describes the FIFA World Cup?,"Orville and Wilbur Wright, American inventors credited with building and flying the first successful airplane",an international football tournament held every four years for national teams,"the world's largest coral reef system, located off the coast of Queensland, Australia",an ancient series of fortifications built across northern China to protect against invasions,B,"By definition, the FIFA World Cup is: an international football tournament held every four years for national teams",General Knowledge (GK),Sports and Events
"Which term matches this description: ""the first widely used antibiotic, discovered by Alexander Fleming in 1928""?",the largest country in the world by area,the Indian Constitution,the Sydney Opera House,penicillin,D,"The description matches penicillin: the first widely used antibiotic, discovered by Alexander Fleming in 1928",General Knowledge (GK),Discoveries
Which statement correctly describes the first President of India?,"Jawaharlal Nehru, who served from 1947 to 1964","the Lion Capital of Ashoka, adapted from the Sarnath pillar","'Jana Gana Mana', written by Rabindranath Tagore and adopted in 1950","Dr. Rajendra Prasad, who served from 1950 to 1962",D,"By definition, the first President of India is: Dr. Rajendra Prasad, who served from 1950 to 1962",General Knowledge (GK),India Facts
The city of Phnom Penh serves as the capital of which nation in Asia?,Kuwait,Laos,Cambodia,Saudi Arabia,C,"Phnom Penh is the capital of Cambodia, located in Asia.",General Knowledge (GK),Countries and Capitals
What is the capital of Belgium?,Hanoi,Addis Ababa,Accra,Brussels,D,The capital of Belgium is Brussels.,General Knowledge (GK),Countries and Capitals
Havana is the capital city of which country?,Zimbabwe,North Korea,Norway,Cuba,D,Havana is the capital of Cuba.,General Knowledge (GK),Countries and Capitals
New Delhi is the capital city of which country?,Colombia,India,Argentina,Iran,B,New Delhi is the capital of India.,General Knowledge (GK),Countries and Capitals
"Which term matches this description: ""a scientific theory developed by Albert Einstein describing the relationship between space and time""?",the theory of relativity,the Great Wall of China,the Taj Mahal,the Grammy Awards,A,The description matches the theory of relativity: a scientific theory developed by Albert Einstein describing the relationship between space and time,General Knowledge (GK),Discoveries
"Which term matches this description: ""observed on 8 March to celebrate women's achievements and promote gender equality""?",Teachers' Day in India,International Women's Day,World Environment Day,Independence Day of India,B,The description matches International Women's Day: observed on 8 March to celebrate women's achievements and promote gender equality,General Knowledge (GK),Important Days
"Fill in the blank: ______ refers to ""annual awards, officially the Academy Awards, honouring achievement in the film industry"".",the Padma Shri,the Booker Prize,the Oscars,the Pulitzer Prize,C,"the Oscars refers to: annual awards, officially the Academy Awards, honouring achievement in the film industry",General Knowledge (GK),Awards
What is the official currency of Ghana?,Swiss Franc,Papua New Guinean Kina,Ghanaian Cedi,Turkish Lira,C,The currency of Ghana is the Ghanaian Cedi.,General Knowledge (GK),Currencies
What is the official currency of New Zealand?,New Zealand Dollar,Saudi Riyal,Kazakhstani Tenge,Icelandic Krona,A,The currency of New Zealand is the New Zealand Dollar.,General Knowledge (GK),Currencies
Italy is located on which continent?,North America,Europe/Asia,Asia/Europe,Europe,D,Italy is located in Europe.,General Knowledge (GK),Geography
"Which term matches this description: ""officially there is no declared national game of India, though hockey is often popularly associated with it""?",the largest state in India by area,the national emblem of India,the national game of India,the national flower of India,C,"The description matches the national game of India: officially there is no declared national game of India, though hockey is often popularly associated with it",General Knowledge (GK),India Facts
A traveller lands in Sofia. Which country are they most likely visiting?,Cuba,Canada,Argentina,Bulgaria,D,Sofia is the capital city of Bulgaria.,General Knowledge (GK),Countries and Capitals
"Fill in the blank: ______ refers to ""a salt lake bordered by Jordan and Israel, known for its extremely high salinity"".",the Antarctic continent,the Dead Sea,Mount Everest,the Nile River,B,"the Dead Sea refers to: a salt lake bordered by Jordan and Israel, known for its extremely high salinity",General Knowledge (GK),Geography
Zagreb is the capital city of which country?,Sudan,Croatia,Laos,Cuba,B,Zagreb is the capital of Croatia.,General Knowledge (GK),Countries and Capitals
Which statement correctly describes SAARC?,an international organisation founded in 1945 to maintain world peace and promote cooperation among countries,"the Association of Southeast Asian Nations, a regional organisation promoting political and economic cooperation","the South Asian Association for Regional Cooperation, an organisation of South Asian nations",an organisation that works to secure global monetary cooperation and financial stability,C,"By definition, SAARC is: the South Asian Association for Regional Cooperation, an organisation of South Asian nations",General Knowledge (GK),Organisations
A traveller lands in Accra. Which country are they most likely visiting?,Ghana,Japan,Cuba,Greece,A,Accra is the capital city of Ghana.,General Knowledge (GK),Countries and Capitals
What is the official currency of Denmark?,Danish Krone,Mexican Peso,Lebanese Pound,Uruguayan Peso,A,The currency of Denmark is the Danish Krone.,General Knowledge (GK),Currencies
What is the official currency of Taiwan?,Ukrainian Hryvnia,Hungarian Forint,South African Rand,New Taiwan Dollar,D,The currency of Taiwan is the New Taiwan Dollar.,General Knowledge (GK),Currencies
"Fill in the blank: ______ refers to ""a system of interlinked hypertext documents accessed via the internet, invented by Tim Berners-Lee"".",the World Bank,the World Wide Web,Big Ben,the longest river in India,B,"the World Wide Web refers to: a system of interlinked hypertext documents accessed via the internet, invented by Tim Berners-Lee",General Knowledge (GK),Inventions
Rabat is the capital city of which country?,Algeria,Morocco,Uzbekistan,Philippines,B,Rabat is the capital of Morocco.,General Knowledge (GK),Countries and Capitals
"Fill in the blank: ______ refers to ""the largest river by discharge volume of water in the world, flowing through South America"".",the Mariana Trench,the Amazon River,the Nile River,the Amazon Rainforest,B,"the Amazon River refers to: the largest river by discharge volume of water in the world, flowing through South America",General Knowledge (GK),Geography
"Fill in the blank: ______ refers to ""the largest hot desert in the world, located in North Africa"".",the Antarctic continent,the Sahara Desert,Mount Everest,the Amazon River,B,"the Sahara Desert refers to: the largest hot desert in the world, located in North Africa",General Knowledge (GK),Geography
Which currency would you use for everyday transactions in Ukraine?,Myanmar Kyat,Cuban Peso,Ukrainian Hryvnia,Ugandan Shilling,C,Ukraine uses the Ukrainian Hryvnia as its official currency.,General Knowledge (GK),Currencies
Which statement correctly describes International Yoga Day?,"celebrated on 14 November, the birthday of Jawaharlal Nehru","celebrated on 15 August, marking India's independence from British rule in 1947",observed on 21 June to raise awareness of the benefits of practicing yoga,"celebrated on 26 January, marking the day the Constitution of India came into effect in 1950",C,"By definition, International Yoga Day is: observed on 21 June to raise awareness of the benefits of practicing yoga",General Knowledge (GK),Important Days
What is the Pulitzer Prize?,"an international award given annually in fields including Physics, Chemistry, Medicine, Literature, Peace, and Economics, established by Alfred Nobel's will",a prestigious literary award given for the best novel written in English,"one of India's highest civilian awards, given for distinguished contributions in various fields","a prestigious American award for achievements in journalism, literature, and music",D,"the Pulitzer Prize is: a prestigious American award for achievements in journalism, literature, and music",General Knowledge (GK),Awards
Which statement correctly describes the Padma Shri?,"a prestigious American award for achievements in journalism, literature, and music","one of India's highest civilian awards, given for distinguished contributions in various fields","annual awards, officially the Academy Awards, honouring achievement in the film industry",annual awards presented by the Recording Academy for outstanding achievements in music,B,"By definition, the Padma Shri is: one of India's highest civilian awards, given for distinguished contributions in various fields",General Knowledge (GK),Awards
Which statement correctly describes the national bird of India?,"the supreme law of India, which came into effect on 26 January 1950, drafted under Dr. B.R. Ambedkar","officially there is no declared national game of India, though hockey is often popularly associated with it","Dr. Rajendra Prasad, who served from 1950 to 1962","the Indian Peacock, known for its colourful plumage",D,"By definition, the national bird of India is: the Indian Peacock, known for its colourful plumage",General Knowledge (GK),India Facts
A traveller lands in Belgrade. Which country are they most likely visiting?,Germany,Kenya,Serbia,Tanzania,C,Belgrade is the capital city of Serbia.,General Knowledge (GK),Countries and Capitals
What is the Pacific Ocean?,"a salt lake bordered by Jordan and Israel, known for its extremely high salinity","the largest hot desert in the world, located in North Africa",the largest and deepest of Earth's oceanic divisions,"the deepest and one of the largest freshwater lakes in the world, located in Russia",C,the Pacific Ocean is: the largest and deepest of Earth's oceanic divisions,General Knowledge (GK),Geography
Which currency would you use for everyday transactions in Bangladesh?,Zimbabwean Dollar,Myanmar Kyat,Bangladeshi Taka,Uruguayan Peso,C,Bangladesh uses the Bangladeshi Taka as its official currency.,General Knowledge (GK),Currencies
Which statement correctly describes the Mariana Trench?,"widely regarded as the longest river in the world, flowing through northeastern Africa","the largest river by discharge volume of water in the world, flowing through South America","the southernmost continent, almost entirely covered by ice","the deepest known part of the world's oceans, located in the western Pacific Ocean",D,"By definition, the Mariana Trench is: the deepest known part of the world's oceans, located in the western Pacific Ocean",General Knowledge (GK),Geography
Tunis is the capital city of which country?,Tunisia,Saudi Arabia,India,Netherlands,A,Tunis is the capital of Tunisia.,General Knowledge (GK),Countries and Capitals
What is the official currency of Algeria?,Algerian Dinar,Tunisian Dinar,Thai Baht,Pakistani Rupee,A,The currency of Algeria is the Algerian Dinar.,General Knowledge (GK),Currencies
The city of Dhaka serves as the capital of which nation in Asia?,Bangladesh,Iran,Vietnam,Saudi Arabia,A,"Dhaka is the capital of Bangladesh, located in Asia.",General Knowledge (GK),Countries and Capitals
"Fill in the blank: ______ refers to ""a freestanding bell tower in Italy famous for its unintended tilt"".",the Statue of Liberty,Big Ben,the Great Wall of China,the Leaning Tower of Pisa,D,the Leaning Tower of Pisa refers to: a freestanding bell tower in Italy famous for its unintended tilt,General Knowledge (GK),Landmarks
"Which term matches this description: ""an international award given annually in fields including Physics, Chemistry, Medicine, Literature, Peace, and Economics, established by Alfred Nobel's will""?",the Oscars,the Bharat Ratna,the Booker Prize,the Nobel Prize,D,"The description matches the Nobel Prize: an international award given annually in fields including Physics, Chemistry, Medicine, Literature, Peace, and Economics, established by Alfred Nobel's will",General Knowledge (GK),Awards
A traveller lands in Doha. Which country are they most likely visiting?,Ghana,Qatar,Sudan,Jordan,B,Doha is the capital city of Qatar.,General Knowledge (GK),Countries and Capitals
"Which term matches this description: ""annual awards, officially the Academy Awards, honouring achievement in the film industry""?",the Grammy Awards,the Padma Shri,the Oscars,the Pulitzer Prize,C,"The description matches the Oscars: annual awards, officially the Academy Awards, honouring achievement in the film industry",General Knowledge (GK),Awards
Naypyidaw is the capital city of which country?,Oman,Iran,Myanmar,New Zealand,C,Naypyidaw is the capital of Myanmar.,General Knowledge (GK),Countries and Capitals
A traveller lands in Beirut. Which country are they most likely visiting?,Lebanon,Japan,France,Morocco,A,Beirut is the capital city of Lebanon.,General Knowledge (GK),Countries and Capitals
A traveller lands in Naypyidaw. Which country are they most likely visiting?,Morocco,Argentina,Myanmar,Cuba,C,Naypyidaw is the capital city of Myanmar.,General Knowledge (GK),Countries and Capitals
"Fill in the blank: ______ refers to ""the world's largest coral reef system, located off the coast of Queensland, Australia"".",the Amazon Rainforest,the Mariana Trench,the Great Barrier Reef,Lake Baikal,C,"the Great Barrier Reef refers to: the world's largest coral reef system, located off the coast of Queensland, Australia",General Knowledge (GK),Geography
"Which term matches this description: ""the United Nations Educational, Scientific and Cultural Organization, which promotes education, science, and culture worldwide""?",UNESCO,the United Nations (UN),WHO,the Red Cross,A,"The description matches UNESCO: the United Nations Educational, Scientific and Cultural Organization, which promotes education, science, and culture worldwide",General Knowledge (GK),Organisations
Which currency would you use for everyday transactions in Ethiopia?,Chilean Peso,Nepalese Rupee,Ethiopian Birr,Omani Rial,C,Ethiopia uses the Ethiopian Birr as its official currency.,General Knowledge (GK),Currencies
Afghanistan is located on which continent?,North America,Asia,Africa,Europe/Asia,B,Afghanistan is located in Asia.,General Knowledge (GK),Geography
What is the capital of Nigeria?,Reykjavik,Abuja,London,Bern,B,The capital of Nigeria is Abuja.,General Knowledge (GK),Countries and Capitals
"Which term matches this description: ""the largest and deepest of Earth's oceanic divisions""?",the Antarctic continent,the Amazon Rainforest,the Pacific Ocean,Lake Baikal,C,The description matches the Pacific Ocean: the largest and deepest of Earth's oceanic divisions,General Knowledge (GK),Geography
Canada is located on which continent?,North America,Asia/Europe,Europe/Asia,Europe,A,Canada is located in North America.,General Knowledge (GK),Geography
Which statement correctly describes the Oscars?,"an international award given annually in fields including Physics, Chemistry, Medicine, Literature, Peace, and Economics, established by Alfred Nobel's will","one of India's highest civilian awards, given for distinguished contributions in various fields",a prestigious literary award given for the best novel written in English,"annual awards, officially the Academy Awards, honouring achievement in the film industry",D,"By definition, the Oscars is: annual awards, officially the Academy Awards, honouring achievement in the film industry",General Knowledge (GK),Awards
Which currency would you use for everyday transactions in Canada?,Serbian Dinar,Vietnamese Dong,Polish Zloty,Canadian Dollar,D,Canada uses the Canadian Dollar as its official currency.,General Knowledge (GK),Currencies
Which currency would you use for everyday transactions in Kazakhstan?,Bolivian Boliviano,Kazakhstani Tenge,Polish Zloty,Qatari Riyal,B,Kazakhstan uses the Kazakhstani Tenge as its official currency.,General Knowledge (GK),Currencies
"Fill in the blank: ______ refers to ""observed on 7 April to raise awareness of global health issues, marking the founding of the WHO"".",Children's Day in India,Independence Day of India,Republic Day of India,World Health Day,D,"World Health Day refers to: observed on 7 April to raise awareness of global health issues, marking the founding of the WHO",General Knowledge (GK),Important Days
Ghana is located on which continent?,Oceania,Europe,Africa,North America,C,Ghana is located in Africa.,General Knowledge (GK),Geography
Which currency would you use for everyday transactions in Pakistan?,Chilean Peso,Mexican Peso,Brazilian Real,Pakistani Rupee,D,Pakistan uses the Pakistani Rupee as its official currency.,General Knowledge (GK),Currencies
Which currency would you use for everyday transactions in Saudi Arabia?,Saudi Riyal,Lao Kip,Iranian Rial,Indonesian Rupiah,A,Saudi Arabia uses the Saudi Riyal as its official currency.,General Knowledge (GK),Currencies
What is International Women's Day?,observed on 8 March to celebrate women's achievements and promote gender equality,observed on 5 June to raise awareness about protecting the environment,"celebrated on 15 August, marking India's independence from British rule in 1947","celebrated on 26 January, marking the day the Constitution of India came into effect in 1950",A,International Women's Day is: observed on 8 March to celebrate women's achievements and promote gender equality,General Knowledge (GK),Important Days
The city of Doha serves as the capital of which nation in Asia?,Qatar,Bangladesh,India,Philippines,A,"Doha is the capital of Qatar, located in Asia.",General Knowledge (GK),Countries and Capitals
What is the capital of Brazil?,Jerusalem,Kuwait City,Brasília,Singapore,C,The capital of Brazil is Brasília.,General Knowledge (GK),Countries and Capitals
"Fill in the blank: ______ refers to ""the Lotus, which symbolises purity and grace in Indian culture"".",the national bird of India,the largest state in India by area,the national flower of India,the first President of India,C,"the national flower of India refers to: the Lotus, which symbolises purity and grace in Indian culture",General Knowledge (GK),India Facts
"Which term matches this description: ""India, which surpassed China in population in 2023""?",the currency of the European Union,the longest wall in the world,the largest ocean in the world,the most populous country in the world,D,"The description matches the most populous country in the world: India, which surpassed China in population in 2023",General Knowledge (GK),World Facts
The city of Sucre serves as the capital of which nation in South America?,Chile,Peru,Bolivia,Colombia,C,"Sucre is the capital of Bolivia, located in South America.",General Knowledge (GK),Countries and Capitals
What is the Indian Constitution?,"Jawaharlal Nehru, who served from 1947 to 1964","the Lion Capital of Ashoka, adapted from the Sarnath pillar","the supreme law of India, which came into effect on 26 January 1950, drafted under Dr. B.R. Ambedkar","the Bengal Tiger, a symbol of India's wildlife conservation efforts",C,"the Indian Constitution is: the supreme law of India, which came into effect on 26 January 1950, drafted under Dr. B.R. Ambedkar",General Knowledge (GK),India Facts
A traveller lands in Tripoli. Which country are they most likely visiting?,Libya,Venezuela,Mexico,Cambodia,A,Tripoli is the capital city of Libya.,General Knowledge (GK),Countries and Capitals
A traveller lands in Astana. Which country are they most likely visiting?,Tunisia,Myanmar,Kazakhstan,Uzbekistan,C,Astana is the capital city of Kazakhstan.,General Knowledge (GK),Countries and Capitals
"Which term matches this description: ""a South African leader who fought against apartheid and later became President of South Africa""?",Galileo Galilei,Charles Darwin,Mahatma Gandhi,Nelson Mandela,D,The description matches Nelson Mandela: a South African leader who fought against apartheid and later became President of South Africa,General Knowledge (GK),Famous People
The city of Sri Jayawardenepura Kotte serves as the capital of which nation in Asia?,Philippines,Sri Lanka,Indonesia,Afghanistan,B,"Sri Jayawardenepura Kotte is the capital of Sri Lanka, located in Asia.",General Knowledge (GK),Countries and Capitals
Which statement correctly describes the United Nations (UN)?,"the South Asian Association for Regional Cooperation, an organisation of South Asian nations","the United Nations Educational, Scientific and Cultural Organization, which promotes education, science, and culture worldwide","the World Health Organization, a UN agency responsible for international public health",an international organisation founded in 1945 to maintain world peace and promote cooperation among countries,D,"By definition, the United Nations (UN) is: an international organisation founded in 1945 to maintain world peace and promote cooperation among countries",General Knowledge (GK),Organisations
What is the capital of France?,Phnom Penh,Tunis,Paris,Caracas,C,The capital of France is Paris.,General Knowledge (GK),Countries and Capitals
What is the official currency of Pakistan?,Pakistani Rupee,Algerian Dinar,Mexican Peso,Jordanian Dinar,A,The currency of Pakistan is the Pakistani Rupee.,General Knowledge (GK),Currencies
What is the Commonwealth Games?,a freestanding bell tower in Italy famous for its unintended tilt,a multi-sport event held every four years among members of the Commonwealth of Nations,a Renaissance artist and inventor known for the Mona Lisa and many scientific sketches,an international financial institution that provides loans and grants to developing countries,B,the Commonwealth Games is: a multi-sport event held every four years among members of the Commonwealth of Nations,General Knowledge (GK),Sports and Events
What is the capital of Tunisia?,Athens,Jakarta,Kyiv,Tunis,D,The capital of Tunisia is Tunis.,General Knowledge (GK),Countries and Capitals
Greece is located on which continent?,Europe,Asia,South America,North America,A,Greece is located in Europe.,General Knowledge (GK),Geography
"Fill in the blank: ______ refers to ""observed on 5 June to raise awareness about protecting the environment"".",International Women's Day,World Health Day,Independence Day of India,World Environment Day,D,World Environment Day refers to: observed on 5 June to raise awareness about protecting the environment,General Knowledge (GK),Important Days
What is the official currency of Colombia?,Colombian Peso,Bolivian Boliviano,Yemeni Rial,Brazilian Real,A,The currency of Colombia is the Colombian Peso.,General Knowledge (GK),Currencies
A traveller lands in Abu Dhabi. Which country are they most likely visiting?,Bangladesh,Sudan,United Arab Emirates,Sweden,C,Abu Dhabi is the capital city of United Arab Emirates.,General Knowledge (GK),Countries and Capitals
What is the official currency of Thailand?,Zimbabwean Dollar,Thai Baht,Jamaican Dollar,Czech Koruna,B,The currency of Thailand is the Thai Baht.,General Knowledge (GK),Currencies
Ankara is the capital city of which country?,Romania,Turkey,Afghanistan,Bulgaria,B,Ankara is the capital of Turkey.,General Knowledge (GK),Countries and Capitals
Which statement correctly describes the Nobel Prize?,"a prestigious American award for achievements in journalism, literature, and music",annual awards presented by the Recording Academy for outstanding achievements in music,"India's highest civilian award, given for exceptional service in any field","an international award given annually in fields including Physics, Chemistry, Medicine, Literature, Peace, and Economics, established by Alfred Nobel's will",D,"By definition, the Nobel Prize is: an international award given annually in fields including Physics, Chemistry, Medicine, Literature, Peace, and Economics, established by Alfred Nobel's will",General Knowledge (GK),Awards
"Which term matches this description: ""a prestigious literary award given for the best novel written in English""?",the Pulitzer Prize,the Bharat Ratna,the Booker Prize,the Oscars,C,The description matches the Booker Prize: a prestigious literary award given for the best novel written in English,General Knowledge (GK),Awards
Ulaanbaatar is the capital city of which country?,Papua New Guinea,Mongolia,Thailand,Switzerland,B,Ulaanbaatar is the capital of Mongolia.,General Knowledge (GK),Countries and Capitals
What is the currency of the European Union?,"Russia, which spans across Europe and Asia","India, which surpassed China in population in 2023","the Euro, used by most member states of the EU","Asia, which is home to more than half the world's population",C,"the currency of the European Union is: the Euro, used by most member states of the EU",General Knowledge (GK),World Facts
"Fill in the blank: ______ refers to ""the world's tallest statue, located in Gujarat, India, depicting Sardar Vallabhbhai Patel"".",the Colosseum,Machu Picchu,the Statue of Unity,the Sydney Opera House,C,"the Statue of Unity refers to: the world's tallest statue, located in Gujarat, India, depicting Sardar Vallabhbhai Patel",General Knowledge (GK),Landmarks
A traveller lands in Havana. Which country are they most likely visiting?,Kuwait,United Kingdom,Sudan,Cuba,D,Havana is the capital city of Cuba.,General Knowledge (GK),Countries and Capitals
The city of Montevideo serves as the capital of which nation in South America?,Uruguay,Ecuador,Bolivia,Brazil,A,"Montevideo is the capital of Uruguay, located in South America.",General Knowledge (GK),Countries and Capitals
"Fill in the blank: ______ refers to ""Australia (Oceania), located in the Southern Hemisphere"".",the smallest country in the world,the tallest building in the world,the largest continent by area,the smallest continent by area,D,"the smallest continent by area refers to: Australia (Oceania), located in the Southern Hemisphere",General Knowledge (GK),World Facts
Which statement correctly describes the International Monetary Fund (IMF)?,"the United Nations Educational, Scientific and Cultural Organization, which promotes education, science, and culture worldwide",an organisation that works to secure global monetary cooperation and financial stability,"the Association of Southeast Asian Nations, a regional organisation promoting political and economic cooperation",an international financial institution that provides loans and grants to developing countries,B,"By definition, the International Monetary Fund (IMF) is: an organisation that works to secure global monetary cooperation and financial stability",General Knowledge (GK),Organisations
Which currency would you use for everyday transactions in Oman?,Brazilian Real,Mexican Peso,Papua New Guinean Kina,Omani Rial,D,Oman uses the Omani Rial as its official currency.,General Knowledge (GK),Currencies
What is the official currency of Japan?,Japanese Yen,Lebanese Pound,US Dollar,Ukrainian Hryvnia,A,The currency of Japan is the Japanese Yen.,General Knowledge (GK),Currencies
What is the official currency of South Africa?,Bolivian Boliviano,South African Rand,Colombian Peso,Lebanese Pound,B,The currency of South Africa is the South African Rand.,General Knowledge (GK),Currencies
What is the official currency of South Korea?,Sudanese Pound,Thai Baht,Bulgarian Lev,South Korean Won,D,The currency of South Korea is the South Korean Won.,General Knowledge (GK),Currencies
What is Marie Curie?,an Indian aerospace scientist who served as the 11th President of India,a physicist and chemist who conducted pioneering research on radioactivity and won two Nobel Prizes,a physicist best known for developing the theory of relativity,an Indian leader who led India's non-violent independence movement against British rule,B,Marie Curie is: a physicist and chemist who conducted pioneering research on radioactivity and won two Nobel Prizes,General Knowledge (GK),Famous People
A traveller lands in Dodoma. Which country are they most likely visiting?,Pakistan,Sudan,France,Tanzania,D,Dodoma is the capital city of Tanzania.,General Knowledge (GK),Countries and Capitals
What is the capital of Ireland?,Kingston,Dublin,Sofia,Beijing,B,The capital of Ireland is Dublin.,General Knowledge (GK),Countries and Capitals
"Fill in the blank: ______ refers to ""officially there is no declared national game of India, though hockey is often popularly associated with it"".",the national song of India,the national game of India,the Indian Constitution,the national flower of India,B,"the national game of India refers to: officially there is no declared national game of India, though hockey is often popularly associated with it",General Knowledge (GK),India Facts
What is the capital of Jamaica?,London,Kingston,Bern,Sofia,B,The capital of Jamaica is Kingston.,General Knowledge (GK),Countries and Capitals
Which statement correctly describes Wright Brothers?,the largest and deepest of Earth's oceanic divisions,"celebrated on 14 November, the birthday of Jawaharlal Nehru","Orville and Wilbur Wright, American inventors credited with building and flying the first successful airplane",observed on 21 June to raise awareness of the benefits of practicing yoga,C,"By definition, Wright Brothers is: Orville and Wilbur Wright, American inventors credited with building and flying the first successful airplane",General Knowledge (GK),Inventions
The city of Kyiv serves as the capital of which nation in Europe?,Croatia,Ukraine,Serbia,Belgium,B,"Kyiv is the capital of Ukraine, located in Europe.",General Knowledge (GK),Countries and Capitals
Which statement correctly describes the currency of the European Union?,"the Burj Khalifa, located in Dubai, United Arab Emirates","Vatican City, an independent city-state located within Rome, Italy","India, which surpassed China in population in 2023","the Euro, used by most member states of the EU",D,"By definition, the currency of the European Union is: the Euro, used by most member states of the EU",General Knowledge (GK),World Facts
Which statement correctly describes the Grammy Awards?,annual awards presented by the Recording Academy for outstanding achievements in music,"an international award given annually in fields including Physics, Chemistry, Medicine, Literature, Peace, and Economics, established by Alfred Nobel's will","a prestigious American award for achievements in journalism, literature, and music","one of India's highest civilian awards, given for distinguished contributions in various fields",A,"By definition, the Grammy Awards is: annual awards presented by the Recording Academy for outstanding achievements in music",General Knowledge (GK),Awards
Hanoi is the capital city of which country?,Tunisia,Vietnam,Lebanon,Serbia,B,Hanoi is the capital of Vietnam.,General Knowledge (GK),Countries and Capitals
A traveller lands in Nairobi. Which country are they most likely visiting?,Kenya,Switzerland,Nepal,Sweden,A,Nairobi is the capital city of Kenya.,General Knowledge (GK),Countries and Capitals
What is the official currency of Peru?,Israeli New Shekel,North Korean Won,Peruvian Sol,Ethiopian Birr,C,The currency of Peru is the Peruvian Sol.,General Knowledge (GK),Currencies
"Which term matches this description: ""the tallest mountain above sea level, located in the Himalayas on the Nepal-China border""?",the Great Barrier Reef,the Amazon Rainforest,Mount Everest,the Nile River,C,"The description matches Mount Everest: the tallest mountain above sea level, located in the Himalayas on the Nepal-China border",General Knowledge (GK),Geography
North Korea is located on which continent?,Asia/Europe,Europe,Asia,North America,C,North Korea is located in Asia.,General Knowledge (GK),Geography
Kenya is located on which continent?,Asia/Europe,North America,Africa,Oceania,C,Kenya is located in Africa.,General Knowledge (GK),Geography
Which currency would you use for everyday transactions in Brazil?,Romanian Leu,Brazilian Real,Singapore Dollar,Kazakhstani Tenge,B,Brazil uses the Brazilian Real as its official currency.,General Knowledge (GK),Currencies
"Which term matches this description: ""the South Asian Association for Regional Cooperation, an organisation of South Asian nations""?",ASEAN,the International Monetary Fund (IMF),SAARC,the Red Cross,C,"The description matches SAARC: the South Asian Association for Regional Cooperation, an organisation of South Asian nations",General Knowledge (GK),Organisations
"Which term matches this description: ""observed on 5 June to raise awareness about protecting the environment""?",Earth Day,World Environment Day,Children's Day in India,International Yoga Day,B,The description matches World Environment Day: observed on 5 June to raise awareness about protecting the environment,General Knowledge (GK),Important Days
Which currency would you use for everyday transactions in Denmark?,North Korean Won,US Dollar,Danish Krone,Ghanaian Cedi,C,Denmark uses the Danish Krone as its official currency.,General Knowledge (GK),Currencies
The city of London serves as the capital of which nation in Europe?,United Kingdom,Ukraine,Romania,Poland,A,"London is the capital of United Kingdom, located in Europe.",General Knowledge (GK),Countries and Capitals
What is the capital of India?,Hanoi,New Delhi,Phnom Penh,Khartoum,B,The capital of India is New Delhi.,General Knowledge (GK),Countries and Capitals
Which currency would you use for everyday transactions in China?,Renminbi (Yuan),Swiss Franc,Danish Krone,Yemeni Rial,A,China uses the Renminbi (Yuan) as its official currency.,General Knowledge (GK),Currencies
"Fill in the blank: ______ refers to ""a reference book and organisation that documents and verifies world records"".",UNESCO,the Sahara Desert,the national anthem of India,the Guinness World Records,D,the Guinness World Records refers to: a reference book and organisation that documents and verifies world records,General Knowledge (GK),Records
What is the official currency of Iraq?,Nepalese Rupee,US Dollar,Australian Dollar,Iraqi Dinar,D,The currency of Iraq is the Iraqi Dinar.,General Knowledge (GK),Currencies
The city of Tokyo serves as the capital of which nation in Asia?,China,Israel,Japan,Taiwan,C,"Tokyo is the capital of Japan, located in Asia.",General Knowledge (GK),Countries and Capitals
What is the Taj Mahal?,"a white marble mausoleum in Agra, India, built by Mughal emperor Shah Jahan in memory of his wife Mumtaz Mahal",an ancient series of fortifications built across northern China to protect against invasions,"a large statue on Liberty Island in New York Harbor, gifted to the USA by France in 1886","an ancient amphitheatre in Rome, Italy, used for gladiator contests and public spectacles",A,"the Taj Mahal is: a white marble mausoleum in Agra, India, built by Mughal emperor Shah Jahan in memory of his wife Mumtaz Mahal",General Knowledge (GK),Landmarks
Russia is located on which continent?,Europe/Asia,Africa,Oceania,South America,A,Russia is located in Europe/Asia.,General Knowledge (GK),Geography
A traveller lands in Paris. Which country are they most likely visiting?,South Korea,Ethiopia,France,Russia,C,Paris is the capital city of France.,General Knowledge (GK),Countries and Capitals
The city of Abuja serves as the capital of which nation in Africa?,Morocco,Tunisia,Algeria,Nigeria,D,"Abuja is the capital of Nigeria, located in Africa.",General Knowledge (GK),Countries and Capitals
The city of Suva serves as the capital of which nation in Oceania?,Papua New Guinea,Fiji,Australia,New Zealand,B,"Suva is the capital of Fiji, located in Oceania.",General Knowledge (GK),Countries and Capitals
What is Independence Day of India?,"celebrated on 15 August, marking India's independence from British rule in 1947","celebrated on 14 November, the birthday of Jawaharlal Nehru",observed on 21 June to raise awareness of the benefits of practicing yoga,observed on 5 June to raise awareness about protecting the environment,A,"Independence Day of India is: celebrated on 15 August, marking India's independence from British rule in 1947",General Knowledge (GK),Important Days
Which statement correctly describes the Amazon Rainforest?,"widely regarded as the longest river in the world, flowing through northeastern Africa","the southernmost continent, almost entirely covered by ice","the world's largest tropical rainforest, located mostly in Brazil","a salt lake bordered by Jordan and Israel, known for its extremely high salinity",C,"By definition, the Amazon Rainforest is: the world's largest tropical rainforest, located mostly in Brazil",General Knowledge (GK),Geography
Beijing is the capital city of which country?,Venezuela,Romania,Oman,China,D,Beijing is the capital of China.,General Knowledge (GK),Countries and Capitals
Which currency would you use for everyday transactions in Yemen?,Yemeni Rial,Australian Dollar,Swiss Franc,Philippine Peso,A,Yemen uses the Yemeni Rial as its official currency.,General Knowledge (GK),Currencies
"Fill in the blank: ______ refers to ""an astronomer and physicist who championed heliocentrism and improved the telescope"".",Rabindranath Tagore,APJ Abdul Kalam,Leonardo da Vinci,Galileo Galilei,D,Galileo Galilei refers to: an astronomer and physicist who championed heliocentrism and improved the telescope,General Knowledge (GK),Famous People
The city of Khartoum serves as the capital of which nation in Africa?,Algeria,South Africa,Nigeria,Sudan,D,"Khartoum is the capital of Sudan, located in Africa.",General Knowledge (GK),Countries and Capitals
What is the capital of Philippines?,Manila,Washington D.C.,Sri Jayawardenepura Kotte,Tokyo,A,The capital of Philippines is Manila.,General Knowledge (GK),Countries and Capitals
The city of Dublin serves as the capital of which nation in Europe?,Czech Republic,Denmark,Switzerland,Ireland,D,"Dublin is the capital of Ireland, located in Europe.",General Knowledge (GK),Countries and Capitals
"Fill in the blank: ______ refers to ""an international financial institution that provides loans and grants to developing countries"".",the Red Cross,the World Bank,UNESCO,SAARC,B,the World Bank refers to: an international financial institution that provides loans and grants to developing countries,General Knowledge (GK),Organisations
Which currency would you use for everyday transactions in Italy?,Icelandic Krona,Euro,Renminbi (Yuan),Ethiopian Birr,B,Italy uses the Euro as its official currency.,General Knowledge (GK),Currencies
What is the longest wall in the world?,"the Burj Khalifa, located in Dubai, United Arab Emirates","the Great Wall of China, stretching thousands of kilometres","the Pacific Ocean, covering about one-third of Earth's surface","India, which surpassed China in population in 2023",B,"the longest wall in the world is: the Great Wall of China, stretching thousands of kilometres",General Knowledge (GK),World Facts
What is the capital of Pakistan?,Prague,Amsterdam,Islamabad,Seoul,C,The capital of Pakistan is Islamabad.,General Knowledge (GK),Countries and Capitals
What is the official currency of Libya?,Libyan Dinar,Uruguayan Peso,Serbian Dinar,Icelandic Krona,A,The currency of Libya is the Libyan Dinar.,General Knowledge (GK),Currencies
What is the official currency of Romania?,Romanian Leu,Uruguayan Peso,Serbian Dinar,Ethiopian Birr,A,The currency of Romania is the Romanian Leu.,General Knowledge (GK),Currencies
What is the capital of Egypt?,Kathmandu,Sana'a,Port Moresby,Cairo,D,The capital of Egypt is Cairo.,General Knowledge (GK),Countries and Capitals
Which statement correctly describes the national emblem of India?,"the Lion Capital of Ashoka, adapted from the Sarnath pillar","officially there is no declared national game of India, though hockey is often popularly associated with it","'Jana Gana Mana', written by Rabindranath Tagore and adopted in 1950","the Indian Peacock, known for its colourful plumage",A,"By definition, the national emblem of India is: the Lion Capital of Ashoka, adapted from the Sarnath pillar",General Knowledge (GK),India Facts
What is the capital of Oman?,Algiers,Taipei,Singapore,Muscat,D,The capital of Oman is Muscat.,General Knowledge (GK),Countries and Capitals
A traveller lands in Mexico City. Which country are they most likely visiting?,South Korea,Mexico,Argentina,Denmark,B,Mexico City is the capital city of Mexico.,General Knowledge (GK),Countries and Capitals
Which statement correctly describes the largest country in the world by area?,"Russia, which spans across Europe and Asia","Australia (Oceania), located in the Southern Hemisphere","Asia, which is home to more than half the world's population","the Burj Khalifa, located in Dubai, United Arab Emirates",A,"By definition, the largest country in the world by area is: Russia, which spans across Europe and Asia",General Knowledge (GK),World Facts
"Which term matches this description: ""the Euro, used by most member states of the EU""?",the largest country in the world by area,the largest ocean in the world,the longest wall in the world,the currency of the European Union,D,"The description matches the currency of the European Union: the Euro, used by most member states of the EU",General Knowledge (GK),World Facts
Athens is the capital city of which country?,France,Greece,Denmark,Jamaica,B,Athens is the capital of Greece.,General Knowledge (GK),Countries and Capitals
Which currency would you use for everyday transactions in Hungary?,Romanian Leu,New Taiwan Dollar,Nigerian Naira,Hungarian Forint,D,Hungary uses the Hungarian Forint as its official currency.,General Knowledge (GK),Currencies
"Fill in the blank: ______ refers to ""an annual multi-stage bicycle race held primarily in France"".",the Tour de France,World Population Day,the first Prime Minister of India,the theory of relativity,A,the Tour de France refers to: an annual multi-stage bicycle race held primarily in France,General Knowledge (GK),Sports and Events
What is the longest river in India?,"Jawaharlal Nehru, who served from 1947 to 1964","the Lotus, which symbolises purity and grace in Indian culture","the Ganga (Ganges), which flows through northern India and is considered sacred","the Bengal Tiger, a symbol of India's wildlife conservation efforts",C,"the longest river in India is: the Ganga (Ganges), which flows through northern India and is considered sacred",General Knowledge (GK),India Facts
A traveller lands in Ottawa. Which country are they most likely visiting?,Canada,Afghanistan,Bulgaria,Peru,A,Ottawa is the capital city of Canada.,General Knowledge (GK),Countries and Capitals
Washington D.C. is the capital city of which country?,Egypt,United States,Qatar,Ghana,B,Washington D.C. is the capital of United States.,General Knowledge (GK),Countries and Capitals
A traveller lands in Vienna. Which country are they most likely visiting?,India,Austria,Ireland,Bolivia,B,Vienna is the capital city of Austria.,General Knowledge (GK),Countries and Capitals
Which currency would you use for everyday transactions in Egypt?,Algerian Dinar,Ethiopian Birr,Egyptian Pound,Bulgarian Lev,C,Egypt uses the Egyptian Pound as its official currency.,General Knowledge (GK),Currencies
What is the largest state in India by area?,"the Lotus, which symbolises purity and grace in Indian culture","'Jana Gana Mana', written by Rabindranath Tagore and adopted in 1950","'Vande Mataram', written by Bankim Chandra Chattopadhyay","Rajasthan, known for the Thar Desert and its rich cultural heritage",D,"the largest state in India by area is: Rajasthan, known for the Thar Desert and its rich cultural heritage",General Knowledge (GK),India Facts
"Fill in the blank: ______ refers to ""observed on 22 April to raise awareness about environmental protection"".",Earth Day,International Women's Day,International Yoga Day,World Environment Day,A,Earth Day refers to: observed on 22 April to raise awareness about environmental protection,General Knowledge (GK),Important Days
What is the official currency of Mexico?,Mexican Peso,South African Rand,Saudi Riyal,Jamaican Dollar,A,The currency of Mexico is the Mexican Peso.,General Knowledge (GK),Currencies
"Fill in the blank: ______ refers to ""the southernmost continent, almost entirely covered by ice"".",the Pacific Ocean,the Antarctic continent,the Sahara Desert,the Nile River,B,"the Antarctic continent refers to: the southernmost continent, almost entirely covered by ice",General Knowledge (GK),Geography
Kingston is the capital city of which country?,Brazil,Ethiopia,Jamaica,Lebanon,C,Kingston is the capital of Jamaica.,General Knowledge (GK),Countries and Capitals
A traveller lands in Jerusalem. Which country are they most likely visiting?,Australia,Norway,Israel,France,C,Jerusalem is the capital city of Israel.,General Knowledge (GK),Countries and Capitals
"Fill in the blank: ______ refers to ""the Japanese Yen, one of the most traded currencies in the world"".",the theory of relativity,the World Wide Web,the currency of Japan,the Leaning Tower of Pisa,C,"the currency of Japan refers to: the Japanese Yen, one of the most traded currencies in the world",General Knowledge (GK),Currencies
What is the national bird of India?,"the Ganga (Ganges), which flows through northern India and is considered sacred","'Vande Mataram', written by Bankim Chandra Chattopadhyay","the Indian Peacock, known for its colourful plumage","the supreme law of India, which came into effect on 26 January 1950, drafted under Dr. B.R. Ambedkar",C,"the national bird of India is: the Indian Peacock, known for its colourful plumage",General Knowledge (GK),India Facts
"Which term matches this description: ""a scientist known for formulating the laws of motion and universal gravitation""?",Leonardo da Vinci,Mahatma Gandhi,Isaac Newton,Albert Einstein,C,The description matches Isaac Newton: a scientist known for formulating the laws of motion and universal gravitation,General Knowledge (GK),Famous People
"Which term matches this description: ""the Bengal Tiger, a symbol of India's wildlife conservation efforts""?",the national flower of India,the national animal of India,the national game of India,the national emblem of India,B,"The description matches the national animal of India: the Bengal Tiger, a symbol of India's wildlife conservation efforts",General Knowledge (GK),India Facts
"Fill in the blank: ______ refers to ""a scientist known for formulating the laws of motion and universal gravitation"".",Mahatma Gandhi,Galileo Galilei,Leonardo da Vinci,Isaac Newton,D,Isaac Newton refers to: a scientist known for formulating the laws of motion and universal gravitation,General Knowledge (GK),Famous People
A traveller lands in Lisbon. Which country are they most likely visiting?,Algeria,Portugal,Uganda,Serbia,B,Lisbon is the capital city of Portugal.,General Knowledge (GK),Countries and Capitals
The city of Budapest serves as the capital of which nation in Europe?,Ukraine,Netherlands,Hungary,Ireland,C,"Budapest is the capital of Hungary, located in Europe.",General Knowledge (GK),Countries and Capitals
What is the official currency of Venezuela?,Qatari Riyal,UAE Dirham,Venezuelan Bolívar,Pound Sterling,C,The currency of Venezuela is the Venezuelan Bolívar.,General Knowledge (GK),Currencies
Which currency would you use for everyday transactions in Iceland?,Peruvian Sol,Australian Dollar,Icelandic Krona,Cuban Peso,C,Iceland uses the Icelandic Krona as its official currency.,General Knowledge (GK),Currencies
The city of Jerusalem serves as the capital of which nation in Asia?,Thailand,Israel,Indonesia,Laos,B,"Jerusalem is the capital of Israel, located in Asia.",General Knowledge (GK),Countries and Capitals
Which currency would you use for everyday transactions in Jordan?,Turkish Lira,Jordanian Dinar,Bolivian Boliviano,Ethiopian Birr,B,Jordan uses the Jordanian Dinar as its official currency.,General Knowledge (GK),Currencies
"Fill in the blank: ______ refers to ""a wrought-iron lattice tower in Paris, built in 1889 by Gustave Eiffel"".",the Statue of Liberty,the Eiffel Tower,the Statue of Unity,the Sydney Opera House,B,"the Eiffel Tower refers to: a wrought-iron lattice tower in Paris, built in 1889 by Gustave Eiffel",General Knowledge (GK),Landmarks
What is the official currency of United Kingdom?,Icelandic Krona,Pound Sterling,Myanmar Kyat,Kuwaiti Dinar,B,The currency of United Kingdom is the Pound Sterling.,General Knowledge (GK),Currencies
Myanmar is located on which continent?,South America,Asia,Oceania,Europe,B,Myanmar is located in Asia.,General Knowledge (GK),Geography
What is the official currency of Kazakhstan?,Jamaican Dollar,Australian Dollar,Kazakhstani Tenge,Norwegian Krone,C,The currency of Kazakhstan is the Kazakhstani Tenge.,General Knowledge (GK),Currencies
What is Mount Everest?,"the tallest mountain above sea level, located in the Himalayas on the Nepal-China border","the largest river by discharge volume of water in the world, flowing through South America","widely regarded as the longest river in the world, flowing through northeastern Africa","the largest hot desert in the world, located in North Africa",A,"Mount Everest is: the tallest mountain above sea level, located in the Himalayas on the Nepal-China border",General Knowledge (GK),Geography
Which statement correctly describes the national animal of India?,"the Indian Peacock, known for its colourful plumage","the Ganga (Ganges), which flows through northern India and is considered sacred","Rajasthan, known for the Thar Desert and its rich cultural heritage","the Bengal Tiger, a symbol of India's wildlife conservation efforts",D,"By definition, the national animal of India is: the Bengal Tiger, a symbol of India's wildlife conservation efforts",General Knowledge (GK),India Facts
"Fill in the blank: ______ refers to ""celebrated on 14 November, the birthday of Jawaharlal Nehru"".",Children's Day in India,Teachers' Day in India,Earth Day,World Population Day,A,"Children's Day in India refers to: celebrated on 14 November, the birthday of Jawaharlal Nehru",General Knowledge (GK),Important Days
"Fill in the blank: ______ refers to ""the deepest known part of the world's oceans, located in the western Pacific Ocean"".",the Pacific Ocean,the Mariana Trench,the Amazon Rainforest,Lake Baikal,B,"the Mariana Trench refers to: the deepest known part of the world's oceans, located in the western Pacific Ocean",General Knowledge (GK),Geography
Libya is located on which continent?,Asia/Europe,Africa,Europe,Europe/Asia,B,Libya is located in Africa.,General Knowledge (GK),Geography
What is the largest continent by area?,"India, which surpassed China in population in 2023","Australia (Oceania), located in the Southern Hemisphere","Asia, which is home to more than half the world's population","the Euro, used by most member states of the EU",C,"the largest continent by area is: Asia, which is home to more than half the world's population",General Knowledge (GK),World Facts
A traveller lands in Kathmandu. Which country are they most likely visiting?,Yemen,Nepal,Ireland,Fiji,B,Kathmandu is the capital city of Nepal.,General Knowledge (GK),Countries and Capitals
What is Teachers' Day in India?,observed on 5 June to raise awareness about protecting the environment,"celebrated on 15 August, marking India's independence from British rule in 1947","celebrated on 26 January, marking the day the Constitution of India came into effect in 1950","celebrated on 5 September, the birthday of Dr. Sarvepalli Radhakrishnan",D,"Teachers' Day in India is: celebrated on 5 September, the birthday of Dr. Sarvepalli Radhakrishnan",General Knowledge (GK),Important Days
A traveller lands in Budapest. Which country are they most likely visiting?,Hungary,Belgium,Taiwan,Ghana,A,Budapest is the capital city of Hungary.,General Knowledge (GK),Countries and Capitals
What is the official currency of Lebanon?,US Dollar,Tunisian Dinar,Lebanese Pound,Euro,C,The currency of Lebanon is the Lebanese Pound.,General Knowledge (GK),Currencies
"Fill in the blank: ______ refers to ""an ancient Incan citadel located in the Andes Mountains of Peru"".",Machu Picchu,the Pyramids of Giza,the Sydney Opera House,Big Ben,A,Machu Picchu refers to: an ancient Incan citadel located in the Andes Mountains of Peru,General Knowledge (GK),Landmarks
Romania is located on which continent?,Europe,Europe/Asia,South America,Asia,A,Romania is located in Europe.,General Knowledge (GK),Geography
Which currency would you use for everyday transactions in Australia?,Hungarian Forint,Australian Dollar,Israeli New Shekel,Singapore Dollar,B,Australia uses the Australian Dollar as its official currency.,General Knowledge (GK),Currencies
Caracas is the capital city of which country?,Poland,Bangladesh,Japan,Venezuela,D,Caracas is the capital of Venezuela.,General Knowledge (GK),Countries and Capitals
What is the Grammy Awards?,"a prestigious American award for achievements in journalism, literature, and music",annual awards presented by the Recording Academy for outstanding achievements in music,"one of India's highest civilian awards, given for distinguished contributions in various fields",a prestigious literary award given for the best novel written in English,B,the Grammy Awards is: annual awards presented by the Recording Academy for outstanding achievements in music,General Knowledge (GK),Awards
A traveller lands in Buenos Aires. Which country are they most likely visiting?,Japan,Uganda,Argentina,Tanzania,C,Buenos Aires is the capital city of Argentina.,General Knowledge (GK),Countries and Capitals
What is Lake Baikal?,"the world's largest coral reef system, located off the coast of Queensland, Australia","the deepest and one of the largest freshwater lakes in the world, located in Russia","the largest river by discharge volume of water in the world, flowing through South America","the deepest known part of the world's oceans, located in the western Pacific Ocean",B,"Lake Baikal is: the deepest and one of the largest freshwater lakes in the world, located in Russia",General Knowledge (GK),Geography
Which statement correctly describes Machu Picchu?,"a large statue on Liberty Island in New York Harbor, gifted to the USA by France in 1886",an ancient series of fortifications built across northern China to protect against invasions,an ancient Incan citadel located in the Andes Mountains of Peru,"an ancient amphitheatre in Rome, Italy, used for gladiator contests and public spectacles",C,"By definition, Machu Picchu is: an ancient Incan citadel located in the Andes Mountains of Peru",General Knowledge (GK),Landmarks
What is the light bulb?,"a device for producing light using electricity, commercially developed by Thomas Edison",a freestanding bell tower in Italy famous for its unintended tilt,"the Ganga (Ganges), which flows through northern India and is considered sacred",an organisation that works to secure global monetary cooperation and financial stability,A,"the light bulb is: a device for producing light using electricity, commercially developed by Thomas Edison",General Knowledge (GK),Inventions
Which statement correctly describes the largest continent by area?,"Asia, which is home to more than half the world's population","the Burj Khalifa, located in Dubai, United Arab Emirates","the Euro, used by most member states of the EU","India, which surpassed China in population in 2023",A,"By definition, the largest continent by area is: Asia, which is home to more than half the world's population",General Knowledge (GK),World Facts
Manila is the capital city of which country?,Bolivia,Malaysia,Philippines,Ghana,C,Manila is the capital of Philippines.,General Knowledge (GK),Countries and Capitals
Astana is the capital city of which country?,Kazakhstan,United Kingdom,Switzerland,Ireland,A,Astana is the capital of Kazakhstan.,General Knowledge (GK),Countries and Capitals
What is the official currency of North Korea?,North Korean Won,Bangladeshi Taka,UAE Dirham,Bulgarian Lev,A,The currency of North Korea is the North Korean Won.,General Knowledge (GK),Currencies
What is the Oscars?,a prestigious literary award given for the best novel written in English,"an international award given annually in fields including Physics, Chemistry, Medicine, Literature, Peace, and Economics, established by Alfred Nobel's will",annual awards presented by the Recording Academy for outstanding achievements in music,"annual awards, officially the Academy Awards, honouring achievement in the film industry",D,"the Oscars is: annual awards, officially the Academy Awards, honouring achievement in the film industry",General Knowledge (GK),Awards
What is Wright Brothers?,"Orville and Wilbur Wright, American inventors credited with building and flying the first successful airplane","the Pacific Ocean, covering about one-third of Earth's surface",observed on 21 June to raise awareness of the benefits of practicing yoga,"'Jana Gana Mana', written by Rabindranath Tagore and adopted in 1950",A,"Wright Brothers is: Orville and Wilbur Wright, American inventors credited with building and flying the first successful airplane",General Knowledge (GK),Inventions
The city of Manila serves as the capital of which nation in Asia?,Kuwait,Malaysia,Jordan,Philippines,D,"Manila is the capital of Philippines, located in Asia.",General Knowledge (GK),Countries and Capitals
"Which term matches this description: ""an international organisation founded in 1945 to maintain world peace and promote cooperation among countries""?",SAARC,the United Nations (UN),ASEAN,the World Bank,B,The description matches the United Nations (UN): an international organisation founded in 1945 to maintain world peace and promote cooperation among countries,General Knowledge (GK),Organisations
What is the Eiffel Tower?,"a wrought-iron lattice tower in Paris, built in 1889 by Gustave Eiffel","a large statue on Liberty Island in New York Harbor, gifted to the USA by France in 1886","the world's tallest statue, located in Gujarat, India, depicting Sardar Vallabhbhai Patel",a freestanding bell tower in Italy famous for its unintended tilt,A,"the Eiffel Tower is: a wrought-iron lattice tower in Paris, built in 1889 by Gustave Eiffel",General Knowledge (GK),Landmarks
"Fill in the blank: ______ refers to ""the world's largest tropical rainforest, located mostly in Brazil"".",the Pacific Ocean,the Amazon Rainforest,the Sahara Desert,Mount Everest,B,"the Amazon Rainforest refers to: the world's largest tropical rainforest, located mostly in Brazil",General Knowledge (GK),Geography
Which currency would you use for everyday transactions in Jamaica?,Egyptian Pound,Jamaican Dollar,Pakistani Rupee,Ghanaian Cedi,B,Jamaica uses the Jamaican Dollar as its official currency.,General Knowledge (GK),Currencies
Which currency would you use for everyday transactions in Sudan?,Brazilian Real,Bangladeshi Taka,Sudanese Pound,Lebanese Pound,C,Sudan uses the Sudanese Pound as its official currency.,General Knowledge (GK),Currencies
"Which term matches this description: ""Rajasthan, known for the Thar Desert and its rich cultural heritage""?",the national animal of India,the largest state in India by area,the national game of India,the national anthem of India,B,"The description matches the largest state in India by area: Rajasthan, known for the Thar Desert and its rich cultural heritage",General Knowledge (GK),India Facts
Which statement correctly describes the theory of relativity?,a multi-sport event held every four years among athletes from across Asia,"the southernmost continent, almost entirely covered by ice",an international organisation founded in 1945 to maintain world peace and promote cooperation among countries,a scientific theory developed by Albert Einstein describing the relationship between space and time,D,"By definition, the theory of relativity is: a scientific theory developed by Albert Einstein describing the relationship between space and time",General Knowledge (GK),Discoveries
What is Galileo Galilei?,a Renaissance artist and inventor known for the Mona Lisa and many scientific sketches,a physicist best known for developing the theory of relativity,a physicist and chemist who conducted pioneering research on radioactivity and won two Nobel Prizes,an astronomer and physicist who championed heliocentrism and improved the telescope,D,Galileo Galilei is: an astronomer and physicist who championed heliocentrism and improved the telescope,General Knowledge (GK),Famous People
What is Rabindranath Tagore?,an Indian poet and writer who won the Nobel Prize in Literature in 1913,an astronomer and physicist who championed heliocentrism and improved the telescope,an Indian leader who led India's non-violent independence movement against British rule,an English playwright and poet widely regarded as the greatest writer in the English language,A,Rabindranath Tagore is: an Indian poet and writer who won the Nobel Prize in Literature in 1913,General Knowledge (GK),Famous People
What is the capital of Sudan?,Khartoum,Singapore,Phnom Penh,Astana,A,The capital of Sudan is Khartoum.,General Knowledge (GK),Countries and Capitals
What is the capital of Tanzania?,Lisbon,Mexico City,Dodoma,Sri Jayawardenepura Kotte,C,The capital of Tanzania is Dodoma.,General Knowledge (GK),Countries and Capitals
What is SAARC?,"the Association of Southeast Asian Nations, a regional organisation promoting political and economic cooperation","an international humanitarian organisation providing relief in war and disaster, founded by Henri Dunant","the South Asian Association for Regional Cooperation, an organisation of South Asian nations",an organisation that works to secure global monetary cooperation and financial stability,C,"SAARC is: the South Asian Association for Regional Cooperation, an organisation of South Asian nations",General Knowledge (GK),Organisations
Which statement correctly describes Wimbledon?,"the oldest tennis tournament in the world, held annually in London, England",an ancient Incan citadel located in the Andes Mountains of Peru,a device invented by Johannes Gutenberg around 1440 that enabled mass production of books,"India, which surpassed China in population in 2023",A,"By definition, Wimbledon is: the oldest tennis tournament in the world, held annually in London, England",General Knowledge (GK),Sports and Events
A traveller lands in Riyadh. Which country are they most likely visiting?,Egypt,Saudi Arabia,Denmark,Turkey,B,Riyadh is the capital city of Saudi Arabia.,General Knowledge (GK),Countries and Capitals
What is the national flower of India?,"'Jana Gana Mana', written by Rabindranath Tagore and adopted in 1950","the Lion Capital of Ashoka, adapted from the Sarnath pillar","the Lotus, which symbolises purity and grace in Indian culture","the supreme law of India, which came into effect on 26 January 1950, drafted under Dr. B.R. Ambedkar",C,"the national flower of India is: the Lotus, which symbolises purity and grace in Indian culture",General Knowledge (GK),India Facts
What is the capital of Morocco?,Rabat,Wellington,Khartoum,Suva,A,The capital of Morocco is Rabat.,General Knowledge (GK),Countries and Capitals
A traveller lands in Port Moresby. Which country are they most likely visiting?,United States,Kenya,Papua New Guinea,United Kingdom,C,Port Moresby is the capital city of Papua New Guinea.,General Knowledge (GK),Countries and Capitals
Kazakhstan is located on which continent?,Africa,South America,Asia,Asia/Europe,C,Kazakhstan is located in Asia.,General Knowledge (GK),Geography
Tripoli is the capital city of which country?,Saudi Arabia,Sri Lanka,United Kingdom,Libya,D,Tripoli is the capital of Libya.,General Knowledge (GK),Countries and Capitals
China is located on which continent?,North America,South America,Asia,Europe,C,China is located in Asia.,General Knowledge (GK),Geography
"Fill in the blank: ______ refers to ""an international award given annually in fields including Physics, Chemistry, Medicine, Literature, Peace, and Economics, established by Alfred Nobel's will"".",the Grammy Awards,the Oscars,the Nobel Prize,the Padma Shri,C,"the Nobel Prize refers to: an international award given annually in fields including Physics, Chemistry, Medicine, Literature, Peace, and Economics, established by Alfred Nobel's will",General Knowledge (GK),Awards
"Fill in the blank: ______ refers to ""widely regarded as the longest river in the world, flowing through northeastern Africa"".",the Sahara Desert,the Nile River,the Amazon Rainforest,Mount Everest,B,"the Nile River refers to: widely regarded as the longest river in the world, flowing through northeastern Africa",General Knowledge (GK),Geography
What is the capital of Austria?,Vienna,Reykjavik,Tunis,Lisbon,A,The capital of Austria is Vienna.,General Knowledge (GK),Countries and Capitals
Which currency would you use for everyday transactions in Bolivia?,Hungarian Forint,Bolivian Boliviano,Norwegian Krone,Libyan Dinar,B,Bolivia uses the Bolivian Boliviano as its official currency.,General Knowledge (GK),Currencies
What is Children's Day in India?,"celebrated on 14 November, the birthday of Jawaharlal Nehru",observed on 11 July to raise awareness of global population issues,"observed on 7 April to raise awareness of global health issues, marking the founding of the WHO","celebrated on 26 January, marking the day the Constitution of India came into effect in 1950",A,"Children's Day in India is: celebrated on 14 November, the birthday of Jawaharlal Nehru",General Knowledge (GK),Important Days
What is the first Prime Minister of India?,"Jawaharlal Nehru, who served from 1947 to 1964","the Ganga (Ganges), which flows through northern India and is considered sacred","Dr. Rajendra Prasad, who served from 1950 to 1962","'Vande Mataram', written by Bankim Chandra Chattopadhyay",A,"the first Prime Minister of India is: Jawaharlal Nehru, who served from 1947 to 1964",General Knowledge (GK),India Facts
A traveller lands in Tokyo. Which country are they most likely visiting?,Ghana,Japan,South Africa,Tanzania,B,Tokyo is the capital city of Japan.,General Knowledge (GK),Countries and Capitals
Which statement correctly describes the Tour de France?,"celebrated on 5 September, the birthday of Dr. Sarvepalli Radhakrishnan",a multi-sport event held every four years among athletes from across Asia,an annual multi-stage bicycle race held primarily in France,"the world's largest tropical rainforest, located mostly in Brazil",C,"By definition, the Tour de France is: an annual multi-stage bicycle race held primarily in France",General Knowledge (GK),Sports and Events
What is the capital of New Zealand?,Wellington,Moscow,Mexico City,Vienna,A,The capital of New Zealand is Wellington.,General Knowledge (GK),Countries and Capitals
"Fill in the blank: ______ refers to ""a device invented by Johannes Gutenberg around 1440 that enabled mass production of books"".",Big Ben,the printing press,the Indian Constitution,Children's Day in India,B,the printing press refers to: a device invented by Johannes Gutenberg around 1440 that enabled mass production of books,General Knowledge (GK),Inventions
What is the Sahara Desert?,"widely regarded as the longest river in the world, flowing through northeastern Africa","the largest hot desert in the world, located in North Africa","the deepest known part of the world's oceans, located in the western Pacific Ocean","the tallest mountain above sea level, located in the Himalayas on the Nepal-China border",B,"the Sahara Desert is: the largest hot desert in the world, located in North Africa",General Knowledge (GK),Geography
The city of Stockholm serves as the capital of which nation in Europe?,Denmark,Sweden,Spain,Austria,B,"Stockholm is the capital of Sweden, located in Europe.",General Knowledge (GK),Countries and Capitals
What is the official currency of Argentina?,Swiss Franc,Argentine Peso,Pakistani Rupee,Pound Sterling,B,The currency of Argentina is the Argentine Peso.,General Knowledge (GK),Currencies
United States is located on which continent?,South America,Africa,North America,Asia/Europe,C,United States is located in North America.,General Knowledge (GK),Geography
What is the capital of Mexico?,Tokyo,Mexico City,Moscow,Brasília,B,The capital of Mexico is Mexico City.,General Knowledge (GK),Countries and Capitals
Which statement correctly describes Rabindranath Tagore?,an English playwright and poet widely regarded as the greatest writer in the English language,a Renaissance artist and inventor known for the Mona Lisa and many scientific sketches,an Indian poet and writer who won the Nobel Prize in Literature in 1913,an Indian leader who led India's non-violent independence movement against British rule,C,"By definition, Rabindranath Tagore is: an Indian poet and writer who won the Nobel Prize in Literature in 1913",General Knowledge (GK),Famous People
Sucre is the capital city of which country?,Mexico,Bolivia,Uruguay,Ecuador,B,Sucre is the capital of Bolivia.,General Knowledge (GK),Countries and Capitals
A traveller lands in Addis Ababa. Which country are they most likely visiting?,Pakistan,United Kingdom,Ethiopia,Iceland,C,Addis Ababa is the capital city of Ethiopia.,General Knowledge (GK),Countries and Capitals
Which statement correctly describes the national game of India?,"the Bengal Tiger, a symbol of India's wildlife conservation efforts","the Ganga (Ganges), which flows through northern India and is considered sacred","Dr. Rajendra Prasad, who served from 1950 to 1962","officially there is no declared national game of India, though hockey is often popularly associated with it",D,"By definition, the national game of India is: officially there is no declared national game of India, though hockey is often popularly associated with it",General Knowledge (GK),India Facts
A traveller lands in Santiago. Which country are they most likely visiting?,Greece,Chile,Switzerland,Ireland,B,Santiago is the capital city of Chile.,General Knowledge (GK),Countries and Capitals
The city of Rome serves as the capital of which nation in Europe?,Finland,Bulgaria,Ukraine,Italy,D,"Rome is the capital of Italy, located in Europe.",General Knowledge (GK),Countries and Capitals
"Which term matches this description: ""Vatican City, an independent city-state located within Rome, Italy""?",the largest country in the world by area,the smallest country in the world,the largest continent by area,the most populous country in the world,B,"The description matches the smallest country in the world: Vatican City, an independent city-state located within Rome, Italy",General Knowledge (GK),World Facts
What is the official currency of Jamaica?,Saudi Riyal,Renminbi (Yuan),Zimbabwean Dollar,Jamaican Dollar,D,The currency of Jamaica is the Jamaican Dollar.,General Knowledge (GK),Currencies
Which currency would you use for everyday transactions in Russia?,Russian Ruble,Ghanaian Cedi,Serbian Dinar,Fijian Dollar,A,Russia uses the Russian Ruble as its official currency.,General Knowledge (GK),Currencies
"Fill in the blank: ______ refers to ""the first widely used antibiotic, discovered by Alexander Fleming in 1928"".",the Statue of Unity,penicillin,the currency of Japan,the Pacific Ocean,B,"penicillin refers to: the first widely used antibiotic, discovered by Alexander Fleming in 1928",General Knowledge (GK),Discoveries
Madrid is the capital city of which country?,Iraq,Mongolia,Singapore,Spain,D,Madrid is the capital of Spain.,General Knowledge (GK),Countries and Capitals
A traveller lands in Kuala Lumpur. Which country are they most likely visiting?,Ghana,Greece,Malaysia,Vietnam,C,Kuala Lumpur is the capital city of Malaysia.,General Knowledge (GK),Countries and Capitals
What is the capital of Finland?,Bucharest,Brasília,Cairo,Helsinki,D,The capital of Finland is Helsinki.,General Knowledge (GK),Countries and Capitals
"Which term matches this description: ""an English playwright and poet widely regarded as the greatest writer in the English language""?",Mahatma Gandhi,Albert Einstein,William Shakespeare,Isaac Newton,C,The description matches William Shakespeare: an English playwright and poet widely regarded as the greatest writer in the English language,General Knowledge (GK),Famous People
What is Earth Day?,"celebrated on 5 September, the birthday of Dr. Sarvepalli Radhakrishnan","celebrated on 14 November, the birthday of Jawaharlal Nehru",observed on 22 April to raise awareness about environmental protection,observed on 11 July to raise awareness of global population issues,C,Earth Day is: observed on 22 April to raise awareness about environmental protection,General Knowledge (GK),Important Days
Indonesia is located on which continent?,Asia,North America,Africa,South America,A,Indonesia is located in Asia.,General Knowledge (GK),Geography
A traveller lands in Lima. Which country are they most likely visiting?,Sweden,Peru,Greece,Venezuela,B,Lima is the capital city of Peru.,General Knowledge (GK),Countries and Capitals
Tehran is the capital city of which country?,Iran,Laos,Kazakhstan,Kenya,A,Tehran is the capital of Iran.,General Knowledge (GK),Countries and Capitals
Ottawa is the capital city of which country?,India,Canada,Serbia,Malaysia,B,Ottawa is the capital of Canada.,General Knowledge (GK),Countries and Capitals
What is the capital of Uganda?,Copenhagen,Kampala,Tashkent,Kabul,B,The capital of Uganda is Kampala.,General Knowledge (GK),Countries and Capitals
The city of Hanoi serves as the capital of which nation in Asia?,Jordan,Japan,Myanmar,Vietnam,D,"Hanoi is the capital of Vietnam, located in Asia.",General Knowledge (GK),Countries and Capitals
Doha is the capital city of which country?,Jamaica,Qatar,Uganda,Tanzania,B,Doha is the capital of Qatar.,General Knowledge (GK),Countries and Capitals
Which currency would you use for everyday transactions in Algeria?,Algerian Dinar,Moroccan Dirham,Cambodian Riel,Argentine Peso,A,Algeria uses the Algerian Dinar as its official currency.,General Knowledge (GK),Currencies
A traveller lands in Beijing. Which country are they most likely visiting?,China,Fiji,Kazakhstan,United Arab Emirates,A,Beijing is the capital city of China.,General Knowledge (GK),Countries and Capitals
Pretoria is the capital city of which country?,Italy,Hungary,South Africa,Portugal,C,Pretoria is the capital of South Africa.,General Knowledge (GK),Countries and Capitals
The city of Jakarta serves as the capital of which nation in Asia?,Indonesia,China,Oman,Israel,A,"Jakarta is the capital of Indonesia, located in Asia.",General Knowledge (GK),Countries and Capitals
The city of Bern serves as the capital of which nation in Europe?,Switzerland,Greece,Germany,Ireland,A,"Bern is the capital of Switzerland, located in Europe.",General Knowledge (GK),Countries and Capitals
The city of Sana'a serves as the capital of which nation in Asia?,Yemen,China,Jordan,Sri Lanka,A,"Sana'a is the capital of Yemen, located in Asia.",General Knowledge (GK),Countries and Capitals
Which statement correctly describes the Statue of Liberty?,"a large statue on Liberty Island in New York Harbor, gifted to the USA by France in 1886",an ancient Incan citadel located in the Andes Mountains of Peru,"a multi-venue performing arts centre in Sydney, Australia, known for its distinctive shell-like design","a wrought-iron lattice tower in Paris, built in 1889 by Gustave Eiffel",A,"By definition, the Statue of Liberty is: a large statue on Liberty Island in New York Harbor, gifted to the USA by France in 1886",General Knowledge (GK),Landmarks
A traveller lands in Tehran. Which country are they most likely visiting?,Iran,Switzerland,Lebanon,China,A,Tehran is the capital city of Iran.,General Knowledge (GK),Countries and Capitals
Bern is the capital city of which country?,Tunisia,Switzerland,Egypt,Sudan,B,Bern is the capital of Switzerland.,General Knowledge (GK),Countries and Capitals
A traveller lands in Caracas. Which country are they most likely visiting?,United States,Fiji,Peru,Venezuela,D,Caracas is the capital city of Venezuela.,General Knowledge (GK),Countries and Capitals
"Fill in the blank: ______ refers to ""the Ganga (Ganges), which flows through northern India and is considered sacred"".",the national anthem of India,the national bird of India,the longest river in India,the first Prime Minister of India,C,"the longest river in India refers to: the Ganga (Ganges), which flows through northern India and is considered sacred",General Knowledge (GK),India Facts
What is the capital of Canada?,Sofia,Port Moresby,Santiago,Ottawa,D,The capital of Canada is Ottawa.,General Knowledge (GK),Countries and Capitals
Which statement correctly describes Albert Einstein?,a physicist and chemist who conducted pioneering research on radioactivity and won two Nobel Prizes,a naturalist known for his contributions to the theory of evolution by natural selection,a South African leader who fought against apartheid and later became President of South Africa,a physicist best known for developing the theory of relativity,D,"By definition, Albert Einstein is: a physicist best known for developing the theory of relativity",General Knowledge (GK),Famous People
"Fill in the blank: ______ refers to ""Asia, which is home to more than half the world's population"".",the largest country in the world by area,the tallest building in the world,the largest continent by area,the currency of the European Union,C,"the largest continent by area refers to: Asia, which is home to more than half the world's population",General Knowledge (GK),World Facts
"Which term matches this description: ""the southernmost continent, almost entirely covered by ice""?",the Sahara Desert,the Mariana Trench,the Great Barrier Reef,the Antarctic continent,D,"The description matches the Antarctic continent: the southernmost continent, almost entirely covered by ice",General Knowledge (GK),Geography
"Which term matches this description: ""an annual multi-stage bicycle race held primarily in France""?",Rabindranath Tagore,the national emblem of India,the Tour de France,the World Bank,C,The description matches the Tour de France: an annual multi-stage bicycle race held primarily in France,General Knowledge (GK),Sports and Events
What is the official currency of Germany?,Euro,Iraqi Dinar,Cambodian Riel,Ukrainian Hryvnia,A,The currency of Germany is the Euro.,General Knowledge (GK),Currencies
"Fill in the blank: ______ refers to ""the largest and deepest of Earth's oceanic divisions"".",the Pacific Ocean,the Amazon Rainforest,the Antarctic continent,Lake Baikal,A,the Pacific Ocean refers to: the largest and deepest of Earth's oceanic divisions,General Knowledge (GK),Geography
A traveller lands in London. Which country are they most likely visiting?,Japan,Cambodia,Canada,United Kingdom,D,London is the capital city of United Kingdom.,General Knowledge (GK),Countries and Capitals
The city of Washington D.C. serves as the capital of which nation in North America?,Canada,United States,Jamaica,Cuba,B,"Washington D.C. is the capital of United States, located in North America.",General Knowledge (GK),Countries and Capitals
Which statement correctly describes International Women's Day?,"celebrated on 14 November, the birthday of Jawaharlal Nehru",observed on 21 June to raise awareness of the benefits of practicing yoga,observed on 8 March to celebrate women's achievements and promote gender equality,"observed on 7 April to raise awareness of global health issues, marking the founding of the WHO",C,"By definition, International Women's Day is: observed on 8 March to celebrate women's achievements and promote gender equality",General Knowledge (GK),Important Days
