Question,Option A,Option B,Option C,Option D,Correct Answer,Solution,Category,Subcategory
A team needs 233 runs to win from 1.4 overs remaining. What is the required run rate (runs per over)?,168.43,166.93,166.43,164.93,C,Required run rate = Runs needed / Overs remaining = 233 / 1.4 ≈ 166.43.,Cricket,Scoring Calculations
A team scores at a run rate of 7.23 runs per over for 29 overs. Approximately how many runs have they scored?,210,220,190,230,A,Runs ≈ Run rate × Overs = 7.23 × 29 ≈ 210 runs.,Cricket,Scoring Calculations
A team scores at a run rate of 8.26 runs per over for 48 overs. Approximately how many runs have they scored?,381,401,386,396,D,Runs ≈ Run rate × Overs = 8.26 × 48 ≈ 396 runs.,Cricket,Scoring Calculations
What is stumping?,an ICC competition determining the best Test cricket team over a two-year cycle,"a method of dismissal where the wicketkeeper breaks the stumps while the batsman is out of the crease, typically off a spin delivery","an Australian cricketer regarded as the greatest Test batsman ever, with a Test batting average of 99.94","a dismissal on the very first ball a batsman faces, for zero runs",B,"stumping is: a method of dismissal where the wicketkeeper breaks the stumps while the batsman is out of the crease, typically off a spin delivery",Cricket,Rules
Which statement correctly describes Shane Warne?,"an Australian cricketer regarded as the greatest Test batsman ever, with a Test batting average of 99.94","the Indian captain who led India to victory in the 2007 T20 World Cup, 2011 World Cup, and 2013 Champions Trophy",an Australian leg-spin bowler regarded as one of the greatest bowlers in cricket history,a West Indian batsman who holds the record for the highest individual score in Test cricket (400 not out),C,"By definition, Shane Warne is: an Australian leg-spin bowler regarded as one of the greatest bowlers in cricket history",Cricket,Players
The 1979 Cricket World Cup title was lifted by which team?,West Indies,Sri Lanka,Pakistan,South Africa,A,West Indies won the Cricket World Cup in 1979.,Cricket,World Cup History
"Fill in the blank: ______ refers to ""a method of dismissal where a fielder breaks the stumps with the ball while a batsman is out of their crease"".",a yorker,a googly,the Ranji Trophy,a run-out,D,a run-out refers to: a method of dismissal where a fielder breaks the stumps with the ball while a batsman is out of their crease,Cricket,Rules
A team needs 7 runs to win from 4.1 overs remaining. What is the required run rate (runs per over)?,3.21,0.71,2.71,1.71,D,Required run rate = Runs needed / Overs remaining = 7 / 4.1 ≈ 1.71.,Cricket,Scoring Calculations
A team scores at a run rate of 8.49 runs per over for 9 overs. Approximately how many runs have they scored?,76,56,86,61,A,Runs ≈ Run rate × Overs = 8.49 × 9 ≈ 76 runs.,Cricket,Scoring Calculations
A team needs 96 runs to win from 7.1 overs remaining. What is the required run rate (runs per over)?,15.02,12.52,11.52,13.52,D,Required run rate = Runs needed / Overs remaining = 96 / 7.1 ≈ 13.52.,Cricket,Scoring Calculations
A team scores at a run rate of 7.21 runs per over for 42 overs. Approximately how many runs have they scored?,308,293,283,303,D,Runs ≈ Run rate × Overs = 7.21 × 42 ≈ 303 runs.,Cricket,Scoring Calculations
A team needs 147 runs to win from 17.4 overs remaining. What is the required run rate (runs per over)?,6.45,10.45,8.45,8.95,C,Required run rate = Runs needed / Overs remaining = 147 / 17.4 ≈ 8.45.,Cricket,Scoring Calculations
A team scores at a run rate of 4.41 runs per over for 11 overs. Approximately how many runs have they scored?,39,64,49,59,C,Runs ≈ Run rate × Overs = 4.41 × 11 ≈ 49 runs.,Cricket,Scoring Calculations
"Fill in the blank: ______ refers to ""a Test cricket series played between England and Australia"".",Shane Warne,a maiden over,a wide,the Ashes,D,the Ashes refers to: a Test cricket series played between England and Australia,Cricket,Tournaments
A team needs 287 runs to win from 18.2 overs remaining. What is the required run rate (runs per over)?,15.77,16.77,13.77,16.27,A,Required run rate = Runs needed / Overs remaining = 287 / 18.2 ≈ 15.77.,Cricket,Scoring Calculations
A team scores at a run rate of 7.34 runs per over for 34 overs. Approximately how many runs have they scored?,250,255,245,235,A,Runs ≈ Run rate × Overs = 7.34 × 34 ≈ 250 runs.,Cricket,Scoring Calculations
A team scores at a run rate of 8.9 runs per over for 24 overs. Approximately how many runs have they scored?,194,209,214,234,C,Runs ≈ Run rate × Overs = 8.9 × 24 ≈ 214 runs.,Cricket,Scoring Calculations
A team needs 158 runs to win from 2.0 overs remaining. What is the required run rate (runs per over)?,78.50,79.50,79.00,80.50,C,Required run rate = Runs needed / Overs remaining = 158 / 2.0 ≈ 79.00.,Cricket,Scoring Calculations
A team scores at a run rate of 6.38 runs per over for 16 overs. Approximately how many runs have they scored?,122,82,112,102,D,Runs ≈ Run rate × Overs = 6.38 × 16 ≈ 102 runs.,Cricket,Scoring Calculations
A team scores at a run rate of 5.18 runs per over for 20 overs. Approximately how many runs have they scored?,104,94,124,119,A,Runs ≈ Run rate × Overs = 5.18 × 20 ≈ 104 runs.,Cricket,Scoring Calculations
A team scores at a run rate of 4.67 runs per over for 50 overs. Approximately how many runs have they scored?,229,249,224,234,D,Runs ≈ Run rate × Overs = 4.67 × 50 ≈ 234 runs.,Cricket,Scoring Calculations
A team needs 308 runs to win from 7.0 overs remaining. What is the required run rate (runs per over)?,42.50,45.00,43.50,44.00,D,Required run rate = Runs needed / Overs remaining = 308 / 7.0 ≈ 44.00.,Cricket,Scoring Calculations
A team scores at a run rate of 5.87 runs per over for 9 overs. Approximately how many runs have they scored?,58,53,73,33,B,Runs ≈ Run rate × Overs = 5.87 × 9 ≈ 53 runs.,Cricket,Scoring Calculations
A team scores at a run rate of 7.63 runs per over for 27 overs. Approximately how many runs have they scored?,221,206,201,191,B,Runs ≈ Run rate × Overs = 7.63 × 27 ≈ 206 runs.,Cricket,Scoring Calculations
A team needs 219 runs to win from 6.6 overs remaining. What is the required run rate (runs per over)?,32.18,34.18,32.68,33.18,D,Required run rate = Runs needed / Overs remaining = 219 / 6.6 ≈ 33.18.,Cricket,Scoring Calculations
A team scores at a run rate of 5.74 runs per over for 27 overs. Approximately how many runs have they scored?,155,140,145,165,A,Runs ≈ Run rate × Overs = 5.74 × 27 ≈ 155 runs.,Cricket,Scoring Calculations
A team needs 30 runs to win from 12.2 overs remaining. What is the required run rate (runs per over)?,2.96,2.46,1.96,3.46,B,Required run rate = Runs needed / Overs remaining = 30 / 12.2 ≈ 2.46.,Cricket,Scoring Calculations
A team scores at a run rate of 9.02 runs per over for 34 overs. Approximately how many runs have they scored?,307,287,322,312,A,Runs ≈ Run rate × Overs = 9.02 × 34 ≈ 307 runs.,Cricket,Scoring Calculations
"Fill in the blank: ______ refers to ""an international Twenty20 cricket championship organised by the International Cricket Council"".",a golden duck,the ICC T20 World Cup,stumping,Twenty20 (T20) cricket,B,the ICC T20 World Cup refers to: an international Twenty20 cricket championship organised by the International Cricket Council,Cricket,Tournaments
A team scores at a run rate of 7.43 runs per over for 19 overs. Approximately how many runs have they scored?,126,121,156,141,D,Runs ≈ Run rate × Overs = 7.43 × 19 ≈ 141 runs.,Cricket,Scoring Calculations
A team scores at a run rate of 8.61 runs per over for 19 overs. Approximately how many runs have they scored?,154,174,184,164,D,Runs ≈ Run rate × Overs = 8.61 × 19 ≈ 164 runs.,Cricket,Scoring Calculations
A team needs 183 runs to win from 19.1 overs remaining. What is the required run rate (runs per over)?,10.58,8.08,9.58,11.58,C,Required run rate = Runs needed / Overs remaining = 183 / 19.1 ≈ 9.58.,Cricket,Scoring Calculations
A team needs 193 runs to win from 14.1 overs remaining. What is the required run rate (runs per over)?,13.19,12.69,14.69,13.69,D,Required run rate = Runs needed / Overs remaining = 193 / 14.1 ≈ 13.69.,Cricket,Scoring Calculations
A team needs 25 runs to win from 17.3 overs remaining. What is the required run rate (runs per over)?,2.95,3.45,0.45,1.45,D,Required run rate = Runs needed / Overs remaining = 25 / 17.3 ≈ 1.45.,Cricket,Scoring Calculations
A team needs 32 runs to win from 3.2 overs remaining. What is the required run rate (runs per over)?,11.00,11.50,9.50,10.00,D,Required run rate = Runs needed / Overs remaining = 32 / 3.2 ≈ 10.00.,Cricket,Scoring Calculations
Which statement correctly describes Sachin Tendulkar?,a West Indian batsman who holds the record for the highest individual score in Test cricket (400 not out),an Indian cricketer known for his aggressive batting and record chase-master reputation in ODIs,an Australian leg-spin bowler regarded as one of the greatest bowlers in cricket history,"an Indian cricketer widely regarded as one of the greatest batsmen of all time, holding the record for most international centuries",D,"By definition, Sachin Tendulkar is: an Indian cricketer widely regarded as one of the greatest batsmen of all time, holding the record for most international centuries",Cricket,Players
A team scores at a run rate of 4.4 runs per over for 22 overs. Approximately how many runs have they scored?,92,112,97,82,C,Runs ≈ Run rate × Overs = 4.4 × 22 ≈ 97 runs.,Cricket,Scoring Calculations
A team scores at a run rate of 5.22 runs per over for 29 overs. Approximately how many runs have they scored?,146,151,171,131,B,Runs ≈ Run rate × Overs = 5.22 × 29 ≈ 151 runs.,Cricket,Scoring Calculations
What is a four?,a bowler who deceives batsmen by disguising the direction of spin,"a shot where the ball reaches or crosses the boundary after touching the ground, scoring four runs","a shot where the ball clears the boundary without touching the ground, scoring six runs","a delivery judged too wide or high for the batsman to play, resulting in an extra run",B,"a four is: a shot where the ball reaches or crosses the boundary after touching the ground, scoring four runs",Cricket,Terminology
A team needs 238 runs to win from 12.3 overs remaining. What is the required run rate (runs per over)?,17.35,19.35,17.85,18.85,B,Required run rate = Runs needed / Overs remaining = 238 / 12.3 ≈ 19.35.,Cricket,Scoring Calculations
A team scores at a run rate of 6.83 runs per over for 15 overs. Approximately how many runs have they scored?,112,82,87,102,D,Runs ≈ Run rate × Overs = 6.83 × 15 ≈ 102 runs.,Cricket,Scoring Calculations
A team needs 119 runs to win from 15.5 overs remaining. What is the required run rate (runs per over)?,9.18,8.18,5.68,7.68,D,Required run rate = Runs needed / Overs remaining = 119 / 15.5 ≈ 7.68.,Cricket,Scoring Calculations
A team scores at a run rate of 6.36 runs per over for 20 overs. Approximately how many runs have they scored?,132,127,142,112,B,Runs ≈ Run rate × Overs = 6.36 × 20 ≈ 127 runs.,Cricket,Scoring Calculations
A team scores at a run rate of 6.41 runs per over for 18 overs. Approximately how many runs have they scored?,95,130,115,135,C,Runs ≈ Run rate × Overs = 6.41 × 18 ≈ 115 runs.,Cricket,Scoring Calculations
A team needs 158 runs to win from 2.1 overs remaining. What is the required run rate (runs per over)?,76.24,75.24,74.74,76.74,B,Required run rate = Runs needed / Overs remaining = 158 / 2.1 ≈ 75.24.,Cricket,Scoring Calculations
A team scores at a run rate of 9.34 runs per over for 34 overs. Approximately how many runs have they scored?,308,328,323,318,D,Runs ≈ Run rate × Overs = 9.34 × 34 ≈ 318 runs.,Cricket,Scoring Calculations
What is a no-ball?,"a dismissal on the very first ball a batsman faces, for zero runs",the outer edge of the cricket field; hitting the ball over it scores four or six runs,"an illegal delivery, often due to overstepping the crease, which results in an extra run and a free hit in limited-overs cricket",three wickets taken by a bowler on three consecutive deliveries,C,"a no-ball is: an illegal delivery, often due to overstepping the crease, which results in an extra run and a free hit in limited-overs cricket",Cricket,Terminology
A team needs 162 runs to win from 8.0 overs remaining. What is the required run rate (runs per over)?,22.25,20.25,21.25,20.75,B,Required run rate = Runs needed / Overs remaining = 162 / 8.0 ≈ 20.25.,Cricket,Scoring Calculations
A team needs 44 runs to win from 15.1 overs remaining. What is the required run rate (runs per over)?,4.91,2.91,2.41,4.41,B,Required run rate = Runs needed / Overs remaining = 44 / 15.1 ≈ 2.91.,Cricket,Scoring Calculations
A team scores at a run rate of 9.22 runs per over for 23 overs. Approximately how many runs have they scored?,212,222,197,207,A,Runs ≈ Run rate × Overs = 9.22 × 23 ≈ 212 runs.,Cricket,Scoring Calculations
A team needs 55 runs to win from 9.2 overs remaining. What is the required run rate (runs per over)?,5.98,4.48,7.98,5.48,A,Required run rate = Runs needed / Overs remaining = 55 / 9.2 ≈ 5.98.,Cricket,Scoring Calculations
What is a golden duck?,"a delivery bowled to land at the batsman's feet, near the base of the stumps","a dismissal on the very first ball a batsman faces, for zero runs","a shot where the ball clears the boundary without touching the ground, scoring six runs",the outer edge of the cricket field; hitting the ball over it scores four or six runs,B,"a golden duck is: a dismissal on the very first ball a batsman faces, for zero runs",Cricket,Terminology
Which statement correctly describes the toss?,the coin flip at the start of a match that decides which captain chooses to bat or bowl first,"an Australian cricketer regarded as the greatest Test batsman ever, with a Test batting average of 99.94",a deceptive delivery bowled by a leg-spinner that turns the opposite way to a normal leg break,between approximately 155.9 and 163 grams for a men's cricket ball,A,"By definition, the toss is: the coin flip at the start of a match that decides which captain chooses to bat or bowl first",Cricket,Rules
Which team won the ICC Cricket World Cup held in 2019?,New Zealand,Pakistan,Sri Lanka,England,D,England won the Cricket World Cup in 2019.,Cricket,World Cup History
What is a Test match?,a Test cricket series played between England and Australia,"a fielding position close behind the batsman on the off side, used to catch edges","the longest format of cricket, played over five days between two teams with two innings each","a shot where the ball reaches or crosses the boundary after touching the ground, scoring four runs",C,"a Test match is: the longest format of cricket, played over five days between two teams with two innings each",Cricket,Formats
A team scores at a run rate of 8.44 runs per over for 22 overs. Approximately how many runs have they scored?,186,191,196,166,A,Runs ≈ Run rate × Overs = 8.44 × 22 ≈ 186 runs.,Cricket,Scoring Calculations
A team needs 60 runs to win from 18.8 overs remaining. What is the required run rate (runs per over)?,3.19,2.19,4.19,1.19,A,Required run rate = Runs needed / Overs remaining = 60 / 18.8 ≈ 3.19.,Cricket,Scoring Calculations
A team needs 7 runs to win from 5.5 overs remaining. What is the required run rate (runs per over)?,1.27,2.27,3.27,1.77,A,Required run rate = Runs needed / Overs remaining = 7 / 5.5 ≈ 1.27.,Cricket,Scoring Calculations
A team scores at a run rate of 4.05 runs per over for 6 overs. Approximately how many runs have they scored?,39,14,44,24,D,Runs ≈ Run rate × Overs = 4.05 × 6 ≈ 24 runs.,Cricket,Scoring Calculations
A team scores at a run rate of 6.37 runs per over for 16 overs. Approximately how many runs have they scored?,82,102,112,92,B,Runs ≈ Run rate × Overs = 6.37 × 16 ≈ 102 runs.,Cricket,Scoring Calculations
A team needs 1 runs to win from 8.5 overs remaining. What is the required run rate (runs per over)?,0.12,7.12,1.12,1.62,A,Required run rate = Runs needed / Overs remaining = 1 / 8.5 ≈ 0.12.,Cricket,Scoring Calculations
"Which term matches this description: ""a dismissal on the very first ball a batsman faces, for zero runs""?",a golden duck,a googly bowler,a hat-trick,the Duckworth-Lewis-Stern (DLS) method,A,"The description matches a golden duck: a dismissal on the very first ball a batsman faces, for zero runs",Cricket,Terminology
A team needs 144 runs to win from 19.2 overs remaining. What is the required run rate (runs per over)?,8.00,5.50,6.00,7.50,D,Required run rate = Runs needed / Overs remaining = 144 / 19.2 ≈ 7.50.,Cricket,Scoring Calculations
A team needs 58 runs to win from 14.8 overs remaining. What is the required run rate (runs per over)?,3.42,5.92,3.92,5.42,C,Required run rate = Runs needed / Overs remaining = 58 / 14.8 ≈ 3.92.,Cricket,Scoring Calculations
A team needs 89 runs to win from 16.9 overs remaining. What is the required run rate (runs per over)?,6.77,4.77,7.27,5.27,D,Required run rate = Runs needed / Overs remaining = 89 / 16.9 ≈ 5.27.,Cricket,Scoring Calculations
A team needs 159 runs to win from 13.2 overs remaining. What is the required run rate (runs per over)?,12.05,10.55,13.05,14.05,A,Required run rate = Runs needed / Overs remaining = 159 / 13.2 ≈ 12.05.,Cricket,Scoring Calculations
A team needs 151 runs to win from 13.8 overs remaining. What is the required run rate (runs per over)?,9.94,12.44,8.94,10.94,D,Required run rate = Runs needed / Overs remaining = 151 / 13.8 ≈ 10.94.,Cricket,Scoring Calculations
A team needs 99 runs to win from 16.2 overs remaining. What is the required run rate (runs per over)?,6.61,5.11,6.11,7.61,C,Required run rate = Runs needed / Overs remaining = 99 / 16.2 ≈ 6.11.,Cricket,Scoring Calculations
A team scores at a run rate of 9.22 runs per over for 11 overs. Approximately how many runs have they scored?,101,116,91,111,A,Runs ≈ Run rate × Overs = 9.22 × 11 ≈ 101 runs.,Cricket,Scoring Calculations
A team needs 41 runs to win from 15.8 overs remaining. What is the required run rate (runs per over)?,4.59,1.09,0.59,2.59,D,Required run rate = Runs needed / Overs remaining = 41 / 15.8 ≈ 2.59.,Cricket,Scoring Calculations
A team needs 251 runs to win from 1.9 overs remaining. What is the required run rate (runs per over)?,132.11,133.61,130.11,130.61,A,Required run rate = Runs needed / Overs remaining = 251 / 1.9 ≈ 132.11.,Cricket,Scoring Calculations
Which statement correctly describes a hat-trick?,three wickets taken by a bowler on three consecutive deliveries,"a shot where the ball reaches or crosses the boundary after touching the ground, scoring four runs","a shot where the ball clears the boundary without touching the ground, scoring six runs",a batting partnership between two batsmen that produces 100 or more runs together,A,"By definition, a hat-trick is: three wickets taken by a bowler on three consecutive deliveries",Cricket,Terminology
A team needs 59 runs to win from 14.8 overs remaining. What is the required run rate (runs per over)?,1.99,5.49,3.99,5.99,C,Required run rate = Runs needed / Overs remaining = 59 / 14.8 ≈ 3.99.,Cricket,Scoring Calculations
A team scores at a run rate of 4.3 runs per over for 21 overs. Approximately how many runs have they scored?,100,75,90,95,C,Runs ≈ Run rate × Overs = 4.3 × 21 ≈ 90 runs.,Cricket,Scoring Calculations
A team needs 215 runs to win from 8.6 overs remaining. What is the required run rate (runs per over)?,24.00,24.50,25.00,23.00,C,Required run rate = Runs needed / Overs remaining = 215 / 8.6 ≈ 25.00.,Cricket,Scoring Calculations
Which statement correctly describes the Ranji Trophy?,a domestic first-class cricket championship played in India between teams representing states and regions,an ICC competition determining the best Test cricket team over a two-year cycle,the outer edge of the cricket field; hitting the ball over it scores four or six runs,the coin flip at the start of a match that decides which captain chooses to bat or bowl first,A,"By definition, the Ranji Trophy is: a domestic first-class cricket championship played in India between teams representing states and regions",Cricket,Tournaments
A team needs 115 runs to win from 1.8 overs remaining. What is the required run rate (runs per over)?,61.89,63.89,62.39,64.89,B,Required run rate = Runs needed / Overs remaining = 115 / 1.8 ≈ 63.89.,Cricket,Scoring Calculations
"Which term matches this description: ""a fielding position on the off side, between point and mid-off""?",the cover fielding position,the boundary,Twenty20 (T20) cricket,the slip fielding position,A,"The description matches the cover fielding position: a fielding position on the off side, between point and mid-off",Cricket,Fielding
A team needs 245 runs to win from 11.4 overs remaining. What is the required run rate (runs per over)?,19.99,21.49,20.99,21.99,B,Required run rate = Runs needed / Overs remaining = 245 / 11.4 ≈ 21.49.,Cricket,Scoring Calculations
A team scores at a run rate of 8.19 runs per over for 25 overs. Approximately how many runs have they scored?,210,205,195,185,B,Runs ≈ Run rate × Overs = 8.19 × 25 ≈ 205 runs.,Cricket,Scoring Calculations
The 2003 Cricket World Cup title was lifted by which team?,England,Pakistan,Australia,India,C,Australia won the Cricket World Cup in 2003.,Cricket,World Cup History
A team scores at a run rate of 7.85 runs per over for 42 overs. Approximately how many runs have they scored?,310,330,325,320,B,Runs ≈ Run rate × Overs = 7.85 × 42 ≈ 330 runs.,Cricket,Scoring Calculations
A team scores at a run rate of 6.96 runs per over for 9 overs. Approximately how many runs have they scored?,48,78,73,63,D,Runs ≈ Run rate × Overs = 6.96 × 9 ≈ 63 runs.,Cricket,Scoring Calculations
A team scores at a run rate of 5.22 runs per over for 48 overs. Approximately how many runs have they scored?,231,261,251,271,C,Runs ≈ Run rate × Overs = 5.22 × 48 ≈ 251 runs.,Cricket,Scoring Calculations
A team scores at a run rate of 6.81 runs per over for 24 overs. Approximately how many runs have they scored?,148,183,173,163,D,Runs ≈ Run rate × Overs = 6.81 × 24 ≈ 163 runs.,Cricket,Scoring Calculations
A team needs 115 runs to win from 3.5 overs remaining. What is the required run rate (runs per over)?,33.86,34.86,30.86,32.86,D,Required run rate = Runs needed / Overs remaining = 115 / 3.5 ≈ 32.86.,Cricket,Scoring Calculations
A team scores at a run rate of 8.49 runs per over for 21 overs. Approximately how many runs have they scored?,178,193,188,168,A,Runs ≈ Run rate × Overs = 8.49 × 21 ≈ 178 runs.,Cricket,Scoring Calculations
A team scores at a run rate of 8.65 runs per over for 16 overs. Approximately how many runs have they scored?,128,148,138,123,C,Runs ≈ Run rate × Overs = 8.65 × 16 ≈ 138 runs.,Cricket,Scoring Calculations
The 2007 Cricket World Cup title was lifted by which team?,South Africa,Australia,Sri Lanka,England,B,Australia won the Cricket World Cup in 2007.,Cricket,World Cup History
A team needs 141 runs to win from 5.5 overs remaining. What is the required run rate (runs per over)?,25.64,27.14,24.64,23.64,A,Required run rate = Runs needed / Overs remaining = 141 / 5.5 ≈ 25.64.,Cricket,Scoring Calculations
A team scores at a run rate of 5.19 runs per over for 5 overs. Approximately how many runs have they scored?,21,6,26,41,C,Runs ≈ Run rate × Overs = 5.19 × 5 ≈ 26 runs.,Cricket,Scoring Calculations
A team needs 219 runs to win from 5.4 overs remaining. What is the required run rate (runs per over)?,41.56,41.06,42.56,40.56,D,Required run rate = Runs needed / Overs remaining = 219 / 5.4 ≈ 40.56.,Cricket,Scoring Calculations
A team scores at a run rate of 5.09 runs per over for 32 overs. Approximately how many runs have they scored?,173,153,143,163,D,Runs ≈ Run rate × Overs = 5.09 × 32 ≈ 163 runs.,Cricket,Scoring Calculations
A team needs 82 runs to win from 6.5 overs remaining. What is the required run rate (runs per over)?,10.62,12.12,11.62,12.62,D,Required run rate = Runs needed / Overs remaining = 82 / 6.5 ≈ 12.62.,Cricket,Scoring Calculations
"Fill in the blank: ______ refers to ""a batsman's dismissal for a score of zero runs"".",the boundary,a hat-trick,a duck,a bouncer,C,a duck refers to: a batsman's dismissal for a score of zero runs,Cricket,Terminology
A team scores at a run rate of 8.04 runs per over for 37 overs. Approximately how many runs have they scored?,282,297,312,317,B,Runs ≈ Run rate × Overs = 8.04 × 37 ≈ 297 runs.,Cricket,Scoring Calculations
"Which term matches this description: ""a domestic first-class cricket championship played in India between teams representing states and regions""?",the World Test Championship,a six,a maiden over,the Ranji Trophy,D,The description matches the Ranji Trophy: a domestic first-class cricket championship played in India between teams representing states and regions,Cricket,Tournaments
A team scores at a run rate of 4.01 runs per over for 22 overs. Approximately how many runs have they scored?,88,83,68,98,A,Runs ≈ Run rate × Overs = 4.01 × 22 ≈ 88 runs.,Cricket,Scoring Calculations
A team scores at a run rate of 8.25 runs per over for 33 overs. Approximately how many runs have they scored?,252,292,262,272,D,Runs ≈ Run rate × Overs = 8.25 × 33 ≈ 272 runs.,Cricket,Scoring Calculations
A team scores at a run rate of 4.32 runs per over for 38 overs. Approximately how many runs have they scored?,169,164,179,174,B,Runs ≈ Run rate × Overs = 4.32 × 38 ≈ 164 runs.,Cricket,Scoring Calculations
A team scores at a run rate of 7.97 runs per over for 21 overs. Approximately how many runs have they scored?,167,177,172,182,A,Runs ≈ Run rate × Overs = 7.97 × 21 ≈ 167 runs.,Cricket,Scoring Calculations
A team scores at a run rate of 9.46 runs per over for 48 overs. Approximately how many runs have they scored?,454,464,444,474,A,Runs ≈ Run rate × Overs = 9.46 × 48 ≈ 454 runs.,Cricket,Scoring Calculations
A team scores at a run rate of 9.85 runs per over for 28 overs. Approximately how many runs have they scored?,256,276,296,271,B,Runs ≈ Run rate × Overs = 9.85 × 28 ≈ 276 runs.,Cricket,Scoring Calculations
The 2015 Cricket World Cup title was lifted by which team?,Australia,England,West Indies,India,A,Australia won the Cricket World Cup in 2015.,Cricket,World Cup History
A team scores at a run rate of 6.91 runs per over for 8 overs. Approximately how many runs have they scored?,35,50,45,55,D,Runs ≈ Run rate × Overs = 6.91 × 8 ≈ 55 runs.,Cricket,Scoring Calculations
"Which term matches this description: ""a deceptive delivery bowled by a leg-spinner that turns the opposite way to a normal leg break""?",a century in cricket,a googly,a six,a no-ball,B,The description matches a googly: a deceptive delivery bowled by a leg-spinner that turns the opposite way to a normal leg break,Cricket,Terminology
A team scores at a run rate of 5.52 runs per over for 49 overs. Approximately how many runs have they scored?,285,260,270,250,C,Runs ≈ Run rate × Overs = 5.52 × 49 ≈ 270 runs.,Cricket,Scoring Calculations
A team scores at a run rate of 9.53 runs per over for 48 overs. Approximately how many runs have they scored?,472,442,447,457,D,Runs ≈ Run rate × Overs = 9.53 × 48 ≈ 457 runs.,Cricket,Scoring Calculations
A team needs 105 runs to win from 16.6 overs remaining. What is the required run rate (runs per over)?,8.33,4.33,6.33,7.33,C,Required run rate = Runs needed / Overs remaining = 105 / 16.6 ≈ 6.33.,Cricket,Scoring Calculations
A team scores at a run rate of 9.17 runs per over for 30 overs. Approximately how many runs have they scored?,260,255,285,275,D,Runs ≈ Run rate × Overs = 9.17 × 30 ≈ 275 runs.,Cricket,Scoring Calculations
"Which term matches this description: ""a batting partnership between two batsmen that produces 100 or more runs together""?",a wide,a duck,the Duckworth-Lewis-Stern (DLS) method,a century partnership,D,The description matches a century partnership: a batting partnership between two batsmen that produces 100 or more runs together,Cricket,Terminology
A team scores at a run rate of 4.18 runs per over for 47 overs. Approximately how many runs have they scored?,196,181,186,211,A,Runs ≈ Run rate × Overs = 4.18 × 47 ≈ 196 runs.,Cricket,Scoring Calculations
What is the cover fielding position?,"a fielding position on the off side, between point and mid-off","a delivery bowled to land at the batsman's feet, near the base of the stumps",an ICC competition determining the best Test cricket team over a two-year cycle,"a delivery judged too wide or high for the batsman to play, resulting in an extra run",A,"the cover fielding position is: a fielding position on the off side, between point and mid-off",Cricket,Fielding
A team scores at a run rate of 5.71 runs per over for 45 overs. Approximately how many runs have they scored?,272,247,257,262,C,Runs ≈ Run rate × Overs = 5.71 × 45 ≈ 257 runs.,Cricket,Scoring Calculations
A team needs 188 runs to win from 12.7 overs remaining. What is the required run rate (runs per over)?,14.80,13.30,15.80,16.30,A,Required run rate = Runs needed / Overs remaining = 188 / 12.7 ≈ 14.80.,Cricket,Scoring Calculations
"Which term matches this description: ""a mode of dismissal where the ball would have hit the stumps but was blocked by the batsman's leg""?",the Ashes,LBW (Leg Before Wicket),the powerplay,a century partnership,B,The description matches LBW (Leg Before Wicket): a mode of dismissal where the ball would have hit the stumps but was blocked by the batsman's leg,Cricket,Rules
"Fill in the blank: ______ refers to ""a method of dismissal where the wicketkeeper breaks the stumps while the batsman is out of the crease, typically off a spin delivery"".",a century in cricket,the weight of a cricket ball,the ICC Cricket World Cup,stumping,D,"stumping refers to: a method of dismissal where the wicketkeeper breaks the stumps while the batsman is out of the crease, typically off a spin delivery",Cricket,Rules
A team scores at a run rate of 9.15 runs per over for 7 overs. Approximately how many runs have they scored?,74,79,64,59,C,Runs ≈ Run rate × Overs = 9.15 × 7 ≈ 64 runs.,Cricket,Scoring Calculations
Which statement correctly describes Twenty20 (T20) cricket?,22 yards (about 20.12 metres) between the two sets of stumps,an award given to the outstanding player of an individual cricket match,an over in which no runs are scored off the bat,"the shortest format of international cricket, with each team batting for a maximum of 20 overs",D,"By definition, Twenty20 (T20) cricket is: the shortest format of international cricket, with each team batting for a maximum of 20 overs",Cricket,Formats
"Which term matches this description: ""an international One Day International cricket championship held every four years, organised by the ICC""?",stumping,Shane Warne,a century partnership,the ICC Cricket World Cup,D,"The description matches the ICC Cricket World Cup: an international One Day International cricket championship held every four years, organised by the ICC",Cricket,Tournaments
A team scores at a run rate of 5.41 runs per over for 7 overs. Approximately how many runs have they scored?,43,38,18,28,B,Runs ≈ Run rate × Overs = 5.41 × 7 ≈ 38 runs.,Cricket,Scoring Calculations
A team scores at a run rate of 6.54 runs per over for 36 overs. Approximately how many runs have they scored?,250,215,235,240,C,Runs ≈ Run rate × Overs = 6.54 × 36 ≈ 235 runs.,Cricket,Scoring Calculations
A team scores at a run rate of 4.8 runs per over for 8 overs. Approximately how many runs have they scored?,33,23,38,53,C,Runs ≈ Run rate × Overs = 4.8 × 8 ≈ 38 runs.,Cricket,Scoring Calculations
"Which term matches this description: ""a West Indian batsman who holds the record for the highest individual score in Test cricket (400 not out)""?",Virat Kohli,Brian Lara,Sachin Tendulkar,Sir Don Bradman,B,The description matches Brian Lara: a West Indian batsman who holds the record for the highest individual score in Test cricket (400 not out),Cricket,Players
"Fill in the blank: ______ refers to ""a fielding position between slip and point, close to the batsman"".",the powerplay,the gully fielding position,Twenty20 (T20) cricket,a four,B,"the gully fielding position refers to: a fielding position between slip and point, close to the batsman",Cricket,Fielding
What is the ICC T20 World Cup?,an Australian leg-spin bowler regarded as one of the greatest bowlers in cricket history,"an Indian cricketer widely regarded as one of the greatest batsmen of all time, holding the record for most international centuries",a mathematical formula used to calculate target scores in rain-affected limited-overs matches,an international Twenty20 cricket championship organised by the International Cricket Council,D,the ICC T20 World Cup is: an international Twenty20 cricket championship organised by the International Cricket Council,Cricket,Tournaments
A team scores at a run rate of 8.44 runs per over for 28 overs. Approximately how many runs have they scored?,236,246,216,231,A,Runs ≈ Run rate × Overs = 8.44 × 28 ≈ 236 runs.,Cricket,Scoring Calculations
A team scores at a run rate of 8.52 runs per over for 20 overs. Approximately how many runs have they scored?,155,165,170,175,C,Runs ≈ Run rate × Overs = 8.52 × 20 ≈ 170 runs.,Cricket,Scoring Calculations
A team scores at a run rate of 5.98 runs per over for 45 overs. Approximately how many runs have they scored?,269,284,264,249,A,Runs ≈ Run rate × Overs = 5.98 × 45 ≈ 269 runs.,Cricket,Scoring Calculations
A team scores at a run rate of 6.85 runs per over for 35 overs. Approximately how many runs have they scored?,255,260,220,240,D,Runs ≈ Run rate × Overs = 6.85 × 35 ≈ 240 runs.,Cricket,Scoring Calculations
A team scores at a run rate of 4.13 runs per over for 31 overs. Approximately how many runs have they scored?,148,128,118,123,B,Runs ≈ Run rate × Overs = 4.13 × 31 ≈ 128 runs.,Cricket,Scoring Calculations
"Fill in the blank: ______ refers to ""a mode of dismissal where the ball would have hit the stumps but was blocked by the batsman's leg"".",a follow-on,LBW (Leg Before Wicket),the Man of the Match award,the powerplay,B,LBW (Leg Before Wicket) refers to: a mode of dismissal where the ball would have hit the stumps but was blocked by the batsman's leg,Cricket,Rules
"Which term matches this description: ""a short-pitched delivery aimed to rise sharply toward the batsman's upper body""?",a yorker,a googly bowler,a bouncer,a hat-trick,C,The description matches a bouncer: a short-pitched delivery aimed to rise sharply toward the batsman's upper body,Cricket,Terminology
What is the boundary?,a short-pitched delivery aimed to rise sharply toward the batsman's upper body,three wickets taken by a bowler on three consecutive deliveries,"an illegal delivery, often due to overstepping the crease, which results in an extra run and a free hit in limited-overs cricket",the outer edge of the cricket field; hitting the ball over it scores four or six runs,D,the boundary is: the outer edge of the cricket field; hitting the ball over it scores four or six runs,Cricket,Terminology
A team scores at a run rate of 9.23 runs per over for 45 overs. Approximately how many runs have they scored?,420,415,410,395,B,Runs ≈ Run rate × Overs = 9.23 × 45 ≈ 415 runs.,Cricket,Scoring Calculations
A team needs 108 runs to win from 13.3 overs remaining. What is the required run rate (runs per over)?,9.62,6.12,7.12,8.12,D,Required run rate = Runs needed / Overs remaining = 108 / 13.3 ≈ 8.12.,Cricket,Scoring Calculations
A team needs 61 runs to win from 2.1 overs remaining. What is the required run rate (runs per over)?,29.05,28.55,27.55,31.05,A,Required run rate = Runs needed / Overs remaining = 61 / 2.1 ≈ 29.05.,Cricket,Scoring Calculations
A team needs 3 runs to win from 11.5 overs remaining. What is the required run rate (runs per over)?,0.26,1.76,2.26,0.76,A,Required run rate = Runs needed / Overs remaining = 3 / 11.5 ≈ 0.26.,Cricket,Scoring Calculations
A team needs 20 runs to win from 10.5 overs remaining. What is the required run rate (runs per over)?,1.90,3.40,3.90,1.40,A,Required run rate = Runs needed / Overs remaining = 20 / 10.5 ≈ 1.90.,Cricket,Scoring Calculations
A team needs 42 runs to win from 8.7 overs remaining. What is the required run rate (runs per over)?,5.83,4.33,2.83,4.83,D,Required run rate = Runs needed / Overs remaining = 42 / 8.7 ≈ 4.83.,Cricket,Scoring Calculations
"Which term matches this description: ""the longest format of cricket, played over five days between two teams with two innings each""?",a Test match,the slip fielding position,a googly bowler,One Day International (ODI) cricket,A,"The description matches a Test match: the longest format of cricket, played over five days between two teams with two innings each",Cricket,Formats
A team needs 239 runs to win from 6.6 overs remaining. What is the required run rate (runs per over)?,37.71,36.21,35.21,34.21,B,Required run rate = Runs needed / Overs remaining = 239 / 6.6 ≈ 36.21.,Cricket,Scoring Calculations
A team needs 202 runs to win from 12.9 overs remaining. What is the required run rate (runs per over)?,15.66,16.66,16.16,13.66,A,Required run rate = Runs needed / Overs remaining = 202 / 12.9 ≈ 15.66.,Cricket,Scoring Calculations
A team scores at a run rate of 9.11 runs per over for 8 overs. Approximately how many runs have they scored?,53,73,93,63,B,Runs ≈ Run rate × Overs = 9.11 × 8 ≈ 73 runs.,Cricket,Scoring Calculations
A team scores at a run rate of 6.08 runs per over for 18 overs. Approximately how many runs have they scored?,104,109,124,114,B,Runs ≈ Run rate × Overs = 6.08 × 18 ≈ 109 runs.,Cricket,Scoring Calculations
A team scores at a run rate of 8.84 runs per over for 31 overs. Approximately how many runs have they scored?,284,274,279,294,B,Runs ≈ Run rate × Overs = 8.84 × 31 ≈ 274 runs.,Cricket,Scoring Calculations
"Fill in the blank: ______ refers to ""the longest format of cricket, played over five days between two teams with two innings each"".",a Test match,the Ranji Trophy,the number of players in a cricket team,Sir Don Bradman,A,"a Test match refers to: the longest format of cricket, played over five days between two teams with two innings each",Cricket,Formats
"Fill in the blank: ______ refers to ""the outer edge of the cricket field; hitting the ball over it scores four or six runs"".",a bouncer,a duck,the boundary,a follow-on,C,the boundary refers to: the outer edge of the cricket field; hitting the ball over it scores four or six runs,Cricket,Terminology
A team scores at a run rate of 9.48 runs per over for 24 overs. Approximately how many runs have they scored?,228,238,223,233,A,Runs ≈ Run rate × Overs = 9.48 × 24 ≈ 228 runs.,Cricket,Scoring Calculations
A team scores at a run rate of 4.18 runs per over for 24 overs. Approximately how many runs have they scored?,80,100,110,115,B,Runs ≈ Run rate × Overs = 4.18 × 24 ≈ 100 runs.,Cricket,Scoring Calculations
A team needs 8 runs to win from 9.4 overs remaining. What is the required run rate (runs per over)?,1.35,0.35,0.85,2.35,C,Required run rate = Runs needed / Overs remaining = 8 / 9.4 ≈ 0.85.,Cricket,Scoring Calculations
Which team won the ICC Cricket World Cup held in 1979?,West Indies,Pakistan,England,New Zealand,A,West Indies won the Cricket World Cup in 1979.,Cricket,World Cup History
A team scores at a run rate of 4.44 runs per over for 44 overs. Approximately how many runs have they scored?,180,205,185,195,D,Runs ≈ Run rate × Overs = 4.44 × 44 ≈ 195 runs.,Cricket,Scoring Calculations
A team scores at a run rate of 9.83 runs per over for 30 overs. Approximately how many runs have they scored?,290,275,295,310,C,Runs ≈ Run rate × Overs = 9.83 × 30 ≈ 295 runs.,Cricket,Scoring Calculations
A team scores at a run rate of 9.19 runs per over for 30 overs. Approximately how many runs have they scored?,276,286,281,271,A,Runs ≈ Run rate × Overs = 9.19 × 30 ≈ 276 runs.,Cricket,Scoring Calculations
A team needs 77 runs to win from 5.6 overs remaining. What is the required run rate (runs per over)?,13.75,11.75,13.25,15.75,A,Required run rate = Runs needed / Overs remaining = 77 / 5.6 ≈ 13.75.,Cricket,Scoring Calculations
"Fill in the blank: ______ refers to ""an Australian cricketer regarded as the greatest Test batsman ever, with a Test batting average of 99.94"".",Muttiah Muralitharan,Sir Don Bradman,Sir Vivian Richards,Sachin Tendulkar,B,"Sir Don Bradman refers to: an Australian cricketer regarded as the greatest Test batsman ever, with a Test batting average of 99.94",Cricket,Players
A team needs 91 runs to win from 13.3 overs remaining. What is the required run rate (runs per over)?,5.84,6.84,4.84,6.34,B,Required run rate = Runs needed / Overs remaining = 91 / 13.3 ≈ 6.84.,Cricket,Scoring Calculations
A team scores at a run rate of 8.11 runs per over for 19 overs. Approximately how many runs have they scored?,139,149,174,154,D,Runs ≈ Run rate × Overs = 8.11 × 19 ≈ 154 runs.,Cricket,Scoring Calculations
A team scores at a run rate of 6.34 runs per over for 20 overs. Approximately how many runs have they scored?,112,142,132,127,D,Runs ≈ Run rate × Overs = 6.34 × 20 ≈ 127 runs.,Cricket,Scoring Calculations
A team scores at a run rate of 7.34 runs per over for 16 overs. Approximately how many runs have they scored?,102,112,122,117,D,Runs ≈ Run rate × Overs = 7.34 × 16 ≈ 117 runs.,Cricket,Scoring Calculations
A team needs 151 runs to win from 9.4 overs remaining. What is the required run rate (runs per over)?,16.06,14.56,15.56,18.06,A,Required run rate = Runs needed / Overs remaining = 151 / 9.4 ≈ 16.06.,Cricket,Scoring Calculations
A team scores at a run rate of 4.33 runs per over for 22 overs. Approximately how many runs have they scored?,85,105,95,115,C,Runs ≈ Run rate × Overs = 4.33 × 22 ≈ 95 runs.,Cricket,Scoring Calculations
A team scores at a run rate of 5.06 runs per over for 15 overs. Approximately how many runs have they scored?,56,81,71,76,D,Runs ≈ Run rate × Overs = 5.06 × 15 ≈ 76 runs.,Cricket,Scoring Calculations
What is a yorker?,"a delivery bowled to land at the batsman's feet, near the base of the stumps",an over in which no runs are scored off the bat,a batsman's dismissal for a score of zero runs,a batting partnership between two batsmen that produces 100 or more runs together,A,"a yorker is: a delivery bowled to land at the batsman's feet, near the base of the stumps",Cricket,Terminology
What is the slip fielding position?,three wickets taken by a bowler on three consecutive deliveries,a score of 100 or more runs by a single batsman in one innings,"a fielding position between slip and point, close to the batsman","a fielding position close behind the batsman on the off side, used to catch edges",D,"the slip fielding position is: a fielding position close behind the batsman on the off side, used to catch edges",Cricket,Fielding
A team needs 109 runs to win from 3.9 overs remaining. What is the required run rate (runs per over)?,27.45,29.45,27.95,28.45,C,Required run rate = Runs needed / Overs remaining = 109 / 3.9 ≈ 27.95.,Cricket,Scoring Calculations
A team scores at a run rate of 5.28 runs per over for 20 overs. Approximately how many runs have they scored?,86,106,121,101,B,Runs ≈ Run rate × Overs = 5.28 × 20 ≈ 106 runs.,Cricket,Scoring Calculations
A team scores at a run rate of 4.88 runs per over for 50 overs. Approximately how many runs have they scored?,239,244,264,249,B,Runs ≈ Run rate × Overs = 4.88 × 50 ≈ 244 runs.,Cricket,Scoring Calculations
A team needs 90 runs to win from 7.3 overs remaining. What is the required run rate (runs per over)?,11.83,14.33,10.33,12.33,D,Required run rate = Runs needed / Overs remaining = 90 / 7.3 ≈ 12.33.,Cricket,Scoring Calculations
A team scores at a run rate of 7.67 runs per over for 49 overs. Approximately how many runs have they scored?,391,371,381,376,D,Runs ≈ Run rate × Overs = 7.67 × 49 ≈ 376 runs.,Cricket,Scoring Calculations
A team needs 121 runs to win from 8.6 overs remaining. What is the required run rate (runs per over)?,14.07,12.07,12.57,15.07,A,Required run rate = Runs needed / Overs remaining = 121 / 8.6 ≈ 14.07.,Cricket,Scoring Calculations
A team needs 108 runs to win from 19.8 overs remaining. What is the required run rate (runs per over)?,3.45,6.95,5.45,7.45,C,Required run rate = Runs needed / Overs remaining = 108 / 19.8 ≈ 5.45.,Cricket,Scoring Calculations
A team scores at a run rate of 6.77 runs per over for 26 overs. Approximately how many runs have they scored?,181,176,196,156,B,Runs ≈ Run rate × Overs = 6.77 × 26 ≈ 176 runs.,Cricket,Scoring Calculations
Who were the champions of the ICC Cricket World Cup in 2007?,South Africa,Australia,Sri Lanka,West Indies,B,Australia won the Cricket World Cup in 2007.,Cricket,World Cup History
A team scores at a run rate of 6.21 runs per over for 44 overs. Approximately how many runs have they scored?,273,293,258,268,A,Runs ≈ Run rate × Overs = 6.21 × 44 ≈ 273 runs.,Cricket,Scoring Calculations
A team needs 142 runs to win from 8.9 overs remaining. What is the required run rate (runs per over)?,17.96,15.46,15.96,16.96,C,Required run rate = Runs needed / Overs remaining = 142 / 8.9 ≈ 15.96.,Cricket,Scoring Calculations
A team needs 136 runs to win from 14.9 overs remaining. What is the required run rate (runs per over)?,10.13,9.13,8.13,7.13,B,Required run rate = Runs needed / Overs remaining = 136 / 14.9 ≈ 9.13.,Cricket,Scoring Calculations
"Which term matches this description: ""an illegal delivery, often due to overstepping the crease, which results in an extra run and a free hit in limited-overs cricket""?",a no-ball,a follow-on,a googly bowler,a wide,A,"The description matches a no-ball: an illegal delivery, often due to overstepping the crease, which results in an extra run and a free hit in limited-overs cricket",Cricket,Terminology
A team needs 27 runs to win from 19.0 overs remaining. What is the required run rate (runs per over)?,0.92,1.42,0.42,2.92,B,Required run rate = Runs needed / Overs remaining = 27 / 19.0 ≈ 1.42.,Cricket,Scoring Calculations
A team scores at a run rate of 5.46 runs per over for 28 overs. Approximately how many runs have they scored?,158,153,148,133,B,Runs ≈ Run rate × Overs = 5.46 × 28 ≈ 153 runs.,Cricket,Scoring Calculations
A team scores at a run rate of 4.24 runs per over for 22 overs. Approximately how many runs have they scored?,83,93,78,88,B,Runs ≈ Run rate × Overs = 4.24 × 22 ≈ 93 runs.,Cricket,Scoring Calculations
A team scores at a run rate of 9.24 runs per over for 24 overs. Approximately how many runs have they scored?,237,227,242,222,D,Runs ≈ Run rate × Overs = 9.24 × 24 ≈ 222 runs.,Cricket,Scoring Calculations
A team needs 12 runs to win from 5.7 overs remaining. What is the required run rate (runs per over)?,0.61,3.61,1.11,2.11,D,Required run rate = Runs needed / Overs remaining = 12 / 5.7 ≈ 2.11.,Cricket,Scoring Calculations
"Fill in the blank: ______ refers to ""an Australian leg-spin bowler regarded as one of the greatest bowlers in cricket history"".",Virat Kohli,Sir Don Bradman,Sachin Tendulkar,Shane Warne,D,Shane Warne refers to: an Australian leg-spin bowler regarded as one of the greatest bowlers in cricket history,Cricket,Players
A team needs 105 runs to win from 7.8 overs remaining. What is the required run rate (runs per over)?,13.46,15.46,13.96,12.46,A,Required run rate = Runs needed / Overs remaining = 105 / 7.8 ≈ 13.46.,Cricket,Scoring Calculations
Which statement correctly describes a golden duck?,a batsman's dismissal for a score of zero runs,"a dismissal on the very first ball a batsman faces, for zero runs",a bowler who deceives batsmen by disguising the direction of spin,a score of 100 or more runs by a single batsman in one innings,B,"By definition, a golden duck is: a dismissal on the very first ball a batsman faces, for zero runs",Cricket,Terminology
A team needs 19 runs to win from 19.5 overs remaining. What is the required run rate (runs per over)?,0.47,2.47,2.97,0.97,D,Required run rate = Runs needed / Overs remaining = 19 / 19.5 ≈ 0.97.,Cricket,Scoring Calculations
A team needs 204 runs to win from 14.7 overs remaining. What is the required run rate (runs per over)?,15.38,14.38,14.88,13.88,D,Required run rate = Runs needed / Overs remaining = 204 / 14.7 ≈ 13.88.,Cricket,Scoring Calculations
A team needs 19 runs to win from 2.7 overs remaining. What is the required run rate (runs per over)?,5.54,7.04,8.54,8.04,B,Required run rate = Runs needed / Overs remaining = 19 / 2.7 ≈ 7.04.,Cricket,Scoring Calculations
A team needs 38 runs to win from 5.7 overs remaining. What is the required run rate (runs per over)?,6.67,8.17,4.67,5.17,A,Required run rate = Runs needed / Overs remaining = 38 / 5.7 ≈ 6.67.,Cricket,Scoring Calculations
A team needs 295 runs to win from 17.5 overs remaining. What is the required run rate (runs per over)?,15.86,18.36,16.86,17.86,C,Required run rate = Runs needed / Overs remaining = 295 / 17.5 ≈ 16.86.,Cricket,Scoring Calculations
A team needs 75 runs to win from 6.0 overs remaining. What is the required run rate (runs per over)?,12.50,13.50,11.50,10.50,A,Required run rate = Runs needed / Overs remaining = 75 / 6.0 ≈ 12.50.,Cricket,Scoring Calculations
A team scores at a run rate of 9.46 runs per over for 13 overs. Approximately how many runs have they scored?,123,103,128,113,A,Runs ≈ Run rate × Overs = 9.46 × 13 ≈ 123 runs.,Cricket,Scoring Calculations
A team needs 56 runs to win from 8.5 overs remaining. What is the required run rate (runs per over)?,6.59,6.09,8.59,8.09,A,Required run rate = Runs needed / Overs remaining = 56 / 8.5 ≈ 6.59.,Cricket,Scoring Calculations
A team needs 33 runs to win from 4.4 overs remaining. What is the required run rate (runs per over)?,5.50,9.50,7.50,7.00,C,Required run rate = Runs needed / Overs remaining = 33 / 4.4 ≈ 7.50.,Cricket,Scoring Calculations
A team scores at a run rate of 9.28 runs per over for 16 overs. Approximately how many runs have they scored?,168,163,138,148,D,Runs ≈ Run rate × Overs = 9.28 × 16 ≈ 148 runs.,Cricket,Scoring Calculations
A team scores at a run rate of 9.8 runs per over for 17 overs. Approximately how many runs have they scored?,147,157,182,167,D,Runs ≈ Run rate × Overs = 9.8 × 17 ≈ 167 runs.,Cricket,Scoring Calculations
Who were the champions of the ICC Cricket World Cup in 2011?,New Zealand,England,Australia,India,D,India won the Cricket World Cup in 2011.,Cricket,World Cup History
A team needs 78 runs to win from 19.2 overs remaining. What is the required run rate (runs per over)?,4.06,6.06,5.06,3.06,A,Required run rate = Runs needed / Overs remaining = 78 / 19.2 ≈ 4.06.,Cricket,Scoring Calculations
A team scores at a run rate of 8.73 runs per over for 14 overs. Approximately how many runs have they scored?,132,137,122,112,C,Runs ≈ Run rate × Overs = 8.73 × 14 ≈ 122 runs.,Cricket,Scoring Calculations
A team needs 26 runs to win from 6.6 overs remaining. What is the required run rate (runs per over)?,3.94,2.44,5.94,3.44,A,Required run rate = Runs needed / Overs remaining = 26 / 6.6 ≈ 3.94.,Cricket,Scoring Calculations
Which statement correctly describes a maiden over?,"a dismissal on the very first ball a batsman faces, for zero runs",three wickets taken by a bowler on three consecutive deliveries,an over in which no runs are scored off the bat,the outer edge of the cricket field; hitting the ball over it scores four or six runs,C,"By definition, a maiden over is: an over in which no runs are scored off the bat",Cricket,Terminology
A team needs 77 runs to win from 13.8 overs remaining. What is the required run rate (runs per over)?,5.58,7.58,4.58,5.08,A,Required run rate = Runs needed / Overs remaining = 77 / 13.8 ≈ 5.58.,Cricket,Scoring Calculations
A team needs 207 runs to win from 3.2 overs remaining. What is the required run rate (runs per over)?,62.69,64.19,63.69,64.69,D,Required run rate = Runs needed / Overs remaining = 207 / 3.2 ≈ 64.69.,Cricket,Scoring Calculations
A team scores at a run rate of 8.28 runs per over for 18 overs. Approximately how many runs have they scored?,164,169,129,149,D,Runs ≈ Run rate × Overs = 8.28 × 18 ≈ 149 runs.,Cricket,Scoring Calculations
A team needs 185 runs to win from 5.1 overs remaining. What is the required run rate (runs per over)?,35.27,36.27,36.77,38.27,B,Required run rate = Runs needed / Overs remaining = 185 / 5.1 ≈ 36.27.,Cricket,Scoring Calculations
A team needs 132 runs to win from 14.8 overs remaining. What is the required run rate (runs per over)?,8.92,8.42,9.92,7.92,A,Required run rate = Runs needed / Overs remaining = 132 / 14.8 ≈ 8.92.,Cricket,Scoring Calculations
A team scores at a run rate of 7.38 runs per over for 38 overs. Approximately how many runs have they scored?,275,295,270,280,D,Runs ≈ Run rate × Overs = 7.38 × 38 ≈ 280 runs.,Cricket,Scoring Calculations
A team scores at a run rate of 7.92 runs per over for 30 overs. Approximately how many runs have they scored?,238,233,228,248,A,Runs ≈ Run rate × Overs = 7.92 × 30 ≈ 238 runs.,Cricket,Scoring Calculations
A team scores at a run rate of 9.79 runs per over for 12 overs. Approximately how many runs have they scored?,117,102,127,112,A,Runs ≈ Run rate × Overs = 9.79 × 12 ≈ 117 runs.,Cricket,Scoring Calculations
"Fill in the blank: ______ refers to ""a shot where the ball reaches or crosses the boundary after touching the ground, scoring four runs"".",the boundary,the Duckworth-Lewis-Stern (DLS) method,a four,a follow-on,C,"a four refers to: a shot where the ball reaches or crosses the boundary after touching the ground, scoring four runs",Cricket,Terminology
A team scores at a run rate of 4.19 runs per over for 46 overs. Approximately how many runs have they scored?,203,178,213,193,D,Runs ≈ Run rate × Overs = 4.19 × 46 ≈ 193 runs.,Cricket,Scoring Calculations
A team needs 104 runs to win from 1.0 overs remaining. What is the required run rate (runs per over)?,104.00,105.00,102.00,103.50,A,Required run rate = Runs needed / Overs remaining = 104 / 1.0 ≈ 104.00.,Cricket,Scoring Calculations
A team scores at a run rate of 7.06 runs per over for 47 overs. Approximately how many runs have they scored?,322,352,347,332,D,Runs ≈ Run rate × Overs = 7.06 × 47 ≈ 332 runs.,Cricket,Scoring Calculations
A team needs 97 runs to win from 6.9 overs remaining. What is the required run rate (runs per over)?,13.56,14.06,16.06,12.06,B,Required run rate = Runs needed / Overs remaining = 97 / 6.9 ≈ 14.06.,Cricket,Scoring Calculations
What is a maiden over?,a deceptive delivery bowled by a leg-spinner that turns the opposite way to a normal leg break,a score of 100 or more runs by a single batsman in one innings,three wickets taken by a bowler on three consecutive deliveries,an over in which no runs are scored off the bat,D,a maiden over is: an over in which no runs are scored off the bat,Cricket,Terminology
A team scores at a run rate of 8.73 runs per over for 42 overs. Approximately how many runs have they scored?,367,352,377,387,A,Runs ≈ Run rate × Overs = 8.73 × 42 ≈ 367 runs.,Cricket,Scoring Calculations
What is the pitch length in cricket?,"an Indian cricketer widely regarded as one of the greatest batsmen of all time, holding the record for most international centuries",a score of 100 or more runs by a single batsman in one innings,22 yards (about 20.12 metres) between the two sets of stumps,"the longest format of cricket, played over five days between two teams with two innings each",C,the pitch length in cricket is: 22 yards (about 20.12 metres) between the two sets of stumps,Cricket,Equipment
A team needs 80 runs to win from 9.4 overs remaining. What is the required run rate (runs per over)?,10.01,7.51,8.51,10.51,C,Required run rate = Runs needed / Overs remaining = 80 / 9.4 ≈ 8.51.,Cricket,Scoring Calculations
A team needs 217 runs to win from 6.5 overs remaining. What is the required run rate (runs per over)?,31.38,33.88,31.88,33.38,D,Required run rate = Runs needed / Overs remaining = 217 / 6.5 ≈ 33.38.,Cricket,Scoring Calculations
A team needs 57 runs to win from 16.7 overs remaining. What is the required run rate (runs per over)?,5.41,3.41,2.91,1.41,B,Required run rate = Runs needed / Overs remaining = 57 / 16.7 ≈ 3.41.,Cricket,Scoring Calculations
A team scores at a run rate of 6.41 runs per over for 41 overs. Approximately how many runs have they scored?,253,278,283,263,D,Runs ≈ Run rate × Overs = 6.41 × 41 ≈ 263 runs.,Cricket,Scoring Calculations
A team scores at a run rate of 8.28 runs per over for 9 overs. Approximately how many runs have they scored?,75,80,95,70,A,Runs ≈ Run rate × Overs = 8.28 × 9 ≈ 75 runs.,Cricket,Scoring Calculations
"Which term matches this description: ""a mathematical formula used to calculate target scores in rain-affected limited-overs matches""?",a century partnership,a googly bowler,the Duckworth-Lewis-Stern (DLS) method,a hat-trick,C,The description matches the Duckworth-Lewis-Stern (DLS) method: a mathematical formula used to calculate target scores in rain-affected limited-overs matches,Cricket,Terminology
A team scores at a run rate of 7.94 runs per over for 6 overs. Approximately how many runs have they scored?,58,48,33,53,B,Runs ≈ Run rate × Overs = 7.94 × 6 ≈ 48 runs.,Cricket,Scoring Calculations
A team needs 49 runs to win from 3.7 overs remaining. What is the required run rate (runs per over)?,11.74,13.24,13.74,15.24,B,Required run rate = Runs needed / Overs remaining = 49 / 3.7 ≈ 13.24.,Cricket,Scoring Calculations
A team needs 128 runs to win from 12.6 overs remaining. What is the required run rate (runs per over)?,10.16,12.16,11.66,8.66,A,Required run rate = Runs needed / Overs remaining = 128 / 12.6 ≈ 10.16.,Cricket,Scoring Calculations
A team needs 235 runs to win from 6.2 overs remaining. What is the required run rate (runs per over)?,37.90,39.40,35.90,38.90,A,Required run rate = Runs needed / Overs remaining = 235 / 6.2 ≈ 37.90.,Cricket,Scoring Calculations
A team needs 26 runs to win from 16.1 overs remaining. What is the required run rate (runs per over)?,0.61,3.11,1.61,0.11,C,Required run rate = Runs needed / Overs remaining = 26 / 16.1 ≈ 1.61.,Cricket,Scoring Calculations
A team needs 173 runs to win from 12.1 overs remaining. What is the required run rate (runs per over)?,14.30,15.30,13.30,14.80,A,Required run rate = Runs needed / Overs remaining = 173 / 12.1 ≈ 14.30.,Cricket,Scoring Calculations
A team needs 104 runs to win from 9.2 overs remaining. What is the required run rate (runs per over)?,10.30,11.30,12.30,12.80,B,Required run rate = Runs needed / Overs remaining = 104 / 9.2 ≈ 11.30.,Cricket,Scoring Calculations
A team scores at a run rate of 4.83 runs per over for 32 overs. Approximately how many runs have they scored?,165,145,155,135,C,Runs ≈ Run rate × Overs = 4.83 × 32 ≈ 155 runs.,Cricket,Scoring Calculations
A team scores at a run rate of 6.14 runs per over for 45 overs. Approximately how many runs have they scored?,256,276,281,296,B,Runs ≈ Run rate × Overs = 6.14 × 45 ≈ 276 runs.,Cricket,Scoring Calculations
A team scores at a run rate of 5.77 runs per over for 41 overs. Approximately how many runs have they scored?,217,247,227,237,D,Runs ≈ Run rate × Overs = 5.77 × 41 ≈ 237 runs.,Cricket,Scoring Calculations
A team needs 269 runs to win from 7.4 overs remaining. What is the required run rate (runs per over)?,35.35,34.85,38.35,36.35,D,Required run rate = Runs needed / Overs remaining = 269 / 7.4 ≈ 36.35.,Cricket,Scoring Calculations
A team needs 159 runs to win from 2.9 overs remaining. What is the required run rate (runs per over)?,53.83,55.83,54.83,56.33,C,Required run rate = Runs needed / Overs remaining = 159 / 2.9 ≈ 54.83.,Cricket,Scoring Calculations
A team needs 63 runs to win from 4.6 overs remaining. What is the required run rate (runs per over)?,13.70,12.20,15.20,14.70,A,Required run rate = Runs needed / Overs remaining = 63 / 4.6 ≈ 13.70.,Cricket,Scoring Calculations
A team needs 195 runs to win from 16.2 overs remaining. What is the required run rate (runs per over)?,12.54,12.04,13.04,11.54,B,Required run rate = Runs needed / Overs remaining = 195 / 16.2 ≈ 12.04.,Cricket,Scoring Calculations
A team scores at a run rate of 6.92 runs per over for 32 overs. Approximately how many runs have they scored?,206,226,221,236,C,Runs ≈ Run rate × Overs = 6.92 × 32 ≈ 221 runs.,Cricket,Scoring Calculations
A team needs 47 runs to win from 17.2 overs remaining. What is the required run rate (runs per over)?,1.73,3.73,4.73,2.73,D,Required run rate = Runs needed / Overs remaining = 47 / 17.2 ≈ 2.73.,Cricket,Scoring Calculations
A team needs 179 runs to win from 16.0 overs remaining. What is the required run rate (runs per over)?,10.19,11.69,12.69,11.19,D,Required run rate = Runs needed / Overs remaining = 179 / 16.0 ≈ 11.19.,Cricket,Scoring Calculations
"Which term matches this description: ""when the team batting second is forced to bat again immediately after being significantly behind in a Test match""?",a century in cricket,a hat-trick,a follow-on,a maiden over,C,The description matches a follow-on: when the team batting second is forced to bat again immediately after being significantly behind in a Test match,Cricket,Terminology
A team scores at a run rate of 4.51 runs per over for 25 overs. Approximately how many runs have they scored?,103,108,118,113,D,Runs ≈ Run rate × Overs = 4.51 × 25 ≈ 113 runs.,Cricket,Scoring Calculations
A team scores at a run rate of 7.86 runs per over for 48 overs. Approximately how many runs have they scored?,362,367,392,377,D,Runs ≈ Run rate × Overs = 7.86 × 48 ≈ 377 runs.,Cricket,Scoring Calculations
A team needs 86 runs to win from 4.2 overs remaining. What is the required run rate (runs per over)?,18.48,20.98,19.98,20.48,D,Required run rate = Runs needed / Overs remaining = 86 / 4.2 ≈ 20.48.,Cricket,Scoring Calculations
A team needs 26 runs to win from 18.4 overs remaining. What is the required run rate (runs per over)?,0.41,3.41,1.41,0.91,C,Required run rate = Runs needed / Overs remaining = 26 / 18.4 ≈ 1.41.,Cricket,Scoring Calculations
A team needs 95 runs to win from 11.6 overs remaining. What is the required run rate (runs per over)?,8.69,7.69,6.69,8.19,D,Required run rate = Runs needed / Overs remaining = 95 / 11.6 ≈ 8.19.,Cricket,Scoring Calculations
A team needs 23 runs to win from 11.0 overs remaining. What is the required run rate (runs per over)?,2.09,0.09,1.09,2.59,A,Required run rate = Runs needed / Overs remaining = 23 / 11.0 ≈ 2.09.,Cricket,Scoring Calculations
"Fill in the blank: ______ refers to ""a format of cricket in which each team bats for a maximum of 50 overs"".",a Test match,a four,One Day International (ODI) cricket,Sir Vivian Richards,C,One Day International (ODI) cricket refers to: a format of cricket in which each team bats for a maximum of 50 overs,Cricket,Formats
A team scores at a run rate of 4.15 runs per over for 37 overs. Approximately how many runs have they scored?,164,154,139,144,B,Runs ≈ Run rate × Overs = 4.15 × 37 ≈ 154 runs.,Cricket,Scoring Calculations
A team scores at a run rate of 8.69 runs per over for 41 overs. Approximately how many runs have they scored?,356,346,366,376,A,Runs ≈ Run rate × Overs = 8.69 × 41 ≈ 356 runs.,Cricket,Scoring Calculations
Who were the champions of the ICC Cricket World Cup in 2023?,India,Australia,Sri Lanka,West Indies,B,Australia won the Cricket World Cup in 2023.,Cricket,World Cup History
A team needs 199 runs to win from 17.1 overs remaining. What is the required run rate (runs per over)?,12.64,12.14,10.64,11.64,D,Required run rate = Runs needed / Overs remaining = 199 / 17.1 ≈ 11.64.,Cricket,Scoring Calculations
A team needs 133 runs to win from 14.1 overs remaining. What is the required run rate (runs per over)?,10.43,9.43,8.43,7.93,B,Required run rate = Runs needed / Overs remaining = 133 / 14.1 ≈ 9.43.,Cricket,Scoring Calculations
Who were the champions of the ICC Cricket World Cup in 1987?,India,Australia,West Indies,England,B,Australia won the Cricket World Cup in 1987.,Cricket,World Cup History
What is Shane Warne?,an Australian leg-spin bowler regarded as one of the greatest bowlers in cricket history,"the Indian captain who led India to victory in the 2007 T20 World Cup, 2011 World Cup, and 2013 Champions Trophy",a West Indian batsman regarded as one of the most destructive batsmen in cricket history,a West Indian batsman who holds the record for the highest individual score in Test cricket (400 not out),A,Shane Warne is: an Australian leg-spin bowler regarded as one of the greatest bowlers in cricket history,Cricket,Players
A team scores at a run rate of 6.12 runs per over for 37 overs. Approximately how many runs have they scored?,226,221,241,216,A,Runs ≈ Run rate × Overs = 6.12 × 37 ≈ 226 runs.,Cricket,Scoring Calculations
A team needs 6 runs to win from 16.8 overs remaining. What is the required run rate (runs per over)?,1.86,2.36,0.36,1.36,C,Required run rate = Runs needed / Overs remaining = 6 / 16.8 ≈ 0.36.,Cricket,Scoring Calculations
A team scores at a run rate of 9.7 runs per over for 7 overs. Approximately how many runs have they scored?,78,88,68,83,C,Runs ≈ Run rate × Overs = 9.7 × 7 ≈ 68 runs.,Cricket,Scoring Calculations
A team needs 49 runs to win from 10.6 overs remaining. What is the required run rate (runs per over)?,4.62,2.62,4.12,5.12,A,Required run rate = Runs needed / Overs remaining = 49 / 10.6 ≈ 4.62.,Cricket,Scoring Calculations
A team needs 261 runs to win from 14.0 overs remaining. What is the required run rate (runs per over)?,20.64,16.64,18.64,19.14,C,Required run rate = Runs needed / Overs remaining = 261 / 14.0 ≈ 18.64.,Cricket,Scoring Calculations
A team scores at a run rate of 6.24 runs per over for 11 overs. Approximately how many runs have they scored?,64,69,79,89,B,Runs ≈ Run rate × Overs = 6.24 × 11 ≈ 69 runs.,Cricket,Scoring Calculations
A team needs 131 runs to win from 14.0 overs remaining. What is the required run rate (runs per over)?,11.36,7.36,10.36,9.36,D,Required run rate = Runs needed / Overs remaining = 131 / 14.0 ≈ 9.36.,Cricket,Scoring Calculations
A team scores at a run rate of 4.53 runs per over for 29 overs. Approximately how many runs have they scored?,126,116,141,131,D,Runs ≈ Run rate × Overs = 4.53 × 29 ≈ 131 runs.,Cricket,Scoring Calculations
"Which term matches this description: ""the Indian captain who led India to victory in the 1983 Cricket World Cup""?",Muttiah Muralitharan,Brian Lara,Sachin Tendulkar,Kapil Dev,D,The description matches Kapil Dev: the Indian captain who led India to victory in the 1983 Cricket World Cup,Cricket,Players
A team scores at a run rate of 5.63 runs per over for 28 overs. Approximately how many runs have they scored?,168,158,143,153,B,Runs ≈ Run rate × Overs = 5.63 × 28 ≈ 158 runs.,Cricket,Scoring Calculations
Who were the champions of the ICC Cricket World Cup in 2003?,Australia,India,West Indies,New Zealand,A,Australia won the Cricket World Cup in 2003.,Cricket,World Cup History
A team needs 228 runs to win from 2.1 overs remaining. What is the required run rate (runs per over)?,109.57,108.57,107.57,108.07,B,Required run rate = Runs needed / Overs remaining = 228 / 2.1 ≈ 108.57.,Cricket,Scoring Calculations
A team scores at a run rate of 8.59 runs per over for 7 overs. Approximately how many runs have they scored?,60,65,75,80,A,Runs ≈ Run rate × Overs = 8.59 × 7 ≈ 60 runs.,Cricket,Scoring Calculations
A team scores at a run rate of 7.22 runs per over for 31 overs. Approximately how many runs have they scored?,204,209,224,244,C,Runs ≈ Run rate × Overs = 7.22 × 31 ≈ 224 runs.,Cricket,Scoring Calculations
A team needs 41 runs to win from 14.3 overs remaining. What is the required run rate (runs per over)?,4.87,1.87,1.37,2.87,D,Required run rate = Runs needed / Overs remaining = 41 / 14.3 ≈ 2.87.,Cricket,Scoring Calculations
"Fill in the blank: ______ refers to ""a mathematical formula used to calculate target scores in rain-affected limited-overs matches"".",a four,a golden duck,a hat-trick,the Duckworth-Lewis-Stern (DLS) method,D,the Duckworth-Lewis-Stern (DLS) method refers to: a mathematical formula used to calculate target scores in rain-affected limited-overs matches,Cricket,Terminology
A team needs 5 runs to win from 18.6 overs remaining. What is the required run rate (runs per over)?,2.27,1.27,0.27,0.77,C,Required run rate = Runs needed / Overs remaining = 5 / 18.6 ≈ 0.27.,Cricket,Scoring Calculations
A team scores at a run rate of 4.65 runs per over for 44 overs. Approximately how many runs have they scored?,210,185,205,215,C,Runs ≈ Run rate × Overs = 4.65 × 44 ≈ 205 runs.,Cricket,Scoring Calculations
A team needs 94 runs to win from 9.6 overs remaining. What is the required run rate (runs per over)?,8.29,10.29,10.79,9.79,D,Required run rate = Runs needed / Overs remaining = 94 / 9.6 ≈ 9.79.,Cricket,Scoring Calculations
"Which term matches this description: ""a score of 100 or more runs by a single batsman in one innings""?",a four,a century in cricket,a no-ball,the Duckworth-Lewis-Stern (DLS) method,B,The description matches a century in cricket: a score of 100 or more runs by a single batsman in one innings,Cricket,Terminology
A team scores at a run rate of 6.95 runs per over for 9 overs. Approximately how many runs have they scored?,83,78,63,68,C,Runs ≈ Run rate × Overs = 6.95 × 9 ≈ 63 runs.,Cricket,Scoring Calculations
"Fill in the blank: ______ refers to ""a deceptive delivery bowled by a leg-spinner that turns the opposite way to a normal leg break"".",a yorker,a no-ball,a hat-trick,a googly,D,a googly refers to: a deceptive delivery bowled by a leg-spinner that turns the opposite way to a normal leg break,Cricket,Terminology
A team needs 128 runs to win from 17.5 overs remaining. What is the required run rate (runs per over)?,7.31,6.81,5.81,9.31,A,Required run rate = Runs needed / Overs remaining = 128 / 17.5 ≈ 7.31.,Cricket,Scoring Calculations
A team needs 108 runs to win from 2.7 overs remaining. What is the required run rate (runs per over)?,40.00,38.50,41.00,40.50,A,Required run rate = Runs needed / Overs remaining = 108 / 2.7 ≈ 40.00.,Cricket,Scoring Calculations
A team needs 110 runs to win from 10.9 overs remaining. What is the required run rate (runs per over)?,10.09,10.59,12.09,9.09,A,Required run rate = Runs needed / Overs remaining = 110 / 10.9 ≈ 10.09.,Cricket,Scoring Calculations
A team scores at a run rate of 8.41 runs per over for 23 overs. Approximately how many runs have they scored?,193,208,173,213,A,Runs ≈ Run rate × Overs = 8.41 × 23 ≈ 193 runs.,Cricket,Scoring Calculations
Which statement correctly describes a googly?,"an illegal delivery, often due to overstepping the crease, which results in an extra run and a free hit in limited-overs cricket",a bowler who deceives batsmen by disguising the direction of spin,a deceptive delivery bowled by a leg-spinner that turns the opposite way to a normal leg break,"a shot where the ball reaches or crosses the boundary after touching the ground, scoring four runs",C,"By definition, a googly is: a deceptive delivery bowled by a leg-spinner that turns the opposite way to a normal leg break",Cricket,Terminology
"Fill in the blank: ______ refers to ""a dismissal on the very first ball a batsman faces, for zero runs"".",a golden duck,a duck,the boundary,a googly bowler,A,"a golden duck refers to: a dismissal on the very first ball a batsman faces, for zero runs",Cricket,Terminology
A team scores at a run rate of 9.87 runs per over for 12 overs. Approximately how many runs have they scored?,113,98,118,103,C,Runs ≈ Run rate × Overs = 9.87 × 12 ≈ 118 runs.,Cricket,Scoring Calculations
A team needs 37 runs to win from 19.3 overs remaining. What is the required run rate (runs per over)?,1.42,0.42,2.42,1.92,D,Required run rate = Runs needed / Overs remaining = 37 / 19.3 ≈ 1.92.,Cricket,Scoring Calculations
A team scores at a run rate of 7.23 runs per over for 49 overs. Approximately how many runs have they scored?,354,349,334,339,A,Runs ≈ Run rate × Overs = 7.23 × 49 ≈ 354 runs.,Cricket,Scoring Calculations
A team needs 76 runs to win from 2.7 overs remaining. What is the required run rate (runs per over)?,28.65,28.15,26.65,27.15,B,Required run rate = Runs needed / Overs remaining = 76 / 2.7 ≈ 28.15.,Cricket,Scoring Calculations
"Fill in the blank: ______ refers to ""the coin flip at the start of a match that decides which captain chooses to bat or bowl first"".",the Ranji Trophy,the toss,the Duckworth-Lewis-Stern (DLS) method,a century partnership,B,the toss refers to: the coin flip at the start of a match that decides which captain chooses to bat or bowl first,Cricket,Rules
A team needs 12 runs to win from 1.8 overs remaining. What is the required run rate (runs per over)?,5.17,7.17,6.67,4.67,C,Required run rate = Runs needed / Overs remaining = 12 / 1.8 ≈ 6.67.,Cricket,Scoring Calculations
A team needs 180 runs to win from 19.2 overs remaining. What is the required run rate (runs per over)?,10.88,8.38,9.38,11.38,C,Required run rate = Runs needed / Overs remaining = 180 / 19.2 ≈ 9.38.,Cricket,Scoring Calculations
A team needs 107 runs to win from 18.7 overs remaining. What is the required run rate (runs per over)?,5.22,5.72,4.72,7.22,B,Required run rate = Runs needed / Overs remaining = 107 / 18.7 ≈ 5.72.,Cricket,Scoring Calculations
A team needs 273 runs to win from 8.6 overs remaining. What is the required run rate (runs per over)?,31.24,31.74,29.74,33.24,B,Required run rate = Runs needed / Overs remaining = 273 / 8.6 ≈ 31.74.,Cricket,Scoring Calculations
A team needs 117 runs to win from 18.1 overs remaining. What is the required run rate (runs per over)?,5.96,6.46,8.46,5.46,B,Required run rate = Runs needed / Overs remaining = 117 / 18.1 ≈ 6.46.,Cricket,Scoring Calculations
A team scores at a run rate of 7.05 runs per over for 26 overs. Approximately how many runs have they scored?,173,163,193,183,D,Runs ≈ Run rate × Overs = 7.05 × 26 ≈ 183 runs.,Cricket,Scoring Calculations
A team scores at a run rate of 9.39 runs per over for 43 overs. Approximately how many runs have they scored?,424,419,409,404,D,Runs ≈ Run rate × Overs = 9.39 × 43 ≈ 404 runs.,Cricket,Scoring Calculations
A team needs 48 runs to win from 6.4 overs remaining. What is the required run rate (runs per over)?,6.50,8.50,7.50,7.00,C,Required run rate = Runs needed / Overs remaining = 48 / 6.4 ≈ 7.50.,Cricket,Scoring Calculations
A team needs 71 runs to win from 9.1 overs remaining. What is the required run rate (runs per over)?,6.80,8.80,7.80,5.80,C,Required run rate = Runs needed / Overs remaining = 71 / 9.1 ≈ 7.80.,Cricket,Scoring Calculations
A team needs 60 runs to win from 11.5 overs remaining. What is the required run rate (runs per over)?,5.22,5.72,6.72,3.72,A,Required run rate = Runs needed / Overs remaining = 60 / 11.5 ≈ 5.22.,Cricket,Scoring Calculations
A team needs 30 runs to win from 9.8 overs remaining. What is the required run rate (runs per over)?,4.56,3.56,1.56,3.06,D,Required run rate = Runs needed / Overs remaining = 30 / 9.8 ≈ 3.06.,Cricket,Scoring Calculations
A team needs 235 runs to win from 7.2 overs remaining. What is the required run rate (runs per over)?,30.64,33.64,33.14,32.64,D,Required run rate = Runs needed / Overs remaining = 235 / 7.2 ≈ 32.64.,Cricket,Scoring Calculations
A team scores at a run rate of 9.15 runs per over for 34 overs. Approximately how many runs have they scored?,291,316,296,311,D,Runs ≈ Run rate × Overs = 9.15 × 34 ≈ 311 runs.,Cricket,Scoring Calculations
A team needs 47 runs to win from 15.7 overs remaining. What is the required run rate (runs per over)?,2.49,1.99,2.99,3.99,C,Required run rate = Runs needed / Overs remaining = 47 / 15.7 ≈ 2.99.,Cricket,Scoring Calculations
A team needs 107 runs to win from 6.2 overs remaining. What is the required run rate (runs per over)?,17.26,18.76,17.76,15.76,A,Required run rate = Runs needed / Overs remaining = 107 / 6.2 ≈ 17.26.,Cricket,Scoring Calculations
A team scores at a run rate of 7.0 runs per over for 21 overs. Approximately how many runs have they scored?,147,167,152,142,A,Runs ≈ Run rate × Overs = 7.0 × 21 ≈ 147 runs.,Cricket,Scoring Calculations
A team scores at a run rate of 7.21 runs per over for 41 overs. Approximately how many runs have they scored?,316,296,291,286,B,Runs ≈ Run rate × Overs = 7.21 × 41 ≈ 296 runs.,Cricket,Scoring Calculations
What is Virat Kohli?,an Indian cricketer known for his aggressive batting and record chase-master reputation in ODIs,"an Indian cricketer widely regarded as one of the greatest batsmen of all time, holding the record for most international centuries",a Sri Lankan spin bowler who holds the record for most wickets in both Test and ODI cricket,a West Indian batsman who holds the record for the highest individual score in Test cricket (400 not out),A,Virat Kohli is: an Indian cricketer known for his aggressive batting and record chase-master reputation in ODIs,Cricket,Players
"Fill in the blank: ______ refers to ""a Sri Lankan spin bowler who holds the record for most wickets in both Test and ODI cricket"".",Shane Warne,Muttiah Muralitharan,MS Dhoni,Brian Lara,B,Muttiah Muralitharan refers to: a Sri Lankan spin bowler who holds the record for most wickets in both Test and ODI cricket,Cricket,Players
Which statement correctly describes the Duckworth-Lewis-Stern (DLS) method?,"an illegal delivery, often due to overstepping the crease, which results in an extra run and a free hit in limited-overs cricket",a bowler who deceives batsmen by disguising the direction of spin,three wickets taken by a bowler on three consecutive deliveries,a mathematical formula used to calculate target scores in rain-affected limited-overs matches,D,"By definition, the Duckworth-Lewis-Stern (DLS) method is: a mathematical formula used to calculate target scores in rain-affected limited-overs matches",Cricket,Terminology
A team scores at a run rate of 6.67 runs per over for 9 overs. Approximately how many runs have they scored?,55,65,40,60,D,Runs ≈ Run rate × Overs = 6.67 × 9 ≈ 60 runs.,Cricket,Scoring Calculations
A team needs 33 runs to win from 10.8 overs remaining. What is the required run rate (runs per over)?,4.06,2.06,1.06,3.06,D,Required run rate = Runs needed / Overs remaining = 33 / 10.8 ≈ 3.06.,Cricket,Scoring Calculations
A team needs 103 runs to win from 9.5 overs remaining. What is the required run rate (runs per over)?,11.84,10.84,12.84,8.84,B,Required run rate = Runs needed / Overs remaining = 103 / 9.5 ≈ 10.84.,Cricket,Scoring Calculations
A team scores at a run rate of 6.74 runs per over for 21 overs. Approximately how many runs have they scored?,162,132,142,147,C,Runs ≈ Run rate × Overs = 6.74 × 21 ≈ 142 runs.,Cricket,Scoring Calculations
A team scores at a run rate of 8.83 runs per over for 44 overs. Approximately how many runs have they scored?,384,379,399,389,D,Runs ≈ Run rate × Overs = 8.83 × 44 ≈ 389 runs.,Cricket,Scoring Calculations
A team scores at a run rate of 4.39 runs per over for 12 overs. Approximately how many runs have they scored?,73,53,58,43,B,Runs ≈ Run rate × Overs = 4.39 × 12 ≈ 53 runs.,Cricket,Scoring Calculations
A team needs 130 runs to win from 17.7 overs remaining. What is the required run rate (runs per over)?,6.34,7.34,5.84,6.84,B,Required run rate = Runs needed / Overs remaining = 130 / 17.7 ≈ 7.34.,Cricket,Scoring Calculations
A team scores at a run rate of 9.59 runs per over for 26 overs. Approximately how many runs have they scored?,269,249,254,264,B,Runs ≈ Run rate × Overs = 9.59 × 26 ≈ 249 runs.,Cricket,Scoring Calculations
"Which term matches this description: ""an Indian cricketer widely regarded as one of the greatest batsmen of all time, holding the record for most international centuries""?",Kapil Dev,Shane Warne,Sir Don Bradman,Sachin Tendulkar,D,"The description matches Sachin Tendulkar: an Indian cricketer widely regarded as one of the greatest batsmen of all time, holding the record for most international centuries",Cricket,Players
A team needs 201 runs to win from 2.0 overs remaining. What is the required run rate (runs per over)?,99.00,100.50,98.50,101.00,B,Required run rate = Runs needed / Overs remaining = 201 / 2.0 ≈ 100.50.,Cricket,Scoring Calculations
A team needs 62 runs to win from 19.6 overs remaining. What is the required run rate (runs per over)?,2.66,3.16,5.16,1.16,B,Required run rate = Runs needed / Overs remaining = 62 / 19.6 ≈ 3.16.,Cricket,Scoring Calculations
"Which term matches this description: ""an Australian cricketer regarded as the greatest Test batsman ever, with a Test batting average of 99.94""?",Virat Kohli,Sir Don Bradman,MS Dhoni,Sachin Tendulkar,B,"The description matches Sir Don Bradman: an Australian cricketer regarded as the greatest Test batsman ever, with a Test batting average of 99.94",Cricket,Players
A team scores at a run rate of 6.84 runs per over for 47 overs. Approximately how many runs have they scored?,321,301,306,316,A,Runs ≈ Run rate × Overs = 6.84 × 47 ≈ 321 runs.,Cricket,Scoring Calculations
A team scores at a run rate of 8.39 runs per over for 50 overs. Approximately how many runs have they scored?,420,405,430,400,A,Runs ≈ Run rate × Overs = 8.39 × 50 ≈ 420 runs.,Cricket,Scoring Calculations
A team scores at a run rate of 5.27 runs per over for 28 overs. Approximately how many runs have they scored?,153,128,148,138,C,Runs ≈ Run rate × Overs = 5.27 × 28 ≈ 148 runs.,Cricket,Scoring Calculations
A team needs 32 runs to win from 5.0 overs remaining. What is the required run rate (runs per over)?,6.40,5.90,7.40,5.40,A,Required run rate = Runs needed / Overs remaining = 32 / 5.0 ≈ 6.40.,Cricket,Scoring Calculations
The 2023 Cricket World Cup title was lifted by which team?,India,Australia,Pakistan,South Africa,B,Australia won the Cricket World Cup in 2023.,Cricket,World Cup History
A team scores at a run rate of 9.98 runs per over for 48 overs. Approximately how many runs have they scored?,499,494,479,484,C,Runs ≈ Run rate × Overs = 9.98 × 48 ≈ 479 runs.,Cricket,Scoring Calculations
Who were the champions of the ICC Cricket World Cup in 1983?,India,New Zealand,South Africa,Pakistan,A,India won the Cricket World Cup in 1983.,Cricket,World Cup History
A team scores at a run rate of 6.32 runs per over for 10 overs. Approximately how many runs have they scored?,73,63,53,78,B,Runs ≈ Run rate × Overs = 6.32 × 10 ≈ 63 runs.,Cricket,Scoring Calculations
A team scores at a run rate of 8.06 runs per over for 15 overs. Approximately how many runs have they scored?,116,136,101,121,D,Runs ≈ Run rate × Overs = 8.06 × 15 ≈ 121 runs.,Cricket,Scoring Calculations
A team needs 62 runs to win from 10.8 overs remaining. What is the required run rate (runs per over)?,3.74,5.74,6.24,4.24,B,Required run rate = Runs needed / Overs remaining = 62 / 10.8 ≈ 5.74.,Cricket,Scoring Calculations
Which team won the ICC Cricket World Cup held in 1987?,West Indies,Sri Lanka,New Zealand,Australia,D,Australia won the Cricket World Cup in 1987.,Cricket,World Cup History
A team needs 44 runs to win from 8.6 overs remaining. What is the required run rate (runs per over)?,6.12,6.62,3.62,5.12,D,Required run rate = Runs needed / Overs remaining = 44 / 8.6 ≈ 5.12.,Cricket,Scoring Calculations
A team needs 165 runs to win from 2.9 overs remaining. What is the required run rate (runs per over)?,54.90,56.90,58.90,57.90,B,Required run rate = Runs needed / Overs remaining = 165 / 2.9 ≈ 56.90.,Cricket,Scoring Calculations
A team scores at a run rate of 5.81 runs per over for 43 overs. Approximately how many runs have they scored?,250,270,230,265,A,Runs ≈ Run rate × Overs = 5.81 × 43 ≈ 250 runs.,Cricket,Scoring Calculations
A team scores at a run rate of 8.58 runs per over for 9 overs. Approximately how many runs have they scored?,82,77,62,87,B,Runs ≈ Run rate × Overs = 8.58 × 9 ≈ 77 runs.,Cricket,Scoring Calculations
A team needs 200 runs to win from 17.5 overs remaining. What is the required run rate (runs per over)?,13.43,11.43,10.93,11.93,B,Required run rate = Runs needed / Overs remaining = 200 / 17.5 ≈ 11.43.,Cricket,Scoring Calculations
A team scores at a run rate of 9.41 runs per over for 49 overs. Approximately how many runs have they scored?,471,461,451,466,B,Runs ≈ Run rate × Overs = 9.41 × 49 ≈ 461 runs.,Cricket,Scoring Calculations
The 1987 Cricket World Cup title was lifted by which team?,West Indies,Australia,Pakistan,New Zealand,B,Australia won the Cricket World Cup in 1987.,Cricket,World Cup History
A team needs 118 runs to win from 1.5 overs remaining. What is the required run rate (runs per over)?,76.67,78.67,79.67,77.67,B,Required run rate = Runs needed / Overs remaining = 118 / 1.5 ≈ 78.67.,Cricket,Scoring Calculations
A team needs 129 runs to win from 2.7 overs remaining. What is the required run rate (runs per over)?,49.78,48.78,47.78,45.78,C,Required run rate = Runs needed / Overs remaining = 129 / 2.7 ≈ 47.78.,Cricket,Scoring Calculations
A team needs 40 runs to win from 15.2 overs remaining. What is the required run rate (runs per over)?,1.63,0.63,2.63,3.63,C,Required run rate = Runs needed / Overs remaining = 40 / 15.2 ≈ 2.63.,Cricket,Scoring Calculations
A team scores at a run rate of 6.99 runs per over for 6 overs. Approximately how many runs have they scored?,27,22,32,42,D,Runs ≈ Run rate × Overs = 6.99 × 6 ≈ 42 runs.,Cricket,Scoring Calculations
What is the Ashes?,"a fielding position between slip and point, close to the batsman","a delivery judged too wide or high for the batsman to play, resulting in an extra run",a batsman's dismissal for a score of zero runs,a Test cricket series played between England and Australia,D,the Ashes is: a Test cricket series played between England and Australia,Cricket,Tournaments
A team needs 51 runs to win from 9.3 overs remaining. What is the required run rate (runs per over)?,4.98,3.98,5.48,4.48,C,Required run rate = Runs needed / Overs remaining = 51 / 9.3 ≈ 5.48.,Cricket,Scoring Calculations
Which statement correctly describes Virat Kohli?,"an Australian cricketer regarded as the greatest Test batsman ever, with a Test batting average of 99.94",a West Indian batsman who holds the record for the highest individual score in Test cricket (400 not out),an Indian cricketer known for his aggressive batting and record chase-master reputation in ODIs,an Australian leg-spin bowler regarded as one of the greatest bowlers in cricket history,C,"By definition, Virat Kohli is: an Indian cricketer known for his aggressive batting and record chase-master reputation in ODIs",Cricket,Players
A team needs 181 runs to win from 7.8 overs remaining. What is the required run rate (runs per over)?,24.21,23.21,23.71,24.71,B,Required run rate = Runs needed / Overs remaining = 181 / 7.8 ≈ 23.21.,Cricket,Scoring Calculations
A team scores at a run rate of 4.35 runs per over for 29 overs. Approximately how many runs have they scored?,126,131,141,111,A,Runs ≈ Run rate × Overs = 4.35 × 29 ≈ 126 runs.,Cricket,Scoring Calculations
A team needs 268 runs to win from 15.9 overs remaining. What is the required run rate (runs per over)?,16.86,18.86,17.36,15.36,A,Required run rate = Runs needed / Overs remaining = 268 / 15.9 ≈ 16.86.,Cricket,Scoring Calculations
A team needs 89 runs to win from 17.9 overs remaining. What is the required run rate (runs per over)?,4.97,2.97,4.47,6.47,A,Required run rate = Runs needed / Overs remaining = 89 / 17.9 ≈ 4.97.,Cricket,Scoring Calculations
A team needs 219 runs to win from 15.8 overs remaining. What is the required run rate (runs per over)?,13.86,13.36,11.86,12.36,A,Required run rate = Runs needed / Overs remaining = 219 / 15.8 ≈ 13.86.,Cricket,Scoring Calculations
What is a hat-trick?,a batting partnership between two batsmen that produces 100 or more runs together,"a delivery bowled to land at the batsman's feet, near the base of the stumps",three wickets taken by a bowler on three consecutive deliveries,a score of 100 or more runs by a single batsman in one innings,C,a hat-trick is: three wickets taken by a bowler on three consecutive deliveries,Cricket,Terminology
A team needs 194 runs to win from 6.2 overs remaining. What is the required run rate (runs per over)?,29.79,32.29,31.29,32.79,C,Required run rate = Runs needed / Overs remaining = 194 / 6.2 ≈ 31.29.,Cricket,Scoring Calculations
"Which term matches this description: ""a format of cricket in which each team bats for a maximum of 50 overs""?",the toss,a hat-trick,One Day International (ODI) cricket,the Indian Premier League (IPL),C,The description matches One Day International (ODI) cricket: a format of cricket in which each team bats for a maximum of 50 overs,Cricket,Formats
What is the Indian Premier League (IPL)?,a mathematical formula used to calculate target scores in rain-affected limited-overs matches,a batsman's dismissal for a score of zero runs,three wickets taken by a bowler on three consecutive deliveries,a professional Twenty20 cricket league in India featuring franchise teams,D,the Indian Premier League (IPL) is: a professional Twenty20 cricket league in India featuring franchise teams,Cricket,Tournaments
A team needs 104 runs to win from 7.2 overs remaining. What is the required run rate (runs per over)?,14.94,12.94,15.94,14.44,D,Required run rate = Runs needed / Overs remaining = 104 / 7.2 ≈ 14.44.,Cricket,Scoring Calculations
A team scores at a run rate of 6.68 runs per over for 28 overs. Approximately how many runs have they scored?,197,172,207,187,D,Runs ≈ Run rate × Overs = 6.68 × 28 ≈ 187 runs.,Cricket,Scoring Calculations
Which statement correctly describes stumping?,an over in which no runs are scored off the bat,"a method of dismissal where the wicketkeeper breaks the stumps while the batsman is out of the crease, typically off a spin delivery","an Indian cricketer widely regarded as one of the greatest batsmen of all time, holding the record for most international centuries","a delivery bowled to land at the batsman's feet, near the base of the stumps",B,"By definition, stumping is: a method of dismissal where the wicketkeeper breaks the stumps while the batsman is out of the crease, typically off a spin delivery",Cricket,Rules
A team needs 99 runs to win from 14.6 overs remaining. What is the required run rate (runs per over)?,6.78,7.28,8.28,7.78,A,Required run rate = Runs needed / Overs remaining = 99 / 14.6 ≈ 6.78.,Cricket,Scoring Calculations
A team needs 70 runs to win from 2.2 overs remaining. What is the required run rate (runs per over)?,32.32,31.82,32.82,33.82,B,Required run rate = Runs needed / Overs remaining = 70 / 2.2 ≈ 31.82.,Cricket,Scoring Calculations
A team needs 73 runs to win from 1.0 overs remaining. What is the required run rate (runs per over)?,74.50,71.50,72.50,73.00,D,Required run rate = Runs needed / Overs remaining = 73 / 1.0 ≈ 73.00.,Cricket,Scoring Calculations
A team needs 44 runs to win from 19.7 overs remaining. What is the required run rate (runs per over)?,3.73,2.73,0.23,2.23,D,Required run rate = Runs needed / Overs remaining = 44 / 19.7 ≈ 2.23.,Cricket,Scoring Calculations
A team needs 181 runs to win from 2.5 overs remaining. What is the required run rate (runs per over)?,73.90,70.40,72.40,72.90,C,Required run rate = Runs needed / Overs remaining = 181 / 2.5 ≈ 72.40.,Cricket,Scoring Calculations
A team scores at a run rate of 7.29 runs per over for 17 overs. Approximately how many runs have they scored?,144,119,114,124,D,Runs ≈ Run rate × Overs = 7.29 × 17 ≈ 124 runs.,Cricket,Scoring Calculations
A team needs 234 runs to win from 16.3 overs remaining. What is the required run rate (runs per over)?,16.36,12.86,14.36,12.36,C,Required run rate = Runs needed / Overs remaining = 234 / 16.3 ≈ 14.36.,Cricket,Scoring Calculations
A team needs 86 runs to win from 3.8 overs remaining. What is the required run rate (runs per over)?,23.13,22.63,24.63,24.13,B,Required run rate = Runs needed / Overs remaining = 86 / 3.8 ≈ 22.63.,Cricket,Scoring Calculations
A team needs 40 runs to win from 11.7 overs remaining. What is the required run rate (runs per over)?,2.92,1.42,3.42,3.92,C,Required run rate = Runs needed / Overs remaining = 40 / 11.7 ≈ 3.42.,Cricket,Scoring Calculations
A team scores at a run rate of 5.84 runs per over for 23 overs. Approximately how many runs have they scored?,154,119,134,129,C,Runs ≈ Run rate × Overs = 5.84 × 23 ≈ 134 runs.,Cricket,Scoring Calculations
Which statement correctly describes the slip fielding position?,a mode of dismissal where the ball would have hit the stumps but was blocked by the batsman's leg,a score of 100 or more runs by a single batsman in one innings,"an Australian cricketer regarded as the greatest Test batsman ever, with a Test batting average of 99.94","a fielding position close behind the batsman on the off side, used to catch edges",D,"By definition, the slip fielding position is: a fielding position close behind the batsman on the off side, used to catch edges",Cricket,Fielding
What is Sir Vivian Richards?,a Sri Lankan spin bowler who holds the record for most wickets in both Test and ODI cricket,a West Indian batsman regarded as one of the most destructive batsmen in cricket history,"an Indian cricketer widely regarded as one of the greatest batsmen of all time, holding the record for most international centuries",an Indian cricketer known for his aggressive batting and record chase-master reputation in ODIs,B,Sir Vivian Richards is: a West Indian batsman regarded as one of the most destructive batsmen in cricket history,Cricket,Players
A team scores at a run rate of 8.87 runs per over for 12 overs. Approximately how many runs have they scored?,106,96,126,101,A,Runs ≈ Run rate × Overs = 8.87 × 12 ≈ 106 runs.,Cricket,Scoring Calculations
A team needs 10 runs to win from 19.1 overs remaining. What is the required run rate (runs per over)?,1.02,1.52,0.02,0.52,D,Required run rate = Runs needed / Overs remaining = 10 / 19.1 ≈ 0.52.,Cricket,Scoring Calculations
A team scores at a run rate of 8.07 runs per over for 45 overs. Approximately how many runs have they scored?,363,383,373,378,A,Runs ≈ Run rate × Overs = 8.07 × 45 ≈ 363 runs.,Cricket,Scoring Calculations
A team needs 24 runs to win from 6.6 overs remaining. What is the required run rate (runs per over)?,3.64,1.64,4.64,3.14,A,Required run rate = Runs needed / Overs remaining = 24 / 6.6 ≈ 3.64.,Cricket,Scoring Calculations
"Fill in the blank: ______ refers to ""a fielding position on the off side, between point and mid-off"".",Muttiah Muralitharan,a wide,the cover fielding position,a hat-trick,C,"the cover fielding position refers to: a fielding position on the off side, between point and mid-off",Cricket,Fielding
A team scores at a run rate of 6.64 runs per over for 35 overs. Approximately how many runs have they scored?,212,247,227,232,D,Runs ≈ Run rate × Overs = 6.64 × 35 ≈ 232 runs.,Cricket,Scoring Calculations
A team scores at a run rate of 7.51 runs per over for 27 overs. Approximately how many runs have they scored?,198,188,208,203,D,Runs ≈ Run rate × Overs = 7.51 × 27 ≈ 203 runs.,Cricket,Scoring Calculations
"Fill in the blank: ______ refers to ""a score of 100 or more runs by a single batsman in one innings"".",a century in cricket,the Duckworth-Lewis-Stern (DLS) method,a hat-trick,a six,A,a century in cricket refers to: a score of 100 or more runs by a single batsman in one innings,Cricket,Terminology
A team needs 48 runs to win from 8.9 overs remaining. What is the required run rate (runs per over)?,3.39,5.39,4.89,7.39,B,Required run rate = Runs needed / Overs remaining = 48 / 8.9 ≈ 5.39.,Cricket,Scoring Calculations
A team scores at a run rate of 7.19 runs per over for 28 overs. Approximately how many runs have they scored?,216,186,201,191,C,Runs ≈ Run rate × Overs = 7.19 × 28 ≈ 201 runs.,Cricket,Scoring Calculations
A team scores at a run rate of 5.77 runs per over for 9 overs. Approximately how many runs have they scored?,42,62,52,72,C,Runs ≈ Run rate × Overs = 5.77 × 9 ≈ 52 runs.,Cricket,Scoring Calculations
Which statement correctly describes a no-ball?,when the team batting second is forced to bat again immediately after being significantly behind in a Test match,"an illegal delivery, often due to overstepping the crease, which results in an extra run and a free hit in limited-overs cricket",a batsman's dismissal for a score of zero runs,a short-pitched delivery aimed to rise sharply toward the batsman's upper body,B,"By definition, a no-ball is: an illegal delivery, often due to overstepping the crease, which results in an extra run and a free hit in limited-overs cricket",Cricket,Terminology
A team needs 29 runs to win from 8.9 overs remaining. What is the required run rate (runs per over)?,1.76,2.76,3.76,3.26,D,Required run rate = Runs needed / Overs remaining = 29 / 8.9 ≈ 3.26.,Cricket,Scoring Calculations
A team scores at a run rate of 9.55 runs per over for 41 overs. Approximately how many runs have they scored?,402,392,387,382,B,Runs ≈ Run rate × Overs = 9.55 × 41 ≈ 392 runs.,Cricket,Scoring Calculations
A team needs 84 runs to win from 11.2 overs remaining. What is the required run rate (runs per over)?,8.50,6.50,6.00,7.50,D,Required run rate = Runs needed / Overs remaining = 84 / 11.2 ≈ 7.50.,Cricket,Scoring Calculations
A team scores at a run rate of 9.63 runs per over for 12 overs. Approximately how many runs have they scored?,131,116,111,101,B,Runs ≈ Run rate × Overs = 9.63 × 12 ≈ 116 runs.,Cricket,Scoring Calculations
A team scores at a run rate of 8.5 runs per over for 34 overs. Approximately how many runs have they scored?,304,279,274,289,D,Runs ≈ Run rate × Overs = 8.5 × 34 ≈ 289 runs.,Cricket,Scoring Calculations
A team needs 50 runs to win from 14.6 overs remaining. What is the required run rate (runs per over)?,1.42,5.42,2.42,3.42,D,Required run rate = Runs needed / Overs remaining = 50 / 14.6 ≈ 3.42.,Cricket,Scoring Calculations
Which statement correctly describes the cover fielding position?,an Australian leg-spin bowler regarded as one of the greatest bowlers in cricket history,a West Indian batsman who holds the record for the highest individual score in Test cricket (400 not out),"a method of dismissal where the wicketkeeper breaks the stumps while the batsman is out of the crease, typically off a spin delivery","a fielding position on the off side, between point and mid-off",D,"By definition, the cover fielding position is: a fielding position on the off side, between point and mid-off",Cricket,Fielding
A team scores at a run rate of 4.87 runs per over for 21 overs. Approximately how many runs have they scored?,102,82,97,92,A,Runs ≈ Run rate × Overs = 4.87 × 21 ≈ 102 runs.,Cricket,Scoring Calculations
A team needs 108 runs to win from 10.8 overs remaining. What is the required run rate (runs per over)?,10.00,8.50,9.00,12.00,A,Required run rate = Runs needed / Overs remaining = 108 / 10.8 ≈ 10.00.,Cricket,Scoring Calculations
A team scores at a run rate of 6.96 runs per over for 47 overs. Approximately how many runs have they scored?,312,317,327,307,C,Runs ≈ Run rate × Overs = 6.96 × 47 ≈ 327 runs.,Cricket,Scoring Calculations
A team needs 249 runs to win from 14.4 overs remaining. What is the required run rate (runs per over)?,17.29,18.79,15.79,18.29,A,Required run rate = Runs needed / Overs remaining = 249 / 14.4 ≈ 17.29.,Cricket,Scoring Calculations
A team needs 52 runs to win from 16.4 overs remaining. What is the required run rate (runs per over)?,1.17,3.17,2.17,4.67,B,Required run rate = Runs needed / Overs remaining = 52 / 16.4 ≈ 3.17.,Cricket,Scoring Calculations
A team scores at a run rate of 7.53 runs per over for 31 overs. Approximately how many runs have they scored?,238,248,233,228,C,Runs ≈ Run rate × Overs = 7.53 × 31 ≈ 233 runs.,Cricket,Scoring Calculations
A team needs 111 runs to win from 4.5 overs remaining. What is the required run rate (runs per over)?,26.67,24.67,23.17,24.17,B,Required run rate = Runs needed / Overs remaining = 111 / 4.5 ≈ 24.67.,Cricket,Scoring Calculations
A team needs 128 runs to win from 15.7 overs remaining. What is the required run rate (runs per over)?,8.15,9.15,8.65,9.65,A,Required run rate = Runs needed / Overs remaining = 128 / 15.7 ≈ 8.15.,Cricket,Scoring Calculations
A team scores at a run rate of 6.41 runs per over for 23 overs. Approximately how many runs have they scored?,147,157,137,167,A,Runs ≈ Run rate × Overs = 6.41 × 23 ≈ 147 runs.,Cricket,Scoring Calculations
A team scores at a run rate of 8.44 runs per over for 11 overs. Approximately how many runs have they scored?,93,108,98,78,A,Runs ≈ Run rate × Overs = 8.44 × 11 ≈ 93 runs.,Cricket,Scoring Calculations
What is the number of players in a cricket team?,a batsman's dismissal for a score of zero runs,the outer edge of the cricket field; hitting the ball over it scores four or six runs,eleven players per side on the field at a time,a score of 100 or more runs by a single batsman in one innings,C,the number of players in a cricket team is: eleven players per side on the field at a time,Cricket,Rules
A team scores at a run rate of 6.42 runs per over for 29 overs. Approximately how many runs have they scored?,196,186,171,166,B,Runs ≈ Run rate × Overs = 6.42 × 29 ≈ 186 runs.,Cricket,Scoring Calculations
A team needs 218 runs to win from 17.7 overs remaining. What is the required run rate (runs per over)?,13.82,13.32,12.32,10.32,C,Required run rate = Runs needed / Overs remaining = 218 / 17.7 ≈ 12.32.,Cricket,Scoring Calculations
A team needs 16 runs to win from 17.4 overs remaining. What is the required run rate (runs per over)?,2.92,0.92,0.42,2.42,B,Required run rate = Runs needed / Overs remaining = 16 / 17.4 ≈ 0.92.,Cricket,Scoring Calculations
A team needs 24 runs to win from 8.9 overs remaining. What is the required run rate (runs per over)?,1.70,2.70,3.70,3.20,B,Required run rate = Runs needed / Overs remaining = 24 / 8.9 ≈ 2.70.,Cricket,Scoring Calculations
A team scores at a run rate of 9.43 runs per over for 34 overs. Approximately how many runs have they scored?,306,321,311,301,B,Runs ≈ Run rate × Overs = 9.43 × 34 ≈ 321 runs.,Cricket,Scoring Calculations
Which statement correctly describes a four?,the outer edge of the cricket field; hitting the ball over it scores four or six runs,a bowler who deceives batsmen by disguising the direction of spin,three wickets taken by a bowler on three consecutive deliveries,"a shot where the ball reaches or crosses the boundary after touching the ground, scoring four runs",D,"By definition, a four is: a shot where the ball reaches or crosses the boundary after touching the ground, scoring four runs",Cricket,Terminology
Which statement correctly describes a six?,a short-pitched delivery aimed to rise sharply toward the batsman's upper body,"a shot where the ball clears the boundary without touching the ground, scoring six runs",an over in which no runs are scored off the bat,the outer edge of the cricket field; hitting the ball over it scores four or six runs,B,"By definition, a six is: a shot where the ball clears the boundary without touching the ground, scoring six runs",Cricket,Terminology
A team needs 137 runs to win from 14.4 overs remaining. What is the required run rate (runs per over)?,10.01,8.01,9.51,11.51,C,Required run rate = Runs needed / Overs remaining = 137 / 14.4 ≈ 9.51.,Cricket,Scoring Calculations
A team scores at a run rate of 6.79 runs per over for 26 overs. Approximately how many runs have they scored?,172,192,182,177,D,Runs ≈ Run rate × Overs = 6.79 × 26 ≈ 177 runs.,Cricket,Scoring Calculations
A team scores at a run rate of 7.16 runs per over for 40 overs. Approximately how many runs have they scored?,286,291,276,281,A,Runs ≈ Run rate × Overs = 7.16 × 40 ≈ 286 runs.,Cricket,Scoring Calculations
A team needs 52 runs to win from 4.0 overs remaining. What is the required run rate (runs per over)?,11.00,13.00,13.50,14.00,B,Required run rate = Runs needed / Overs remaining = 52 / 4.0 ≈ 13.00.,Cricket,Scoring Calculations
A team scores at a run rate of 6.94 runs per over for 33 overs. Approximately how many runs have they scored?,244,234,229,224,C,Runs ≈ Run rate × Overs = 6.94 × 33 ≈ 229 runs.,Cricket,Scoring Calculations
A team scores at a run rate of 6.19 runs per over for 48 overs. Approximately how many runs have they scored?,277,317,287,297,D,Runs ≈ Run rate × Overs = 6.19 × 48 ≈ 297 runs.,Cricket,Scoring Calculations
A team scores at a run rate of 8.08 runs per over for 28 overs. Approximately how many runs have they scored?,226,231,246,211,A,Runs ≈ Run rate × Overs = 8.08 × 28 ≈ 226 runs.,Cricket,Scoring Calculations
A team needs 25 runs to win from 18.4 overs remaining. What is the required run rate (runs per over)?,1.36,0.36,0.86,3.36,A,Required run rate = Runs needed / Overs remaining = 25 / 18.4 ≈ 1.36.,Cricket,Scoring Calculations
A team needs 101 runs to win from 11.9 overs remaining. What is the required run rate (runs per over)?,8.49,6.99,6.49,7.99,A,Required run rate = Runs needed / Overs remaining = 101 / 11.9 ≈ 8.49.,Cricket,Scoring Calculations
A team scores at a run rate of 8.13 runs per over for 43 overs. Approximately how many runs have they scored?,355,360,365,350,D,Runs ≈ Run rate × Overs = 8.13 × 43 ≈ 350 runs.,Cricket,Scoring Calculations
A team needs 1 runs to win from 7.8 overs remaining. What is the required run rate (runs per over)?,7.13,0.13,2.13,-5.87,B,Required run rate = Runs needed / Overs remaining = 1 / 7.8 ≈ 0.13.,Cricket,Scoring Calculations
A team scores at a run rate of 6.28 runs per over for 49 overs. Approximately how many runs have they scored?,308,303,293,323,A,Runs ≈ Run rate × Overs = 6.28 × 49 ≈ 308 runs.,Cricket,Scoring Calculations
A team scores at a run rate of 4.92 runs per over for 43 overs. Approximately how many runs have they scored?,192,232,212,207,C,Runs ≈ Run rate × Overs = 4.92 × 43 ≈ 212 runs.,Cricket,Scoring Calculations
A team needs 164 runs to win from 7.8 overs remaining. What is the required run rate (runs per over)?,23.03,21.03,20.03,21.53,B,Required run rate = Runs needed / Overs remaining = 164 / 7.8 ≈ 21.03.,Cricket,Scoring Calculations
A team scores at a run rate of 4.05 runs per over for 15 overs. Approximately how many runs have they scored?,61,56,71,46,A,Runs ≈ Run rate × Overs = 4.05 × 15 ≈ 61 runs.,Cricket,Scoring Calculations
Which team won the ICC Cricket World Cup held in 1996?,West Indies,South Africa,England,Sri Lanka,D,Sri Lanka won the Cricket World Cup in 1996.,Cricket,World Cup History
A team scores at a run rate of 7.24 runs per over for 18 overs. Approximately how many runs have they scored?,130,125,135,120,A,Runs ≈ Run rate × Overs = 7.24 × 18 ≈ 130 runs.,Cricket,Scoring Calculations
A team scores at a run rate of 5.93 runs per over for 39 overs. Approximately how many runs have they scored?,231,216,241,251,A,Runs ≈ Run rate × Overs = 5.93 × 39 ≈ 231 runs.,Cricket,Scoring Calculations
A team scores at a run rate of 4.28 runs per over for 43 overs. Approximately how many runs have they scored?,184,204,199,194,A,Runs ≈ Run rate × Overs = 4.28 × 43 ≈ 184 runs.,Cricket,Scoring Calculations
A team needs 123 runs to win from 15.1 overs remaining. What is the required run rate (runs per over)?,9.65,9.15,8.15,10.15,C,Required run rate = Runs needed / Overs remaining = 123 / 15.1 ≈ 8.15.,Cricket,Scoring Calculations
A team scores at a run rate of 4.65 runs per over for 15 overs. Approximately how many runs have they scored?,90,70,50,85,B,Runs ≈ Run rate × Overs = 4.65 × 15 ≈ 70 runs.,Cricket,Scoring Calculations
A team scores at a run rate of 8.1 runs per over for 35 overs. Approximately how many runs have they scored?,284,304,294,279,A,Runs ≈ Run rate × Overs = 8.1 × 35 ≈ 284 runs.,Cricket,Scoring Calculations
"Which term matches this description: ""eleven players per side on the field at a time""?",a golden duck,the powerplay,the number of players in a cricket team,the World Test Championship,C,The description matches the number of players in a cricket team: eleven players per side on the field at a time,Cricket,Rules
A team needs 131 runs to win from 11.4 overs remaining. What is the required run rate (runs per over)?,12.49,12.99,9.99,11.49,D,Required run rate = Runs needed / Overs remaining = 131 / 11.4 ≈ 11.49.,Cricket,Scoring Calculations
A team scores at a run rate of 8.61 runs per over for 45 overs. Approximately how many runs have they scored?,387,407,367,397,A,Runs ≈ Run rate × Overs = 8.61 × 45 ≈ 387 runs.,Cricket,Scoring Calculations
A team needs 177 runs to win from 2.6 overs remaining. What is the required run rate (runs per over)?,67.58,70.08,68.58,68.08,D,Required run rate = Runs needed / Overs remaining = 177 / 2.6 ≈ 68.08.,Cricket,Scoring Calculations
A team scores at a run rate of 8.23 runs per over for 34 overs. Approximately how many runs have they scored?,295,280,285,270,B,Runs ≈ Run rate × Overs = 8.23 × 34 ≈ 280 runs.,Cricket,Scoring Calculations
A team scores at a run rate of 5.57 runs per over for 10 overs. Approximately how many runs have they scored?,41,51,56,76,C,Runs ≈ Run rate × Overs = 5.57 × 10 ≈ 56 runs.,Cricket,Scoring Calculations
A team needs 133 runs to win from 16.7 overs remaining. What is the required run rate (runs per over)?,7.96,7.46,9.96,9.46,A,Required run rate = Runs needed / Overs remaining = 133 / 16.7 ≈ 7.96.,Cricket,Scoring Calculations
A team scores at a run rate of 4.52 runs per over for 8 overs. Approximately how many runs have they scored?,31,36,51,16,B,Runs ≈ Run rate × Overs = 4.52 × 8 ≈ 36 runs.,Cricket,Scoring Calculations
"Which term matches this description: ""an ICC competition determining the best Test cricket team over a two-year cycle""?",the World Test Championship,the Man of the Match award,the boundary,a four,A,The description matches the World Test Championship: an ICC competition determining the best Test cricket team over a two-year cycle,Cricket,Tournaments
A team scores at a run rate of 7.8 runs per over for 48 overs. Approximately how many runs have they scored?,374,389,394,364,A,Runs ≈ Run rate × Overs = 7.8 × 48 ≈ 374 runs.,Cricket,Scoring Calculations
A team scores at a run rate of 7.79 runs per over for 24 overs. Approximately how many runs have they scored?,187,197,177,182,A,Runs ≈ Run rate × Overs = 7.79 × 24 ≈ 187 runs.,Cricket,Scoring Calculations
A team needs 4 runs to win from 1.6 overs remaining. What is the required run rate (runs per over)?,3.00,4.00,1.50,2.50,D,Required run rate = Runs needed / Overs remaining = 4 / 1.6 ≈ 2.50.,Cricket,Scoring Calculations
A team needs 283 runs to win from 15.0 overs remaining. What is the required run rate (runs per over)?,19.37,20.37,18.87,16.87,C,Required run rate = Runs needed / Overs remaining = 283 / 15.0 ≈ 18.87.,Cricket,Scoring Calculations
A team scores at a run rate of 6.89 runs per over for 12 overs. Approximately how many runs have they scored?,103,98,78,83,D,Runs ≈ Run rate × Overs = 6.89 × 12 ≈ 83 runs.,Cricket,Scoring Calculations
A team scores at a run rate of 9.89 runs per over for 30 overs. Approximately how many runs have they scored?,292,307,302,297,D,Runs ≈ Run rate × Overs = 9.89 × 30 ≈ 297 runs.,Cricket,Scoring Calculations
A team scores at a run rate of 4.15 runs per over for 47 overs. Approximately how many runs have they scored?,200,195,205,210,B,Runs ≈ Run rate × Overs = 4.15 × 47 ≈ 195 runs.,Cricket,Scoring Calculations
A team scores at a run rate of 5.28 runs per over for 50 overs. Approximately how many runs have they scored?,284,244,269,264,D,Runs ≈ Run rate × Overs = 5.28 × 50 ≈ 264 runs.,Cricket,Scoring Calculations
A team scores at a run rate of 4.77 runs per over for 43 overs. Approximately how many runs have they scored?,200,215,205,210,C,Runs ≈ Run rate × Overs = 4.77 × 43 ≈ 205 runs.,Cricket,Scoring Calculations
What is the powerplay?,an Indian cricketer known for his aggressive batting and record chase-master reputation in ODIs,"the shortest format of international cricket, with each team batting for a maximum of 20 overs","a phase of limited-overs cricket with fielding restrictions, typically at the start of an innings","a fielding position between slip and point, close to the batsman",C,"the powerplay is: a phase of limited-overs cricket with fielding restrictions, typically at the start of an innings",Cricket,Rules
A team scores at a run rate of 4.1 runs per over for 30 overs. Approximately how many runs have they scored?,108,123,128,138,B,Runs ≈ Run rate × Overs = 4.1 × 30 ≈ 123 runs.,Cricket,Scoring Calculations
A team scores at a run rate of 6.92 runs per over for 7 overs. Approximately how many runs have they scored?,63,58,48,38,C,Runs ≈ Run rate × Overs = 6.92 × 7 ≈ 48 runs.,Cricket,Scoring Calculations
A team needs 38 runs to win from 16.2 overs remaining. What is the required run rate (runs per over)?,0.85,2.35,3.85,3.35,B,Required run rate = Runs needed / Overs remaining = 38 / 16.2 ≈ 2.35.,Cricket,Scoring Calculations
A team scores at a run rate of 8.73 runs per over for 10 overs. Approximately how many runs have they scored?,107,72,87,97,C,Runs ≈ Run rate × Overs = 8.73 × 10 ≈ 87 runs.,Cricket,Scoring Calculations
A team needs 238 runs to win from 13.8 overs remaining. What is the required run rate (runs per over)?,15.25,17.75,16.25,17.25,D,Required run rate = Runs needed / Overs remaining = 238 / 13.8 ≈ 17.25.,Cricket,Scoring Calculations
A team scores at a run rate of 7.9 runs per over for 37 overs. Approximately how many runs have they scored?,277,292,287,282,B,Runs ≈ Run rate × Overs = 7.9 × 37 ≈ 292 runs.,Cricket,Scoring Calculations
A team scores at a run rate of 9.0 runs per over for 36 overs. Approximately how many runs have they scored?,314,334,309,324,D,Runs ≈ Run rate × Overs = 9.0 × 36 ≈ 324 runs.,Cricket,Scoring Calculations
Which statement correctly describes Muttiah Muralitharan?,a West Indian batsman who holds the record for the highest individual score in Test cricket (400 not out),a Sri Lankan spin bowler who holds the record for most wickets in both Test and ODI cricket,a West Indian batsman regarded as one of the most destructive batsmen in cricket history,an Indian cricketer known for his aggressive batting and record chase-master reputation in ODIs,B,"By definition, Muttiah Muralitharan is: a Sri Lankan spin bowler who holds the record for most wickets in both Test and ODI cricket",Cricket,Players
A team scores at a run rate of 9.97 runs per over for 27 overs. Approximately how many runs have they scored?,284,269,279,264,B,Runs ≈ Run rate × Overs = 9.97 × 27 ≈ 269 runs.,Cricket,Scoring Calculations
A team scores at a run rate of 8.45 runs per over for 7 overs. Approximately how many runs have they scored?,59,79,54,69,A,Runs ≈ Run rate × Overs = 8.45 × 7 ≈ 59 runs.,Cricket,Scoring Calculations
"Fill in the blank: ______ refers to ""the Indian captain who led India to victory in the 2007 T20 World Cup, 2011 World Cup, and 2013 Champions Trophy"".",Muttiah Muralitharan,MS Dhoni,Kapil Dev,Sir Don Bradman,B,"MS Dhoni refers to: the Indian captain who led India to victory in the 2007 T20 World Cup, 2011 World Cup, and 2013 Champions Trophy",Cricket,Players
A team scores at a run rate of 5.99 runs per over for 34 overs. Approximately how many runs have they scored?,219,204,224,184,B,Runs ≈ Run rate × Overs = 5.99 × 34 ≈ 204 runs.,Cricket,Scoring Calculations
What is the toss?,a method of dismissal where a fielder breaks the stumps with the ball while a batsman is out of their crease,an ICC competition determining the best Test cricket team over a two-year cycle,"a method of dismissal where the wicketkeeper breaks the stumps while the batsman is out of the crease, typically off a spin delivery",the coin flip at the start of a match that decides which captain chooses to bat or bowl first,D,the toss is: the coin flip at the start of a match that decides which captain chooses to bat or bowl first,Cricket,Rules
A team needs 54 runs to win from 4.7 overs remaining. What is the required run rate (runs per over)?,12.49,12.99,10.99,11.49,D,Required run rate = Runs needed / Overs remaining = 54 / 4.7 ≈ 11.49.,Cricket,Scoring Calculations
A team needs 160 runs to win from 12.2 overs remaining. What is the required run rate (runs per over)?,11.11,13.61,12.11,13.11,D,Required run rate = Runs needed / Overs remaining = 160 / 12.2 ≈ 13.11.,Cricket,Scoring Calculations
A team scores at a run rate of 7.65 runs per over for 20 overs. Approximately how many runs have they scored?,143,153,133,138,B,Runs ≈ Run rate × Overs = 7.65 × 20 ≈ 153 runs.,Cricket,Scoring Calculations
A team scores at a run rate of 5.2 runs per over for 11 overs. Approximately how many runs have they scored?,47,77,72,57,D,Runs ≈ Run rate × Overs = 5.2 × 11 ≈ 57 runs.,Cricket,Scoring Calculations
Who were the champions of the ICC Cricket World Cup in 1999?,Australia,New Zealand,England,West Indies,A,Australia won the Cricket World Cup in 1999.,Cricket,World Cup History
A team scores at a run rate of 4.42 runs per over for 39 overs. Approximately how many runs have they scored?,177,172,187,157,B,Runs ≈ Run rate × Overs = 4.42 × 39 ≈ 172 runs.,Cricket,Scoring Calculations
The 1999 Cricket World Cup title was lifted by which team?,South Africa,Sri Lanka,Australia,West Indies,C,Australia won the Cricket World Cup in 1999.,Cricket,World Cup History
A team scores at a run rate of 9.1 runs per over for 40 overs. Approximately how many runs have they scored?,354,349,374,364,D,Runs ≈ Run rate × Overs = 9.1 × 40 ≈ 364 runs.,Cricket,Scoring Calculations
A team scores at a run rate of 4.53 runs per over for 30 overs. Approximately how many runs have they scored?,126,156,146,136,D,Runs ≈ Run rate × Overs = 4.53 × 30 ≈ 136 runs.,Cricket,Scoring Calculations
A team scores at a run rate of 7.61 runs per over for 39 overs. Approximately how many runs have they scored?,277,282,317,297,D,Runs ≈ Run rate × Overs = 7.61 × 39 ≈ 297 runs.,Cricket,Scoring Calculations
What is MS Dhoni?,an Australian leg-spin bowler regarded as one of the greatest bowlers in cricket history,"an Australian cricketer regarded as the greatest Test batsman ever, with a Test batting average of 99.94","the Indian captain who led India to victory in the 2007 T20 World Cup, 2011 World Cup, and 2013 Champions Trophy","an Indian cricketer widely regarded as one of the greatest batsmen of all time, holding the record for most international centuries",C,"MS Dhoni is: the Indian captain who led India to victory in the 2007 T20 World Cup, 2011 World Cup, and 2013 Champions Trophy",Cricket,Players
A team needs 77 runs to win from 9.8 overs remaining. What is the required run rate (runs per over)?,6.36,6.86,9.36,7.86,D,Required run rate = Runs needed / Overs remaining = 77 / 9.8 ≈ 7.86.,Cricket,Scoring Calculations
A team scores at a run rate of 9.4 runs per over for 43 overs. Approximately how many runs have they scored?,409,424,399,404,D,Runs ≈ Run rate × Overs = 9.4 × 43 ≈ 404 runs.,Cricket,Scoring Calculations
A team scores at a run rate of 5.3 runs per over for 29 overs. Approximately how many runs have they scored?,144,134,164,154,D,Runs ≈ Run rate × Overs = 5.3 × 29 ≈ 154 runs.,Cricket,Scoring Calculations
A team needs 162 runs to win from 2.4 overs remaining. What is the required run rate (runs per over)?,66.50,67.00,69.50,67.50,D,Required run rate = Runs needed / Overs remaining = 162 / 2.4 ≈ 67.50.,Cricket,Scoring Calculations
A team needs 13 runs to win from 4.5 overs remaining. What is the required run rate (runs per over)?,3.39,3.89,2.89,4.39,C,Required run rate = Runs needed / Overs remaining = 13 / 4.5 ≈ 2.89.,Cricket,Scoring Calculations
A team needs 118 runs to win from 7.3 overs remaining. What is the required run rate (runs per over)?,14.16,15.66,16.16,16.66,C,Required run rate = Runs needed / Overs remaining = 118 / 7.3 ≈ 16.16.,Cricket,Scoring Calculations
A team scores at a run rate of 6.51 runs per over for 28 overs. Approximately how many runs have they scored?,187,202,192,182,D,Runs ≈ Run rate × Overs = 6.51 × 28 ≈ 182 runs.,Cricket,Scoring Calculations
A team needs 90 runs to win from 4.1 overs remaining. What is the required run rate (runs per over)?,22.95,21.45,21.95,22.45,C,Required run rate = Runs needed / Overs remaining = 90 / 4.1 ≈ 21.95.,Cricket,Scoring Calculations
"Which term matches this description: ""22 yards (about 20.12 metres) between the two sets of stumps""?",the boundary,the pitch length in cricket,Brian Lara,a no-ball,B,The description matches the pitch length in cricket: 22 yards (about 20.12 metres) between the two sets of stumps,Cricket,Equipment
A team needs 95 runs to win from 1.4 overs remaining. What is the required run rate (runs per over)?,67.36,68.86,68.36,67.86,D,Required run rate = Runs needed / Overs remaining = 95 / 1.4 ≈ 67.86.,Cricket,Scoring Calculations
What is a duck?,a batting partnership between two batsmen that produces 100 or more runs together,"a dismissal on the very first ball a batsman faces, for zero runs",when the team batting second is forced to bat again immediately after being significantly behind in a Test match,a batsman's dismissal for a score of zero runs,D,a duck is: a batsman's dismissal for a score of zero runs,Cricket,Terminology
A team scores at a run rate of 9.8 runs per over for 45 overs. Approximately how many runs have they scored?,421,431,441,456,C,Runs ≈ Run rate × Overs = 9.8 × 45 ≈ 441 runs.,Cricket,Scoring Calculations
A team scores at a run rate of 8.55 runs per over for 31 overs. Approximately how many runs have they scored?,275,270,265,245,C,Runs ≈ Run rate × Overs = 8.55 × 31 ≈ 265 runs.,Cricket,Scoring Calculations
Which statement correctly describes a Test match?,22 yards (about 20.12 metres) between the two sets of stumps,"a method of dismissal where the wicketkeeper breaks the stumps while the batsman is out of the crease, typically off a spin delivery","the longest format of cricket, played over five days between two teams with two innings each",a deceptive delivery bowled by a leg-spinner that turns the opposite way to a normal leg break,C,"By definition, a Test match is: the longest format of cricket, played over five days between two teams with two innings each",Cricket,Formats
A team needs 142 runs to win from 16.2 overs remaining. What is the required run rate (runs per over)?,10.27,9.27,8.77,10.77,C,Required run rate = Runs needed / Overs remaining = 142 / 16.2 ≈ 8.77.,Cricket,Scoring Calculations
A team scores at a run rate of 4.18 runs per over for 44 overs. Approximately how many runs have they scored?,169,204,164,184,D,Runs ≈ Run rate × Overs = 4.18 × 44 ≈ 184 runs.,Cricket,Scoring Calculations
A team needs 85 runs to win from 6.3 overs remaining. What is the required run rate (runs per over)?,14.99,13.49,11.99,14.49,B,Required run rate = Runs needed / Overs remaining = 85 / 6.3 ≈ 13.49.,Cricket,Scoring Calculations
Who were the champions of the ICC Cricket World Cup in 1979?,West Indies,England,Australia,South Africa,A,West Indies won the Cricket World Cup in 1979.,Cricket,World Cup History
A team scores at a run rate of 4.88 runs per over for 9 overs. Approximately how many runs have they scored?,39,44,24,64,B,Runs ≈ Run rate × Overs = 4.88 × 9 ≈ 44 runs.,Cricket,Scoring Calculations
A team scores at a run rate of 8.75 runs per over for 19 overs. Approximately how many runs have they scored?,146,186,151,166,D,Runs ≈ Run rate × Overs = 8.75 × 19 ≈ 166 runs.,Cricket,Scoring Calculations
A team scores at a run rate of 4.49 runs per over for 17 overs. Approximately how many runs have they scored?,96,81,71,76,D,Runs ≈ Run rate × Overs = 4.49 × 17 ≈ 76 runs.,Cricket,Scoring Calculations
A team scores at a run rate of 6.16 runs per over for 17 overs. Approximately how many runs have they scored?,110,90,125,105,D,Runs ≈ Run rate × Overs = 6.16 × 17 ≈ 105 runs.,Cricket,Scoring Calculations
A team needs 87 runs to win from 7.1 overs remaining. What is the required run rate (runs per over)?,11.75,13.25,12.25,10.25,C,Required run rate = Runs needed / Overs remaining = 87 / 7.1 ≈ 12.25.,Cricket,Scoring Calculations
"Which term matches this description: ""between approximately 155.9 and 163 grams for a men's cricket ball""?",Twenty20 (T20) cricket,the World Test Championship,the toss,the weight of a cricket ball,D,The description matches the weight of a cricket ball: between approximately 155.9 and 163 grams for a men's cricket ball,Cricket,Equipment
"Fill in the blank: ______ refers to ""a domestic first-class cricket championship played in India between teams representing states and regions"".",the gully fielding position,a maiden over,a duck,the Ranji Trophy,D,the Ranji Trophy refers to: a domestic first-class cricket championship played in India between teams representing states and regions,Cricket,Tournaments
A team needs 173 runs to win from 11.6 overs remaining. What is the required run rate (runs per over)?,15.91,14.91,12.91,15.41,B,Required run rate = Runs needed / Overs remaining = 173 / 11.6 ≈ 14.91.,Cricket,Scoring Calculations
A team scores at a run rate of 8.0 runs per over for 7 overs. Approximately how many runs have they scored?,56,66,76,36,A,Runs ≈ Run rate × Overs = 8.0 × 7 ≈ 56 runs.,Cricket,Scoring Calculations
A team scores at a run rate of 4.19 runs per over for 21 overs. Approximately how many runs have they scored?,98,93,103,88,D,Runs ≈ Run rate × Overs = 4.19 × 21 ≈ 88 runs.,Cricket,Scoring Calculations
"Which term matches this description: ""a professional Twenty20 cricket league in India featuring franchise teams""?",a no-ball,One Day International (ODI) cricket,the Indian Premier League (IPL),Brian Lara,C,The description matches the Indian Premier League (IPL): a professional Twenty20 cricket league in India featuring franchise teams,Cricket,Tournaments
A team scores at a run rate of 7.78 runs per over for 35 overs. Approximately how many runs have they scored?,272,292,267,257,A,Runs ≈ Run rate × Overs = 7.78 × 35 ≈ 272 runs.,Cricket,Scoring Calculations
A team needs 55 runs to win from 9.1 overs remaining. What is the required run rate (runs per over)?,6.54,7.04,8.04,6.04,D,Required run rate = Runs needed / Overs remaining = 55 / 9.1 ≈ 6.04.,Cricket,Scoring Calculations
Which team won the ICC Cricket World Cup held in 1975?,South Africa,England,West Indies,India,C,West Indies won the Cricket World Cup in 1975.,Cricket,World Cup History
A team scores at a run rate of 6.17 runs per over for 40 overs. Approximately how many runs have they scored?,262,242,247,257,C,Runs ≈ Run rate × Overs = 6.17 × 40 ≈ 247 runs.,Cricket,Scoring Calculations
A team needs 147 runs to win from 16.7 overs remaining. What is the required run rate (runs per over)?,8.80,7.80,9.80,9.30,A,Required run rate = Runs needed / Overs remaining = 147 / 16.7 ≈ 8.80.,Cricket,Scoring Calculations
A team needs 140 runs to win from 11.7 overs remaining. What is the required run rate (runs per over)?,11.97,13.47,9.97,11.47,A,Required run rate = Runs needed / Overs remaining = 140 / 11.7 ≈ 11.97.,Cricket,Scoring Calculations
What is Sachin Tendulkar?,"the Indian captain who led India to victory in the 2007 T20 World Cup, 2011 World Cup, and 2013 Champions Trophy","an Australian cricketer regarded as the greatest Test batsman ever, with a Test batting average of 99.94","an Indian cricketer widely regarded as one of the greatest batsmen of all time, holding the record for most international centuries",the Indian captain who led India to victory in the 1983 Cricket World Cup,C,"Sachin Tendulkar is: an Indian cricketer widely regarded as one of the greatest batsmen of all time, holding the record for most international centuries",Cricket,Players
A team needs 104 runs to win from 9.0 overs remaining. What is the required run rate (runs per over)?,11.56,12.56,12.06,13.56,A,Required run rate = Runs needed / Overs remaining = 104 / 9.0 ≈ 11.56.,Cricket,Scoring Calculations
A team scores at a run rate of 9.44 runs per over for 13 overs. Approximately how many runs have they scored?,128,123,113,118,B,Runs ≈ Run rate × Overs = 9.44 × 13 ≈ 123 runs.,Cricket,Scoring Calculations
Which team won the ICC Cricket World Cup held in 2007?,India,Sri Lanka,New Zealand,Australia,D,Australia won the Cricket World Cup in 2007.,Cricket,World Cup History
A team needs 56 runs to win from 18.4 overs remaining. What is the required run rate (runs per over)?,3.04,2.04,2.54,5.04,A,Required run rate = Runs needed / Overs remaining = 56 / 18.4 ≈ 3.04.,Cricket,Scoring Calculations
A team needs 86 runs to win from 4.3 overs remaining. What is the required run rate (runs per over)?,22.00,20.00,19.00,19.50,B,Required run rate = Runs needed / Overs remaining = 86 / 4.3 ≈ 20.00.,Cricket,Scoring Calculations
A team needs 161 runs to win from 19.0 overs remaining. What is the required run rate (runs per over)?,6.47,7.97,10.47,8.47,D,Required run rate = Runs needed / Overs remaining = 161 / 19.0 ≈ 8.47.,Cricket,Scoring Calculations
Which statement correctly describes the pitch length in cricket?,22 yards (about 20.12 metres) between the two sets of stumps,"a fielding position close behind the batsman on the off side, used to catch edges",a mathematical formula used to calculate target scores in rain-affected limited-overs matches,"a method of dismissal where the wicketkeeper breaks the stumps while the batsman is out of the crease, typically off a spin delivery",A,"By definition, the pitch length in cricket is: 22 yards (about 20.12 metres) between the two sets of stumps",Cricket,Equipment
A team needs 125 runs to win from 12.7 overs remaining. What is the required run rate (runs per over)?,9.34,9.84,10.34,11.34,B,Required run rate = Runs needed / Overs remaining = 125 / 12.7 ≈ 9.84.,Cricket,Scoring Calculations
A team scores at a run rate of 6.3 runs per over for 42 overs. Approximately how many runs have they scored?,280,265,245,250,B,Runs ≈ Run rate × Overs = 6.3 × 42 ≈ 265 runs.,Cricket,Scoring Calculations
A team scores at a run rate of 8.25 runs per over for 25 overs. Approximately how many runs have they scored?,201,196,206,216,C,Runs ≈ Run rate × Overs = 8.25 × 25 ≈ 206 runs.,Cricket,Scoring Calculations
A team needs 97 runs to win from 5.4 overs remaining. What is the required run rate (runs per over)?,18.46,17.96,18.96,17.46,B,Required run rate = Runs needed / Overs remaining = 97 / 5.4 ≈ 17.96.,Cricket,Scoring Calculations
A team needs 247 runs to win from 20.0 overs remaining. What is the required run rate (runs per over)?,11.85,12.35,14.35,10.85,B,Required run rate = Runs needed / Overs remaining = 247 / 20.0 ≈ 12.35.,Cricket,Scoring Calculations
A team scores at a run rate of 4.61 runs per over for 9 overs. Approximately how many runs have they scored?,26,41,36,51,B,Runs ≈ Run rate × Overs = 4.61 × 9 ≈ 41 runs.,Cricket,Scoring Calculations
"Which term matches this description: ""a shot where the ball clears the boundary without touching the ground, scoring six runs""?",a six,a no-ball,a maiden over,a googly bowler,A,"The description matches a six: a shot where the ball clears the boundary without touching the ground, scoring six runs",Cricket,Terminology
A team needs 107 runs to win from 16.3 overs remaining. What is the required run rate (runs per over)?,5.06,6.56,7.56,8.06,B,Required run rate = Runs needed / Overs remaining = 107 / 16.3 ≈ 6.56.,Cricket,Scoring Calculations
A team scores at a run rate of 8.96 runs per over for 29 overs. Approximately how many runs have they scored?,265,240,260,280,C,Runs ≈ Run rate × Overs = 8.96 × 29 ≈ 260 runs.,Cricket,Scoring Calculations
A team scores at a run rate of 7.41 runs per over for 49 overs. Approximately how many runs have they scored?,368,373,343,363,D,Runs ≈ Run rate × Overs = 7.41 × 49 ≈ 363 runs.,Cricket,Scoring Calculations
A team needs 105 runs to win from 13.4 overs remaining. What is the required run rate (runs per over)?,5.84,7.84,9.34,8.34,B,Required run rate = Runs needed / Overs remaining = 105 / 13.4 ≈ 7.84.,Cricket,Scoring Calculations
A team scores at a run rate of 5.24 runs per over for 22 overs. Approximately how many runs have they scored?,95,130,115,110,C,Runs ≈ Run rate × Overs = 5.24 × 22 ≈ 115 runs.,Cricket,Scoring Calculations
"Which term matches this description: ""an over in which no runs are scored off the bat""?",a wide,a maiden over,a googly,a six,B,The description matches a maiden over: an over in which no runs are scored off the bat,Cricket,Terminology
"Which term matches this description: ""the shortest format of international cricket, with each team batting for a maximum of 20 overs""?",the Indian Premier League (IPL),the Man of the Match award,the Duckworth-Lewis-Stern (DLS) method,Twenty20 (T20) cricket,D,"The description matches Twenty20 (T20) cricket: the shortest format of international cricket, with each team batting for a maximum of 20 overs",Cricket,Formats
A team scores at a run rate of 5.73 runs per over for 48 overs. Approximately how many runs have they scored?,290,275,285,295,B,Runs ≈ Run rate × Overs = 5.73 × 48 ≈ 275 runs.,Cricket,Scoring Calculations
A team scores at a run rate of 6.25 runs per over for 11 overs. Approximately how many runs have they scored?,49,64,89,69,D,Runs ≈ Run rate × Overs = 6.25 × 11 ≈ 69 runs.,Cricket,Scoring Calculations
A team needs 158 runs to win from 10.0 overs remaining. What is the required run rate (runs per over)?,15.80,16.30,17.30,17.80,A,Required run rate = Runs needed / Overs remaining = 158 / 10.0 ≈ 15.80.,Cricket,Scoring Calculations
A team scores at a run rate of 4.67 runs per over for 28 overs. Approximately how many runs have they scored?,136,116,131,141,C,Runs ≈ Run rate × Overs = 4.67 × 28 ≈ 131 runs.,Cricket,Scoring Calculations
A team needs 34 runs to win from 14.6 overs remaining. What is the required run rate (runs per over)?,4.33,1.33,2.33,0.33,C,Required run rate = Runs needed / Overs remaining = 34 / 14.6 ≈ 2.33.,Cricket,Scoring Calculations
A team scores at a run rate of 7.48 runs per over for 26 overs. Approximately how many runs have they scored?,214,199,194,179,C,Runs ≈ Run rate × Overs = 7.48 × 26 ≈ 194 runs.,Cricket,Scoring Calculations
"Which term matches this description: ""a method of dismissal where the wicketkeeper breaks the stumps while the batsman is out of the crease, typically off a spin delivery""?",a run-out,a yorker,a googly bowler,stumping,D,"The description matches stumping: a method of dismissal where the wicketkeeper breaks the stumps while the batsman is out of the crease, typically off a spin delivery",Cricket,Rules
"Fill in the blank: ______ refers to ""an over in which no runs are scored off the bat"".",the Duckworth-Lewis-Stern (DLS) method,a duck,a six,a maiden over,D,a maiden over refers to: an over in which no runs are scored off the bat,Cricket,Terminology
Which statement correctly describes Sir Vivian Richards?,a West Indian batsman regarded as one of the most destructive batsmen in cricket history,the Indian captain who led India to victory in the 1983 Cricket World Cup,an Australian leg-spin bowler regarded as one of the greatest bowlers in cricket history,an Indian cricketer known for his aggressive batting and record chase-master reputation in ODIs,A,"By definition, Sir Vivian Richards is: a West Indian batsman regarded as one of the most destructive batsmen in cricket history",Cricket,Players
A team needs 189 runs to win from 1.9 overs remaining. What is the required run rate (runs per over)?,99.47,97.47,98.47,100.97,A,Required run rate = Runs needed / Overs remaining = 189 / 1.9 ≈ 99.47.,Cricket,Scoring Calculations
A team needs 12 runs to win from 9.5 overs remaining. What is the required run rate (runs per over)?,0.26,0.76,1.26,3.26,C,Required run rate = Runs needed / Overs remaining = 12 / 9.5 ≈ 1.26.,Cricket,Scoring Calculations
"Which term matches this description: ""a batsman's dismissal for a score of zero runs""?",a googly,a six,a duck,a golden duck,C,The description matches a duck: a batsman's dismissal for a score of zero runs,Cricket,Terminology
What is LBW (Leg Before Wicket)?,the Indian captain who led India to victory in the 1983 Cricket World Cup,a mode of dismissal where the ball would have hit the stumps but was blocked by the batsman's leg,an over in which no runs are scored off the bat,"an Indian cricketer widely regarded as one of the greatest batsmen of all time, holding the record for most international centuries",B,LBW (Leg Before Wicket) is: a mode of dismissal where the ball would have hit the stumps but was blocked by the batsman's leg,Cricket,Rules
Who were the champions of the ICC Cricket World Cup in 2019?,England,India,West Indies,New Zealand,A,England won the Cricket World Cup in 2019.,Cricket,World Cup History
A team needs 240 runs to win from 1.9 overs remaining. What is the required run rate (runs per over)?,126.32,127.82,124.32,126.82,A,Required run rate = Runs needed / Overs remaining = 240 / 1.9 ≈ 126.32.,Cricket,Scoring Calculations
What is the weight of a cricket ball?,between approximately 155.9 and 163 grams for a men's cricket ball,the outer edge of the cricket field; hitting the ball over it scores four or six runs,the coin flip at the start of a match that decides which captain chooses to bat or bowl first,a format of cricket in which each team bats for a maximum of 50 overs,A,the weight of a cricket ball is: between approximately 155.9 and 163 grams for a men's cricket ball,Cricket,Equipment
A team scores at a run rate of 8.22 runs per over for 41 overs. Approximately how many runs have they scored?,337,357,327,352,A,Runs ≈ Run rate × Overs = 8.22 × 41 ≈ 337 runs.,Cricket,Scoring Calculations
A team needs 123 runs to win from 6.2 overs remaining. What is the required run rate (runs per over)?,19.84,18.84,18.34,17.84,A,Required run rate = Runs needed / Overs remaining = 123 / 6.2 ≈ 19.84.,Cricket,Scoring Calculations
A team scores at a run rate of 4.07 runs per over for 50 overs. Approximately how many runs have they scored?,204,184,224,189,A,Runs ≈ Run rate × Overs = 4.07 × 50 ≈ 204 runs.,Cricket,Scoring Calculations
A team scores at a run rate of 9.11 runs per over for 39 overs. Approximately how many runs have they scored?,370,355,350,345,B,Runs ≈ Run rate × Overs = 9.11 × 39 ≈ 355 runs.,Cricket,Scoring Calculations
A team scores at a run rate of 5.54 runs per over for 30 overs. Approximately how many runs have they scored?,166,151,171,161,A,Runs ≈ Run rate × Overs = 5.54 × 30 ≈ 166 runs.,Cricket,Scoring Calculations
A team needs 70 runs to win from 2.1 overs remaining. What is the required run rate (runs per over)?,33.33,32.33,31.33,34.33,A,Required run rate = Runs needed / Overs remaining = 70 / 2.1 ≈ 33.33.,Cricket,Scoring Calculations
A team needs 264 runs to win from 5.5 overs remaining. What is the required run rate (runs per over)?,48.00,50.00,47.00,48.50,A,Required run rate = Runs needed / Overs remaining = 264 / 5.5 ≈ 48.00.,Cricket,Scoring Calculations
A team scores at a run rate of 6.97 runs per over for 45 overs. Approximately how many runs have they scored?,319,299,304,314,D,Runs ≈ Run rate × Overs = 6.97 × 45 ≈ 314 runs.,Cricket,Scoring Calculations
A team scores at a run rate of 5.08 runs per over for 31 overs. Approximately how many runs have they scored?,167,162,157,172,C,Runs ≈ Run rate × Overs = 5.08 × 31 ≈ 157 runs.,Cricket,Scoring Calculations
A team needs 28 runs to win from 10.3 overs remaining. What is the required run rate (runs per over)?,2.72,1.22,3.22,3.72,A,Required run rate = Runs needed / Overs remaining = 28 / 10.3 ≈ 2.72.,Cricket,Scoring Calculations
"Fill in the blank: ______ refers to ""three wickets taken by a bowler on three consecutive deliveries"".",a golden duck,a hat-trick,a bouncer,a wide,B,a hat-trick refers to: three wickets taken by a bowler on three consecutive deliveries,Cricket,Terminology
A team needs 159 runs to win from 13.3 overs remaining. What is the required run rate (runs per over)?,13.45,12.45,11.95,11.45,C,Required run rate = Runs needed / Overs remaining = 159 / 13.3 ≈ 11.95.,Cricket,Scoring Calculations
A team scores at a run rate of 4.92 runs per over for 11 overs. Approximately how many runs have they scored?,64,74,39,54,D,Runs ≈ Run rate × Overs = 4.92 × 11 ≈ 54 runs.,Cricket,Scoring Calculations
A team needs 211 runs to win from 16.2 overs remaining. What is the required run rate (runs per over)?,15.02,14.52,13.02,11.52,C,Required run rate = Runs needed / Overs remaining = 211 / 16.2 ≈ 13.02.,Cricket,Scoring Calculations
A team needs 109 runs to win from 6.6 overs remaining. What is the required run rate (runs per over)?,16.52,15.02,18.52,17.52,A,Required run rate = Runs needed / Overs remaining = 109 / 6.6 ≈ 16.52.,Cricket,Scoring Calculations
The 1975 Cricket World Cup title was lifted by which team?,New Zealand,West Indies,India,England,B,West Indies won the Cricket World Cup in 1975.,Cricket,World Cup History
A team scores at a run rate of 8.11 runs per over for 17 overs. Approximately how many runs have they scored?,138,153,158,143,A,Runs ≈ Run rate × Overs = 8.11 × 17 ≈ 138 runs.,Cricket,Scoring Calculations
A team scores at a run rate of 4.27 runs per over for 15 overs. Approximately how many runs have they scored?,44,64,74,59,B,Runs ≈ Run rate × Overs = 4.27 × 15 ≈ 64 runs.,Cricket,Scoring Calculations
A team scores at a run rate of 6.56 runs per over for 47 overs. Approximately how many runs have they scored?,328,308,298,303,B,Runs ≈ Run rate × Overs = 6.56 × 47 ≈ 308 runs.,Cricket,Scoring Calculations
A team scores at a run rate of 6.8 runs per over for 43 overs. Approximately how many runs have they scored?,282,302,307,292,D,Runs ≈ Run rate × Overs = 6.8 × 43 ≈ 292 runs.,Cricket,Scoring Calculations
A team scores at a run rate of 8.26 runs per over for 39 overs. Approximately how many runs have they scored?,322,317,327,337,A,Runs ≈ Run rate × Overs = 8.26 × 39 ≈ 322 runs.,Cricket,Scoring Calculations
A team needs 16 runs to win from 19.3 overs remaining. What is the required run rate (runs per over)?,0.83,1.83,2.33,0.33,A,Required run rate = Runs needed / Overs remaining = 16 / 19.3 ≈ 0.83.,Cricket,Scoring Calculations
A team scores at a run rate of 6.4 runs per over for 11 overs. Approximately how many runs have they scored?,70,60,75,80,A,Runs ≈ Run rate × Overs = 6.4 × 11 ≈ 70 runs.,Cricket,Scoring Calculations
A team needs 41 runs to win from 11.0 overs remaining. What is the required run rate (runs per over)?,5.73,4.73,5.23,3.73,D,Required run rate = Runs needed / Overs remaining = 41 / 11.0 ≈ 3.73.,Cricket,Scoring Calculations
A team scores at a run rate of 6.95 runs per over for 27 overs. Approximately how many runs have they scored?,173,188,178,183,B,Runs ≈ Run rate × Overs = 6.95 × 27 ≈ 188 runs.,Cricket,Scoring Calculations
A team needs 240 runs to win from 9.5 overs remaining. What is the required run rate (runs per over)?,25.26,23.76,24.76,26.26,A,Required run rate = Runs needed / Overs remaining = 240 / 9.5 ≈ 25.26.,Cricket,Scoring Calculations
What is the Ranji Trophy?,"a fielding position between slip and point, close to the batsman","an Australian cricketer regarded as the greatest Test batsman ever, with a Test batting average of 99.94",a domestic first-class cricket championship played in India between teams representing states and regions,"a shot where the ball clears the boundary without touching the ground, scoring six runs",C,the Ranji Trophy is: a domestic first-class cricket championship played in India between teams representing states and regions,Cricket,Tournaments
"Which term matches this description: ""a bowler who deceives batsmen by disguising the direction of spin""?",a maiden over,a googly bowler,a googly,a wide,B,The description matches a googly bowler: a bowler who deceives batsmen by disguising the direction of spin,Cricket,Terminology
A team needs 119 runs to win from 5.0 overs remaining. What is the required run rate (runs per over)?,24.80,25.30,23.80,21.80,C,Required run rate = Runs needed / Overs remaining = 119 / 5.0 ≈ 23.80.,Cricket,Scoring Calculations
A team needs 216 runs to win from 18.1 overs remaining. What is the required run rate (runs per over)?,10.93,11.93,12.43,12.93,B,Required run rate = Runs needed / Overs remaining = 216 / 18.1 ≈ 11.93.,Cricket,Scoring Calculations
A team needs 4 runs to win from 9.5 overs remaining. What is the required run rate (runs per over)?,2.42,0.42,1.92,0.92,B,Required run rate = Runs needed / Overs remaining = 4 / 9.5 ≈ 0.42.,Cricket,Scoring Calculations
Which team won the ICC Cricket World Cup held in 1999?,Sri Lanka,West Indies,England,Australia,D,Australia won the Cricket World Cup in 1999.,Cricket,World Cup History
Who were the champions of the ICC Cricket World Cup in 1992?,Australia,Pakistan,New Zealand,England,B,Pakistan won the Cricket World Cup in 1992.,Cricket,World Cup History
A team needs 188 runs to win from 12.8 overs remaining. What is the required run rate (runs per over)?,12.69,13.69,16.19,14.69,D,Required run rate = Runs needed / Overs remaining = 188 / 12.8 ≈ 14.69.,Cricket,Scoring Calculations
A team scores at a run rate of 6.13 runs per over for 6 overs. Approximately how many runs have they scored?,37,17,52,42,A,Runs ≈ Run rate × Overs = 6.13 × 6 ≈ 37 runs.,Cricket,Scoring Calculations
Which statement correctly describes a follow-on?,a deceptive delivery bowled by a leg-spinner that turns the opposite way to a normal leg break,a bowler who deceives batsmen by disguising the direction of spin,the outer edge of the cricket field; hitting the ball over it scores four or six runs,when the team batting second is forced to bat again immediately after being significantly behind in a Test match,D,"By definition, a follow-on is: when the team batting second is forced to bat again immediately after being significantly behind in a Test match",Cricket,Terminology
A team scores at a run rate of 7.93 runs per over for 20 overs. Approximately how many runs have they scored?,174,164,154,159,D,Runs ≈ Run rate × Overs = 7.93 × 20 ≈ 159 runs.,Cricket,Scoring Calculations
"Which term matches this description: ""the outer edge of the cricket field; hitting the ball over it scores four or six runs""?",a no-ball,the Duckworth-Lewis-Stern (DLS) method,the boundary,a googly bowler,C,The description matches the boundary: the outer edge of the cricket field; hitting the ball over it scores four or six runs,Cricket,Terminology
Which statement correctly describes MS Dhoni?,the Indian captain who led India to victory in the 1983 Cricket World Cup,"the Indian captain who led India to victory in the 2007 T20 World Cup, 2011 World Cup, and 2013 Champions Trophy",an Indian cricketer known for his aggressive batting and record chase-master reputation in ODIs,"an Australian cricketer regarded as the greatest Test batsman ever, with a Test batting average of 99.94",B,"By definition, MS Dhoni is: the Indian captain who led India to victory in the 2007 T20 World Cup, 2011 World Cup, and 2013 Champions Trophy",Cricket,Players
A team needs 33 runs to win from 14.6 overs remaining. What is the required run rate (runs per over)?,2.26,3.76,0.26,3.26,A,Required run rate = Runs needed / Overs remaining = 33 / 14.6 ≈ 2.26.,Cricket,Scoring Calculations
A team needs 107 runs to win from 10.9 overs remaining. What is the required run rate (runs per over)?,9.32,11.32,10.82,9.82,D,Required run rate = Runs needed / Overs remaining = 107 / 10.9 ≈ 9.82.,Cricket,Scoring Calculations
A team scores at a run rate of 9.61 runs per over for 15 overs. Approximately how many runs have they scored?,159,124,144,134,C,Runs ≈ Run rate × Overs = 9.61 × 15 ≈ 144 runs.,Cricket,Scoring Calculations
A team scores at a run rate of 6.1 runs per over for 19 overs. Approximately how many runs have they scored?,131,101,116,121,C,Runs ≈ Run rate × Overs = 6.1 × 19 ≈ 116 runs.,Cricket,Scoring Calculations
A team needs 118 runs to win from 19.6 overs remaining. What is the required run rate (runs per over)?,6.02,4.52,8.02,5.02,A,Required run rate = Runs needed / Overs remaining = 118 / 19.6 ≈ 6.02.,Cricket,Scoring Calculations
A team scores at a run rate of 9.4 runs per over for 40 overs. Approximately how many runs have they scored?,356,361,376,396,C,Runs ≈ Run rate × Overs = 9.4 × 40 ≈ 376 runs.,Cricket,Scoring Calculations
A team scores at a run rate of 7.66 runs per over for 47 overs. Approximately how many runs have they scored?,375,380,360,350,C,Runs ≈ Run rate × Overs = 7.66 × 47 ≈ 360 runs.,Cricket,Scoring Calculations
A team needs 63 runs to win from 12.4 overs remaining. What is the required run rate (runs per over)?,4.08,5.08,3.08,3.58,B,Required run rate = Runs needed / Overs remaining = 63 / 12.4 ≈ 5.08.,Cricket,Scoring Calculations
A team needs 184 runs to win from 18.9 overs remaining. What is the required run rate (runs per over)?,11.24,8.24,9.74,7.74,C,Required run rate = Runs needed / Overs remaining = 184 / 18.9 ≈ 9.74.,Cricket,Scoring Calculations
Which team won the ICC Cricket World Cup held in 2003?,Sri Lanka,Pakistan,South Africa,Australia,D,Australia won the Cricket World Cup in 2003.,Cricket,World Cup History
A team needs 132 runs to win from 18.2 overs remaining. What is the required run rate (runs per over)?,7.25,8.25,6.25,6.75,A,Required run rate = Runs needed / Overs remaining = 132 / 18.2 ≈ 7.25.,Cricket,Scoring Calculations
A team needs 135 runs to win from 12.9 overs remaining. What is the required run rate (runs per over)?,10.47,10.97,11.47,9.47,A,Required run rate = Runs needed / Overs remaining = 135 / 12.9 ≈ 10.47.,Cricket,Scoring Calculations
A team needs 71 runs to win from 11.6 overs remaining. What is the required run rate (runs per over)?,7.62,4.12,6.12,5.62,C,Required run rate = Runs needed / Overs remaining = 71 / 11.6 ≈ 6.12.,Cricket,Scoring Calculations
A team needs 93 runs to win from 8.4 overs remaining. What is the required run rate (runs per over)?,13.07,12.57,11.07,10.57,C,Required run rate = Runs needed / Overs remaining = 93 / 8.4 ≈ 11.07.,Cricket,Scoring Calculations
A team needs 147 runs to win from 8.2 overs remaining. What is the required run rate (runs per over)?,15.93,18.93,17.93,19.93,C,Required run rate = Runs needed / Overs remaining = 147 / 8.2 ≈ 17.93.,Cricket,Scoring Calculations
A team needs 32 runs to win from 18.3 overs remaining. What is the required run rate (runs per over)?,3.75,0.75,1.75,2.25,C,Required run rate = Runs needed / Overs remaining = 32 / 18.3 ≈ 1.75.,Cricket,Scoring Calculations
A team scores at a run rate of 9.06 runs per over for 10 overs. Approximately how many runs have they scored?,81,111,91,86,C,Runs ≈ Run rate × Overs = 9.06 × 10 ≈ 91 runs.,Cricket,Scoring Calculations
A team needs 63 runs to win from 14.5 overs remaining. What is the required run rate (runs per over)?,4.34,2.34,3.34,3.84,A,Required run rate = Runs needed / Overs remaining = 63 / 14.5 ≈ 4.34.,Cricket,Scoring Calculations
A team scores at a run rate of 6.73 runs per over for 24 overs. Approximately how many runs have they scored?,157,162,142,172,B,Runs ≈ Run rate × Overs = 6.73 × 24 ≈ 162 runs.,Cricket,Scoring Calculations
A team needs 192 runs to win from 4.5 overs remaining. What is the required run rate (runs per over)?,43.17,41.17,42.67,44.17,C,Required run rate = Runs needed / Overs remaining = 192 / 4.5 ≈ 42.67.,Cricket,Scoring Calculations
A team needs 73 runs to win from 16.2 overs remaining. What is the required run rate (runs per over)?,3.51,5.01,4.51,5.51,C,Required run rate = Runs needed / Overs remaining = 73 / 16.2 ≈ 4.51.,Cricket,Scoring Calculations
A team scores at a run rate of 5.82 runs per over for 46 overs. Approximately how many runs have they scored?,278,258,268,273,C,Runs ≈ Run rate × Overs = 5.82 × 46 ≈ 268 runs.,Cricket,Scoring Calculations
A team needs 73 runs to win from 18.4 overs remaining. What is the required run rate (runs per over)?,2.97,4.97,2.47,3.97,D,Required run rate = Runs needed / Overs remaining = 73 / 18.4 ≈ 3.97.,Cricket,Scoring Calculations
A team scores at a run rate of 4.87 runs per over for 40 overs. Approximately how many runs have they scored?,190,185,175,195,D,Runs ≈ Run rate × Overs = 4.87 × 40 ≈ 195 runs.,Cricket,Scoring Calculations
A team scores at a run rate of 6.37 runs per over for 31 overs. Approximately how many runs have they scored?,202,217,182,197,D,Runs ≈ Run rate × Overs = 6.37 × 31 ≈ 197 runs.,Cricket,Scoring Calculations
A team scores at a run rate of 6.56 runs per over for 48 overs. Approximately how many runs have they scored?,315,330,320,335,A,Runs ≈ Run rate × Overs = 6.56 × 48 ≈ 315 runs.,Cricket,Scoring Calculations
What is a run-out?,eleven players per side on the field at a time,"a method of dismissal where the wicketkeeper breaks the stumps while the batsman is out of the crease, typically off a spin delivery",a West Indian batsman regarded as one of the most destructive batsmen in cricket history,a method of dismissal where a fielder breaks the stumps with the ball while a batsman is out of their crease,D,a run-out is: a method of dismissal where a fielder breaks the stumps with the ball while a batsman is out of their crease,Cricket,Rules
A team needs 6 runs to win from 3.0 overs remaining. What is the required run rate (runs per over)?,1.50,3.00,4.00,2.00,D,Required run rate = Runs needed / Overs remaining = 6 / 3.0 ≈ 2.00.,Cricket,Scoring Calculations
A team scores at a run rate of 5.94 runs per over for 47 overs. Approximately how many runs have they scored?,279,264,284,259,A,Runs ≈ Run rate × Overs = 5.94 × 47 ≈ 279 runs.,Cricket,Scoring Calculations
What is the gully fielding position?,between approximately 155.9 and 163 grams for a men's cricket ball,"a fielding position between slip and point, close to the batsman",the outer edge of the cricket field; hitting the ball over it scores four or six runs,"an Australian cricketer regarded as the greatest Test batsman ever, with a Test batting average of 99.94",B,"the gully fielding position is: a fielding position between slip and point, close to the batsman",Cricket,Fielding
A team scores at a run rate of 4.35 runs per over for 50 overs. Approximately how many runs have they scored?,217,202,237,227,A,Runs ≈ Run rate × Overs = 4.35 × 50 ≈ 217 runs.,Cricket,Scoring Calculations
A team needs 29 runs to win from 14.6 overs remaining. What is the required run rate (runs per over)?,2.99,1.49,3.99,1.99,D,Required run rate = Runs needed / Overs remaining = 29 / 14.6 ≈ 1.99.,Cricket,Scoring Calculations
A team scores at a run rate of 6.7 runs per over for 40 overs. Approximately how many runs have they scored?,268,248,273,258,A,Runs ≈ Run rate × Overs = 6.7 × 40 ≈ 268 runs.,Cricket,Scoring Calculations
A team scores at a run rate of 6.89 runs per over for 45 overs. Approximately how many runs have they scored?,290,315,320,310,D,Runs ≈ Run rate × Overs = 6.89 × 45 ≈ 310 runs.,Cricket,Scoring Calculations
A team needs 144 runs to win from 14.6 overs remaining. What is the required run rate (runs per over)?,7.86,9.36,11.86,9.86,D,Required run rate = Runs needed / Overs remaining = 144 / 14.6 ≈ 9.86.,Cricket,Scoring Calculations
A team scores at a run rate of 7.81 runs per over for 45 overs. Approximately how many runs have they scored?,341,351,366,356,B,Runs ≈ Run rate × Overs = 7.81 × 45 ≈ 351 runs.,Cricket,Scoring Calculations
A team needs 104 runs to win from 3.1 overs remaining. What is the required run rate (runs per over)?,33.05,33.55,31.55,34.55,B,Required run rate = Runs needed / Overs remaining = 104 / 3.1 ≈ 33.55.,Cricket,Scoring Calculations
A team needs 158 runs to win from 15.4 overs remaining. What is the required run rate (runs per over)?,10.76,9.76,10.26,11.26,C,Required run rate = Runs needed / Overs remaining = 158 / 15.4 ≈ 10.26.,Cricket,Scoring Calculations
A team scores at a run rate of 6.61 runs per over for 24 overs. Approximately how many runs have they scored?,164,159,144,149,B,Runs ≈ Run rate × Overs = 6.61 × 24 ≈ 159 runs.,Cricket,Scoring Calculations
A team needs 11 runs to win from 3.8 overs remaining. What is the required run rate (runs per over)?,2.89,0.89,4.89,2.39,A,Required run rate = Runs needed / Overs remaining = 11 / 3.8 ≈ 2.89.,Cricket,Scoring Calculations
A team needs 193 runs to win from 18.1 overs remaining. What is the required run rate (runs per over)?,11.66,8.66,10.66,12.16,C,Required run rate = Runs needed / Overs remaining = 193 / 18.1 ≈ 10.66.,Cricket,Scoring Calculations
A team needs 104 runs to win from 14.6 overs remaining. What is the required run rate (runs per over)?,9.12,7.62,6.62,7.12,D,Required run rate = Runs needed / Overs remaining = 104 / 14.6 ≈ 7.12.,Cricket,Scoring Calculations
A team needs 147 runs to win from 19.3 overs remaining. What is the required run rate (runs per over)?,7.62,8.12,6.62,8.62,A,Required run rate = Runs needed / Overs remaining = 147 / 19.3 ≈ 7.62.,Cricket,Scoring Calculations
"Which term matches this description: ""a Test cricket series played between England and Australia""?",the Ashes,the weight of a cricket ball,a four,the Duckworth-Lewis-Stern (DLS) method,A,The description matches the Ashes: a Test cricket series played between England and Australia,Cricket,Tournaments
A team scores at a run rate of 4.73 runs per over for 35 overs. Approximately how many runs have they scored?,156,166,176,161,B,Runs ≈ Run rate × Overs = 4.73 × 35 ≈ 166 runs.,Cricket,Scoring Calculations
A team scores at a run rate of 8.99 runs per over for 17 overs. Approximately how many runs have they scored?,138,173,158,153,D,Runs ≈ Run rate × Overs = 8.99 × 17 ≈ 153 runs.,Cricket,Scoring Calculations
A team scores at a run rate of 7.59 runs per over for 33 overs. Approximately how many runs have they scored?,240,230,260,250,D,Runs ≈ Run rate × Overs = 7.59 × 33 ≈ 250 runs.,Cricket,Scoring Calculations
A team scores at a run rate of 9.69 runs per over for 24 overs. Approximately how many runs have they scored?,253,233,223,213,B,Runs ≈ Run rate × Overs = 9.69 × 24 ≈ 233 runs.,Cricket,Scoring Calculations
A team needs 58 runs to win from 18.9 overs remaining. What is the required run rate (runs per over)?,3.07,4.07,1.07,2.57,A,Required run rate = Runs needed / Overs remaining = 58 / 18.9 ≈ 3.07.,Cricket,Scoring Calculations
"Fill in the blank: ______ refers to ""the shortest format of international cricket, with each team batting for a maximum of 20 overs"".",Virat Kohli,LBW (Leg Before Wicket),Twenty20 (T20) cricket,a century in cricket,C,"Twenty20 (T20) cricket refers to: the shortest format of international cricket, with each team batting for a maximum of 20 overs",Cricket,Formats
A team scores at a run rate of 6.64 runs per over for 26 overs. Approximately how many runs have they scored?,173,188,153,168,A,Runs ≈ Run rate × Overs = 6.64 × 26 ≈ 173 runs.,Cricket,Scoring Calculations
A team needs 43 runs to win from 12.2 overs remaining. What is the required run rate (runs per over)?,3.02,5.02,3.52,1.52,C,Required run rate = Runs needed / Overs remaining = 43 / 12.2 ≈ 3.52.,Cricket,Scoring Calculations
A team needs 166 runs to win from 17.7 overs remaining. What is the required run rate (runs per over)?,10.38,8.38,7.88,9.38,D,Required run rate = Runs needed / Overs remaining = 166 / 17.7 ≈ 9.38.,Cricket,Scoring Calculations
A team needs 136 runs to win from 18.4 overs remaining. What is the required run rate (runs per over)?,7.39,7.89,6.39,6.89,A,Required run rate = Runs needed / Overs remaining = 136 / 18.4 ≈ 7.39.,Cricket,Scoring Calculations
A team scores at a run rate of 4.86 runs per over for 9 overs. Approximately how many runs have they scored?,24,64,29,44,D,Runs ≈ Run rate × Overs = 4.86 × 9 ≈ 44 runs.,Cricket,Scoring Calculations
A team scores at a run rate of 4.05 runs per over for 47 overs. Approximately how many runs have they scored?,205,190,180,210,B,Runs ≈ Run rate × Overs = 4.05 × 47 ≈ 190 runs.,Cricket,Scoring Calculations
A team needs 100 runs to win from 12.5 overs remaining. What is the required run rate (runs per over)?,8.00,10.00,8.50,6.00,A,Required run rate = Runs needed / Overs remaining = 100 / 12.5 ≈ 8.00.,Cricket,Scoring Calculations
A team needs 169 runs to win from 17.3 overs remaining. What is the required run rate (runs per over)?,9.77,7.77,11.77,8.27,A,Required run rate = Runs needed / Overs remaining = 169 / 17.3 ≈ 9.77.,Cricket,Scoring Calculations
A team needs 107 runs to win from 6.5 overs remaining. What is the required run rate (runs per over)?,17.96,16.46,18.46,14.96,B,Required run rate = Runs needed / Overs remaining = 107 / 6.5 ≈ 16.46.,Cricket,Scoring Calculations
A team scores at a run rate of 5.14 runs per over for 34 overs. Approximately how many runs have they scored?,185,190,175,155,C,Runs ≈ Run rate × Overs = 5.14 × 34 ≈ 175 runs.,Cricket,Scoring Calculations
"Which term matches this description: ""an international Twenty20 cricket championship organised by the International Cricket Council""?",Sir Don Bradman,Sir Vivian Richards,the ICC T20 World Cup,the toss,C,The description matches the ICC T20 World Cup: an international Twenty20 cricket championship organised by the International Cricket Council,Cricket,Tournaments
A team needs 246 runs to win from 8.6 overs remaining. What is the required run rate (runs per over)?,28.10,29.10,27.60,28.60,D,Required run rate = Runs needed / Overs remaining = 246 / 8.6 ≈ 28.60.,Cricket,Scoring Calculations
A team needs 179 runs to win from 11.3 overs remaining. What is the required run rate (runs per over)?,15.84,14.34,14.84,16.34,A,Required run rate = Runs needed / Overs remaining = 179 / 11.3 ≈ 15.84.,Cricket,Scoring Calculations
A team scores at a run rate of 5.66 runs per over for 50 overs. Approximately how many runs have they scored?,283,273,293,268,A,Runs ≈ Run rate × Overs = 5.66 × 50 ≈ 283 runs.,Cricket,Scoring Calculations
A team scores at a run rate of 5.55 runs per over for 48 overs. Approximately how many runs have they scored?,276,266,251,271,B,Runs ≈ Run rate × Overs = 5.55 × 48 ≈ 266 runs.,Cricket,Scoring Calculations
A team needs 17 runs to win from 1.1 overs remaining. What is the required run rate (runs per over)?,15.95,15.45,17.45,16.95,B,Required run rate = Runs needed / Overs remaining = 17 / 1.1 ≈ 15.45.,Cricket,Scoring Calculations
A team scores at a run rate of 8.43 runs per over for 36 overs. Approximately how many runs have they scored?,323,303,288,298,B,Runs ≈ Run rate × Overs = 8.43 × 36 ≈ 303 runs.,Cricket,Scoring Calculations
A team scores at a run rate of 7.29 runs per over for 37 overs. Approximately how many runs have they scored?,275,250,280,270,D,Runs ≈ Run rate × Overs = 7.29 × 37 ≈ 270 runs.,Cricket,Scoring Calculations
Who were the champions of the ICC Cricket World Cup in 2015?,New Zealand,Sri Lanka,Pakistan,Australia,D,Australia won the Cricket World Cup in 2015.,Cricket,World Cup History
A team needs 52 runs to win from 9.8 overs remaining. What is the required run rate (runs per over)?,3.81,5.31,7.31,3.31,B,Required run rate = Runs needed / Overs remaining = 52 / 9.8 ≈ 5.31.,Cricket,Scoring Calculations
A team needs 211 runs to win from 8.9 overs remaining. What is the required run rate (runs per over)?,23.71,21.71,22.71,24.21,A,Required run rate = Runs needed / Overs remaining = 211 / 8.9 ≈ 23.71.,Cricket,Scoring Calculations
Which statement correctly describes a bouncer?,an over in which no runs are scored off the bat,a short-pitched delivery aimed to rise sharply toward the batsman's upper body,"a delivery judged too wide or high for the batsman to play, resulting in an extra run","a shot where the ball clears the boundary without touching the ground, scoring six runs",B,"By definition, a bouncer is: a short-pitched delivery aimed to rise sharply toward the batsman's upper body",Cricket,Terminology
A team scores at a run rate of 5.48 runs per over for 37 overs. Approximately how many runs have they scored?,208,198,203,188,C,Runs ≈ Run rate × Overs = 5.48 × 37 ≈ 203 runs.,Cricket,Scoring Calculations
A team needs 66 runs to win from 6.9 overs remaining. What is the required run rate (runs per over)?,11.57,8.57,9.07,9.57,D,Required run rate = Runs needed / Overs remaining = 66 / 6.9 ≈ 9.57.,Cricket,Scoring Calculations
A team scores at a run rate of 4.68 runs per over for 42 overs. Approximately how many runs have they scored?,212,182,197,217,C,Runs ≈ Run rate × Overs = 4.68 × 42 ≈ 197 runs.,Cricket,Scoring Calculations
A team needs 253 runs to win from 14.7 overs remaining. What is the required run rate (runs per over)?,17.21,15.21,15.71,18.71,A,Required run rate = Runs needed / Overs remaining = 253 / 14.7 ≈ 17.21.,Cricket,Scoring Calculations
"Fill in the blank: ______ refers to ""the Indian captain who led India to victory in the 1983 Cricket World Cup"".",MS Dhoni,Sir Vivian Richards,Muttiah Muralitharan,Kapil Dev,D,Kapil Dev refers to: the Indian captain who led India to victory in the 1983 Cricket World Cup,Cricket,Players
A team scores at a run rate of 8.82 runs per over for 22 overs. Approximately how many runs have they scored?,214,174,194,204,C,Runs ≈ Run rate × Overs = 8.82 × 22 ≈ 194 runs.,Cricket,Scoring Calculations
Which statement correctly describes the ICC T20 World Cup?,an international Twenty20 cricket championship organised by the International Cricket Council,an Indian cricketer known for his aggressive batting and record chase-master reputation in ODIs,a domestic first-class cricket championship played in India between teams representing states and regions,a score of 100 or more runs by a single batsman in one innings,A,"By definition, the ICC T20 World Cup is: an international Twenty20 cricket championship organised by the International Cricket Council",Cricket,Tournaments
A team needs 159 runs to win from 8.6 overs remaining. What is the required run rate (runs per over)?,19.49,16.99,17.99,18.49,D,Required run rate = Runs needed / Overs remaining = 159 / 8.6 ≈ 18.49.,Cricket,Scoring Calculations
A team scores at a run rate of 5.51 runs per over for 31 overs. Approximately how many runs have they scored?,176,151,171,191,C,Runs ≈ Run rate × Overs = 5.51 × 31 ≈ 171 runs.,Cricket,Scoring Calculations
A team needs 26 runs to win from 2.7 overs remaining. What is the required run rate (runs per over)?,8.13,9.13,9.63,8.63,C,Required run rate = Runs needed / Overs remaining = 26 / 2.7 ≈ 9.63.,Cricket,Scoring Calculations
A team needs 7 runs to win from 17.3 overs remaining. What is the required run rate (runs per over)?,2.40,0.40,0.90,1.40,B,Required run rate = Runs needed / Overs remaining = 7 / 17.3 ≈ 0.40.,Cricket,Scoring Calculations
A team scores at a run rate of 9.65 runs per over for 15 overs. Approximately how many runs have they scored?,145,155,125,135,A,Runs ≈ Run rate × Overs = 9.65 × 15 ≈ 145 runs.,Cricket,Scoring Calculations
A team needs 109 runs to win from 6.1 overs remaining. What is the required run rate (runs per over)?,17.37,18.37,17.87,19.87,C,Required run rate = Runs needed / Overs remaining = 109 / 6.1 ≈ 17.87.,Cricket,Scoring Calculations
A team needs 79 runs to win from 18.1 overs remaining. What is the required run rate (runs per over)?,3.86,5.86,2.36,4.36,D,Required run rate = Runs needed / Overs remaining = 79 / 18.1 ≈ 4.36.,Cricket,Scoring Calculations
A team needs 2 runs to win from 8.1 overs remaining. What is the required run rate (runs per over)?,2.25,0.75,1.25,0.25,D,Required run rate = Runs needed / Overs remaining = 2 / 8.1 ≈ 0.25.,Cricket,Scoring Calculations
A team needs 71 runs to win from 6.5 overs remaining. What is the required run rate (runs per over)?,10.92,11.92,12.92,8.92,A,Required run rate = Runs needed / Overs remaining = 71 / 6.5 ≈ 10.92.,Cricket,Scoring Calculations
A team scores at a run rate of 4.95 runs per over for 30 overs. Approximately how many runs have they scored?,128,143,158,148,D,Runs ≈ Run rate × Overs = 4.95 × 30 ≈ 148 runs.,Cricket,Scoring Calculations
"Fill in the blank: ______ refers to ""a bowler who deceives batsmen by disguising the direction of spin"".",a googly bowler,a googly,a century partnership,a golden duck,A,a googly bowler refers to: a bowler who deceives batsmen by disguising the direction of spin,Cricket,Terminology
A team needs 95 runs to win from 13.9 overs remaining. What is the required run rate (runs per over)?,6.83,8.83,4.83,8.33,A,Required run rate = Runs needed / Overs remaining = 95 / 13.9 ≈ 6.83.,Cricket,Scoring Calculations
A team scores at a run rate of 6.26 runs per over for 42 overs. Approximately how many runs have they scored?,283,273,263,278,C,Runs ≈ Run rate × Overs = 6.26 × 42 ≈ 263 runs.,Cricket,Scoring Calculations
A team scores at a run rate of 7.07 runs per over for 21 overs. Approximately how many runs have they scored?,158,143,148,163,C,Runs ≈ Run rate × Overs = 7.07 × 21 ≈ 148 runs.,Cricket,Scoring Calculations
"Fill in the blank: ______ refers to ""eleven players per side on the field at a time"".",MS Dhoni,the number of players in a cricket team,a four,the Indian Premier League (IPL),B,the number of players in a cricket team refers to: eleven players per side on the field at a time,Cricket,Rules
A team needs 139 runs to win from 17.6 overs remaining. What is the required run rate (runs per over)?,8.40,6.90,7.90,5.90,C,Required run rate = Runs needed / Overs remaining = 139 / 17.6 ≈ 7.90.,Cricket,Scoring Calculations
A team scores at a run rate of 5.05 runs per over for 39 overs. Approximately how many runs have they scored?,197,212,177,187,A,Runs ≈ Run rate × Overs = 5.05 × 39 ≈ 197 runs.,Cricket,Scoring Calculations
A team needs 56 runs to win from 7.8 overs remaining. What is the required run rate (runs per over)?,7.18,9.18,6.18,5.18,A,Required run rate = Runs needed / Overs remaining = 56 / 7.8 ≈ 7.18.,Cricket,Scoring Calculations
"Which term matches this description: ""an award given to the outstanding player of an individual cricket match""?",the ICC Cricket World Cup,the World Test Championship,the Indian Premier League (IPL),the Man of the Match award,D,The description matches the Man of the Match award: an award given to the outstanding player of an individual cricket match,Cricket,Awards
A team scores at a run rate of 7.22 runs per over for 15 overs. Approximately how many runs have they scored?,128,108,88,113,B,Runs ≈ Run rate × Overs = 7.22 × 15 ≈ 108 runs.,Cricket,Scoring Calculations
A team needs 3 runs to win from 2.9 overs remaining. What is the required run rate (runs per over)?,2.03,3.03,1.03,0.53,C,Required run rate = Runs needed / Overs remaining = 3 / 2.9 ≈ 1.03.,Cricket,Scoring Calculations
Which statement correctly describes the Ashes?,a mathematical formula used to calculate target scores in rain-affected limited-overs matches,a Test cricket series played between England and Australia,a West Indian batsman regarded as one of the most destructive batsmen in cricket history,the outer edge of the cricket field; hitting the ball over it scores four or six runs,B,"By definition, the Ashes is: a Test cricket series played between England and Australia",Cricket,Tournaments
A team needs 93 runs to win from 15.8 overs remaining. What is the required run rate (runs per over)?,4.39,6.89,7.39,5.89,D,Required run rate = Runs needed / Overs remaining = 93 / 15.8 ≈ 5.89.,Cricket,Scoring Calculations
A team scores at a run rate of 9.83 runs per over for 28 overs. Approximately how many runs have they scored?,295,255,275,270,C,Runs ≈ Run rate × Overs = 9.83 × 28 ≈ 275 runs.,Cricket,Scoring Calculations
What is Brian Lara?,"an Australian cricketer regarded as the greatest Test batsman ever, with a Test batting average of 99.94",a West Indian batsman who holds the record for the highest individual score in Test cricket (400 not out),"an Indian cricketer widely regarded as one of the greatest batsmen of all time, holding the record for most international centuries",a West Indian batsman regarded as one of the most destructive batsmen in cricket history,B,Brian Lara is: a West Indian batsman who holds the record for the highest individual score in Test cricket (400 not out),Cricket,Players
A team scores at a run rate of 5.36 runs per over for 21 overs. Approximately how many runs have they scored?,113,128,98,108,A,Runs ≈ Run rate × Overs = 5.36 × 21 ≈ 113 runs.,Cricket,Scoring Calculations
A team scores at a run rate of 5.12 runs per over for 28 overs. Approximately how many runs have they scored?,133,163,143,138,C,Runs ≈ Run rate × Overs = 5.12 × 28 ≈ 143 runs.,Cricket,Scoring Calculations
A team needs 258 runs to win from 13.2 overs remaining. What is the required run rate (runs per over)?,21.05,19.05,21.55,19.55,D,Required run rate = Runs needed / Overs remaining = 258 / 13.2 ≈ 19.55.,Cricket,Scoring Calculations
"Fill in the blank: ______ refers to ""when the team batting second is forced to bat again immediately after being significantly behind in a Test match"".",the Duckworth-Lewis-Stern (DLS) method,a follow-on,a googly bowler,a googly,B,a follow-on refers to: when the team batting second is forced to bat again immediately after being significantly behind in a Test match,Cricket,Terminology
A team needs 153 runs to win from 13.6 overs remaining. What is the required run rate (runs per over)?,11.25,13.25,10.75,9.25,A,Required run rate = Runs needed / Overs remaining = 153 / 13.6 ≈ 11.25.,Cricket,Scoring Calculations
Which statement correctly describes a run-out?,a method of dismissal where a fielder breaks the stumps with the ball while a batsman is out of their crease,"the Indian captain who led India to victory in the 2007 T20 World Cup, 2011 World Cup, and 2013 Champions Trophy",a batsman's dismissal for a score of zero runs,when the team batting second is forced to bat again immediately after being significantly behind in a Test match,A,"By definition, a run-out is: a method of dismissal where a fielder breaks the stumps with the ball while a batsman is out of their crease",Cricket,Rules
A team scores at a run rate of 7.11 runs per over for 40 overs. Approximately how many runs have they scored?,269,284,279,304,B,Runs ≈ Run rate × Overs = 7.11 × 40 ≈ 284 runs.,Cricket,Scoring Calculations
A team needs 113 runs to win from 19.8 overs remaining. What is the required run rate (runs per over)?,5.71,3.71,7.21,6.71,A,Required run rate = Runs needed / Overs remaining = 113 / 19.8 ≈ 5.71.,Cricket,Scoring Calculations
A team needs 151 runs to win from 17.3 overs remaining. What is the required run rate (runs per over)?,8.73,7.73,10.23,9.23,A,Required run rate = Runs needed / Overs remaining = 151 / 17.3 ≈ 8.73.,Cricket,Scoring Calculations
A team scores at a run rate of 4.69 runs per over for 39 overs. Approximately how many runs have they scored?,183,173,198,168,A,Runs ≈ Run rate × Overs = 4.69 × 39 ≈ 183 runs.,Cricket,Scoring Calculations
What is Kapil Dev?,the Indian captain who led India to victory in the 1983 Cricket World Cup,a West Indian batsman who holds the record for the highest individual score in Test cricket (400 not out),"an Indian cricketer widely regarded as one of the greatest batsmen of all time, holding the record for most international centuries",a Sri Lankan spin bowler who holds the record for most wickets in both Test and ODI cricket,A,Kapil Dev is: the Indian captain who led India to victory in the 1983 Cricket World Cup,Cricket,Players
A team needs 209 runs to win from 4.5 overs remaining. What is the required run rate (runs per over)?,44.94,46.44,44.44,45.94,B,Required run rate = Runs needed / Overs remaining = 209 / 4.5 ≈ 46.44.,Cricket,Scoring Calculations
What is a follow-on?,"a shot where the ball reaches or crosses the boundary after touching the ground, scoring four runs",when the team batting second is forced to bat again immediately after being significantly behind in a Test match,"a shot where the ball clears the boundary without touching the ground, scoring six runs","a delivery bowled to land at the batsman's feet, near the base of the stumps",B,a follow-on is: when the team batting second is forced to bat again immediately after being significantly behind in a Test match,Cricket,Terminology
"Which term matches this description: ""an Australian leg-spin bowler regarded as one of the greatest bowlers in cricket history""?",Muttiah Muralitharan,MS Dhoni,Shane Warne,Virat Kohli,C,The description matches Shane Warne: an Australian leg-spin bowler regarded as one of the greatest bowlers in cricket history,Cricket,Players
A team needs 124 runs to win from 4.7 overs remaining. What is the required run rate (runs per over)?,24.38,26.38,27.88,27.38,B,Required run rate = Runs needed / Overs remaining = 124 / 4.7 ≈ 26.38.,Cricket,Scoring Calculations
A team needs 139 runs to win from 16.8 overs remaining. What is the required run rate (runs per over)?,10.27,9.27,8.27,6.27,C,Required run rate = Runs needed / Overs remaining = 139 / 16.8 ≈ 8.27.,Cricket,Scoring Calculations
A team needs 130 runs to win from 13.8 overs remaining. What is the required run rate (runs per over)?,7.92,9.42,9.92,10.42,B,Required run rate = Runs needed / Overs remaining = 130 / 13.8 ≈ 9.42.,Cricket,Scoring Calculations
A team needs 84 runs to win from 8.9 overs remaining. What is the required run rate (runs per over)?,10.44,8.44,9.44,9.94,C,Required run rate = Runs needed / Overs remaining = 84 / 8.9 ≈ 9.44.,Cricket,Scoring Calculations
A team scores at a run rate of 7.52 runs per over for 27 overs. Approximately how many runs have they scored?,183,188,223,203,D,Runs ≈ Run rate × Overs = 7.52 × 27 ≈ 203 runs.,Cricket,Scoring Calculations
A team needs 65 runs to win from 4.9 overs remaining. What is the required run rate (runs per over)?,14.77,13.77,13.27,12.77,C,Required run rate = Runs needed / Overs remaining = 65 / 4.9 ≈ 13.27.,Cricket,Scoring Calculations
"Fill in the blank: ______ refers to ""an award given to the outstanding player of an individual cricket match"".",the pitch length in cricket,a century in cricket,the Man of the Match award,the cover fielding position,C,the Man of the Match award refers to: an award given to the outstanding player of an individual cricket match,Cricket,Awards
"Which term matches this description: ""a shot where the ball reaches or crosses the boundary after touching the ground, scoring four runs""?",a four,a googly,a maiden over,the boundary,A,"The description matches a four: a shot where the ball reaches or crosses the boundary after touching the ground, scoring four runs",Cricket,Terminology
A team scores at a run rate of 6.04 runs per over for 38 overs. Approximately how many runs have they scored?,230,250,240,235,A,Runs ≈ Run rate × Overs = 6.04 × 38 ≈ 230 runs.,Cricket,Scoring Calculations
Which statement correctly describes the Man of the Match award?,"a fielding position close behind the batsman on the off side, used to catch edges","a shot where the ball clears the boundary without touching the ground, scoring six runs",an award given to the outstanding player of an individual cricket match,"the longest format of cricket, played over five days between two teams with two innings each",C,"By definition, the Man of the Match award is: an award given to the outstanding player of an individual cricket match",Cricket,Awards
A team scores at a run rate of 8.71 runs per over for 32 overs. Approximately how many runs have they scored?,274,269,299,279,D,Runs ≈ Run rate × Overs = 8.71 × 32 ≈ 279 runs.,Cricket,Scoring Calculations
A team scores at a run rate of 5.45 runs per over for 10 overs. Approximately how many runs have they scored?,39,54,34,74,B,Runs ≈ Run rate × Overs = 5.45 × 10 ≈ 54 runs.,Cricket,Scoring Calculations
A team needs 247 runs to win from 8.6 overs remaining. What is the required run rate (runs per over)?,28.72,30.72,29.72,27.72,A,Required run rate = Runs needed / Overs remaining = 247 / 8.6 ≈ 28.72.,Cricket,Scoring Calculations
What is Muttiah Muralitharan?,"an Indian cricketer widely regarded as one of the greatest batsmen of all time, holding the record for most international centuries",a Sri Lankan spin bowler who holds the record for most wickets in both Test and ODI cricket,a West Indian batsman who holds the record for the highest individual score in Test cricket (400 not out),"an Australian cricketer regarded as the greatest Test batsman ever, with a Test batting average of 99.94",B,Muttiah Muralitharan is: a Sri Lankan spin bowler who holds the record for most wickets in both Test and ODI cricket,Cricket,Players
A team needs 109 runs to win from 17.5 overs remaining. What is the required run rate (runs per over)?,5.73,6.23,5.23,4.23,B,Required run rate = Runs needed / Overs remaining = 109 / 17.5 ≈ 6.23.,Cricket,Scoring Calculations
Which statement correctly describes a duck?,a mathematical formula used to calculate target scores in rain-affected limited-overs matches,a deceptive delivery bowled by a leg-spinner that turns the opposite way to a normal leg break,a batsman's dismissal for a score of zero runs,a batting partnership between two batsmen that produces 100 or more runs together,C,"By definition, a duck is: a batsman's dismissal for a score of zero runs",Cricket,Terminology
A team needs 33 runs to win from 1.7 overs remaining. What is the required run rate (runs per over)?,19.41,20.91,17.91,21.41,A,Required run rate = Runs needed / Overs remaining = 33 / 1.7 ≈ 19.41.,Cricket,Scoring Calculations
A team needs 109 runs to win from 6.0 overs remaining. What is the required run rate (runs per over)?,17.17,17.67,18.17,18.67,C,Required run rate = Runs needed / Overs remaining = 109 / 6.0 ≈ 18.17.,Cricket,Scoring Calculations
A team scores at a run rate of 6.78 runs per over for 34 overs. Approximately how many runs have they scored?,226,236,231,246,C,Runs ≈ Run rate × Overs = 6.78 × 34 ≈ 231 runs.,Cricket,Scoring Calculations
A team needs 127 runs to win from 5.4 overs remaining. What is the required run rate (runs per over)?,25.02,23.02,22.02,23.52,D,Required run rate = Runs needed / Overs remaining = 127 / 5.4 ≈ 23.52.,Cricket,Scoring Calculations
Who were the champions of the ICC Cricket World Cup in 1975?,West Indies,New Zealand,Australia,India,A,West Indies won the Cricket World Cup in 1975.,Cricket,World Cup History
A team needs 27 runs to win from 11.5 overs remaining. What is the required run rate (runs per over)?,0.35,2.35,1.35,2.85,B,Required run rate = Runs needed / Overs remaining = 27 / 11.5 ≈ 2.35.,Cricket,Scoring Calculations
A team needs 70 runs to win from 20.0 overs remaining. What is the required run rate (runs per over)?,2.50,5.00,3.00,3.50,D,Required run rate = Runs needed / Overs remaining = 70 / 20.0 ≈ 3.50.,Cricket,Scoring Calculations
A team needs 153 runs to win from 7.6 overs remaining. What is the required run rate (runs per over)?,18.13,18.63,20.13,21.13,C,Required run rate = Runs needed / Overs remaining = 153 / 7.6 ≈ 20.13.,Cricket,Scoring Calculations
A team scores at a run rate of 9.01 runs per over for 7 overs. Approximately how many runs have they scored?,78,83,63,53,C,Runs ≈ Run rate × Overs = 9.01 × 7 ≈ 63 runs.,Cricket,Scoring Calculations
A team needs 272 runs to win from 12.4 overs remaining. What is the required run rate (runs per over)?,21.44,20.44,20.94,21.94,D,Required run rate = Runs needed / Overs remaining = 272 / 12.4 ≈ 21.94.,Cricket,Scoring Calculations
A team needs 107 runs to win from 7.9 overs remaining. What is the required run rate (runs per over)?,11.54,13.04,12.54,13.54,D,Required run rate = Runs needed / Overs remaining = 107 / 7.9 ≈ 13.54.,Cricket,Scoring Calculations
A team needs 86 runs to win from 3.6 overs remaining. What is the required run rate (runs per over)?,23.39,25.39,23.89,21.89,C,Required run rate = Runs needed / Overs remaining = 86 / 3.6 ≈ 23.89.,Cricket,Scoring Calculations
A team needs 183 runs to win from 8.8 overs remaining. What is the required run rate (runs per over)?,19.80,20.80,22.30,21.30,B,Required run rate = Runs needed / Overs remaining = 183 / 8.8 ≈ 20.80.,Cricket,Scoring Calculations
A team scores at a run rate of 5.51 runs per over for 10 overs. Approximately how many runs have they scored?,45,40,70,55,D,Runs ≈ Run rate × Overs = 5.51 × 10 ≈ 55 runs.,Cricket,Scoring Calculations
A team scores at a run rate of 5.98 runs per over for 35 overs. Approximately how many runs have they scored?,214,209,219,224,B,Runs ≈ Run rate × Overs = 5.98 × 35 ≈ 209 runs.,Cricket,Scoring Calculations
A team needs 136 runs to win from 18.5 overs remaining. What is the required run rate (runs per over)?,8.35,6.85,5.35,7.35,D,Required run rate = Runs needed / Overs remaining = 136 / 18.5 ≈ 7.35.,Cricket,Scoring Calculations
A team needs 54 runs to win from 9.4 overs remaining. What is the required run rate (runs per over)?,7.74,4.74,5.74,6.74,C,Required run rate = Runs needed / Overs remaining = 54 / 9.4 ≈ 5.74.,Cricket,Scoring Calculations
A team needs 176 runs to win from 10.1 overs remaining. What is the required run rate (runs per over)?,19.43,17.43,16.93,18.93,B,Required run rate = Runs needed / Overs remaining = 176 / 10.1 ≈ 17.43.,Cricket,Scoring Calculations
A team needs 30 runs to win from 11.5 overs remaining. What is the required run rate (runs per over)?,3.61,3.11,0.61,2.61,D,Required run rate = Runs needed / Overs remaining = 30 / 11.5 ≈ 2.61.,Cricket,Scoring Calculations
A team needs 125 runs to win from 9.2 overs remaining. What is the required run rate (runs per over)?,14.59,12.59,13.59,12.09,C,Required run rate = Runs needed / Overs remaining = 125 / 9.2 ≈ 13.59.,Cricket,Scoring Calculations
A team scores at a run rate of 6.97 runs per over for 42 overs. Approximately how many runs have they scored?,278,273,283,293,D,Runs ≈ Run rate × Overs = 6.97 × 42 ≈ 293 runs.,Cricket,Scoring Calculations
"Which term matches this description: ""the coin flip at the start of a match that decides which captain chooses to bat or bowl first""?",the toss,MS Dhoni,the Indian Premier League (IPL),the number of players in a cricket team,A,The description matches the toss: the coin flip at the start of a match that decides which captain chooses to bat or bowl first,Cricket,Rules
A team scores at a run rate of 7.51 runs per over for 29 overs. Approximately how many runs have they scored?,203,233,218,238,C,Runs ≈ Run rate × Overs = 7.51 × 29 ≈ 218 runs.,Cricket,Scoring Calculations
A team scores at a run rate of 9.91 runs per over for 30 overs. Approximately how many runs have they scored?,297,282,317,312,A,Runs ≈ Run rate × Overs = 9.91 × 30 ≈ 297 runs.,Cricket,Scoring Calculations
A team needs 40 runs to win from 3.8 overs remaining. What is the required run rate (runs per over)?,10.53,10.03,11.53,8.53,A,Required run rate = Runs needed / Overs remaining = 40 / 3.8 ≈ 10.53.,Cricket,Scoring Calculations
A team scores at a run rate of 9.63 runs per over for 42 overs. Approximately how many runs have they scored?,404,394,389,399,A,Runs ≈ Run rate × Overs = 9.63 × 42 ≈ 404 runs.,Cricket,Scoring Calculations
A team needs 155 runs to win from 18.0 overs remaining. What is the required run rate (runs per over)?,9.11,8.61,6.61,9.61,B,Required run rate = Runs needed / Overs remaining = 155 / 18.0 ≈ 8.61.,Cricket,Scoring Calculations
A team scores at a run rate of 7.72 runs per over for 27 overs. Approximately how many runs have they scored?,208,198,218,193,A,Runs ≈ Run rate × Overs = 7.72 × 27 ≈ 208 runs.,Cricket,Scoring Calculations
A team scores at a run rate of 5.92 runs per over for 38 overs. Approximately how many runs have they scored?,245,220,205,225,D,Runs ≈ Run rate × Overs = 5.92 × 38 ≈ 225 runs.,Cricket,Scoring Calculations
A team needs 8 runs to win from 17.8 overs remaining. What is the required run rate (runs per over)?,1.45,1.95,0.45,0.95,C,Required run rate = Runs needed / Overs remaining = 8 / 17.8 ≈ 0.45.,Cricket,Scoring Calculations
A team needs 92 runs to win from 2.2 overs remaining. What is the required run rate (runs per over)?,42.32,43.82,41.82,40.82,C,Required run rate = Runs needed / Overs remaining = 92 / 2.2 ≈ 41.82.,Cricket,Scoring Calculations
A team scores at a run rate of 8.44 runs per over for 8 overs. Approximately how many runs have they scored?,63,68,83,48,B,Runs ≈ Run rate × Overs = 8.44 × 8 ≈ 68 runs.,Cricket,Scoring Calculations
A team needs 57 runs to win from 4.6 overs remaining. What is the required run rate (runs per over)?,12.39,13.39,10.89,12.89,A,Required run rate = Runs needed / Overs remaining = 57 / 4.6 ≈ 12.39.,Cricket,Scoring Calculations
A team needs 119 runs to win from 14.2 overs remaining. What is the required run rate (runs per over)?,6.88,7.38,10.38,8.38,D,Required run rate = Runs needed / Overs remaining = 119 / 14.2 ≈ 8.38.,Cricket,Scoring Calculations
Which statement correctly describes the ICC Cricket World Cup?,"a method of dismissal where the wicketkeeper breaks the stumps while the batsman is out of the crease, typically off a spin delivery",between approximately 155.9 and 163 grams for a men's cricket ball,"an international One Day International cricket championship held every four years, organised by the ICC","a fielding position close behind the batsman on the off side, used to catch edges",C,"By definition, the ICC Cricket World Cup is: an international One Day International cricket championship held every four years, organised by the ICC",Cricket,Tournaments
A team scores at a run rate of 6.17 runs per over for 16 overs. Approximately how many runs have they scored?,119,99,84,109,B,Runs ≈ Run rate × Overs = 6.17 × 16 ≈ 99 runs.,Cricket,Scoring Calculations
A team needs 74 runs to win from 8.6 overs remaining. What is the required run rate (runs per over)?,7.60,8.60,6.60,9.60,B,Required run rate = Runs needed / Overs remaining = 74 / 8.6 ≈ 8.60.,Cricket,Scoring Calculations
A team needs 189 runs to win from 8.4 overs remaining. What is the required run rate (runs per over)?,23.50,23.00,24.00,22.50,D,Required run rate = Runs needed / Overs remaining = 189 / 8.4 ≈ 22.50.,Cricket,Scoring Calculations
A team needs 38 runs to win from 18.4 overs remaining. What is the required run rate (runs per over)?,0.57,2.07,4.07,3.57,B,Required run rate = Runs needed / Overs remaining = 38 / 18.4 ≈ 2.07.,Cricket,Scoring Calculations
A team scores at a run rate of 4.81 runs per over for 33 overs. Approximately how many runs have they scored?,149,159,154,169,B,Runs ≈ Run rate × Overs = 4.81 × 33 ≈ 159 runs.,Cricket,Scoring Calculations
A team needs 180 runs to win from 12.3 overs remaining. What is the required run rate (runs per over)?,12.63,15.63,14.13,14.63,D,Required run rate = Runs needed / Overs remaining = 180 / 12.3 ≈ 14.63.,Cricket,Scoring Calculations
A team scores at a run rate of 9.31 runs per over for 22 overs. Approximately how many runs have they scored?,205,220,190,210,A,Runs ≈ Run rate × Overs = 9.31 × 22 ≈ 205 runs.,Cricket,Scoring Calculations
A team scores at a run rate of 5.06 runs per over for 7 overs. Approximately how many runs have they scored?,35,40,25,50,A,Runs ≈ Run rate × Overs = 5.06 × 7 ≈ 35 runs.,Cricket,Scoring Calculations
A team scores at a run rate of 7.57 runs per over for 28 overs. Approximately how many runs have they scored?,212,192,222,202,A,Runs ≈ Run rate × Overs = 7.57 × 28 ≈ 212 runs.,Cricket,Scoring Calculations
A team scores at a run rate of 5.41 runs per over for 42 overs. Approximately how many runs have they scored?,247,232,227,212,C,Runs ≈ Run rate × Overs = 5.41 × 42 ≈ 227 runs.,Cricket,Scoring Calculations
A team needs 135 runs to win from 2.8 overs remaining. What is the required run rate (runs per over)?,46.21,48.21,49.21,50.21,B,Required run rate = Runs needed / Overs remaining = 135 / 2.8 ≈ 48.21.,Cricket,Scoring Calculations
Which statement correctly describes a century in cricket?,a short-pitched delivery aimed to rise sharply toward the batsman's upper body,"a delivery judged too wide or high for the batsman to play, resulting in an extra run",a score of 100 or more runs by a single batsman in one innings,"an illegal delivery, often due to overstepping the crease, which results in an extra run and a free hit in limited-overs cricket",C,"By definition, a century in cricket is: a score of 100 or more runs by a single batsman in one innings",Cricket,Terminology
A team scores at a run rate of 6.98 runs per over for 5 overs. Approximately how many runs have they scored?,35,30,40,15,A,Runs ≈ Run rate × Overs = 6.98 × 5 ≈ 35 runs.,Cricket,Scoring Calculations
A team scores at a run rate of 4.01 runs per over for 31 overs. Approximately how many runs have they scored?,119,109,124,144,C,Runs ≈ Run rate × Overs = 4.01 × 31 ≈ 124 runs.,Cricket,Scoring Calculations
A team scores at a run rate of 9.02 runs per over for 50 overs. Approximately how many runs have they scored?,451,461,446,466,A,Runs ≈ Run rate × Overs = 9.02 × 50 ≈ 451 runs.,Cricket,Scoring Calculations
A team needs 155 runs to win from 1.4 overs remaining. What is the required run rate (runs per over)?,109.21,108.71,110.71,110.21,C,Required run rate = Runs needed / Overs remaining = 155 / 1.4 ≈ 110.71.,Cricket,Scoring Calculations
A team scores at a run rate of 5.56 runs per over for 8 overs. Approximately how many runs have they scored?,64,39,34,44,D,Runs ≈ Run rate × Overs = 5.56 × 8 ≈ 44 runs.,Cricket,Scoring Calculations
A team scores at a run rate of 4.15 runs per over for 32 overs. Approximately how many runs have they scored?,153,133,118,148,B,Runs ≈ Run rate × Overs = 4.15 × 32 ≈ 133 runs.,Cricket,Scoring Calculations
"Which term matches this description: ""a Sri Lankan spin bowler who holds the record for most wickets in both Test and ODI cricket""?",Sachin Tendulkar,Sir Vivian Richards,Muttiah Muralitharan,Sir Don Bradman,C,The description matches Muttiah Muralitharan: a Sri Lankan spin bowler who holds the record for most wickets in both Test and ODI cricket,Cricket,Players
A team scores at a run rate of 5.45 runs per over for 9 overs. Approximately how many runs have they scored?,29,54,49,59,C,Runs ≈ Run rate × Overs = 5.45 × 9 ≈ 49 runs.,Cricket,Scoring Calculations
A team scores at a run rate of 5.79 runs per over for 20 overs. Approximately how many runs have they scored?,96,131,136,116,D,Runs ≈ Run rate × Overs = 5.79 × 20 ≈ 116 runs.,Cricket,Scoring Calculations
A team scores at a run rate of 7.64 runs per over for 11 overs. Approximately how many runs have they scored?,64,94,84,74,C,Runs ≈ Run rate × Overs = 7.64 × 11 ≈ 84 runs.,Cricket,Scoring Calculations
What is Twenty20 (T20) cricket?,the coin flip at the start of a match that decides which captain chooses to bat or bowl first,"the shortest format of international cricket, with each team batting for a maximum of 20 overs",a West Indian batsman who holds the record for the highest individual score in Test cricket (400 not out),a format of cricket in which each team bats for a maximum of 50 overs,B,"Twenty20 (T20) cricket is: the shortest format of international cricket, with each team batting for a maximum of 20 overs",Cricket,Formats
A team needs 58 runs to win from 8.8 overs remaining. What is the required run rate (runs per over)?,7.59,7.09,6.59,8.09,C,Required run rate = Runs needed / Overs remaining = 58 / 8.8 ≈ 6.59.,Cricket,Scoring Calculations
A team needs 21 runs to win from 14.6 overs remaining. What is the required run rate (runs per over)?,3.44,2.44,0.44,1.44,D,Required run rate = Runs needed / Overs remaining = 21 / 14.6 ≈ 1.44.,Cricket,Scoring Calculations
A team needs 176 runs to win from 1.3 overs remaining. What is the required run rate (runs per over)?,133.38,135.88,135.38,136.88,C,Required run rate = Runs needed / Overs remaining = 176 / 1.3 ≈ 135.38.,Cricket,Scoring Calculations
A team needs 269 runs to win from 8.8 overs remaining. What is the required run rate (runs per over)?,30.57,30.07,31.57,29.07,A,Required run rate = Runs needed / Overs remaining = 269 / 8.8 ≈ 30.57.,Cricket,Scoring Calculations
A team scores at a run rate of 5.83 runs per over for 45 overs. Approximately how many runs have they scored?,242,262,277,282,B,Runs ≈ Run rate × Overs = 5.83 × 45 ≈ 262 runs.,Cricket,Scoring Calculations
A team scores at a run rate of 4.71 runs per over for 34 overs. Approximately how many runs have they scored?,160,140,180,155,A,Runs ≈ Run rate × Overs = 4.71 × 34 ≈ 160 runs.,Cricket,Scoring Calculations
A team scores at a run rate of 9.85 runs per over for 21 overs. Approximately how many runs have they scored?,217,207,202,227,B,Runs ≈ Run rate × Overs = 9.85 × 21 ≈ 207 runs.,Cricket,Scoring Calculations
A team scores at a run rate of 8.53 runs per over for 19 overs. Approximately how many runs have they scored?,162,142,172,147,A,Runs ≈ Run rate × Overs = 8.53 × 19 ≈ 162 runs.,Cricket,Scoring Calculations
"Fill in the blank: ______ refers to ""a shot where the ball clears the boundary without touching the ground, scoring six runs"".",a duck,a googly,a yorker,a six,D,"a six refers to: a shot where the ball clears the boundary without touching the ground, scoring six runs",Cricket,Terminology
"Fill in the blank: ______ refers to ""a professional Twenty20 cricket league in India featuring franchise teams"".",the Indian Premier League (IPL),the number of players in a cricket team,the pitch length in cricket,a century partnership,A,the Indian Premier League (IPL) refers to: a professional Twenty20 cricket league in India featuring franchise teams,Cricket,Tournaments
A team scores at a run rate of 6.13 runs per over for 20 overs. Approximately how many runs have they scored?,103,133,138,123,D,Runs ≈ Run rate × Overs = 6.13 × 20 ≈ 123 runs.,Cricket,Scoring Calculations
Which team won the ICC Cricket World Cup held in 2015?,England,India,South Africa,Australia,D,Australia won the Cricket World Cup in 2015.,Cricket,World Cup History
A team needs 2 runs to win from 10.8 overs remaining. What is the required run rate (runs per over)?,-5.81,0.69,0.19,2.19,C,Required run rate = Runs needed / Overs remaining = 2 / 10.8 ≈ 0.19.,Cricket,Scoring Calculations
A team needs 44 runs to win from 14.3 overs remaining. What is the required run rate (runs per over)?,2.58,3.08,1.08,4.08,B,Required run rate = Runs needed / Overs remaining = 44 / 14.3 ≈ 3.08.,Cricket,Scoring Calculations
A team needs 66 runs to win from 19.8 overs remaining. What is the required run rate (runs per over)?,2.33,1.33,4.33,3.33,D,Required run rate = Runs needed / Overs remaining = 66 / 19.8 ≈ 3.33.,Cricket,Scoring Calculations
A team scores at a run rate of 8.64 runs per over for 37 overs. Approximately how many runs have they scored?,315,335,320,325,C,Runs ≈ Run rate × Overs = 8.64 × 37 ≈ 320 runs.,Cricket,Scoring Calculations
A team needs 142 runs to win from 6.7 overs remaining. What is the required run rate (runs per over)?,21.19,19.19,20.69,23.19,A,Required run rate = Runs needed / Overs remaining = 142 / 6.7 ≈ 21.19.,Cricket,Scoring Calculations
A team needs 50 runs to win from 9.6 overs remaining. What is the required run rate (runs per over)?,7.21,4.21,5.21,4.71,C,Required run rate = Runs needed / Overs remaining = 50 / 9.6 ≈ 5.21.,Cricket,Scoring Calculations
A team scores at a run rate of 6.28 runs per over for 20 overs. Approximately how many runs have they scored?,111,131,126,136,C,Runs ≈ Run rate × Overs = 6.28 × 20 ≈ 126 runs.,Cricket,Scoring Calculations
A team scores at a run rate of 7.01 runs per over for 24 overs. Approximately how many runs have they scored?,163,188,168,153,C,Runs ≈ Run rate × Overs = 7.01 × 24 ≈ 168 runs.,Cricket,Scoring Calculations
A team needs 42 runs to win from 18.1 overs remaining. What is the required run rate (runs per over)?,3.32,0.32,2.32,2.82,C,Required run rate = Runs needed / Overs remaining = 42 / 18.1 ≈ 2.32.,Cricket,Scoring Calculations
A team scores at a run rate of 8.92 runs per over for 31 overs. Approximately how many runs have they scored?,297,257,282,277,D,Runs ≈ Run rate × Overs = 8.92 × 31 ≈ 277 runs.,Cricket,Scoring Calculations
"Which term matches this description: ""a West Indian batsman regarded as one of the most destructive batsmen in cricket history""?",Sachin Tendulkar,MS Dhoni,Brian Lara,Sir Vivian Richards,D,The description matches Sir Vivian Richards: a West Indian batsman regarded as one of the most destructive batsmen in cricket history,Cricket,Players
Which statement correctly describes LBW (Leg Before Wicket)?,"an Australian cricketer regarded as the greatest Test batsman ever, with a Test batting average of 99.94","an international One Day International cricket championship held every four years, organised by the ICC","a fielding position between slip and point, close to the batsman",a mode of dismissal where the ball would have hit the stumps but was blocked by the batsman's leg,D,"By definition, LBW (Leg Before Wicket) is: a mode of dismissal where the ball would have hit the stumps but was blocked by the batsman's leg",Cricket,Rules
A team scores at a run rate of 4.29 runs per over for 21 overs. Approximately how many runs have they scored?,85,105,95,90,D,Runs ≈ Run rate × Overs = 4.29 × 21 ≈ 90 runs.,Cricket,Scoring Calculations
A team scores at a run rate of 4.32 runs per over for 22 overs. Approximately how many runs have they scored?,80,115,75,95,D,Runs ≈ Run rate × Overs = 4.32 × 22 ≈ 95 runs.,Cricket,Scoring Calculations
A team scores at a run rate of 4.06 runs per over for 17 overs. Approximately how many runs have they scored?,89,69,49,84,B,Runs ≈ Run rate × Overs = 4.06 × 17 ≈ 69 runs.,Cricket,Scoring Calculations
A team needs 47 runs to win from 8.4 overs remaining. What is the required run rate (runs per over)?,4.60,5.60,3.60,6.10,B,Required run rate = Runs needed / Overs remaining = 47 / 8.4 ≈ 5.60.,Cricket,Scoring Calculations
A team needs 111 runs to win from 17.6 overs remaining. What is the required run rate (runs per over)?,5.31,6.31,4.31,4.81,B,Required run rate = Runs needed / Overs remaining = 111 / 17.6 ≈ 6.31.,Cricket,Scoring Calculations
A team needs 64 runs to win from 2.7 overs remaining. What is the required run rate (runs per over)?,24.20,23.70,25.70,22.20,B,Required run rate = Runs needed / Overs remaining = 64 / 2.7 ≈ 23.70.,Cricket,Scoring Calculations
A team scores at a run rate of 4.93 runs per over for 28 overs. Approximately how many runs have they scored?,138,123,153,158,A,Runs ≈ Run rate × Overs = 4.93 × 28 ≈ 138 runs.,Cricket,Scoring Calculations
A team scores at a run rate of 4.47 runs per over for 31 overs. Approximately how many runs have they scored?,134,119,139,154,C,Runs ≈ Run rate × Overs = 4.47 × 31 ≈ 139 runs.,Cricket,Scoring Calculations
A team scores at a run rate of 8.03 runs per over for 31 overs. Approximately how many runs have they scored?,254,259,249,229,C,Runs ≈ Run rate × Overs = 8.03 × 31 ≈ 249 runs.,Cricket,Scoring Calculations
"Fill in the blank: ______ refers to ""a batting partnership between two batsmen that produces 100 or more runs together"".",a maiden over,a bouncer,a century partnership,a four,C,a century partnership refers to: a batting partnership between two batsmen that produces 100 or more runs together,Cricket,Terminology
A team needs 155 runs to win from 7.8 overs remaining. What is the required run rate (runs per over)?,21.37,19.87,19.37,18.87,B,Required run rate = Runs needed / Overs remaining = 155 / 7.8 ≈ 19.87.,Cricket,Scoring Calculations
A team needs 151 runs to win from 1.5 overs remaining. What is the required run rate (runs per over)?,100.67,100.17,101.17,102.67,A,Required run rate = Runs needed / Overs remaining = 151 / 1.5 ≈ 100.67.,Cricket,Scoring Calculations
A team needs 67 runs to win from 5.7 overs remaining. What is the required run rate (runs per over)?,11.75,11.25,13.75,10.75,A,Required run rate = Runs needed / Overs remaining = 67 / 5.7 ≈ 11.75.,Cricket,Scoring Calculations
A team scores at a run rate of 6.67 runs per over for 16 overs. Approximately how many runs have they scored?,122,107,102,92,B,Runs ≈ Run rate × Overs = 6.67 × 16 ≈ 107 runs.,Cricket,Scoring Calculations
A team needs 101 runs to win from 17.4 overs remaining. What is the required run rate (runs per over)?,7.30,5.80,3.80,6.30,B,Required run rate = Runs needed / Overs remaining = 101 / 17.4 ≈ 5.80.,Cricket,Scoring Calculations
A team needs 118 runs to win from 17.2 overs remaining. What is the required run rate (runs per over)?,6.86,5.86,7.36,4.86,A,Required run rate = Runs needed / Overs remaining = 118 / 17.2 ≈ 6.86.,Cricket,Scoring Calculations
"Which term matches this description: ""a delivery judged too wide or high for the batsman to play, resulting in an extra run""?",a wide,a follow-on,a maiden over,a hat-trick,A,"The description matches a wide: a delivery judged too wide or high for the batsman to play, resulting in an extra run",Cricket,Terminology
A team scores at a run rate of 6.25 runs per over for 35 overs. Approximately how many runs have they scored?,214,229,239,219,D,Runs ≈ Run rate × Overs = 6.25 × 35 ≈ 219 runs.,Cricket,Scoring Calculations
A team scores at a run rate of 9.16 runs per over for 41 overs. Approximately how many runs have they scored?,391,366,381,376,D,Runs ≈ Run rate × Overs = 9.16 × 41 ≈ 376 runs.,Cricket,Scoring Calculations
Which team won the ICC Cricket World Cup held in 1992?,Australia,West Indies,South Africa,Pakistan,D,Pakistan won the Cricket World Cup in 1992.,Cricket,World Cup History
A team scores at a run rate of 5.02 runs per over for 39 overs. Approximately how many runs have they scored?,216,181,196,201,C,Runs ≈ Run rate × Overs = 5.02 × 39 ≈ 196 runs.,Cricket,Scoring Calculations
A team scores at a run rate of 7.42 runs per over for 26 overs. Approximately how many runs have they scored?,173,188,213,193,D,Runs ≈ Run rate × Overs = 7.42 × 26 ≈ 193 runs.,Cricket,Scoring Calculations
A team scores at a run rate of 9.86 runs per over for 50 overs. Approximately how many runs have they scored?,498,478,473,493,D,Runs ≈ Run rate × Overs = 9.86 × 50 ≈ 493 runs.,Cricket,Scoring Calculations
Which team won the ICC Cricket World Cup held in 1983?,West Indies,Sri Lanka,India,New Zealand,C,India won the Cricket World Cup in 1983.,Cricket,World Cup History
A team needs 65 runs to win from 15.9 overs remaining. What is the required run rate (runs per over)?,4.09,4.59,5.09,3.09,A,Required run rate = Runs needed / Overs remaining = 65 / 15.9 ≈ 4.09.,Cricket,Scoring Calculations
A team needs 236 runs to win from 11.6 overs remaining. What is the required run rate (runs per over)?,21.34,18.34,20.34,22.34,C,Required run rate = Runs needed / Overs remaining = 236 / 11.6 ≈ 20.34.,Cricket,Scoring Calculations
Which statement correctly describes the gully fielding position?,"an Indian cricketer widely regarded as one of the greatest batsmen of all time, holding the record for most international centuries","a fielding position between slip and point, close to the batsman","the Indian captain who led India to victory in the 2007 T20 World Cup, 2011 World Cup, and 2013 Champions Trophy",22 yards (about 20.12 metres) between the two sets of stumps,B,"By definition, the gully fielding position is: a fielding position between slip and point, close to the batsman",Cricket,Fielding
A team needs 155 runs to win from 9.3 overs remaining. What is the required run rate (runs per over)?,16.67,15.67,17.17,17.67,A,Required run rate = Runs needed / Overs remaining = 155 / 9.3 ≈ 16.67.,Cricket,Scoring Calculations
A team needs 35 runs to win from 8.4 overs remaining. What is the required run rate (runs per over)?,4.67,5.17,5.67,4.17,D,Required run rate = Runs needed / Overs remaining = 35 / 8.4 ≈ 4.17.,Cricket,Scoring Calculations
What is the World Test Championship?,a West Indian batsman regarded as one of the most destructive batsmen in cricket history,"the longest format of cricket, played over five days between two teams with two innings each",an ICC competition determining the best Test cricket team over a two-year cycle,"a fielding position close behind the batsman on the off side, used to catch edges",C,the World Test Championship is: an ICC competition determining the best Test cricket team over a two-year cycle,Cricket,Tournaments
A team needs 79 runs to win from 16.6 overs remaining. What is the required run rate (runs per over)?,6.26,2.76,4.76,6.76,C,Required run rate = Runs needed / Overs remaining = 79 / 16.6 ≈ 4.76.,Cricket,Scoring Calculations
A team needs 51 runs to win from 19.3 overs remaining. What is the required run rate (runs per over)?,0.64,3.64,1.14,2.64,D,Required run rate = Runs needed / Overs remaining = 51 / 19.3 ≈ 2.64.,Cricket,Scoring Calculations
A team scores at a run rate of 9.94 runs per over for 48 overs. Approximately how many runs have they scored?,477,472,492,467,A,Runs ≈ Run rate × Overs = 9.94 × 48 ≈ 477 runs.,Cricket,Scoring Calculations
A team scores at a run rate of 6.37 runs per over for 29 overs. Approximately how many runs have they scored?,185,165,195,200,A,Runs ≈ Run rate × Overs = 6.37 × 29 ≈ 185 runs.,Cricket,Scoring Calculations
A team needs 224 runs to win from 12.2 overs remaining. What is the required run rate (runs per over)?,19.36,18.36,20.36,17.86,B,Required run rate = Runs needed / Overs remaining = 224 / 12.2 ≈ 18.36.,Cricket,Scoring Calculations
A team scores at a run rate of 6.43 runs per over for 29 overs. Approximately how many runs have they scored?,196,186,191,176,B,Runs ≈ Run rate × Overs = 6.43 × 29 ≈ 186 runs.,Cricket,Scoring Calculations
A team needs 115 runs to win from 6.8 overs remaining. What is the required run rate (runs per over)?,17.91,16.91,15.41,17.41,B,Required run rate = Runs needed / Overs remaining = 115 / 6.8 ≈ 16.91.,Cricket,Scoring Calculations
A team needs 144 runs to win from 16.7 overs remaining. What is the required run rate (runs per over)?,6.62,7.62,8.62,10.62,C,Required run rate = Runs needed / Overs remaining = 144 / 16.7 ≈ 8.62.,Cricket,Scoring Calculations
A team needs 125 runs to win from 18.4 overs remaining. What is the required run rate (runs per over)?,5.79,7.79,6.29,6.79,D,Required run rate = Runs needed / Overs remaining = 125 / 18.4 ≈ 6.79.,Cricket,Scoring Calculations
A team needs 203 runs to win from 5.0 overs remaining. What is the required run rate (runs per over)?,39.10,42.60,38.60,40.60,D,Required run rate = Runs needed / Overs remaining = 203 / 5.0 ≈ 40.60.,Cricket,Scoring Calculations
A team needs 178 runs to win from 17.7 overs remaining. What is the required run rate (runs per over)?,9.06,12.06,10.56,10.06,D,Required run rate = Runs needed / Overs remaining = 178 / 17.7 ≈ 10.06.,Cricket,Scoring Calculations
A team scores at a run rate of 7.39 runs per over for 37 overs. Approximately how many runs have they scored?,293,288,268,273,D,Runs ≈ Run rate × Overs = 7.39 × 37 ≈ 273 runs.,Cricket,Scoring Calculations
A team scores at a run rate of 5.68 runs per over for 11 overs. Approximately how many runs have they scored?,67,77,62,47,C,Runs ≈ Run rate × Overs = 5.68 × 11 ≈ 62 runs.,Cricket,Scoring Calculations
A team needs 59 runs to win from 3.3 overs remaining. What is the required run rate (runs per over)?,19.88,17.38,17.88,19.38,C,Required run rate = Runs needed / Overs remaining = 59 / 3.3 ≈ 17.88.,Cricket,Scoring Calculations
A team needs 126 runs to win from 5.9 overs remaining. What is the required run rate (runs per over)?,20.86,19.86,21.86,21.36,D,Required run rate = Runs needed / Overs remaining = 126 / 5.9 ≈ 21.36.,Cricket,Scoring Calculations
A team needs 106 runs to win from 18.0 overs remaining. What is the required run rate (runs per over)?,5.39,5.89,4.89,7.89,B,Required run rate = Runs needed / Overs remaining = 106 / 18.0 ≈ 5.89.,Cricket,Scoring Calculations
A team scores at a run rate of 7.94 runs per over for 39 overs. Approximately how many runs have they scored?,310,300,315,305,A,Runs ≈ Run rate × Overs = 7.94 × 39 ≈ 310 runs.,Cricket,Scoring Calculations
The 1983 Cricket World Cup title was lifted by which team?,West Indies,Sri Lanka,India,Australia,C,India won the Cricket World Cup in 1983.,Cricket,World Cup History
A team scores at a run rate of 4.94 runs per over for 50 overs. Approximately how many runs have they scored?,252,247,237,242,B,Runs ≈ Run rate × Overs = 4.94 × 50 ≈ 247 runs.,Cricket,Scoring Calculations
A team scores at a run rate of 5.89 runs per over for 21 overs. Approximately how many runs have they scored?,124,144,134,114,A,Runs ≈ Run rate × Overs = 5.89 × 21 ≈ 124 runs.,Cricket,Scoring Calculations
The 2019 Cricket World Cup title was lifted by which team?,Pakistan,West Indies,South Africa,England,D,England won the Cricket World Cup in 2019.,Cricket,World Cup History
Which statement correctly describes the powerplay?,the outer edge of the cricket field; hitting the ball over it scores four or six runs,a West Indian batsman who holds the record for the highest individual score in Test cricket (400 not out),"a phase of limited-overs cricket with fielding restrictions, typically at the start of an innings","a dismissal on the very first ball a batsman faces, for zero runs",C,"By definition, the powerplay is: a phase of limited-overs cricket with fielding restrictions, typically at the start of an innings",Cricket,Rules
A team scores at a run rate of 8.39 runs per over for 19 overs. Approximately how many runs have they scored?,159,179,164,144,A,Runs ≈ Run rate × Overs = 8.39 × 19 ≈ 159 runs.,Cricket,Scoring Calculations
A team scores at a run rate of 5.73 runs per over for 28 overs. Approximately how many runs have they scored?,175,150,160,155,C,Runs ≈ Run rate × Overs = 5.73 × 28 ≈ 160 runs.,Cricket,Scoring Calculations
A team needs 182 runs to win from 5.9 overs remaining. What is the required run rate (runs per over)?,28.85,29.35,30.85,30.35,C,Required run rate = Runs needed / Overs remaining = 182 / 5.9 ≈ 30.85.,Cricket,Scoring Calculations
A team scores at a run rate of 7.85 runs per over for 32 overs. Approximately how many runs have they scored?,266,256,251,261,C,Runs ≈ Run rate × Overs = 7.85 × 32 ≈ 251 runs.,Cricket,Scoring Calculations
"Fill in the blank: ______ refers to ""an Indian cricketer widely regarded as one of the greatest batsmen of all time, holding the record for most international centuries"".",Sachin Tendulkar,Muttiah Muralitharan,MS Dhoni,Brian Lara,A,"Sachin Tendulkar refers to: an Indian cricketer widely regarded as one of the greatest batsmen of all time, holding the record for most international centuries",Cricket,Players
"Which term matches this description: ""the Indian captain who led India to victory in the 2007 T20 World Cup, 2011 World Cup, and 2013 Champions Trophy""?",MS Dhoni,Shane Warne,Brian Lara,Sachin Tendulkar,A,"The description matches MS Dhoni: the Indian captain who led India to victory in the 2007 T20 World Cup, 2011 World Cup, and 2013 Champions Trophy",Cricket,Players
A team needs 30 runs to win from 1.8 overs remaining. What is the required run rate (runs per over)?,18.67,14.67,16.67,18.17,C,Required run rate = Runs needed / Overs remaining = 30 / 1.8 ≈ 16.67.,Cricket,Scoring Calculations
A team scores at a run rate of 8.92 runs per over for 24 overs. Approximately how many runs have they scored?,204,209,234,214,D,Runs ≈ Run rate × Overs = 8.92 × 24 ≈ 214 runs.,Cricket,Scoring Calculations
A team scores at a run rate of 5.89 runs per over for 49 overs. Approximately how many runs have they scored?,274,279,289,304,C,Runs ≈ Run rate × Overs = 5.89 × 49 ≈ 289 runs.,Cricket,Scoring Calculations
A team scores at a run rate of 6.25 runs per over for 32 overs. Approximately how many runs have they scored?,195,200,215,210,B,Runs ≈ Run rate × Overs = 6.25 × 32 ≈ 200 runs.,Cricket,Scoring Calculations
A team needs 225 runs to win from 1.4 overs remaining. What is the required run rate (runs per over)?,162.21,160.21,160.71,159.71,C,Required run rate = Runs needed / Overs remaining = 225 / 1.4 ≈ 160.71.,Cricket,Scoring Calculations
A team scores at a run rate of 7.81 runs per over for 40 overs. Approximately how many runs have they scored?,292,312,322,307,B,Runs ≈ Run rate × Overs = 7.81 × 40 ≈ 312 runs.,Cricket,Scoring Calculations
A team needs 63 runs to win from 12.3 overs remaining. What is the required run rate (runs per over)?,3.62,3.12,4.62,5.12,D,Required run rate = Runs needed / Overs remaining = 63 / 12.3 ≈ 5.12.,Cricket,Scoring Calculations
A team scores at a run rate of 5.63 runs per over for 42 overs. Approximately how many runs have they scored?,236,216,256,241,A,Runs ≈ Run rate × Overs = 5.63 × 42 ≈ 236 runs.,Cricket,Scoring Calculations
A team scores at a run rate of 9.84 runs per over for 8 overs. Approximately how many runs have they scored?,79,99,69,84,A,Runs ≈ Run rate × Overs = 9.84 × 8 ≈ 79 runs.,Cricket,Scoring Calculations
A team scores at a run rate of 6.8 runs per over for 25 overs. Approximately how many runs have they scored?,185,180,160,170,D,Runs ≈ Run rate × Overs = 6.8 × 25 ≈ 170 runs.,Cricket,Scoring Calculations
A team needs 133 runs to win from 2.7 overs remaining. What is the required run rate (runs per over)?,49.26,47.76,47.26,51.26,A,Required run rate = Runs needed / Overs remaining = 133 / 2.7 ≈ 49.26.,Cricket,Scoring Calculations
A team scores at a run rate of 8.24 runs per over for 35 overs. Approximately how many runs have they scored?,283,288,278,268,B,Runs ≈ Run rate × Overs = 8.24 × 35 ≈ 288 runs.,Cricket,Scoring Calculations
Which statement correctly describes Kapil Dev?,"an Indian cricketer widely regarded as one of the greatest batsmen of all time, holding the record for most international centuries",the Indian captain who led India to victory in the 1983 Cricket World Cup,"the Indian captain who led India to victory in the 2007 T20 World Cup, 2011 World Cup, and 2013 Champions Trophy",a Sri Lankan spin bowler who holds the record for most wickets in both Test and ODI cricket,B,"By definition, Kapil Dev is: the Indian captain who led India to victory in the 1983 Cricket World Cup",Cricket,Players
A team scores at a run rate of 4.15 runs per over for 8 overs. Approximately how many runs have they scored?,23,48,38,33,D,Runs ≈ Run rate × Overs = 4.15 × 8 ≈ 33 runs.,Cricket,Scoring Calculations
A team scores at a run rate of 4.77 runs per over for 23 overs. Approximately how many runs have they scored?,110,90,105,120,A,Runs ≈ Run rate × Overs = 4.77 × 23 ≈ 110 runs.,Cricket,Scoring Calculations
A team scores at a run rate of 9.26 runs per over for 25 overs. Approximately how many runs have they scored?,232,242,222,212,A,Runs ≈ Run rate × Overs = 9.26 × 25 ≈ 232 runs.,Cricket,Scoring Calculations
Which statement correctly describes the boundary?,when the team batting second is forced to bat again immediately after being significantly behind in a Test match,a bowler who deceives batsmen by disguising the direction of spin,the outer edge of the cricket field; hitting the ball over it scores four or six runs,a batting partnership between two batsmen that produces 100 or more runs together,C,"By definition, the boundary is: the outer edge of the cricket field; hitting the ball over it scores four or six runs",Cricket,Terminology
A team needs 227 runs to win from 12.7 overs remaining. What is the required run rate (runs per over)?,16.87,17.87,18.37,19.37,B,Required run rate = Runs needed / Overs remaining = 227 / 12.7 ≈ 17.87.,Cricket,Scoring Calculations
"Which term matches this description: ""a fielding position close behind the batsman on the off side, used to catch edges""?",a wide,the gully fielding position,MS Dhoni,the slip fielding position,D,"The description matches the slip fielding position: a fielding position close behind the batsman on the off side, used to catch edges",Cricket,Fielding
"Fill in the blank: ______ refers to ""a phase of limited-overs cricket with fielding restrictions, typically at the start of an innings"".",a six,a golden duck,Sachin Tendulkar,the powerplay,D,"the powerplay refers to: a phase of limited-overs cricket with fielding restrictions, typically at the start of an innings",Cricket,Rules
A team scores at a run rate of 9.1 runs per over for 47 overs. Approximately how many runs have they scored?,433,428,418,448,B,Runs ≈ Run rate × Overs = 9.1 × 47 ≈ 428 runs.,Cricket,Scoring Calculations
What is the Duckworth-Lewis-Stern (DLS) method?,the outer edge of the cricket field; hitting the ball over it scores four or six runs,a deceptive delivery bowled by a leg-spinner that turns the opposite way to a normal leg break,a score of 100 or more runs by a single batsman in one innings,a mathematical formula used to calculate target scores in rain-affected limited-overs matches,D,the Duckworth-Lewis-Stern (DLS) method is: a mathematical formula used to calculate target scores in rain-affected limited-overs matches,Cricket,Terminology
Which statement correctly describes a yorker?,a deceptive delivery bowled by a leg-spinner that turns the opposite way to a normal leg break,"a shot where the ball reaches or crosses the boundary after touching the ground, scoring four runs","a delivery bowled to land at the batsman's feet, near the base of the stumps",a batsman's dismissal for a score of zero runs,C,"By definition, a yorker is: a delivery bowled to land at the batsman's feet, near the base of the stumps",Cricket,Terminology
A team scores at a run rate of 9.79 runs per over for 45 overs. Approximately how many runs have they scored?,426,431,451,441,D,Runs ≈ Run rate × Overs = 9.79 × 45 ≈ 441 runs.,Cricket,Scoring Calculations
A team scores at a run rate of 4.43 runs per over for 8 overs. Approximately how many runs have they scored?,35,30,40,55,A,Runs ≈ Run rate × Overs = 4.43 × 8 ≈ 35 runs.,Cricket,Scoring Calculations
A team needs 167 runs to win from 15.5 overs remaining. What is the required run rate (runs per over)?,9.77,12.27,10.27,10.77,D,Required run rate = Runs needed / Overs remaining = 167 / 15.5 ≈ 10.77.,Cricket,Scoring Calculations
A team scores at a run rate of 9.94 runs per over for 27 overs. Approximately how many runs have they scored?,268,273,253,288,A,Runs ≈ Run rate × Overs = 9.94 × 27 ≈ 268 runs.,Cricket,Scoring Calculations
What is the Man of the Match award?,a method of dismissal where a fielder breaks the stumps with the ball while a batsman is out of their crease,a mode of dismissal where the ball would have hit the stumps but was blocked by the batsman's leg,a Test cricket series played between England and Australia,an award given to the outstanding player of an individual cricket match,D,the Man of the Match award is: an award given to the outstanding player of an individual cricket match,Cricket,Awards
A team needs 192 runs to win from 18.0 overs remaining. What is the required run rate (runs per over)?,10.67,11.67,9.17,12.17,A,Required run rate = Runs needed / Overs remaining = 192 / 18.0 ≈ 10.67.,Cricket,Scoring Calculations
The 1992 Cricket World Cup title was lifted by which team?,England,South Africa,India,Pakistan,D,Pakistan won the Cricket World Cup in 1992.,Cricket,World Cup History
A team scores at a run rate of 7.57 runs per over for 21 overs. Approximately how many runs have they scored?,154,159,144,179,B,Runs ≈ Run rate × Overs = 7.57 × 21 ≈ 159 runs.,Cricket,Scoring Calculations
A team scores at a run rate of 5.84 runs per over for 48 overs. Approximately how many runs have they scored?,285,270,280,290,C,Runs ≈ Run rate × Overs = 5.84 × 48 ≈ 280 runs.,Cricket,Scoring Calculations
A team needs 183 runs to win from 1.7 overs remaining. What is the required run rate (runs per over)?,109.15,105.65,107.65,108.15,C,Required run rate = Runs needed / Overs remaining = 183 / 1.7 ≈ 107.65.,Cricket,Scoring Calculations
A team scores at a run rate of 9.35 runs per over for 8 overs. Approximately how many runs have they scored?,65,70,60,75,D,Runs ≈ Run rate × Overs = 9.35 × 8 ≈ 75 runs.,Cricket,Scoring Calculations
A team scores at a run rate of 4.55 runs per over for 37 overs. Approximately how many runs have they scored?,163,178,168,188,C,Runs ≈ Run rate × Overs = 4.55 × 37 ≈ 168 runs.,Cricket,Scoring Calculations
A team scores at a run rate of 4.86 runs per over for 16 overs. Approximately how many runs have they scored?,78,73,93,58,A,Runs ≈ Run rate × Overs = 4.86 × 16 ≈ 78 runs.,Cricket,Scoring Calculations
A team scores at a run rate of 4.8 runs per over for 26 overs. Approximately how many runs have they scored?,120,130,125,115,C,Runs ≈ Run rate × Overs = 4.8 × 26 ≈ 125 runs.,Cricket,Scoring Calculations
A team scores at a run rate of 5.24 runs per over for 28 overs. Approximately how many runs have they scored?,132,162,127,147,D,Runs ≈ Run rate × Overs = 5.24 × 28 ≈ 147 runs.,Cricket,Scoring Calculations
"Fill in the blank: ______ refers to ""a short-pitched delivery aimed to rise sharply toward the batsman's upper body"".",a googly,a no-ball,a bouncer,a yorker,C,a bouncer refers to: a short-pitched delivery aimed to rise sharply toward the batsman's upper body,Cricket,Terminology
A team needs 6 runs to win from 9.9 overs remaining. What is the required run rate (runs per over)?,0.61,0.11,1.11,2.61,A,Required run rate = Runs needed / Overs remaining = 6 / 9.9 ≈ 0.61.,Cricket,Scoring Calculations
A team scores at a run rate of 7.66 runs per over for 41 overs. Approximately how many runs have they scored?,324,304,319,314,D,Runs ≈ Run rate × Overs = 7.66 × 41 ≈ 314 runs.,Cricket,Scoring Calculations
What is a century partnership?,a deceptive delivery bowled by a leg-spinner that turns the opposite way to a normal leg break,a batting partnership between two batsmen that produces 100 or more runs together,when the team batting second is forced to bat again immediately after being significantly behind in a Test match,"an illegal delivery, often due to overstepping the crease, which results in an extra run and a free hit in limited-overs cricket",B,a century partnership is: a batting partnership between two batsmen that produces 100 or more runs together,Cricket,Terminology
A team needs 120 runs to win from 5.4 overs remaining. What is the required run rate (runs per over)?,23.72,22.22,21.72,23.22,B,Required run rate = Runs needed / Overs remaining = 120 / 5.4 ≈ 22.22.,Cricket,Scoring Calculations
A team needs 58 runs to win from 18.1 overs remaining. What is the required run rate (runs per over)?,3.20,1.20,1.70,2.70,A,Required run rate = Runs needed / Overs remaining = 58 / 18.1 ≈ 3.20.,Cricket,Scoring Calculations
A team needs 152 runs to win from 11.3 overs remaining. What is the required run rate (runs per over)?,15.45,13.45,14.45,11.95,B,Required run rate = Runs needed / Overs remaining = 152 / 11.3 ≈ 13.45.,Cricket,Scoring Calculations
A team needs 257 runs to win from 3.6 overs remaining. What is the required run rate (runs per over)?,72.39,72.89,70.89,71.39,D,Required run rate = Runs needed / Overs remaining = 257 / 3.6 ≈ 71.39.,Cricket,Scoring Calculations
A team scores at a run rate of 8.88 runs per over for 9 overs. Approximately how many runs have they scored?,70,90,65,80,D,Runs ≈ Run rate × Overs = 8.88 × 9 ≈ 80 runs.,Cricket,Scoring Calculations
What is a googly?,a deceptive delivery bowled by a leg-spinner that turns the opposite way to a normal leg break,"a delivery judged too wide or high for the batsman to play, resulting in an extra run","a shot where the ball reaches or crosses the boundary after touching the ground, scoring four runs",when the team batting second is forced to bat again immediately after being significantly behind in a Test match,A,a googly is: a deceptive delivery bowled by a leg-spinner that turns the opposite way to a normal leg break,Cricket,Terminology
A team needs 122 runs to win from 18.7 overs remaining. What is the required run rate (runs per over)?,4.52,6.52,7.02,8.52,B,Required run rate = Runs needed / Overs remaining = 122 / 18.7 ≈ 6.52.,Cricket,Scoring Calculations
A team needs 79 runs to win from 7.0 overs remaining. What is the required run rate (runs per over)?,11.79,10.29,9.29,11.29,D,Required run rate = Runs needed / Overs remaining = 79 / 7.0 ≈ 11.29.,Cricket,Scoring Calculations
A team scores at a run rate of 6.47 runs per over for 30 overs. Approximately how many runs have they scored?,204,214,194,184,C,Runs ≈ Run rate × Overs = 6.47 × 30 ≈ 194 runs.,Cricket,Scoring Calculations
A team scores at a run rate of 5.61 runs per over for 23 overs. Approximately how many runs have they scored?,149,129,124,134,B,Runs ≈ Run rate × Overs = 5.61 × 23 ≈ 129 runs.,Cricket,Scoring Calculations
A team needs 144 runs to win from 1.8 overs remaining. What is the required run rate (runs per over)?,80.00,81.00,82.00,80.50,A,Required run rate = Runs needed / Overs remaining = 144 / 1.8 ≈ 80.00.,Cricket,Scoring Calculations
A team needs 86 runs to win from 12.9 overs remaining. What is the required run rate (runs per over)?,6.67,5.17,4.67,8.17,A,Required run rate = Runs needed / Overs remaining = 86 / 12.9 ≈ 6.67.,Cricket,Scoring Calculations
A team needs 159 runs to win from 14.1 overs remaining. What is the required run rate (runs per over)?,10.28,11.28,12.28,13.28,B,Required run rate = Runs needed / Overs remaining = 159 / 14.1 ≈ 11.28.,Cricket,Scoring Calculations
A team needs 145 runs to win from 11.8 overs remaining. What is the required run rate (runs per over)?,13.29,12.79,10.29,12.29,D,Required run rate = Runs needed / Overs remaining = 145 / 11.8 ≈ 12.29.,Cricket,Scoring Calculations
What is the ICC Cricket World Cup?,"an international One Day International cricket championship held every four years, organised by the ICC",an over in which no runs are scored off the bat,a mode of dismissal where the ball would have hit the stumps but was blocked by the batsman's leg,"a fielding position close behind the batsman on the off side, used to catch edges",A,"the ICC Cricket World Cup is: an international One Day International cricket championship held every four years, organised by the ICC",Cricket,Tournaments
A team needs 98 runs to win from 1.3 overs remaining. What is the required run rate (runs per over)?,75.38,73.38,77.38,76.88,A,Required run rate = Runs needed / Overs remaining = 98 / 1.3 ≈ 75.38.,Cricket,Scoring Calculations
A team scores at a run rate of 8.58 runs per over for 8 overs. Approximately how many runs have they scored?,49,69,64,54,B,Runs ≈ Run rate × Overs = 8.58 × 8 ≈ 69 runs.,Cricket,Scoring Calculations
A team scores at a run rate of 9.01 runs per over for 22 overs. Approximately how many runs have they scored?,198,218,193,213,A,Runs ≈ Run rate × Overs = 9.01 × 22 ≈ 198 runs.,Cricket,Scoring Calculations
"Fill in the blank: ______ refers to ""a delivery bowled to land at the batsman's feet, near the base of the stumps"".",a bouncer,a googly,a century in cricket,a yorker,D,"a yorker refers to: a delivery bowled to land at the batsman's feet, near the base of the stumps",Cricket,Terminology
A team scores at a run rate of 8.4 runs per over for 42 overs. Approximately how many runs have they scored?,348,363,353,358,C,Runs ≈ Run rate × Overs = 8.4 × 42 ≈ 353 runs.,Cricket,Scoring Calculations
A team scores at a run rate of 6.79 runs per over for 17 overs. Approximately how many runs have they scored?,130,105,95,115,D,Runs ≈ Run rate × Overs = 6.79 × 17 ≈ 115 runs.,Cricket,Scoring Calculations
A team needs 186 runs to win from 19.9 overs remaining. What is the required run rate (runs per over)?,8.85,9.35,8.35,11.35,B,Required run rate = Runs needed / Overs remaining = 186 / 19.9 ≈ 9.35.,Cricket,Scoring Calculations
"Which term matches this description: ""a delivery bowled to land at the batsman's feet, near the base of the stumps""?",a hat-trick,a wide,a yorker,a century in cricket,C,"The description matches a yorker: a delivery bowled to land at the batsman's feet, near the base of the stumps",Cricket,Terminology
A team needs 138 runs to win from 5.2 overs remaining. What is the required run rate (runs per over)?,25.04,26.54,28.54,27.54,B,Required run rate = Runs needed / Overs remaining = 138 / 5.2 ≈ 26.54.,Cricket,Scoring Calculations
A team scores at a run rate of 4.15 runs per over for 45 overs. Approximately how many runs have they scored?,177,167,197,187,D,Runs ≈ Run rate × Overs = 4.15 × 45 ≈ 187 runs.,Cricket,Scoring Calculations
A team needs 201 runs to win from 13.5 overs remaining. What is the required run rate (runs per over)?,12.89,14.39,14.89,16.39,C,Required run rate = Runs needed / Overs remaining = 201 / 13.5 ≈ 14.89.,Cricket,Scoring Calculations
A team scores at a run rate of 7.67 runs per over for 16 overs. Approximately how many runs have they scored?,103,113,133,123,D,Runs ≈ Run rate × Overs = 7.67 × 16 ≈ 123 runs.,Cricket,Scoring Calculations
"Fill in the blank: ______ refers to ""a West Indian batsman regarded as one of the most destructive batsmen in cricket history"".",Virat Kohli,Sachin Tendulkar,Muttiah Muralitharan,Sir Vivian Richards,D,Sir Vivian Richards refers to: a West Indian batsman regarded as one of the most destructive batsmen in cricket history,Cricket,Players
A team needs 49 runs to win from 19.3 overs remaining. What is the required run rate (runs per over)?,3.04,2.54,1.54,0.54,B,Required run rate = Runs needed / Overs remaining = 49 / 19.3 ≈ 2.54.,Cricket,Scoring Calculations
A team needs 4 runs to win from 8.6 overs remaining. What is the required run rate (runs per over)?,1.97,2.47,0.47,1.47,C,Required run rate = Runs needed / Overs remaining = 4 / 8.6 ≈ 0.47.,Cricket,Scoring Calculations
A team scores at a run rate of 9.25 runs per over for 39 overs. Approximately how many runs have they scored?,356,351,381,361,D,Runs ≈ Run rate × Overs = 9.25 × 39 ≈ 361 runs.,Cricket,Scoring Calculations
A team needs 19 runs to win from 3.1 overs remaining. What is the required run rate (runs per over)?,5.63,6.13,8.13,6.63,B,Required run rate = Runs needed / Overs remaining = 19 / 3.1 ≈ 6.13.,Cricket,Scoring Calculations
A team needs 138 runs to win from 11.9 overs remaining. What is the required run rate (runs per over)?,11.60,13.10,12.60,10.10,A,Required run rate = Runs needed / Overs remaining = 138 / 11.9 ≈ 11.60.,Cricket,Scoring Calculations
A team scores at a run rate of 9.79 runs per over for 35 overs. Approximately how many runs have they scored?,338,363,343,333,C,Runs ≈ Run rate × Overs = 9.79 × 35 ≈ 343 runs.,Cricket,Scoring Calculations
A team scores at a run rate of 4.08 runs per over for 11 overs. Approximately how many runs have they scored?,25,60,45,50,C,Runs ≈ Run rate × Overs = 4.08 × 11 ≈ 45 runs.,Cricket,Scoring Calculations
A team needs 23 runs to win from 2.9 overs remaining. What is the required run rate (runs per over)?,7.93,6.93,9.93,8.93,A,Required run rate = Runs needed / Overs remaining = 23 / 2.9 ≈ 7.93.,Cricket,Scoring Calculations
A team needs 210 runs to win from 15.5 overs remaining. What is the required run rate (runs per over)?,12.05,12.55,11.55,13.55,D,Required run rate = Runs needed / Overs remaining = 210 / 15.5 ≈ 13.55.,Cricket,Scoring Calculations
"Fill in the blank: ______ refers to ""a West Indian batsman who holds the record for the highest individual score in Test cricket (400 not out)"".",Sir Vivian Richards,Kapil Dev,Sachin Tendulkar,Brian Lara,D,Brian Lara refers to: a West Indian batsman who holds the record for the highest individual score in Test cricket (400 not out),Cricket,Players
A team needs 108 runs to win from 1.5 overs remaining. What is the required run rate (runs per over)?,74.00,72.00,73.50,71.00,B,Required run rate = Runs needed / Overs remaining = 108 / 1.5 ≈ 72.00.,Cricket,Scoring Calculations
A team needs 113 runs to win from 13.1 overs remaining. What is the required run rate (runs per over)?,6.63,10.13,10.63,8.63,D,Required run rate = Runs needed / Overs remaining = 113 / 13.1 ≈ 8.63.,Cricket,Scoring Calculations
Which statement correctly describes a wide?,"a shot where the ball reaches or crosses the boundary after touching the ground, scoring four runs","an illegal delivery, often due to overstepping the crease, which results in an extra run and a free hit in limited-overs cricket","a delivery judged too wide or high for the batsman to play, resulting in an extra run",an over in which no runs are scored off the bat,C,"By definition, a wide is: a delivery judged too wide or high for the batsman to play, resulting in an extra run",Cricket,Terminology
A team scores at a run rate of 5.42 runs per over for 9 overs. Approximately how many runs have they scored?,44,69,49,34,C,Runs ≈ Run rate × Overs = 5.42 × 9 ≈ 49 runs.,Cricket,Scoring Calculations
A team needs 74 runs to win from 14.8 overs remaining. What is the required run rate (runs per over)?,3.00,7.00,6.50,5.00,D,Required run rate = Runs needed / Overs remaining = 74 / 14.8 ≈ 5.00.,Cricket,Scoring Calculations
A team needs 63 runs to win from 17.4 overs remaining. What is the required run rate (runs per over)?,3.62,1.62,2.62,5.62,A,Required run rate = Runs needed / Overs remaining = 63 / 17.4 ≈ 3.62.,Cricket,Scoring Calculations
The 2011 Cricket World Cup title was lifted by which team?,West Indies,New Zealand,Sri Lanka,India,D,India won the Cricket World Cup in 2011.,Cricket,World Cup History
What is a century in cricket?,three wickets taken by a bowler on three consecutive deliveries,an over in which no runs are scored off the bat,a score of 100 or more runs by a single batsman in one innings,"a delivery bowled to land at the batsman's feet, near the base of the stumps",C,a century in cricket is: a score of 100 or more runs by a single batsman in one innings,Cricket,Terminology
A team needs 174 runs to win from 9.4 overs remaining. What is the required run rate (runs per over)?,20.01,20.51,19.01,18.51,D,Required run rate = Runs needed / Overs remaining = 174 / 9.4 ≈ 18.51.,Cricket,Scoring Calculations
"Fill in the blank: ______ refers to ""an international One Day International cricket championship held every four years, organised by the ICC"".",the Indian Premier League (IPL),the ICC Cricket World Cup,a googly bowler,the toss,B,"the ICC Cricket World Cup refers to: an international One Day International cricket championship held every four years, organised by the ICC",Cricket,Tournaments
A team needs 19 runs to win from 8.0 overs remaining. What is the required run rate (runs per over)?,2.38,4.38,3.88,2.88,A,Required run rate = Runs needed / Overs remaining = 19 / 8.0 ≈ 2.38.,Cricket,Scoring Calculations
"Which term matches this description: ""a phase of limited-overs cricket with fielding restrictions, typically at the start of an innings""?",the Man of the Match award,a follow-on,a no-ball,the powerplay,D,"The description matches the powerplay: a phase of limited-overs cricket with fielding restrictions, typically at the start of an innings",Cricket,Rules
A team needs 15 runs to win from 12.4 overs remaining. What is the required run rate (runs per over)?,0.71,2.21,3.21,1.21,D,Required run rate = Runs needed / Overs remaining = 15 / 12.4 ≈ 1.21.,Cricket,Scoring Calculations
Which statement correctly describes the number of players in a cricket team?,"an international One Day International cricket championship held every four years, organised by the ICC",eleven players per side on the field at a time,"an Indian cricketer widely regarded as one of the greatest batsmen of all time, holding the record for most international centuries","a fielding position on the off side, between point and mid-off",B,"By definition, the number of players in a cricket team is: eleven players per side on the field at a time",Cricket,Rules
Which statement correctly describes the World Test Championship?,"a shot where the ball reaches or crosses the boundary after touching the ground, scoring four runs",an ICC competition determining the best Test cricket team over a two-year cycle,between approximately 155.9 and 163 grams for a men's cricket ball,"a phase of limited-overs cricket with fielding restrictions, typically at the start of an innings",B,"By definition, the World Test Championship is: an ICC competition determining the best Test cricket team over a two-year cycle",Cricket,Tournaments
A team scores at a run rate of 6.83 runs per over for 8 overs. Approximately how many runs have they scored?,60,55,35,45,B,Runs ≈ Run rate × Overs = 6.83 × 8 ≈ 55 runs.,Cricket,Scoring Calculations
A team needs 125 runs to win from 6.4 overs remaining. What is the required run rate (runs per over)?,18.53,19.53,17.53,19.03,B,Required run rate = Runs needed / Overs remaining = 125 / 6.4 ≈ 19.53.,Cricket,Scoring Calculations
What is a six?,"a shot where the ball clears the boundary without touching the ground, scoring six runs",a bowler who deceives batsmen by disguising the direction of spin,"an illegal delivery, often due to overstepping the crease, which results in an extra run and a free hit in limited-overs cricket",an over in which no runs are scored off the bat,A,"a six is: a shot where the ball clears the boundary without touching the ground, scoring six runs",Cricket,Terminology
"Which term matches this description: ""a method of dismissal where a fielder breaks the stumps with the ball while a batsman is out of their crease""?",a hat-trick,a run-out,a bouncer,One Day International (ODI) cricket,B,The description matches a run-out: a method of dismissal where a fielder breaks the stumps with the ball while a batsman is out of their crease,Cricket,Rules
A team scores at a run rate of 4.14 runs per over for 15 overs. Approximately how many runs have they scored?,62,57,67,77,A,Runs ≈ Run rate × Overs = 4.14 × 15 ≈ 62 runs.,Cricket,Scoring Calculations
A team scores at a run rate of 4.67 runs per over for 25 overs. Approximately how many runs have they scored?,112,102,117,107,C,Runs ≈ Run rate × Overs = 4.67 × 25 ≈ 117 runs.,Cricket,Scoring Calculations
A team scores at a run rate of 8.36 runs per over for 28 overs. Approximately how many runs have they scored?,229,234,214,254,B,Runs ≈ Run rate × Overs = 8.36 × 28 ≈ 234 runs.,Cricket,Scoring Calculations
A team needs 72 runs to win from 19.0 overs remaining. What is the required run rate (runs per over)?,4.79,5.29,3.79,1.79,C,Required run rate = Runs needed / Overs remaining = 72 / 19.0 ≈ 3.79.,Cricket,Scoring Calculations
A team needs 29 runs to win from 18.9 overs remaining. What is the required run rate (runs per over)?,3.03,0.03,0.53,1.53,D,Required run rate = Runs needed / Overs remaining = 29 / 18.9 ≈ 1.53.,Cricket,Scoring Calculations
A team scores at a run rate of 9.88 runs per over for 48 overs. Approximately how many runs have they scored?,494,474,489,454,B,Runs ≈ Run rate × Overs = 9.88 × 48 ≈ 474 runs.,Cricket,Scoring Calculations
"Which term matches this description: ""three wickets taken by a bowler on three consecutive deliveries""?",a bouncer,a hat-trick,a no-ball,a duck,B,The description matches a hat-trick: three wickets taken by a bowler on three consecutive deliveries,Cricket,Terminology
"Which term matches this description: ""an Indian cricketer known for his aggressive batting and record chase-master reputation in ODIs""?",MS Dhoni,Kapil Dev,Virat Kohli,Shane Warne,C,The description matches Virat Kohli: an Indian cricketer known for his aggressive batting and record chase-master reputation in ODIs,Cricket,Players
A team needs 183 runs to win from 3.9 overs remaining. What is the required run rate (runs per over)?,47.42,45.42,47.92,46.92,D,Required run rate = Runs needed / Overs remaining = 183 / 3.9 ≈ 46.92.,Cricket,Scoring Calculations
A team scores at a run rate of 5.01 runs per over for 41 overs. Approximately how many runs have they scored?,220,205,190,185,B,Runs ≈ Run rate × Overs = 5.01 × 41 ≈ 205 runs.,Cricket,Scoring Calculations
What is One Day International (ODI) cricket?,a format of cricket in which each team bats for a maximum of 50 overs,"an international One Day International cricket championship held every four years, organised by the ICC","a phase of limited-overs cricket with fielding restrictions, typically at the start of an innings",a method of dismissal where a fielder breaks the stumps with the ball while a batsman is out of their crease,A,One Day International (ODI) cricket is: a format of cricket in which each team bats for a maximum of 50 overs,Cricket,Formats
A team scores at a run rate of 6.1 runs per over for 45 overs. Approximately how many runs have they scored?,264,274,279,284,B,Runs ≈ Run rate × Overs = 6.1 × 45 ≈ 274 runs.,Cricket,Scoring Calculations
A team needs 130 runs to win from 16.4 overs remaining. What is the required run rate (runs per over)?,7.43,6.93,7.93,8.43,C,Required run rate = Runs needed / Overs remaining = 130 / 16.4 ≈ 7.93.,Cricket,Scoring Calculations
Which team won the ICC Cricket World Cup held in 2011?,South Africa,New Zealand,West Indies,India,D,India won the Cricket World Cup in 2011.,Cricket,World Cup History
The 1996 Cricket World Cup title was lifted by which team?,South Africa,New Zealand,India,Sri Lanka,D,Sri Lanka won the Cricket World Cup in 1996.,Cricket,World Cup History
A team needs 43 runs to win from 17.1 overs remaining. What is the required run rate (runs per over)?,4.51,3.51,2.51,1.51,C,Required run rate = Runs needed / Overs remaining = 43 / 17.1 ≈ 2.51.,Cricket,Scoring Calculations
A team scores at a run rate of 9.5 runs per over for 13 overs. Approximately how many runs have they scored?,144,104,124,134,C,Runs ≈ Run rate × Overs = 9.5 × 13 ≈ 124 runs.,Cricket,Scoring Calculations
"Fill in the blank: ______ refers to ""a fielding position close behind the batsman on the off side, used to catch edges"".",the ICC T20 World Cup,the slip fielding position,a no-ball,the toss,B,"the slip fielding position refers to: a fielding position close behind the batsman on the off side, used to catch edges",Cricket,Fielding
A team needs 21 runs to win from 8.7 overs remaining. What is the required run rate (runs per over)?,0.91,0.41,2.41,2.91,C,Required run rate = Runs needed / Overs remaining = 21 / 8.7 ≈ 2.41.,Cricket,Scoring Calculations
A team scores at a run rate of 9.6 runs per over for 15 overs. Approximately how many runs have they scored?,134,164,149,144,D,Runs ≈ Run rate × Overs = 9.6 × 15 ≈ 144 runs.,Cricket,Scoring Calculations
A team scores at a run rate of 9.13 runs per over for 36 overs. Approximately how many runs have they scored?,329,349,334,314,A,Runs ≈ Run rate × Overs = 9.13 × 36 ≈ 329 runs.,Cricket,Scoring Calculations
A team needs 281 runs to win from 9.1 overs remaining. What is the required run rate (runs per over)?,30.88,29.88,31.88,29.38,A,Required run rate = Runs needed / Overs remaining = 281 / 9.1 ≈ 30.88.,Cricket,Scoring Calculations
"Fill in the blank: ______ refers to ""an Indian cricketer known for his aggressive batting and record chase-master reputation in ODIs"".",MS Dhoni,Virat Kohli,Shane Warne,Sachin Tendulkar,B,Virat Kohli refers to: an Indian cricketer known for his aggressive batting and record chase-master reputation in ODIs,Cricket,Players
What is a wide?,the outer edge of the cricket field; hitting the ball over it scores four or six runs,three wickets taken by a bowler on three consecutive deliveries,"a delivery judged too wide or high for the batsman to play, resulting in an extra run",an over in which no runs are scored off the bat,C,"a wide is: a delivery judged too wide or high for the batsman to play, resulting in an extra run",Cricket,Terminology
A team scores at a run rate of 9.54 runs per over for 27 overs. Approximately how many runs have they scored?,238,243,258,253,C,Runs ≈ Run rate × Overs = 9.54 × 27 ≈ 258 runs.,Cricket,Scoring Calculations
A team scores at a run rate of 5.79 runs per over for 42 overs. Approximately how many runs have they scored?,228,243,253,258,B,Runs ≈ Run rate × Overs = 5.79 × 42 ≈ 243 runs.,Cricket,Scoring Calculations
A team needs 92 runs to win from 7.4 overs remaining. What is the required run rate (runs per over)?,10.43,12.43,11.43,11.93,B,Required run rate = Runs needed / Overs remaining = 92 / 7.4 ≈ 12.43.,Cricket,Scoring Calculations
A team scores at a run rate of 6.67 runs per over for 29 overs. Approximately how many runs have they scored?,193,203,178,213,A,Runs ≈ Run rate × Overs = 6.67 × 29 ≈ 193 runs.,Cricket,Scoring Calculations
A team scores at a run rate of 8.93 runs per over for 10 overs. Approximately how many runs have they scored?,84,69,89,74,C,Runs ≈ Run rate × Overs = 8.93 × 10 ≈ 89 runs.,Cricket,Scoring Calculations
A team needs 109 runs to win from 6.5 overs remaining. What is the required run rate (runs per over)?,16.77,17.27,16.27,17.77,A,Required run rate = Runs needed / Overs remaining = 109 / 6.5 ≈ 16.77.,Cricket,Scoring Calculations
A team needs 82 runs to win from 3.9 overs remaining. What is the required run rate (runs per over)?,23.03,20.53,19.53,21.03,D,Required run rate = Runs needed / Overs remaining = 82 / 3.9 ≈ 21.03.,Cricket,Scoring Calculations
A team scores at a run rate of 7.96 runs per over for 24 overs. Approximately how many runs have they scored?,196,211,191,206,C,Runs ≈ Run rate × Overs = 7.96 × 24 ≈ 191 runs.,Cricket,Scoring Calculations
Which statement correctly describes a century partnership?,the outer edge of the cricket field; hitting the ball over it scores four or six runs,"an illegal delivery, often due to overstepping the crease, which results in an extra run and a free hit in limited-overs cricket",a batting partnership between two batsmen that produces 100 or more runs together,a mathematical formula used to calculate target scores in rain-affected limited-overs matches,C,"By definition, a century partnership is: a batting partnership between two batsmen that produces 100 or more runs together",Cricket,Terminology
A team needs 72 runs to win from 7.4 overs remaining. What is the required run rate (runs per over)?,11.23,9.73,7.73,8.73,B,Required run rate = Runs needed / Overs remaining = 72 / 7.4 ≈ 9.73.,Cricket,Scoring Calculations
A team needs 162 runs to win from 18.3 overs remaining. What is the required run rate (runs per over)?,8.35,8.85,7.35,10.35,B,Required run rate = Runs needed / Overs remaining = 162 / 18.3 ≈ 8.85.,Cricket,Scoring Calculations
A team scores at a run rate of 6.41 runs per over for 11 overs. Approximately how many runs have they scored?,71,51,81,86,A,Runs ≈ Run rate × Overs = 6.41 × 11 ≈ 71 runs.,Cricket,Scoring Calculations
A team needs 48 runs to win from 6.1 overs remaining. What is the required run rate (runs per over)?,7.37,9.87,7.87,8.37,C,Required run rate = Runs needed / Overs remaining = 48 / 6.1 ≈ 7.87.,Cricket,Scoring Calculations
Which statement correctly describes the weight of a cricket ball?,"an international One Day International cricket championship held every four years, organised by the ICC","a fielding position between slip and point, close to the batsman",the Indian captain who led India to victory in the 1983 Cricket World Cup,between approximately 155.9 and 163 grams for a men's cricket ball,D,"By definition, the weight of a cricket ball is: between approximately 155.9 and 163 grams for a men's cricket ball",Cricket,Equipment
A team scores at a run rate of 5.41 runs per over for 16 overs. Approximately how many runs have they scored?,102,87,92,107,B,Runs ≈ Run rate × Overs = 5.41 × 16 ≈ 87 runs.,Cricket,Scoring Calculations
Which statement correctly describes the Indian Premier League (IPL)?,an ICC competition determining the best Test cricket team over a two-year cycle,an Indian cricketer known for his aggressive batting and record chase-master reputation in ODIs,a professional Twenty20 cricket league in India featuring franchise teams,22 yards (about 20.12 metres) between the two sets of stumps,C,"By definition, the Indian Premier League (IPL) is: a professional Twenty20 cricket league in India featuring franchise teams",Cricket,Tournaments
A team needs 121 runs to win from 6.7 overs remaining. What is the required run rate (runs per over)?,18.06,19.56,20.06,17.56,A,Required run rate = Runs needed / Overs remaining = 121 / 6.7 ≈ 18.06.,Cricket,Scoring Calculations
A team scores at a run rate of 9.01 runs per over for 43 overs. Approximately how many runs have they scored?,397,387,377,392,B,Runs ≈ Run rate × Overs = 9.01 × 43 ≈ 387 runs.,Cricket,Scoring Calculations
A team scores at a run rate of 4.02 runs per over for 15 overs. Approximately how many runs have they scored?,75,55,50,60,D,Runs ≈ Run rate × Overs = 4.02 × 15 ≈ 60 runs.,Cricket,Scoring Calculations
A team needs 224 runs to win from 4.8 overs remaining. What is the required run rate (runs per over)?,47.17,46.67,48.67,45.17,B,Required run rate = Runs needed / Overs remaining = 224 / 4.8 ≈ 46.67.,Cricket,Scoring Calculations
A team scores at a run rate of 5.04 runs per over for 30 overs. Approximately how many runs have they scored?,171,161,151,156,C,Runs ≈ Run rate × Overs = 5.04 × 30 ≈ 151 runs.,Cricket,Scoring Calculations
A team needs 23 runs to win from 12.9 overs remaining. What is the required run rate (runs per over)?,3.78,1.78,2.78,0.78,B,Required run rate = Runs needed / Overs remaining = 23 / 12.9 ≈ 1.78.,Cricket,Scoring Calculations
A team needs 135 runs to win from 3.6 overs remaining. What is the required run rate (runs per over)?,36.50,38.00,37.50,38.50,C,Required run rate = Runs needed / Overs remaining = 135 / 3.6 ≈ 37.50.,Cricket,Scoring Calculations
A team scores at a run rate of 4.01 runs per over for 11 overs. Approximately how many runs have they scored?,64,49,34,44,D,Runs ≈ Run rate × Overs = 4.01 × 11 ≈ 44 runs.,Cricket,Scoring Calculations
A team scores at a run rate of 6.83 runs per over for 13 overs. Approximately how many runs have they scored?,104,109,74,89,D,Runs ≈ Run rate × Overs = 6.83 × 13 ≈ 89 runs.,Cricket,Scoring Calculations
A team scores at a run rate of 7.22 runs per over for 28 overs. Approximately how many runs have they scored?,207,202,212,197,B,Runs ≈ Run rate × Overs = 7.22 × 28 ≈ 202 runs.,Cricket,Scoring Calculations
A team needs 86 runs to win from 7.5 overs remaining. What is the required run rate (runs per over)?,10.97,11.47,9.47,11.97,B,Required run rate = Runs needed / Overs remaining = 86 / 7.5 ≈ 11.47.,Cricket,Scoring Calculations
Which statement correctly describes Brian Lara?,a West Indian batsman who holds the record for the highest individual score in Test cricket (400 not out),a Sri Lankan spin bowler who holds the record for most wickets in both Test and ODI cricket,the Indian captain who led India to victory in the 1983 Cricket World Cup,"an Australian cricketer regarded as the greatest Test batsman ever, with a Test batting average of 99.94",A,"By definition, Brian Lara is: a West Indian batsman who holds the record for the highest individual score in Test cricket (400 not out)",Cricket,Players
A team scores at a run rate of 6.06 runs per over for 35 overs. Approximately how many runs have they scored?,212,207,227,222,A,Runs ≈ Run rate × Overs = 6.06 × 35 ≈ 212 runs.,Cricket,Scoring Calculations
A team needs 191 runs to win from 8.7 overs remaining. What is the required run rate (runs per over)?,21.45,23.45,20.95,21.95,D,Required run rate = Runs needed / Overs remaining = 191 / 8.7 ≈ 21.95.,Cricket,Scoring Calculations
What is a bouncer?,three wickets taken by a bowler on three consecutive deliveries,a short-pitched delivery aimed to rise sharply toward the batsman's upper body,"a dismissal on the very first ball a batsman faces, for zero runs",a bowler who deceives batsmen by disguising the direction of spin,B,a bouncer is: a short-pitched delivery aimed to rise sharply toward the batsman's upper body,Cricket,Terminology
A team needs 9 runs to win from 14.8 overs remaining. What is the required run rate (runs per over)?,0.61,1.11,2.11,1.61,A,Required run rate = Runs needed / Overs remaining = 9 / 14.8 ≈ 0.61.,Cricket,Scoring Calculations
A team scores at a run rate of 5.99 runs per over for 20 overs. Approximately how many runs have they scored?,120,105,100,140,A,Runs ≈ Run rate × Overs = 5.99 × 20 ≈ 120 runs.,Cricket,Scoring Calculations
A team scores at a run rate of 9.68 runs per over for 16 overs. Approximately how many runs have they scored?,170,155,140,135,B,Runs ≈ Run rate × Overs = 9.68 × 16 ≈ 155 runs.,Cricket,Scoring Calculations
A team needs 103 runs to win from 8.9 overs remaining. What is the required run rate (runs per over)?,12.57,11.57,10.57,12.07,B,Required run rate = Runs needed / Overs remaining = 103 / 8.9 ≈ 11.57.,Cricket,Scoring Calculations
A team scores at a run rate of 5.81 runs per over for 29 overs. Approximately how many runs have they scored?,158,168,188,183,B,Runs ≈ Run rate × Overs = 5.81 × 29 ≈ 168 runs.,Cricket,Scoring Calculations
A team scores at a run rate of 7.52 runs per over for 23 overs. Approximately how many runs have they scored?,163,173,178,183,B,Runs ≈ Run rate × Overs = 7.52 × 23 ≈ 173 runs.,Cricket,Scoring Calculations
A team scores at a run rate of 9.26 runs per over for 44 overs. Approximately how many runs have they scored?,397,407,417,427,B,Runs ≈ Run rate × Overs = 9.26 × 44 ≈ 407 runs.,Cricket,Scoring Calculations
Which statement correctly describes Sir Don Bradman?,an Indian cricketer known for his aggressive batting and record chase-master reputation in ODIs,"the Indian captain who led India to victory in the 2007 T20 World Cup, 2011 World Cup, and 2013 Champions Trophy","an Australian cricketer regarded as the greatest Test batsman ever, with a Test batting average of 99.94","an Indian cricketer widely regarded as one of the greatest batsmen of all time, holding the record for most international centuries",C,"By definition, Sir Don Bradman is: an Australian cricketer regarded as the greatest Test batsman ever, with a Test batting average of 99.94",Cricket,Players
"Fill in the blank: ______ refers to ""an ICC competition determining the best Test cricket team over a two-year cycle"".",a bouncer,the World Test Championship,a googly bowler,Brian Lara,B,the World Test Championship refers to: an ICC competition determining the best Test cricket team over a two-year cycle,Cricket,Tournaments
A team scores at a run rate of 7.6 runs per over for 28 overs. Approximately how many runs have they scored?,233,228,213,203,C,Runs ≈ Run rate × Overs = 7.6 × 28 ≈ 213 runs.,Cricket,Scoring Calculations
A team scores at a run rate of 7.48 runs per over for 6 overs. Approximately how many runs have they scored?,40,45,50,30,B,Runs ≈ Run rate × Overs = 7.48 × 6 ≈ 45 runs.,Cricket,Scoring Calculations
A team scores at a run rate of 9.7 runs per over for 17 overs. Approximately how many runs have they scored?,185,180,165,155,C,Runs ≈ Run rate × Overs = 9.7 × 17 ≈ 165 runs.,Cricket,Scoring Calculations
What is a googly bowler?,"a dismissal on the very first ball a batsman faces, for zero runs",when the team batting second is forced to bat again immediately after being significantly behind in a Test match,a bowler who deceives batsmen by disguising the direction of spin,"a shot where the ball clears the boundary without touching the ground, scoring six runs",C,a googly bowler is: a bowler who deceives batsmen by disguising the direction of spin,Cricket,Terminology
A team scores at a run rate of 5.47 runs per over for 38 overs. Approximately how many runs have they scored?,228,223,203,208,D,Runs ≈ Run rate × Overs = 5.47 × 38 ≈ 208 runs.,Cricket,Scoring Calculations
A team needs 51 runs to win from 18.5 overs remaining. What is the required run rate (runs per over)?,4.26,2.76,1.76,1.26,B,Required run rate = Runs needed / Overs remaining = 51 / 18.5 ≈ 2.76.,Cricket,Scoring Calculations
A team needs 149 runs to win from 6.4 overs remaining. What is the required run rate (runs per over)?,23.28,23.78,22.28,21.78,A,Required run rate = Runs needed / Overs remaining = 149 / 6.4 ≈ 23.28.,Cricket,Scoring Calculations
A team needs 25 runs to win from 14.1 overs remaining. What is the required run rate (runs per over)?,1.77,2.77,1.27,3.77,A,Required run rate = Runs needed / Overs remaining = 25 / 14.1 ≈ 1.77.,Cricket,Scoring Calculations
A team needs 108 runs to win from 6.7 overs remaining. What is the required run rate (runs per over)?,18.12,16.12,17.62,14.12,B,Required run rate = Runs needed / Overs remaining = 108 / 6.7 ≈ 16.12.,Cricket,Scoring Calculations
"Which term matches this description: ""a fielding position between slip and point, close to the batsman""?",Muttiah Muralitharan,a no-ball,the gully fielding position,Sir Vivian Richards,C,"The description matches the gully fielding position: a fielding position between slip and point, close to the batsman",Cricket,Fielding
What is Sir Don Bradman?,"an Australian cricketer regarded as the greatest Test batsman ever, with a Test batting average of 99.94","the Indian captain who led India to victory in the 2007 T20 World Cup, 2011 World Cup, and 2013 Champions Trophy",an Australian leg-spin bowler regarded as one of the greatest bowlers in cricket history,the Indian captain who led India to victory in the 1983 Cricket World Cup,A,"Sir Don Bradman is: an Australian cricketer regarded as the greatest Test batsman ever, with a Test batting average of 99.94",Cricket,Players
"Fill in the blank: ______ refers to ""between approximately 155.9 and 163 grams for a men's cricket ball"".",the cover fielding position,the World Test Championship,the weight of a cricket ball,Shane Warne,C,the weight of a cricket ball refers to: between approximately 155.9 and 163 grams for a men's cricket ball,Cricket,Equipment
"Fill in the blank: ______ refers to ""an illegal delivery, often due to overstepping the crease, which results in an extra run and a free hit in limited-overs cricket"".",a wide,a four,a no-ball,a googly bowler,C,"a no-ball refers to: an illegal delivery, often due to overstepping the crease, which results in an extra run and a free hit in limited-overs cricket",Cricket,Terminology
A team needs 190 runs to win from 15.4 overs remaining. What is the required run rate (runs per over)?,11.84,12.34,10.34,14.34,B,Required run rate = Runs needed / Overs remaining = 190 / 15.4 ≈ 12.34.,Cricket,Scoring Calculations
A team needs 55 runs to win from 10.8 overs remaining. What is the required run rate (runs per over)?,3.59,7.09,5.59,5.09,D,Required run rate = Runs needed / Overs remaining = 55 / 10.8 ≈ 5.09.,Cricket,Scoring Calculations
A team scores at a run rate of 7.56 runs per over for 42 overs. Approximately how many runs have they scored?,323,328,318,303,C,Runs ≈ Run rate × Overs = 7.56 × 42 ≈ 318 runs.,Cricket,Scoring Calculations
A team scores at a run rate of 8.73 runs per over for 31 overs. Approximately how many runs have they scored?,271,256,266,276,A,Runs ≈ Run rate × Overs = 8.73 × 31 ≈ 271 runs.,Cricket,Scoring Calculations
"Fill in the blank: ______ refers to ""a delivery judged too wide or high for the batsman to play, resulting in an extra run"".",a six,a bouncer,a wide,a yorker,C,"a wide refers to: a delivery judged too wide or high for the batsman to play, resulting in an extra run",Cricket,Terminology
A team scores at a run rate of 8.96 runs per over for 11 overs. Approximately how many runs have they scored?,94,79,84,99,D,Runs ≈ Run rate × Overs = 8.96 × 11 ≈ 99 runs.,Cricket,Scoring Calculations
A team needs 166 runs to win from 8.6 overs remaining. What is the required run rate (runs per over)?,19.30,17.30,18.30,17.80,A,Required run rate = Runs needed / Overs remaining = 166 / 8.6 ≈ 19.30.,Cricket,Scoring Calculations
A team scores at a run rate of 9.73 runs per over for 30 overs. Approximately how many runs have they scored?,297,272,292,312,C,Runs ≈ Run rate × Overs = 9.73 × 30 ≈ 292 runs.,Cricket,Scoring Calculations
A team needs 85 runs to win from 17.4 overs remaining. What is the required run rate (runs per over)?,3.89,6.39,5.89,4.89,D,Required run rate = Runs needed / Overs remaining = 85 / 17.4 ≈ 4.89.,Cricket,Scoring Calculations
Which statement correctly describes a googly bowler?,"a shot where the ball clears the boundary without touching the ground, scoring six runs",a bowler who deceives batsmen by disguising the direction of spin,a batsman's dismissal for a score of zero runs,"a dismissal on the very first ball a batsman faces, for zero runs",B,"By definition, a googly bowler is: a bowler who deceives batsmen by disguising the direction of spin",Cricket,Terminology
A team needs 278 runs to win from 17.8 overs remaining. What is the required run rate (runs per over)?,15.62,16.12,14.12,13.62,A,Required run rate = Runs needed / Overs remaining = 278 / 17.8 ≈ 15.62.,Cricket,Scoring Calculations
A team needs 130 runs to win from 14.7 overs remaining. What is the required run rate (runs per over)?,6.84,9.34,8.34,8.84,D,Required run rate = Runs needed / Overs remaining = 130 / 14.7 ≈ 8.84.,Cricket,Scoring Calculations
A team scores at a run rate of 9.11 runs per over for 28 overs. Approximately how many runs have they scored?,235,255,240,250,B,Runs ≈ Run rate × Overs = 9.11 × 28 ≈ 255 runs.,Cricket,Scoring Calculations
A team scores at a run rate of 7.88 runs per over for 30 overs. Approximately how many runs have they scored?,246,251,231,236,D,Runs ≈ Run rate × Overs = 7.88 × 30 ≈ 236 runs.,Cricket,Scoring Calculations
A team needs 173 runs to win from 12.0 overs remaining. What is the required run rate (runs per over)?,12.92,14.42,13.42,15.42,B,Required run rate = Runs needed / Overs remaining = 173 / 12.0 ≈ 14.42.,Cricket,Scoring Calculations
A team scores at a run rate of 6.32 runs per over for 37 overs. Approximately how many runs have they scored?,224,219,234,214,C,Runs ≈ Run rate × Overs = 6.32 × 37 ≈ 234 runs.,Cricket,Scoring Calculations
A team needs 144 runs to win from 1.2 overs remaining. What is the required run rate (runs per over)?,120.00,121.50,119.50,118.00,A,Required run rate = Runs needed / Overs remaining = 144 / 1.2 ≈ 120.00.,Cricket,Scoring Calculations
A team needs 72 runs to win from 17.4 overs remaining. What is the required run rate (runs per over)?,4.14,3.14,5.64,2.64,A,Required run rate = Runs needed / Overs remaining = 72 / 17.4 ≈ 4.14.,Cricket,Scoring Calculations
A team needs 71 runs to win from 5.6 overs remaining. What is the required run rate (runs per over)?,14.18,13.18,12.68,10.68,C,Required run rate = Runs needed / Overs remaining = 71 / 5.6 ≈ 12.68.,Cricket,Scoring Calculations
A team scores at a run rate of 4.61 runs per over for 18 overs. Approximately how many runs have they scored?,73,93,88,83,D,Runs ≈ Run rate × Overs = 4.61 × 18 ≈ 83 runs.,Cricket,Scoring Calculations
A team needs 135 runs to win from 18.2 overs remaining. What is the required run rate (runs per over)?,6.42,7.42,5.92,7.92,B,Required run rate = Runs needed / Overs remaining = 135 / 18.2 ≈ 7.42.,Cricket,Scoring Calculations
"Fill in the blank: ______ refers to ""22 yards (about 20.12 metres) between the two sets of stumps"".",the pitch length in cricket,the number of players in a cricket team,Sir Don Bradman,a six,A,the pitch length in cricket refers to: 22 yards (about 20.12 metres) between the two sets of stumps,Cricket,Equipment
A team scores at a run rate of 5.6 runs per over for 17 overs. Approximately how many runs have they scored?,95,105,80,100,A,Runs ≈ Run rate × Overs = 5.6 × 17 ≈ 95 runs.,Cricket,Scoring Calculations
A team scores at a run rate of 7.3 runs per over for 35 overs. Approximately how many runs have they scored?,261,256,251,266,B,Runs ≈ Run rate × Overs = 7.3 × 35 ≈ 256 runs.,Cricket,Scoring Calculations
A team scores at a run rate of 7.24 runs per over for 21 overs. Approximately how many runs have they scored?,147,152,172,132,B,Runs ≈ Run rate × Overs = 7.24 × 21 ≈ 152 runs.,Cricket,Scoring Calculations
A team scores at a run rate of 5.87 runs per over for 36 overs. Approximately how many runs have they scored?,191,211,206,216,B,Runs ≈ Run rate × Overs = 5.87 × 36 ≈ 211 runs.,Cricket,Scoring Calculations
A team scores at a run rate of 7.4 runs per over for 44 overs. Approximately how many runs have they scored?,346,341,326,311,C,Runs ≈ Run rate × Overs = 7.4 × 44 ≈ 326 runs.,Cricket,Scoring Calculations
A team needs 62 runs to win from 6.5 overs remaining. What is the required run rate (runs per over)?,8.04,9.54,10.54,8.54,B,Required run rate = Runs needed / Overs remaining = 62 / 6.5 ≈ 9.54.,Cricket,Scoring Calculations
A team scores at a run rate of 4.14 runs per over for 39 overs. Approximately how many runs have they scored?,161,141,151,171,A,Runs ≈ Run rate × Overs = 4.14 × 39 ≈ 161 runs.,Cricket,Scoring Calculations
A team needs 13 runs to win from 13.3 overs remaining. What is the required run rate (runs per over)?,0.98,2.48,0.48,2.98,A,Required run rate = Runs needed / Overs remaining = 13 / 13.3 ≈ 0.98.,Cricket,Scoring Calculations
A team needs 101 runs to win from 15.6 overs remaining. What is the required run rate (runs per over)?,6.47,4.47,7.97,5.47,A,Required run rate = Runs needed / Overs remaining = 101 / 15.6 ≈ 6.47.,Cricket,Scoring Calculations
Which statement correctly describes One Day International (ODI) cricket?,a format of cricket in which each team bats for a maximum of 50 overs,"a fielding position close behind the batsman on the off side, used to catch edges","a method of dismissal where the wicketkeeper breaks the stumps while the batsman is out of the crease, typically off a spin delivery",a professional Twenty20 cricket league in India featuring franchise teams,A,"By definition, One Day International (ODI) cricket is: a format of cricket in which each team bats for a maximum of 50 overs",Cricket,Formats
Which team won the ICC Cricket World Cup held in 2023?,West Indies,Australia,South Africa,India,B,Australia won the Cricket World Cup in 2023.,Cricket,World Cup History
A team needs 168 runs to win from 12.6 overs remaining. What is the required run rate (runs per over)?,14.83,15.33,14.33,13.33,D,Required run rate = Runs needed / Overs remaining = 168 / 12.6 ≈ 13.33.,Cricket,Scoring Calculations
A team scores at a run rate of 4.7 runs per over for 48 overs. Approximately how many runs have they scored?,236,221,226,206,C,Runs ≈ Run rate × Overs = 4.7 × 48 ≈ 226 runs.,Cricket,Scoring Calculations
A team needs 8 runs to win from 14.1 overs remaining. What is the required run rate (runs per over)?,0.57,1.07,1.57,0.07,A,Required run rate = Runs needed / Overs remaining = 8 / 14.1 ≈ 0.57.,Cricket,Scoring Calculations
A team needs 254 runs to win from 16.0 overs remaining. What is the required run rate (runs per over)?,16.88,15.88,13.88,17.88,B,Required run rate = Runs needed / Overs remaining = 254 / 16.0 ≈ 15.88.,Cricket,Scoring Calculations
A team needs 53 runs to win from 6.1 overs remaining. What is the required run rate (runs per over)?,8.19,8.69,9.69,7.19,B,Required run rate = Runs needed / Overs remaining = 53 / 6.1 ≈ 8.69.,Cricket,Scoring Calculations
A team needs 161 runs to win from 1.9 overs remaining. What is the required run rate (runs per over)?,82.74,84.74,83.74,86.74,B,Required run rate = Runs needed / Overs remaining = 161 / 1.9 ≈ 84.74.,Cricket,Scoring Calculations
A team needs 117 runs to win from 17.8 overs remaining. What is the required run rate (runs per over)?,6.57,6.07,8.57,7.57,A,Required run rate = Runs needed / Overs remaining = 117 / 17.8 ≈ 6.57.,Cricket,Scoring Calculations
A team needs 283 runs to win from 18.7 overs remaining. What is the required run rate (runs per over)?,15.13,15.63,16.13,13.63,A,Required run rate = Runs needed / Overs remaining = 283 / 18.7 ≈ 15.13.,Cricket,Scoring Calculations
A team scores at a run rate of 8.43 runs per over for 14 overs. Approximately how many runs have they scored?,133,113,103,118,D,Runs ≈ Run rate × Overs = 8.43 × 14 ≈ 118 runs.,Cricket,Scoring Calculations
A team needs 150 runs to win from 3.1 overs remaining. What is the required run rate (runs per over)?,48.39,47.89,46.89,49.39,A,Required run rate = Runs needed / Overs remaining = 150 / 3.1 ≈ 48.39.,Cricket,Scoring Calculations
A team scores at a run rate of 7.98 runs per over for 6 overs. Approximately how many runs have they scored?,48,28,53,43,A,Runs ≈ Run rate × Overs = 7.98 × 6 ≈ 48 runs.,Cricket,Scoring Calculations
A team scores at a run rate of 9.82 runs per over for 30 overs. Approximately how many runs have they scored?,275,305,290,295,D,Runs ≈ Run rate × Overs = 9.82 × 30 ≈ 295 runs.,Cricket,Scoring Calculations
Who were the champions of the ICC Cricket World Cup in 1996?,England,West Indies,Sri Lanka,New Zealand,C,Sri Lanka won the Cricket World Cup in 1996.,Cricket,World Cup History
