Question,Option A,Option B,Option C,Option D,Correct Answer,Solution,Category,Subcategory
"White has 1 knight, 2 bishops, 1 rook, 1 queen. Black has 5 pawns, 1 knight, 2 bishops, 1 rook, 1 queen. Using standard piece values, who has the material advantage and by how many points?",White is ahead by 2 point(s),White is ahead by 7 point(s),Black is ahead by 2 point(s),Black is ahead by 5 point(s),D,"White's material = 23. Black's material = 28. Difference = 5, so Black is ahead by 5 point(s).",Chess,Piece Values
"White has 1 pawn, 1 bishop, 1 rook, 1 queen. Black has 7 pawns, 1 bishop, 1 rook. Using standard piece values, who has the material advantage and by how many points?",Black is ahead by 2 point(s),White is ahead by 4 point(s),Black is ahead by 6 point(s),White is ahead by 3 point(s),D,"White's material = 18. Black's material = 15. Difference = 3, so White is ahead by 3 point(s).",Chess,Piece Values
"White has 5 pawns, 2 knights, 1 queen. Black has 4 pawns, 1 knight, 2 bishops, 2 rooks, 1 queen. Using standard piece values, who has the material advantage and by how many points?",White is ahead by 11 point(s),White is ahead by 9 point(s),Black is ahead by 11 point(s),Black is ahead by 12 point(s),D,"White's material = 20. Black's material = 32. Difference = 12, so Black is ahead by 12 point(s).",Chess,Piece Values
"Using standard piece values (pawn=1, knight=3, bishop=3, rook=5, queen=9), what is the total material value of: 4 pawns, 1 rook, 1 queen?",14,17,19,18,D,Total value = 4×1 + 1×5 + 1×9 = 18.,Chess,Piece Values
"White has 6 pawns, 2 bishops, 1 rook, 1 queen. Black has 7 pawns, 1 knight, 2 bishops, 2 rooks, 1 queen. Using standard piece values, who has the material advantage and by how many points?",White is ahead by 11 point(s),White is ahead by 8 point(s),Black is ahead by 7 point(s),Black is ahead by 9 point(s),D,"White's material = 26. Black's material = 35. Difference = 9, so Black is ahead by 9 point(s).",Chess,Piece Values
"Using standard piece values (pawn=1, knight=3, bishop=3, rook=5, queen=9), what is the total material value of: 8 pawns, 2 knights, 2 bishops, 2 rooks?",27,30,29,28,B,Total value = 8×1 + 2×3 + 2×3 + 2×5 = 30.,Chess,Piece Values
"White has 2 pawns, 1 knight, 2 bishops, 2 rooks, 1 queen. Black has 8 pawns, 2 knights, 2 rooks, 1 queen. Using standard piece values, who has the material advantage and by how many points?",White is ahead by 6 point(s),Black is ahead by 1 point(s),White is ahead by 4 point(s),Black is ahead by 3 point(s),D,"White's material = 30. Black's material = 33. Difference = 3, so Black is ahead by 3 point(s).",Chess,Piece Values
"Fill in the blank: ______ refers to ""the phase of a chess game following the opening, where tactical and strategic battles typically occur"".",the value of a bishop,the pawn's movement,the middlegame,the King's Indian Defence,C,"the middlegame refers to: the phase of a chess game following the opening, where tactical and strategic battles typically occur",Chess,Game Phases
"In algebraic chess notation, is the square g5 a light or dark square?",cannot be determined,depends on the piece,light,dark,D,"Square g5: file g (position 7) and rank 5. Since their sum has the parity it does, g5 is a dark square.",Chess,Notation
"Using standard piece values (pawn=1, knight=3, bishop=3, rook=5, queen=9), what is the total material value of: 5 pawns, 1 rook?",10,9,6,13,A,Total value = 5×1 + 1×5 = 10.,Chess,Piece Values
"White has 3 pawns, 2 knights, 2 bishops, 1 rook, 1 queen. Black has 3 pawns, 2 knights, 1 bishop, 2 rooks, 1 queen. Using standard piece values, who has the material advantage and by how many points?",Black is ahead by 4 point(s),Black is ahead by 2 point(s),White is ahead by 1 point(s),Black is ahead by 1 point(s),B,"White's material = 29. Black's material = 31. Difference = 2, so Black is ahead by 2 point(s).",Chess,Piece Values
"Using standard piece values (pawn=1, knight=3, bishop=3, rook=5, queen=9), what is the total material value of: 3 pawns, 2 knights, 2 bishops, 2 rooks, 1 queen?",32,35,34,33,C,Total value = 3×1 + 2×3 + 2×3 + 2×5 + 1×9 = 34.,Chess,Piece Values
"Using standard piece values (pawn=1, knight=3, bishop=3, rook=5, queen=9), what is the total material value of: 2 pawns, 1 knight, 1 rook?",14,10,11,13,B,Total value = 2×1 + 1×3 + 1×5 = 10.,Chess,Piece Values
What is the middlegame?,"a position where a king is in check and there is no legal move to escape it, ending the game","the phase of a chess game following the opening, where tactical and strategic battles typically occur","a piece that can move one square in any direction, but cannot move into check",a special pawn capture that can occur when a pawn moves two squares from its starting position and lands beside an opposing pawn,B,"the middlegame is: the phase of a chess game following the opening, where tactical and strategic battles typically occur",Chess,Game Phases
"White has 7 pawns, 1 bishop, 2 rooks, 1 queen. Black has 3 pawns, 1 knight, 2 bishops, 2 rooks. Using standard piece values, who has the material advantage and by how many points?",White is ahead by 7 point(s),Black is ahead by 6 point(s),White is ahead by 8 point(s),White is ahead by 5 point(s),A,"White's material = 29. Black's material = 22. Difference = 7, so White is ahead by 7 point(s).",Chess,Piece Values
"Using standard piece values (pawn=1, knight=3, bishop=3, rook=5, queen=9), what is the total material value of: 6 pawns, 1 bishop, 1 rook?",17,14,16,10,B,Total value = 6×1 + 1×3 + 1×5 = 14.,Chess,Piece Values
"White has 4 pawns, 2 knights, 1 bishop, 2 rooks. Black has 4 pawns, 1 knight, 1 rook, 1 queen. Using standard piece values, who has the material advantage and by how many points?",Black is ahead by 5 point(s),White is ahead by 2 point(s),Black is ahead by 3 point(s),White is ahead by 1 point(s),B,"White's material = 23. Black's material = 21. Difference = 2, so White is ahead by 2 point(s).",Chess,Piece Values
"Fill in the blank: ______ refers to ""one of the most popular chess openings, beginning with 1.e4 c5"".",the Ruy López opening,the endgame,the Sicilian Defence,Bobby Fischer,C,"the Sicilian Defence refers to: one of the most popular chess openings, beginning with 1.e4 c5",Chess,Openings
"Using standard piece values (pawn=1, knight=3, bishop=3, rook=5, queen=9), what is the total material value of: 3 pawns, 1 knight?",8,4,9,6,D,Total value = 3×1 + 1×3 = 6.,Chess,Piece Values
"Using standard piece values (pawn=1, knight=3, bishop=3, rook=5, queen=9), what is the total material value of: 1 pawn, 2 bishops, 1 rook?",12,10,8,13,A,Total value = 1×1 + 2×3 + 1×5 = 12.,Chess,Piece Values
"Using standard piece values (pawn=1, knight=3, bishop=3, rook=5, queen=9), what is the total material value of: 7 pawns, 2 knights, 2 rooks, 1 queen?",35,34,32,33,C,Total value = 7×1 + 2×3 + 2×5 + 1×9 = 32.,Chess,Piece Values
"Using standard piece values (pawn=1, knight=3, bishop=3, rook=5, queen=9), what is the total material value of: 7 pawns?",8,5,6,7,D,Total value = 7×1 = 7.,Chess,Piece Values
"Which term matches this description: ""a tactic similar to a pin, where a valuable piece is attacked and forced to move, exposing a less valuable piece behind it""?",a fork,a discovered attack,a smothered mate,a skewer,D,"The description matches a skewer: a tactic similar to a pin, where a valuable piece is attacked and forced to move, exposing a less valuable piece behind it",Chess,Tactics
"White has 3 pawns, 2 knights, 2 bishops, 1 queen. Black has 7 pawns, 1 knight, 1 bishop, 1 rook, 1 queen. Using standard piece values, who has the material advantage and by how many points?",White is ahead by 2 point(s),Black is ahead by 5 point(s),Black is ahead by 1 point(s),Black is ahead by 3 point(s),D,"White's material = 24. Black's material = 27. Difference = 3, so Black is ahead by 3 point(s).",Chess,Piece Values
"White has 8 pawns, 2 bishops, 2 rooks, 1 queen. Black has 1 pawn, 2 knights, 1 queen. Using standard piece values, who has the material advantage and by how many points?",White is ahead by 19 point(s),White is ahead by 14 point(s),Black is ahead by 14 point(s),White is ahead by 17 point(s),D,"White's material = 33. Black's material = 16. Difference = 17, so White is ahead by 17 point(s).",Chess,Piece Values
"White has 1 pawn, 1 knight, 1 bishop, 1 rook, 1 queen. Black has 1 bishop. Using standard piece values, who has the material advantage and by how many points?",White is ahead by 18 point(s),White is ahead by 15 point(s),White is ahead by 19 point(s),Black is ahead by 19 point(s),A,"White's material = 21. Black's material = 3. Difference = 18, so White is ahead by 18 point(s).",Chess,Piece Values
Which statement correctly describes the value of a knight?,"a method for calculating the relative skill levels of chess players, developed by Arpad Elo",generally considered to be worth about 3 points,a piece that moves forward one square (or two on its first move) and captures diagonally,"a checkmate delivered along a player's first rank, often because their own pawns block the king's escape",B,"By definition, the value of a knight is: generally considered to be worth about 3 points",Chess,Piece Values
"White has 2 pawns, 2 knights, 1 rook, 1 queen. Black has 1 knight, 2 bishops, 2 rooks. Using standard piece values, who has the material advantage and by how many points?",Black is ahead by 5 point(s),White is ahead by 1 point(s),White is ahead by 3 point(s),Black is ahead by 4 point(s),C,"White's material = 22. Black's material = 19. Difference = 3, so White is ahead by 3 point(s).",Chess,Piece Values
"White has 3 pawns, 2 knights, 1 rook, 1 queen. Black has 3 pawns, 2 bishops, 2 rooks. Using standard piece values, who has the material advantage and by how many points?",Black is ahead by 7 point(s),White is ahead by 4 point(s),White is ahead by 5 point(s),White is ahead by 3 point(s),B,"White's material = 23. Black's material = 19. Difference = 4, so White is ahead by 4 point(s).",Chess,Piece Values
"White has 1 pawn, 1 rook. Black has 2 pawns, 2 knights, 2 rooks, 1 queen. Using standard piece values, who has the material advantage and by how many points?",Black is ahead by 24 point(s),Black is ahead by 21 point(s),Black is ahead by 20 point(s),White is ahead by 20 point(s),B,"White's material = 6. Black's material = 27. Difference = 21, so Black is ahead by 21 point(s).",Chess,Piece Values
"White has 2 pawns, 2 knights, 1 bishop, 1 queen. Black has 2 pawns, 1 knight, 1 rook. Using standard piece values, who has the material advantage and by how many points?",White is ahead by 11 point(s),White is ahead by 8 point(s),White is ahead by 7 point(s),White is ahead by 10 point(s),D,"White's material = 20. Black's material = 10. Difference = 10, so White is ahead by 10 point(s).",Chess,Piece Values
What is the Ruy López opening?,a classical chess opening beginning with 1.e4 e5 2.Nf3 Nc6 3.Bb5,"a checkmate delivered along a player's first rank, often because their own pawns block the king's escape",a rule allowing a draw to be claimed if the same position occurs three times with the same player to move,a tactic where a piece cannot move without exposing a more valuable piece behind it to attack,A,the Ruy López opening is: a classical chess opening beginning with 1.e4 e5 2.Nf3 Nc6 3.Bb5,Chess,Openings
"White has 7 pawns, 1 bishop. Black has 2 pawns, 1 knight, 1 queen. Using standard piece values, who has the material advantage and by how many points?",Black is ahead by 7 point(s),Black is ahead by 6 point(s),Black is ahead by 4 point(s),Black is ahead by 1 point(s),C,"White's material = 10. Black's material = 14. Difference = 4, so Black is ahead by 4 point(s).",Chess,Piece Values
"Using standard piece values (pawn=1, knight=3, bishop=3, rook=5, queen=9), what is the total material value of: 3 pawns, 1 bishop, 2 rooks?",15,19,17,16,D,Total value = 3×1 + 1×3 + 2×5 = 16.,Chess,Piece Values
"White has 7 pawns, 1 knight, 1 bishop, 2 rooks, 1 queen. Black has 5 pawns, 2 knights. Using standard piece values, who has the material advantage and by how many points?",White is ahead by 20 point(s),White is ahead by 22 point(s),White is ahead by 24 point(s),White is ahead by 21 point(s),D,"White's material = 32. Black's material = 11. Difference = 21, so White is ahead by 21 point(s).",Chess,Piece Values
"White has 7 pawns. Black has 7 pawns, 1 knight, 1 rook, 1 queen. Using standard piece values, who has the material advantage and by how many points?",Black is ahead by 19 point(s),Black is ahead by 20 point(s),Black is ahead by 17 point(s),White is ahead by 20 point(s),C,"White's material = 7. Black's material = 24. Difference = 17, so Black is ahead by 17 point(s).",Chess,Piece Values
"White has 4 pawns, 2 knights, 1 bishop, 1 rook. Black has 2 bishops, 1 queen. Using standard piece values, who has the material advantage and by how many points?",Black is ahead by 2 point(s),White is ahead by 3 point(s),Black is ahead by 4 point(s),Black is ahead by 1 point(s),B,"White's material = 18. Black's material = 15. Difference = 3, so White is ahead by 3 point(s).",Chess,Piece Values
"White has 6 pawns, 2 knights, 1 bishop, 1 queen. Black has 3 pawns, 2 knights, 1 bishop, 1 rook, 1 queen. Using standard piece values, who has the material advantage and by how many points?",Black is ahead by 4 point(s),Black is ahead by 2 point(s),Black is ahead by 5 point(s),White is ahead by 3 point(s),B,"White's material = 24. Black's material = 26. Difference = 2, so Black is ahead by 2 point(s).",Chess,Piece Values
Which statement correctly describes a fork?,a tactic where one piece attacks two or more enemy pieces simultaneously,"a tactic similar to a pin, where a valuable piece is attacked and forced to move, exposing a less valuable piece behind it","a checkmate delivered along a player's first rank, often because their own pawns block the king's escape",a tactic where moving one piece reveals an attack from another piece behind it,A,"By definition, a fork is: a tactic where one piece attacks two or more enemy pieces simultaneously",Chess,Tactics
"White has 5 pawns, 2 knights, 1 bishop, 1 rook, 1 queen. Black has 1 knight, 2 bishops. Using standard piece values, who has the material advantage and by how many points?",White is ahead by 19 point(s),White is ahead by 21 point(s),Black is ahead by 18 point(s),White is ahead by 22 point(s),A,"White's material = 28. Black's material = 9. Difference = 19, so White is ahead by 19 point(s).",Chess,Piece Values
"Using standard piece values (pawn=1, knight=3, bishop=3, rook=5, queen=9), what is the total material value of: 4 pawns, 1 knight, 2 bishops, 1 rook, 1 queen?",27,31,24,26,A,Total value = 4×1 + 1×3 + 2×3 + 1×5 + 1×9 = 27.,Chess,Piece Values
"Using standard piece values (pawn=1, knight=3, bishop=3, rook=5, queen=9), what is the total material value of: 6 pawns, 1 knight, 2 bishops, 2 rooks?",21,25,29,26,B,Total value = 6×1 + 1×3 + 2×3 + 2×5 = 25.,Chess,Piece Values
"White has 7 pawns, 2 knights, 1 rook. Black has 2 pawns, 2 knights, 2 rooks, 1 queen. Using standard piece values, who has the material advantage and by how many points?",Black is ahead by 7 point(s),Black is ahead by 11 point(s),Black is ahead by 9 point(s),Black is ahead by 6 point(s),C,"White's material = 18. Black's material = 27. Difference = 9, so Black is ahead by 9 point(s).",Chess,Piece Values
"Using standard piece values (pawn=1, knight=3, bishop=3, rook=5, queen=9), what is the total material value of: 3 pawns, 2 knights, 2 bishops, 1 queen?",24,21,26,23,A,Total value = 3×1 + 2×3 + 2×3 + 1×9 = 24.,Chess,Piece Values
Which statement correctly describes the queen's movement?,"a position where a king is in check and there is no legal move to escape it, ending the game","the most powerful piece, able to move any number of squares horizontally, vertically, or diagonally","the phase of a chess game following the opening, where tactical and strategic battles typically occur",a rule allowing a draw to be claimed if the same position occurs three times with the same player to move,B,"By definition, the queen's movement is: the most powerful piece, able to move any number of squares horizontally, vertically, or diagonally",Chess,Piece Movement
"White has 6 pawns, 1 knight, 1 bishop, 1 rook. Black has 1 pawn, 1 queen. Using standard piece values, who has the material advantage and by how many points?",White is ahead by 5 point(s),White is ahead by 9 point(s),White is ahead by 7 point(s),Black is ahead by 5 point(s),C,"White's material = 17. Black's material = 10. Difference = 7, so White is ahead by 7 point(s).",Chess,Piece Values
"White has 2 bishops, 1 queen. Black has 3 pawns. Using standard piece values, who has the material advantage and by how many points?",Black is ahead by 15 point(s),White is ahead by 13 point(s),White is ahead by 12 point(s),Black is ahead by 11 point(s),C,"White's material = 15. Black's material = 3. Difference = 12, so White is ahead by 12 point(s).",Chess,Piece Values
"White has 3 pawns, 1 knight, 2 bishops, 1 rook, 1 queen. Black has 6 pawns, 1 bishop, 1 rook. Using standard piece values, who has the material advantage and by how many points?",Black is ahead by 15 point(s),White is ahead by 9 point(s),White is ahead by 11 point(s),White is ahead by 12 point(s),D,"White's material = 26. Black's material = 14. Difference = 12, so White is ahead by 12 point(s).",Chess,Piece Values
"White has 5 pawns, 1 knight, 1 queen. Black has 4 pawns, 1 bishop. Using standard piece values, who has the material advantage and by how many points?",White is ahead by 10 point(s),White is ahead by 9 point(s),White is ahead by 13 point(s),White is ahead by 8 point(s),A,"White's material = 17. Black's material = 7. Difference = 10, so White is ahead by 10 point(s).",Chess,Piece Values
"Which term matches this description: ""a checkmate delivered by a knight where the king is unable to move because it is surrounded by its own pieces""?",a fork,zugzwang,a skewer,a smothered mate,D,The description matches a smothered mate: a checkmate delivered by a knight where the king is unable to move because it is surrounded by its own pieces,Chess,Tactics
"White has 1 bishop, 2 rooks, 1 queen. Black has 4 pawns, 1 rook, 1 queen. Using standard piece values, who has the material advantage and by how many points?",White is ahead by 6 point(s),White is ahead by 4 point(s),White is ahead by 1 point(s),Black is ahead by 5 point(s),B,"White's material = 22. Black's material = 18. Difference = 4, so White is ahead by 4 point(s).",Chess,Piece Values
"White has 3 pawns, 1 knight, 1 queen. Black has 8 pawns, 1 knight, 1 queen. Using standard piece values, who has the material advantage and by how many points?",Black is ahead by 5 point(s),White is ahead by 3 point(s),White is ahead by 4 point(s),White is ahead by 2 point(s),A,"White's material = 15. Black's material = 20. Difference = 5, so Black is ahead by 5 point(s).",Chess,Piece Values
"White has 8 pawns, 2 knights, 1 bishop, 2 rooks, 1 queen. Black has 1 pawn, 1 bishop, 1 rook. Using standard piece values, who has the material advantage and by how many points?",Black is ahead by 28 point(s),White is ahead by 26 point(s),Black is ahead by 26 point(s),White is ahead by 27 point(s),D,"White's material = 36. Black's material = 9. Difference = 27, so White is ahead by 27 point(s).",Chess,Piece Values
"White has 1 pawn, 2 knights, 2 bishops, 2 rooks. Black has 5 pawns, 2 bishops, 2 rooks, 1 queen. Using standard piece values, who has the material advantage and by how many points?",White is ahead by 9 point(s),Black is ahead by 7 point(s),Black is ahead by 9 point(s),White is ahead by 10 point(s),B,"White's material = 23. Black's material = 30. Difference = 7, so Black is ahead by 7 point(s).",Chess,Piece Values
"White has 8 pawns, 1 rook. Black has 5 pawns, 2 bishops, 1 rook. Using standard piece values, who has the material advantage and by how many points?",Black is ahead by 6 point(s),Black is ahead by 1 point(s),Black is ahead by 3 point(s),White is ahead by 2 point(s),C,"White's material = 13. Black's material = 16. Difference = 3, so Black is ahead by 3 point(s).",Chess,Piece Values
"White has 7 pawns, 2 bishops, 1 rook, 1 queen. Black has 2 pawns, 2 knights, 2 bishops. Using standard piece values, who has the material advantage and by how many points?",White is ahead by 13 point(s),White is ahead by 11 point(s),White is ahead by 15 point(s),White is ahead by 12 point(s),A,"White's material = 27. Black's material = 14. Difference = 13, so White is ahead by 13 point(s).",Chess,Piece Values
"White has 2 pawns, 1 bishop, 1 queen. Black has 3 pawns, 2 knights, 1 bishop, 1 rook. Using standard piece values, who has the material advantage and by how many points?",White is ahead by 4 point(s),Black is ahead by 1 point(s),Black is ahead by 3 point(s),White is ahead by 1 point(s),C,"White's material = 14. Black's material = 17. Difference = 3, so Black is ahead by 3 point(s).",Chess,Piece Values
"Using standard piece values (pawn=1, knight=3, bishop=3, rook=5, queen=9), what is the total material value of: 8 pawns, 1 rook?",11,13,14,12,B,Total value = 8×1 + 1×5 = 13.,Chess,Piece Values
"Using standard piece values (pawn=1, knight=3, bishop=3, rook=5, queen=9), what is the total material value of: 1 pawn, 2 knights, 2 bishops, 1 rook, 1 queen?",27,30,24,28,A,Total value = 1×1 + 2×3 + 2×3 + 1×5 + 1×9 = 27.,Chess,Piece Values
"White has 5 pawns, 2 knights, 1 rook, 1 queen. Black has 2 pawns, 1 knight, 2 bishops, 2 rooks, 1 queen. Using standard piece values, who has the material advantage and by how many points?",White is ahead by 3 point(s),Black is ahead by 5 point(s),White is ahead by 6 point(s),Black is ahead by 6 point(s),B,"White's material = 25. Black's material = 30. Difference = 5, so Black is ahead by 5 point(s).",Chess,Piece Values
What is the pawn's movement?,a tactic where one piece attacks two or more enemy pieces simultaneously,an Indian chess Grandmaster who was World Chess Champion from 2007 to 2013,"the highest title a chess player can attain, awarded by FIDE",a piece that moves forward one square (or two on its first move) and captures diagonally,D,the pawn's movement is: a piece that moves forward one square (or two on its first move) and captures diagonally,Chess,Piece Movement
"White has 7 pawns, 1 bishop, 1 rook, 1 queen. Black has 4 pawns, 1 knight, 2 bishops, 2 rooks, 1 queen. Using standard piece values, who has the material advantage and by how many points?",Black is ahead by 8 point(s),Black is ahead by 11 point(s),Black is ahead by 10 point(s),Black is ahead by 6 point(s),A,"White's material = 24. Black's material = 32. Difference = 8, so Black is ahead by 8 point(s).",Chess,Piece Values
"White has 4 pawns, 1 knight, 1 bishop, 1 rook. Black has 1 pawn, 1 knight. Using standard piece values, who has the material advantage and by how many points?",White is ahead by 11 point(s),White is ahead by 13 point(s),White is ahead by 14 point(s),Black is ahead by 12 point(s),A,"White's material = 15. Black's material = 4. Difference = 11, so White is ahead by 11 point(s).",Chess,Piece Values
"White has 7 pawns, 2 knights, 2 bishops, 2 rooks, 1 queen. Black has 2 knights, 1 bishop, 1 rook. Using standard piece values, who has the material advantage and by how many points?",White is ahead by 25 point(s),Black is ahead by 23 point(s),Black is ahead by 26 point(s),White is ahead by 24 point(s),D,"White's material = 38. Black's material = 14. Difference = 24, so White is ahead by 24 point(s).",Chess,Piece Values
"Using standard piece values (pawn=1, knight=3, bishop=3, rook=5, queen=9), what is the total material value of: 2 pawns, 2 knights, 1 bishop, 1 rook?",20,18,14,16,D,Total value = 2×1 + 2×3 + 1×3 + 1×5 = 16.,Chess,Piece Values
"White has 1 pawn, 1 knight, 1 queen. Black has 7 pawns, 1 knight, 1 bishop, 1 rook. Using standard piece values, who has the material advantage and by how many points?",White is ahead by 8 point(s),Black is ahead by 5 point(s),White is ahead by 3 point(s),Black is ahead by 2 point(s),B,"White's material = 13. Black's material = 18. Difference = 5, so Black is ahead by 5 point(s).",Chess,Piece Values
"White has 8 pawns, 2 knights, 1 bishop, 2 rooks. Black has 4 pawns, 1 knight, 1 rook, 1 queen. Using standard piece values, who has the material advantage and by how many points?",White is ahead by 5 point(s),White is ahead by 6 point(s),White is ahead by 7 point(s),Black is ahead by 7 point(s),B,"White's material = 27. Black's material = 21. Difference = 6, so White is ahead by 6 point(s).",Chess,Piece Values
"Fill in the blank: ______ refers to ""generally considered to be worth about 3 points"".",the value of a knight,the Italian Game,Viswanathan Anand,castling,A,the value of a knight refers to: generally considered to be worth about 3 points,Chess,Piece Values
"White has 2 pawns, 1 bishop, 1 rook. Black has 3 pawns, 2 knights, 2 bishops, 1 queen. Using standard piece values, who has the material advantage and by how many points?",Black is ahead by 15 point(s),White is ahead by 12 point(s),White is ahead by 16 point(s),Black is ahead by 14 point(s),D,"White's material = 10. Black's material = 24. Difference = 14, so Black is ahead by 14 point(s).",Chess,Piece Values
"White has 6 pawns, 1 knight, 2 bishops, 1 rook, 1 queen. Black has 2 knights, 1 queen. Using standard piece values, who has the material advantage and by how many points?",White is ahead by 14 point(s),Black is ahead by 12 point(s),White is ahead by 16 point(s),Black is ahead by 17 point(s),A,"White's material = 29. Black's material = 15. Difference = 14, so White is ahead by 14 point(s).",Chess,Piece Values
"White has 2 pawns, 2 bishops, 1 rook. Black has 7 pawns, 2 knights, 1 bishop, 2 rooks. Using standard piece values, who has the material advantage and by how many points?",Black is ahead by 16 point(s),White is ahead by 12 point(s),White is ahead by 16 point(s),Black is ahead by 13 point(s),D,"White's material = 13. Black's material = 26. Difference = 13, so Black is ahead by 13 point(s).",Chess,Piece Values
What is a smothered mate?,"a tactic similar to a pin, where a valuable piece is attacked and forced to move, exposing a less valuable piece behind it",a checkmate delivered by a knight where the king is unable to move because it is surrounded by its own pieces,a tactic where a piece cannot move without exposing a more valuable piece behind it to attack,a tactic where one piece attacks two or more enemy pieces simultaneously,B,a smothered mate is: a checkmate delivered by a knight where the king is unable to move because it is surrounded by its own pieces,Chess,Tactics
"White has 2 pawns, 2 knights, 1 rook, 1 queen. Black has 3 pawns, 1 bishop, 2 rooks, 1 queen. Using standard piece values, who has the material advantage and by how many points?",Black is ahead by 1 point(s),Black is ahead by 3 point(s),White is ahead by 6 point(s),White is ahead by 5 point(s),B,"White's material = 22. Black's material = 25. Difference = 3, so Black is ahead by 3 point(s).",Chess,Piece Values
"White has 7 pawns, 2 knights, 2 bishops, 1 rook. Black has 4 pawns, 2 knights, 1 bishop, 2 rooks, 1 queen. Using standard piece values, who has the material advantage and by how many points?",Black is ahead by 6 point(s),White is ahead by 11 point(s),White is ahead by 7 point(s),Black is ahead by 8 point(s),D,"White's material = 24. Black's material = 32. Difference = 8, so Black is ahead by 8 point(s).",Chess,Piece Values
"Fill in the blank: ______ refers to ""a position where a player has no legal move but their king is not in check, resulting in a draw"".",the fifty-move rule,the knight's movement,stalemate,en passant,C,"stalemate refers to: a position where a player has no legal move but their king is not in check, resulting in a draw",Chess,Rules
"White has 3 pawns, 1 knight, 2 rooks. Black has 1 pawn, 1 knight, 1 bishop, 1 rook. Using standard piece values, who has the material advantage and by how many points?",Black is ahead by 6 point(s),White is ahead by 4 point(s),Black is ahead by 5 point(s),Black is ahead by 2 point(s),B,"White's material = 16. Black's material = 12. Difference = 4, so White is ahead by 4 point(s).",Chess,Piece Values
"Using standard piece values (pawn=1, knight=3, bishop=3, rook=5, queen=9), what is the total material value of: 5 pawns, 1 knight, 2 bishops, 1 rook, 1 queen?",29,28,25,31,B,Total value = 5×1 + 1×3 + 2×3 + 1×5 + 1×9 = 28.,Chess,Piece Values
"White has 8 pawns, 1 knight, 1 bishop. Black has 2 pawns, 1 knight, 1 bishop, 1 queen. Using standard piece values, who has the material advantage and by how many points?",Black is ahead by 1 point(s),Black is ahead by 3 point(s),White is ahead by 6 point(s),White is ahead by 1 point(s),B,"White's material = 14. Black's material = 17. Difference = 3, so Black is ahead by 3 point(s).",Chess,Piece Values
"White has 2 knights, 2 rooks, 1 queen. Black has 2 knights, 2 rooks. Using standard piece values, who has the material advantage and by how many points?",Black is ahead by 12 point(s),Black is ahead by 6 point(s),White is ahead by 9 point(s),Black is ahead by 7 point(s),C,"White's material = 25. Black's material = 16. Difference = 9, so White is ahead by 9 point(s).",Chess,Piece Values
Which statement correctly describes the number of squares on a chessboard?,a former World Chess Champion widely regarded as one of the greatest players in chess history,"64 squares, arranged in an 8x8 grid",a tactic where a piece cannot move without exposing a more valuable piece behind it to attack,"a chess opening where White offers a pawn to gain central control, beginning with 1.d4 d5 2.c4",B,"By definition, the number of squares on a chessboard is: 64 squares, arranged in an 8x8 grid",Chess,Board Basics
"White has 4 pawns, 2 bishops. Black has 1 pawn, 2 knights. Using standard piece values, who has the material advantage and by how many points?",White is ahead by 3 point(s),Black is ahead by 6 point(s),Black is ahead by 1 point(s),White is ahead by 2 point(s),A,"White's material = 10. Black's material = 7. Difference = 3, so White is ahead by 3 point(s).",Chess,Piece Values
"White has 2 pawns, 2 bishops, 1 rook. Black has 5 pawns, 1 rook. Using standard piece values, who has the material advantage and by how many points?",Black is ahead by 1 point(s),White is ahead by 3 point(s),White is ahead by 1 point(s),White is ahead by 6 point(s),B,"White's material = 13. Black's material = 10. Difference = 3, so White is ahead by 3 point(s).",Chess,Piece Values
"Fill in the blank: ______ refers to ""a special move involving the king and a rook, allowing the king to move two squares toward the rook"".",a discovered attack,the Sicilian Defence,the middlegame,castling,D,"castling refers to: a special move involving the king and a rook, allowing the king to move two squares toward the rook",Chess,Special Moves
"White has 2 knights, 1 bishop, 1 queen. Black has 5 pawns, 1 bishop. Using standard piece values, who has the material advantage and by how many points?",White is ahead by 10 point(s),Black is ahead by 13 point(s),Black is ahead by 7 point(s),White is ahead by 11 point(s),A,"White's material = 18. Black's material = 8. Difference = 10, so White is ahead by 10 point(s).",Chess,Piece Values
"White has 3 pawns, 1 knight, 1 bishop, 1 rook, 1 queen. Black has 4 pawns, 2 bishops, 2 rooks, 1 queen. Using standard piece values, who has the material advantage and by how many points?",Black is ahead by 6 point(s),Black is ahead by 8 point(s),Black is ahead by 3 point(s),White is ahead by 8 point(s),A,"White's material = 23. Black's material = 29. Difference = 6, so Black is ahead by 6 point(s).",Chess,Piece Values
"White has 7 pawns, 1 knight, 2 bishops, 1 rook, 1 queen. Black has 3 pawns, 1 knight, 2 bishops, 1 rook. Using standard piece values, who has the material advantage and by how many points?",White is ahead by 13 point(s),White is ahead by 12 point(s),Black is ahead by 14 point(s),White is ahead by 10 point(s),A,"White's material = 30. Black's material = 17. Difference = 13, so White is ahead by 13 point(s).",Chess,Piece Values
"Using standard piece values (pawn=1, knight=3, bishop=3, rook=5, queen=9), what is the total material value of: 6 pawns, 2 bishops, 2 rooks?",22,21,18,26,A,Total value = 6×1 + 2×3 + 2×5 = 22.,Chess,Piece Values
"White has 1 pawn, 1 knight, 1 bishop, 1 rook, 1 queen. Black has 5 pawns, 1 knight, 2 bishops. Using standard piece values, who has the material advantage and by how many points?",Black is ahead by 9 point(s),White is ahead by 10 point(s),White is ahead by 9 point(s),White is ahead by 7 point(s),D,"White's material = 21. Black's material = 14. Difference = 7, so White is ahead by 7 point(s).",Chess,Piece Values
"White has 1 pawn, 1 queen. Black has 7 pawns, 2 rooks. Using standard piece values, who has the material advantage and by how many points?",Black is ahead by 7 point(s),Black is ahead by 6 point(s),Black is ahead by 8 point(s),White is ahead by 8 point(s),A,"White's material = 10. Black's material = 17. Difference = 7, so Black is ahead by 7 point(s).",Chess,Piece Values
"White has 7 pawns, 1 rook. Black has 6 pawns. Using standard piece values, who has the material advantage and by how many points?",White is ahead by 9 point(s),White is ahead by 6 point(s),White is ahead by 4 point(s),Black is ahead by 5 point(s),B,"White's material = 12. Black's material = 6. Difference = 6, so White is ahead by 6 point(s).",Chess,Piece Values
"White has 8 pawns, 2 knights, 2 bishops, 1 queen. Black has 4 pawns, 1 bishop. Using standard piece values, who has the material advantage and by how many points?",White is ahead by 22 point(s),Black is ahead by 24 point(s),Black is ahead by 19 point(s),White is ahead by 25 point(s),A,"White's material = 29. Black's material = 7. Difference = 22, so White is ahead by 22 point(s).",Chess,Piece Values
Which statement correctly describes a Grandmaster (GM)?,a special pawn capture that can occur when a pawn moves two squares from its starting position and lands beside an opposing pawn,a classical chess opening beginning with 1.e4 e5 2.Nf3 Nc6 3.Bb5,"64 squares, arranged in an 8x8 grid","the highest title a chess player can attain, awarded by FIDE",D,"By definition, a Grandmaster (GM) is: the highest title a chess player can attain, awarded by FIDE",Chess,Titles
"In algebraic chess notation, is the square f7 a light or dark square?",dark,cannot be determined,depends on the piece,light,D,"Square f7: file f (position 6) and rank 7. Since their sum has the parity it does, f7 is a light square.",Chess,Notation
"Using standard piece values (pawn=1, knight=3, bishop=3, rook=5, queen=9), what is the total material value of: 8 pawns, 2 knights, 1 rook, 1 queen?",28,30,27,31,A,Total value = 8×1 + 2×3 + 1×5 + 1×9 = 28.,Chess,Piece Values
"White has 6 pawns, 2 bishops, 2 rooks, 1 queen. Black has 2 pawns, 2 rooks. Using standard piece values, who has the material advantage and by how many points?",White is ahead by 19 point(s),Black is ahead by 21 point(s),White is ahead by 20 point(s),Black is ahead by 22 point(s),A,"White's material = 31. Black's material = 12. Difference = 19, so White is ahead by 19 point(s).",Chess,Piece Values
"White has 2 pawns, 1 knight, 2 bishops, 1 queen. Black has 3 pawns, 1 knight, 1 queen. Using standard piece values, who has the material advantage and by how many points?",White is ahead by 5 point(s),White is ahead by 4 point(s),White is ahead by 8 point(s),Black is ahead by 3 point(s),A,"White's material = 20. Black's material = 15. Difference = 5, so White is ahead by 5 point(s).",Chess,Piece Values
"White has 4 pawns, 2 bishops, 1 rook. Black has 4 pawns, 1 knight, 1 bishop, 2 rooks. Using standard piece values, who has the material advantage and by how many points?",White is ahead by 4 point(s),White is ahead by 2 point(s),White is ahead by 6 point(s),Black is ahead by 5 point(s),D,"White's material = 15. Black's material = 20. Difference = 5, so Black is ahead by 5 point(s).",Chess,Piece Values
"White has 6 pawns, 2 rooks. Black has 5 pawns, 1 knight, 1 bishop, 2 rooks. Using standard piece values, who has the material advantage and by how many points?",Black is ahead by 5 point(s),White is ahead by 2 point(s),Black is ahead by 7 point(s),White is ahead by 7 point(s),A,"White's material = 16. Black's material = 21. Difference = 5, so Black is ahead by 5 point(s).",Chess,Piece Values
"White has 6 pawns, 2 bishops, 1 queen. Black has 1 knight, 1 bishop, 1 queen. Using standard piece values, who has the material advantage and by how many points?",White is ahead by 4 point(s),White is ahead by 3 point(s),White is ahead by 6 point(s),Black is ahead by 5 point(s),C,"White's material = 21. Black's material = 15. Difference = 6, so White is ahead by 6 point(s).",Chess,Piece Values
"Fill in the blank: ______ refers to ""64 squares, arranged in an 8x8 grid"".",the number of squares on a chessboard,the king's movement,the endgame,the French Defence,A,"the number of squares on a chessboard refers to: 64 squares, arranged in an 8x8 grid",Chess,Board Basics
"Which term matches this description: ""a method for calculating the relative skill levels of chess players, developed by Arpad Elo""?",the Elo rating system,the value of a queen,an International Master (IM),the rook's movement,A,"The description matches the Elo rating system: a method for calculating the relative skill levels of chess players, developed by Arpad Elo",Chess,Rating System
"White has 8 pawns, 2 knights, 2 bishops, 2 rooks, 1 queen. Black has 7 pawns, 1 knight, 1 bishop, 2 rooks, 1 queen. Using standard piece values, who has the material advantage and by how many points?",White is ahead by 5 point(s),White is ahead by 7 point(s),Black is ahead by 6 point(s),Black is ahead by 10 point(s),B,"White's material = 39. Black's material = 32. Difference = 7, so White is ahead by 7 point(s).",Chess,Piece Values
"White has 7 pawns, 2 bishops, 1 rook, 1 queen. Black has 5 pawns, 1 knight, 1 bishop, 2 rooks. Using standard piece values, who has the material advantage and by how many points?",White is ahead by 6 point(s),White is ahead by 7 point(s),White is ahead by 9 point(s),Black is ahead by 7 point(s),A,"White's material = 27. Black's material = 21. Difference = 6, so White is ahead by 6 point(s).",Chess,Piece Values
"White has 1 knight, 2 bishops, 2 rooks. Black has 1 pawn, 1 knight, 1 bishop, 1 rook, 1 queen. Using standard piece values, who has the material advantage and by how many points?",Black is ahead by 4 point(s),Black is ahead by 1 point(s),White is ahead by 5 point(s),Black is ahead by 2 point(s),D,"White's material = 19. Black's material = 21. Difference = 2, so Black is ahead by 2 point(s).",Chess,Piece Values
"White has 1 knight, 1 rook, 1 queen. Black has 2 pawns, 2 bishops, 1 rook. Using standard piece values, who has the material advantage and by how many points?",White is ahead by 1 point(s),Black is ahead by 6 point(s),White is ahead by 4 point(s),Black is ahead by 3 point(s),C,"White's material = 17. Black's material = 13. Difference = 4, so White is ahead by 4 point(s).",Chess,Piece Values
"White has 6 pawns, 1 knight, 1 bishop, 1 rook. Black has 3 pawns, 1 bishop, 1 queen. Using standard piece values, who has the material advantage and by how many points?",Black is ahead by 4 point(s),White is ahead by 4 point(s),White is ahead by 1 point(s),White is ahead by 2 point(s),D,"White's material = 17. Black's material = 15. Difference = 2, so White is ahead by 2 point(s).",Chess,Piece Values
"White has 3 pawns, 2 rooks, 1 queen. Black has 3 pawns, 2 knights, 1 bishop, 1 rook. Using standard piece values, who has the material advantage and by how many points?",Black is ahead by 3 point(s),White is ahead by 3 point(s),White is ahead by 7 point(s),White is ahead by 5 point(s),D,"White's material = 22. Black's material = 17. Difference = 5, so White is ahead by 5 point(s).",Chess,Piece Values
"Using standard piece values (pawn=1, knight=3, bishop=3, rook=5, queen=9), what is the total material value of: 7 pawns, 1 knight, 1 bishop, 2 rooks?",23,22,21,26,A,Total value = 7×1 + 1×3 + 1×3 + 2×5 = 23.,Chess,Piece Values
"White has 4 pawns, 1 knight. Black has 4 pawns, 1 bishop, 1 rook. Using standard piece values, who has the material advantage and by how many points?",White is ahead by 6 point(s),Black is ahead by 5 point(s),White is ahead by 3 point(s),White is ahead by 8 point(s),B,"White's material = 7. Black's material = 12. Difference = 5, so Black is ahead by 5 point(s).",Chess,Piece Values
"Using standard piece values (pawn=1, knight=3, bishop=3, rook=5, queen=9), what is the total material value of: 2 pawns, 1 bishop, 1 rook, 1 queen?",18,19,22,20,B,Total value = 2×1 + 1×3 + 1×5 + 1×9 = 19.,Chess,Piece Values
"White has 8 pawns, 2 bishops, 2 rooks, 1 queen. Black has 7 pawns, 1 knight, 1 queen. Using standard piece values, who has the material advantage and by how many points?",White is ahead by 14 point(s),Black is ahead by 13 point(s),Black is ahead by 11 point(s),Black is ahead by 17 point(s),A,"White's material = 33. Black's material = 19. Difference = 14, so White is ahead by 14 point(s).",Chess,Piece Values
"Using standard piece values (pawn=1, knight=3, bishop=3, rook=5, queen=9), what is the total material value of: 1 bishop, 1 queen?",15,12,13,14,B,Total value = 1×3 + 1×9 = 12.,Chess,Piece Values
"White has 4 pawns, 2 bishops, 1 rook. Black has 3 pawns, 1 knight, 1 rook, 1 queen. Using standard piece values, who has the material advantage and by how many points?",Black is ahead by 2 point(s),Black is ahead by 5 point(s),Black is ahead by 8 point(s),Black is ahead by 4 point(s),B,"White's material = 15. Black's material = 20. Difference = 5, so Black is ahead by 5 point(s).",Chess,Piece Values
"Fill in the blank: ______ refers to ""a rule stating that a player can claim a draw if no capture or pawn move has occurred in the last fifty moves"".",the knight's movement,pawn promotion,the fifty-move rule,a pin,C,the fifty-move rule refers to: a rule stating that a player can claim a draw if no capture or pawn move has occurred in the last fifty moves,Chess,Rules
"White has 6 pawns, 1 knight, 1 rook, 1 queen. Black has 7 pawns, 1 knight, 1 bishop, 1 queen. Using standard piece values, who has the material advantage and by how many points?",White is ahead by 3 point(s),White is ahead by 1 point(s),White is ahead by 2 point(s),White is ahead by 4 point(s),B,"White's material = 23. Black's material = 22. Difference = 1, so White is ahead by 1 point(s).",Chess,Piece Values
"White has 2 pawns, 1 knight, 2 rooks, 1 queen. Black has 8 pawns, 2 rooks. Using standard piece values, who has the material advantage and by how many points?",Black is ahead by 7 point(s),White is ahead by 7 point(s),White is ahead by 6 point(s),Black is ahead by 9 point(s),C,"White's material = 24. Black's material = 18. Difference = 6, so White is ahead by 6 point(s).",Chess,Piece Values
"White has 3 pawns, 1 bishop, 2 rooks. Black has 7 pawns, 2 knights, 2 rooks. Using standard piece values, who has the material advantage and by how many points?",Black is ahead by 8 point(s),Black is ahead by 9 point(s),Black is ahead by 10 point(s),Black is ahead by 7 point(s),D,"White's material = 16. Black's material = 23. Difference = 7, so Black is ahead by 7 point(s).",Chess,Piece Values
"White has 2 pawns, 2 knights, 2 bishops, 1 rook, 1 queen. Black has 8 pawns, 1 knight, 2 bishops, 1 rook, 1 queen. Using standard piece values, who has the material advantage and by how many points?",White is ahead by 4 point(s),Black is ahead by 3 point(s),White is ahead by 6 point(s),Black is ahead by 6 point(s),B,"White's material = 28. Black's material = 31. Difference = 3, so Black is ahead by 3 point(s).",Chess,Piece Values
"In algebraic chess notation, is the square e8 a light or dark square?",light,depends on the piece,cannot be determined,dark,A,"Square e8: file e (position 5) and rank 8. Since their sum has the parity it does, e8 is a light square.",Chess,Notation
"In algebraic chess notation, is the square c3 a light or dark square?",light,depends on the piece,dark,cannot be determined,C,"Square c3: file c (position 3) and rank 3. Since their sum has the parity it does, c3 is a dark square.",Chess,Notation
"White has 3 pawns, 1 knight, 1 bishop, 1 rook. Black has 3 pawns, 2 knights, 2 bishops, 2 rooks. Using standard piece values, who has the material advantage and by how many points?",Black is ahead by 8 point(s),Black is ahead by 10 point(s),White is ahead by 8 point(s),Black is ahead by 11 point(s),D,"White's material = 14. Black's material = 25. Difference = 11, so Black is ahead by 11 point(s).",Chess,Piece Values
"White has 4 pawns, 2 bishops, 1 rook. Black has 4 pawns, 1 knight, 1 bishop, 1 queen. Using standard piece values, who has the material advantage and by how many points?",Black is ahead by 7 point(s),White is ahead by 1 point(s),Black is ahead by 6 point(s),Black is ahead by 4 point(s),D,"White's material = 15. Black's material = 19. Difference = 4, so Black is ahead by 4 point(s).",Chess,Piece Values
"White has 6 pawns, 1 knight, 1 bishop, 1 queen. Black has 5 pawns, 1 knight, 1 queen. Using standard piece values, who has the material advantage and by how many points?",Black is ahead by 2 point(s),White is ahead by 4 point(s),Black is ahead by 1 point(s),White is ahead by 2 point(s),B,"White's material = 21. Black's material = 17. Difference = 4, so White is ahead by 4 point(s).",Chess,Piece Values
"White has 1 pawn, 1 knight, 2 bishops, 1 queen. Black has 2 pawns. Using standard piece values, who has the material advantage and by how many points?",Black is ahead by 18 point(s),White is ahead by 17 point(s),White is ahead by 18 point(s),White is ahead by 19 point(s),B,"White's material = 19. Black's material = 2. Difference = 17, so White is ahead by 17 point(s).",Chess,Piece Values
"White has 8 pawns, 1 knight, 2 bishops, 1 rook. Black has 8 pawns, 2 knights, 1 bishop, 2 rooks, 1 queen. Using standard piece values, who has the material advantage and by how many points?",Black is ahead by 12 point(s),White is ahead by 13 point(s),Black is ahead by 14 point(s),Black is ahead by 16 point(s),C,"White's material = 22. Black's material = 36. Difference = 14, so Black is ahead by 14 point(s).",Chess,Piece Values
Which statement correctly describes the value of a queen?,"generally considered to be worth about 9 points, the most powerful piece on the board","a chess opening where White offers a pawn to gain central control, beginning with 1.d4 d5 2.c4",the initial stage of a chess game focused on piece development and controlling the centre,a checkmate delivered by a knight where the king is unable to move because it is surrounded by its own pieces,A,"By definition, the value of a queen is: generally considered to be worth about 9 points, the most powerful piece on the board",Chess,Piece Values
"White has 3 pawns, 2 bishops, 2 rooks. Black has 2 knights, 1 rook. Using standard piece values, who has the material advantage and by how many points?",Black is ahead by 7 point(s),White is ahead by 9 point(s),White is ahead by 11 point(s),White is ahead by 8 point(s),D,"White's material = 19. Black's material = 11. Difference = 8, so White is ahead by 8 point(s).",Chess,Piece Values
"Fill in the blank: ______ refers to ""a chess opening beginning with 1.e4 e5 2.Nf3 Nc6 3.Bc4"".",the Italian Game,Anatoly Karpov,a pin,the king's movement,A,the Italian Game refers to: a chess opening beginning with 1.e4 e5 2.Nf3 Nc6 3.Bc4,Chess,Openings
Which statement correctly describes a skewer?,a tactic where one piece attacks two or more enemy pieces simultaneously,a tactic where a piece cannot move without exposing a more valuable piece behind it to attack,a checkmate delivered by a knight where the king is unable to move because it is surrounded by its own pieces,"a tactic similar to a pin, where a valuable piece is attacked and forced to move, exposing a less valuable piece behind it",D,"By definition, a skewer is: a tactic similar to a pin, where a valuable piece is attacked and forced to move, exposing a less valuable piece behind it",Chess,Tactics
"Using standard piece values (pawn=1, knight=3, bishop=3, rook=5, queen=9), what is the total material value of: 4 pawns, 2 knights?",10,14,13,7,A,Total value = 4×1 + 2×3 = 10.,Chess,Piece Values
"White has 2 pawns, 1 rook. Black has 5 pawns, 1 knight, 2 bishops, 1 queen. Using standard piece values, who has the material advantage and by how many points?",Black is ahead by 16 point(s),Black is ahead by 19 point(s),Black is ahead by 17 point(s),Black is ahead by 13 point(s),A,"White's material = 7. Black's material = 23. Difference = 16, so Black is ahead by 16 point(s).",Chess,Piece Values
"Using standard piece values (pawn=1, knight=3, bishop=3, rook=5, queen=9), what is the total material value of: 6 pawns, 1 knight, 1 bishop?",10,12,13,15,B,Total value = 6×1 + 1×3 + 1×3 = 12.,Chess,Piece Values
What is the number of squares on a chessboard?,"64 squares, arranged in an 8x8 grid",a Soviet/Russian chess Grandmaster who was World Chess Champion in the 1970s and 1980s,"the final phase of a chess game, typically when few pieces remain on the board",the standard method of recording chess moves using letters (a-h) for files and numbers (1-8) for ranks,A,"the number of squares on a chessboard is: 64 squares, arranged in an 8x8 grid",Chess,Board Basics
"Using standard piece values (pawn=1, knight=3, bishop=3, rook=5, queen=9), what is the total material value of: 1 pawn, 1 knight, 2 bishops?",14,8,10,9,C,Total value = 1×1 + 1×3 + 2×3 = 10.,Chess,Piece Values
"White has 1 pawn, 1 knight. Black has 5 pawns, 1 knight, 2 bishops, 1 rook, 1 queen. Using standard piece values, who has the material advantage and by how many points?",White is ahead by 25 point(s),White is ahead by 26 point(s),Black is ahead by 27 point(s),Black is ahead by 24 point(s),D,"White's material = 4. Black's material = 28. Difference = 24, so Black is ahead by 24 point(s).",Chess,Piece Values
"Using standard piece values (pawn=1, knight=3, bishop=3, rook=5, queen=9), what is the total material value of: 1 knight, 2 bishops?",9,12,8,6,A,Total value = 1×3 + 2×3 = 9.,Chess,Piece Values
"White has 7 pawns, 1 knight, 2 rooks. Black has 1 pawn, 2 knights, 1 bishop, 1 rook. Using standard piece values, who has the material advantage and by how many points?",White is ahead by 5 point(s),Black is ahead by 8 point(s),Black is ahead by 3 point(s),Black is ahead by 6 point(s),A,"White's material = 20. Black's material = 15. Difference = 5, so White is ahead by 5 point(s).",Chess,Piece Values
"Using standard piece values (pawn=1, knight=3, bishop=3, rook=5, queen=9), what is the total material value of: 5 pawns, 1 knight, 2 bishops?",11,18,16,14,D,Total value = 5×1 + 1×3 + 2×3 = 14.,Chess,Piece Values
What is the value of a rook?,"16 pieces: 8 pawns, 2 rooks, 2 knights, 2 bishops, 1 queen, and 1 king",generally considered to be worth about 3 points,generally considered to be worth about 5 points,a chess opening beginning with 1.e4 e6,C,the value of a rook is: generally considered to be worth about 5 points,Chess,Piece Values
"White has 4 pawns, 2 knights, 1 bishop, 2 rooks. Black has 6 pawns, 2 bishops, 1 queen. Using standard piece values, who has the material advantage and by how many points?",White is ahead by 2 point(s),Black is ahead by 4 point(s),White is ahead by 1 point(s),White is ahead by 4 point(s),A,"White's material = 23. Black's material = 21. Difference = 2, so White is ahead by 2 point(s).",Chess,Piece Values
"White has 6 pawns, 2 bishops, 1 rook, 1 queen. Black has 2 pawns, 1 knight, 1 bishop, 1 rook. Using standard piece values, who has the material advantage and by how many points?",White is ahead by 12 point(s),White is ahead by 13 point(s),Black is ahead by 14 point(s),Black is ahead by 11 point(s),B,"White's material = 26. Black's material = 13. Difference = 13, so White is ahead by 13 point(s).",Chess,Piece Values
"White has 5 pawns, 1 bishop, 1 rook, 1 queen. Black has 4 pawns, 1 knight, 2 bishops, 1 rook. Using standard piece values, who has the material advantage and by how many points?",White is ahead by 5 point(s),Black is ahead by 6 point(s),White is ahead by 4 point(s),Black is ahead by 5 point(s),C,"White's material = 22. Black's material = 18. Difference = 4, so White is ahead by 4 point(s).",Chess,Piece Values
"Using standard piece values (pawn=1, knight=3, bishop=3, rook=5, queen=9), what is the total material value of: 6 pawns, 1 knight, 1 queen?",17,22,16,18,D,Total value = 6×1 + 1×3 + 1×9 = 18.,Chess,Piece Values
"Using standard piece values (pawn=1, knight=3, bishop=3, rook=5, queen=9), what is the total material value of: 2 bishops, 1 rook, 1 queen?",20,22,17,18,A,Total value = 2×3 + 1×5 + 1×9 = 20.,Chess,Piece Values
"Using standard piece values (pawn=1, knight=3, bishop=3, rook=5, queen=9), what is the total material value of: 1 bishop, 2 rooks, 1 queen?",22,20,24,19,A,Total value = 1×3 + 2×5 + 1×9 = 22.,Chess,Piece Values
"Which term matches this description: ""a piece that can move one square in any direction, but cannot move into check""?",the value of a bishop,the value of a pawn,the king's movement,Garry Kasparov,C,"The description matches the king's movement: a piece that can move one square in any direction, but cannot move into check",Chess,Piece Movement
"White has 5 pawns, 1 knight, 1 bishop, 1 rook. Black has 1 pawn, 2 bishops, 1 rook, 1 queen. Using standard piece values, who has the material advantage and by how many points?",White is ahead by 7 point(s),Black is ahead by 3 point(s),Black is ahead by 2 point(s),Black is ahead by 5 point(s),D,"White's material = 16. Black's material = 21. Difference = 5, so Black is ahead by 5 point(s).",Chess,Piece Values
"White has 8 pawns, 2 knights, 2 bishops, 1 rook, 1 queen. Black has 2 pawns, 2 knights, 1 bishop, 1 rook. Using standard piece values, who has the material advantage and by how many points?",Black is ahead by 20 point(s),White is ahead by 16 point(s),Black is ahead by 21 point(s),White is ahead by 18 point(s),D,"White's material = 34. Black's material = 16. Difference = 18, so White is ahead by 18 point(s).",Chess,Piece Values
"Using standard piece values (pawn=1, knight=3, bishop=3, rook=5, queen=9), what is the total material value of: 2 pawns, 1 bishop, 2 rooks?",11,18,19,15,D,Total value = 2×1 + 1×3 + 2×5 = 15.,Chess,Piece Values
What is the Queen's Gambit?,"one of the most popular chess openings, beginning with 1.e4 c5","a chess opening where White offers a pawn to gain central control, beginning with 1.d4 d5 2.c4","the most powerful piece, able to move any number of squares horizontally, vertically, or diagonally",a tactic where moving one piece reveals an attack from another piece behind it,B,"the Queen's Gambit is: a chess opening where White offers a pawn to gain central control, beginning with 1.d4 d5 2.c4",Chess,Openings
"White has 2 pawns, 2 bishops, 2 rooks. Black has 3 pawns, 1 knight, 2 bishops, 1 rook, 1 queen. Using standard piece values, who has the material advantage and by how many points?",White is ahead by 7 point(s),White is ahead by 9 point(s),Black is ahead by 8 point(s),Black is ahead by 9 point(s),C,"White's material = 18. Black's material = 26. Difference = 8, so Black is ahead by 8 point(s).",Chess,Piece Values
"White has 7 pawns, 2 knights, 2 bishops, 1 rook. Black has 8 pawns, 2 knights, 1 rook, 1 queen. Using standard piece values, who has the material advantage and by how many points?",Black is ahead by 4 point(s),Black is ahead by 3 point(s),White is ahead by 5 point(s),Black is ahead by 2 point(s),A,"White's material = 24. Black's material = 28. Difference = 4, so Black is ahead by 4 point(s).",Chess,Piece Values
"Using standard piece values (pawn=1, knight=3, bishop=3, rook=5, queen=9), what is the total material value of: 8 pawns, 1 bishop, 1 rook?",16,13,17,18,A,Total value = 8×1 + 1×3 + 1×5 = 16.,Chess,Piece Values
What is the value of a queen?,"the rule allowing a pawn that reaches the farthest rank to be promoted to any other piece, usually a queen","64 squares, arranged in an 8x8 grid",a former World Chess Champion widely regarded as one of the greatest players in chess history,"generally considered to be worth about 9 points, the most powerful piece on the board",D,"the value of a queen is: generally considered to be worth about 9 points, the most powerful piece on the board",Chess,Piece Values
"White has 7 pawns, 2 knights, 2 bishops, 2 rooks, 1 queen. Black has 8 pawns, 1 bishop, 1 queen. Using standard piece values, who has the material advantage and by how many points?",Black is ahead by 19 point(s),White is ahead by 18 point(s),Black is ahead by 17 point(s),White is ahead by 20 point(s),B,"White's material = 38. Black's material = 20. Difference = 18, so White is ahead by 18 point(s).",Chess,Piece Values
Which statement correctly describes the endgame?,"a situation where a player is at a disadvantage because they must make a move, and any move worsens their position","the Fédération Internationale des Échecs, the international governing body of chess",a chess opening beginning with 1.e4 e5 2.Nf3 Nc6 3.Bc4,"the final phase of a chess game, typically when few pieces remain on the board",D,"By definition, the endgame is: the final phase of a chess game, typically when few pieces remain on the board",Chess,Game Phases
"White has 7 pawns, 2 bishops, 2 rooks, 1 queen. Black has 1 pawn, 1 knight, 1 bishop, 1 rook. Using standard piece values, who has the material advantage and by how many points?",Black is ahead by 22 point(s),Black is ahead by 21 point(s),White is ahead by 20 point(s),White is ahead by 19 point(s),C,"White's material = 32. Black's material = 12. Difference = 20, so White is ahead by 20 point(s).",Chess,Piece Values
"Using standard piece values (pawn=1, knight=3, bishop=3, rook=5, queen=9), what is the total material value of: 7 pawns, 1 knight, 2 bishops, 2 rooks?",30,22,28,26,D,Total value = 7×1 + 1×3 + 2×3 + 2×5 = 26.,Chess,Piece Values
"White has 2 knights, 1 rook. Black has 4 pawns, 1 knight, 2 bishops. Using standard piece values, who has the material advantage and by how many points?",Black is ahead by 2 point(s),White is ahead by 4 point(s),Black is ahead by 1 point(s),Black is ahead by 5 point(s),A,"White's material = 11. Black's material = 13. Difference = 2, so Black is ahead by 2 point(s).",Chess,Piece Values
"White has 2 pawns, 2 bishops. Black has 1 knight, 2 bishops, 1 queen. Using standard piece values, who has the material advantage and by how many points?",White is ahead by 9 point(s),White is ahead by 8 point(s),Black is ahead by 10 point(s),Black is ahead by 9 point(s),C,"White's material = 8. Black's material = 18. Difference = 10, so Black is ahead by 10 point(s).",Chess,Piece Values
"Using standard piece values (pawn=1, knight=3, bishop=3, rook=5, queen=9), what is the total material value of: 6 pawns, 2 bishops, 1 queen?",21,17,18,22,A,Total value = 6×1 + 2×3 + 1×9 = 21.,Chess,Piece Values
"Fill in the blank: ______ refers to ""generally considered to be worth about 9 points, the most powerful piece on the board"".",the queen's movement,Bobby Fischer,the value of a queen,stalemate,C,"the value of a queen refers to: generally considered to be worth about 9 points, the most powerful piece on the board",Chess,Piece Values
"White has 2 pawns, 2 rooks, 1 queen. Black has 5 pawns, 2 knights, 1 bishop, 2 rooks. Using standard piece values, who has the material advantage and by how many points?",Black is ahead by 5 point(s),Black is ahead by 3 point(s),Black is ahead by 4 point(s),White is ahead by 1 point(s),B,"White's material = 21. Black's material = 24. Difference = 3, so Black is ahead by 3 point(s).",Chess,Piece Values
"In algebraic chess notation, is the square e7 a light or dark square?",light,depends on the piece,cannot be determined,dark,D,"Square e7: file e (position 5) and rank 7. Since their sum has the parity it does, e7 is a dark square.",Chess,Notation
What is stalemate?,"a position where a player has no legal move but their king is not in check, resulting in a draw","the Fédération Internationale des Échecs, the international governing body of chess","generally considered to be worth about 9 points, the most powerful piece on the board",generally considered to be worth about 3 points,A,"stalemate is: a position where a player has no legal move but their king is not in check, resulting in a draw",Chess,Rules
"Using standard piece values (pawn=1, knight=3, bishop=3, rook=5, queen=9), what is the total material value of: 1 pawn, 1 knight, 1 queen?",11,15,13,10,C,Total value = 1×1 + 1×3 + 1×9 = 13.,Chess,Piece Values
"White has 2 knights, 2 bishops, 1 rook, 1 queen. Black has 3 pawns, 1 knight, 2 rooks. Using standard piece values, who has the material advantage and by how many points?",White is ahead by 9 point(s),White is ahead by 11 point(s),Black is ahead by 8 point(s),White is ahead by 10 point(s),D,"White's material = 26. Black's material = 16. Difference = 10, so White is ahead by 10 point(s).",Chess,Piece Values
"Using standard piece values (pawn=1, knight=3, bishop=3, rook=5, queen=9), what is the total material value of: 6 pawns, 2 knights, 1 bishop, 2 rooks, 1 queen?",34,37,31,36,A,Total value = 6×1 + 2×3 + 1×3 + 2×5 + 1×9 = 34.,Chess,Piece Values
"White has 1 pawn, 1 bishop, 1 queen. Black has 2 pawns, 1 rook. Using standard piece values, who has the material advantage and by how many points?",White is ahead by 9 point(s),White is ahead by 6 point(s),Black is ahead by 7 point(s),Black is ahead by 9 point(s),B,"White's material = 13. Black's material = 7. Difference = 6, so White is ahead by 6 point(s).",Chess,Piece Values
"White has 1 pawn, 2 knights, 2 bishops, 2 rooks, 1 queen. Black has 8 pawns, 1 knight, 1 bishop, 1 queen. Using standard piece values, who has the material advantage and by how many points?",Black is ahead by 10 point(s),Black is ahead by 12 point(s),Black is ahead by 7 point(s),White is ahead by 9 point(s),D,"White's material = 32. Black's material = 23. Difference = 9, so White is ahead by 9 point(s).",Chess,Piece Values
"White has 2 pawns, 1 knight, 2 bishops. Black has 4 pawns, 1 knight, 2 bishops, 2 rooks. Using standard piece values, who has the material advantage and by how many points?",Black is ahead by 14 point(s),White is ahead by 15 point(s),White is ahead by 11 point(s),Black is ahead by 12 point(s),D,"White's material = 11. Black's material = 23. Difference = 12, so Black is ahead by 12 point(s).",Chess,Piece Values
Which statement correctly describes the Italian Game?,"64 squares, arranged in an 8x8 grid",a chess opening beginning with 1.e4 e5 2.Nf3 Nc6 3.Bc4,"a special move involving the king and a rook, allowing the king to move two squares toward the rook",a rule stating that a player can claim a draw if no capture or pawn move has occurred in the last fifty moves,B,"By definition, the Italian Game is: a chess opening beginning with 1.e4 e5 2.Nf3 Nc6 3.Bc4",Chess,Openings
"White has 5 pawns, 1 bishop, 1 rook. Black has 3 pawns, 1 knight. Using standard piece values, who has the material advantage and by how many points?",Black is ahead by 5 point(s),White is ahead by 8 point(s),White is ahead by 10 point(s),White is ahead by 7 point(s),D,"White's material = 13. Black's material = 6. Difference = 7, so White is ahead by 7 point(s).",Chess,Piece Values
Which statement correctly describes check?,an American chess Grandmaster who became World Chess Champion in 1972,"a checkmate delivered along a player's first rank, often because their own pawns block the king's escape",a situation where a king is under direct attack by an opposing piece,"a piece that can move one square in any direction, but cannot move into check",C,"By definition, check is: a situation where a king is under direct attack by an opposing piece",Chess,Rules
"Using standard piece values (pawn=1, knight=3, bishop=3, rook=5, queen=9), what is the total material value of: 2 pawns, 1 bishop?",8,9,5,6,C,Total value = 2×1 + 1×3 = 5.,Chess,Piece Values
"Using standard piece values (pawn=1, knight=3, bishop=3, rook=5, queen=9), what is the total material value of: 4 pawns, 1 knight, 2 bishops, 1 rook?",18,19,14,22,A,Total value = 4×1 + 1×3 + 2×3 + 1×5 = 18.,Chess,Piece Values
"White has 4 pawns, 1 knight, 2 rooks, 1 queen. Black has 7 pawns, 1 knight, 2 bishops, 1 rook. Using standard piece values, who has the material advantage and by how many points?",Black is ahead by 8 point(s),White is ahead by 7 point(s),White is ahead by 5 point(s),White is ahead by 3 point(s),C,"White's material = 26. Black's material = 21. Difference = 5, so White is ahead by 5 point(s).",Chess,Piece Values
"White has 7 pawns, 2 knights, 1 rook, 1 queen. Black has 7 pawns, 1 knight, 2 bishops, 2 rooks. Using standard piece values, who has the material advantage and by how many points?",Black is ahead by 1 point(s),White is ahead by 4 point(s),White is ahead by 1 point(s),Black is ahead by 3 point(s),C,"White's material = 27. Black's material = 26. Difference = 1, so White is ahead by 1 point(s).",Chess,Piece Values
"White has 7 pawns, 2 knights, 1 bishop, 1 queen. Black has 2 knights, 1 rook. Using standard piece values, who has the material advantage and by how many points?",Black is ahead by 11 point(s),Black is ahead by 15 point(s),Black is ahead by 16 point(s),White is ahead by 14 point(s),D,"White's material = 25. Black's material = 11. Difference = 14, so White is ahead by 14 point(s).",Chess,Piece Values
"White has 5 pawns, 1 knight, 2 rooks, 1 queen. Black has 2 pawns, 2 bishops, 1 rook, 1 queen. Using standard piece values, who has the material advantage and by how many points?",White is ahead by 3 point(s),White is ahead by 8 point(s),White is ahead by 7 point(s),White is ahead by 5 point(s),D,"White's material = 27. Black's material = 22. Difference = 5, so White is ahead by 5 point(s).",Chess,Piece Values
"White has 5 pawns, 2 bishops, 2 rooks. Black has 5 pawns. Using standard piece values, who has the material advantage and by how many points?",White is ahead by 16 point(s),White is ahead by 18 point(s),Black is ahead by 19 point(s),White is ahead by 15 point(s),A,"White's material = 21. Black's material = 5. Difference = 16, so White is ahead by 16 point(s).",Chess,Piece Values
"White has 7 pawns, 1 knight, 1 bishop. Black has 2 pawns, 1 knight. Using standard piece values, who has the material advantage and by how many points?",White is ahead by 6 point(s),Black is ahead by 10 point(s),Black is ahead by 9 point(s),White is ahead by 8 point(s),D,"White's material = 13. Black's material = 5. Difference = 8, so White is ahead by 8 point(s).",Chess,Piece Values
"Using standard piece values (pawn=1, knight=3, bishop=3, rook=5, queen=9), what is the total material value of: 4 pawns, 2 knights, 2 bishops, 2 rooks?",26,29,30,25,A,Total value = 4×1 + 2×3 + 2×3 + 2×5 = 26.,Chess,Piece Values
"White has 6 pawns, 2 knights, 1 bishop, 1 rook. Black has 2 pawns, 2 knights, 2 bishops, 1 queen. Using standard piece values, who has the material advantage and by how many points?",Black is ahead by 6 point(s),White is ahead by 2 point(s),Black is ahead by 3 point(s),White is ahead by 1 point(s),C,"White's material = 20. Black's material = 23. Difference = 3, so Black is ahead by 3 point(s).",Chess,Piece Values
"Using standard piece values (pawn=1, knight=3, bishop=3, rook=5, queen=9), what is the total material value of: 6 pawns, 1 rook, 1 queen?",24,20,17,21,B,Total value = 6×1 + 1×5 + 1×9 = 20.,Chess,Piece Values
"White has 8 pawns, 2 knights, 1 bishop, 2 rooks. Black has 5 pawns, 2 knights, 2 bishops, 1 rook. Using standard piece values, who has the material advantage and by how many points?",White is ahead by 5 point(s),White is ahead by 8 point(s),Black is ahead by 3 point(s),White is ahead by 3 point(s),A,"White's material = 27. Black's material = 22. Difference = 5, so White is ahead by 5 point(s).",Chess,Piece Values
Which statement correctly describes the opening phase of a game?,a chess opening beginning with 1.e4 e6,"a position where a player has no legal move but their king is not in check, resulting in a draw","one of the most popular chess openings, beginning with 1.e4 c5",the initial stage of a chess game focused on piece development and controlling the centre,D,"By definition, the opening phase of a game is: the initial stage of a chess game focused on piece development and controlling the centre",Chess,Game Phases
"White has 2 pawns, 1 knight, 1 bishop, 2 rooks. Black has 1 bishop. Using standard piece values, who has the material advantage and by how many points?",White is ahead by 18 point(s),White is ahead by 15 point(s),Black is ahead by 17 point(s),Black is ahead by 13 point(s),B,"White's material = 18. Black's material = 3. Difference = 15, so White is ahead by 15 point(s).",Chess,Piece Values
"White has 3 pawns, 1 knight, 1 queen. Black has 5 pawns, 2 knights. Using standard piece values, who has the material advantage and by how many points?",Black is ahead by 1 point(s),Black is ahead by 7 point(s),White is ahead by 4 point(s),White is ahead by 3 point(s),C,"White's material = 15. Black's material = 11. Difference = 4, so White is ahead by 4 point(s).",Chess,Piece Values
"Using standard piece values (pawn=1, knight=3, bishop=3, rook=5, queen=9), what is the total material value of: 4 pawns, 1 knight, 1 bishop, 1 queen?",19,18,21,20,A,Total value = 4×1 + 1×3 + 1×3 + 1×9 = 19.,Chess,Piece Values
What is the Sicilian Defence?,"a piece that can move one square in any direction, but cannot move into check","one of the most popular chess openings, beginning with 1.e4 c5","the rule allowing a pawn that reaches the farthest rank to be promoted to any other piece, usually a queen",a situation where a king is under direct attack by an opposing piece,B,"the Sicilian Defence is: one of the most popular chess openings, beginning with 1.e4 c5",Chess,Openings
"Using standard piece values (pawn=1, knight=3, bishop=3, rook=5, queen=9), what is the total material value of: 1 pawn, 2 rooks?",12,10,7,11,D,Total value = 1×1 + 2×5 = 11.,Chess,Piece Values
"Using standard piece values (pawn=1, knight=3, bishop=3, rook=5, queen=9), what is the total material value of: 8 pawns, 1 knight, 2 bishops, 1 rook?",22,23,25,19,A,Total value = 8×1 + 1×3 + 2×3 + 1×5 = 22.,Chess,Piece Values
"Using standard piece values (pawn=1, knight=3, bishop=3, rook=5, queen=9), what is the total material value of: 2 knights, 1 bishop?",6,9,5,7,B,Total value = 2×3 + 1×3 = 9.,Chess,Piece Values
"White has 3 pawns, 2 knights, 1 bishop, 1 rook. Black has 2 pawns, 1 knight, 2 bishops, 1 rook. Using standard piece values, who has the material advantage and by how many points?",White is ahead by 1 point(s),White is ahead by 4 point(s),White is ahead by 3 point(s),Black is ahead by 3 point(s),A,"White's material = 17. Black's material = 16. Difference = 1, so White is ahead by 1 point(s).",Chess,Piece Values
"Using standard piece values (pawn=1, knight=3, bishop=3, rook=5, queen=9), what is the total material value of: 8 pawns, 2 knights, 1 bishop?",20,18,17,14,C,Total value = 8×1 + 2×3 + 1×3 = 17.,Chess,Piece Values
"White has 5 pawns, 2 knights, 2 bishops. Black has 4 pawns, 2 knights. Using standard piece values, who has the material advantage and by how many points?",White is ahead by 4 point(s),Black is ahead by 10 point(s),White is ahead by 7 point(s),Black is ahead by 6 point(s),C,"White's material = 17. Black's material = 10. Difference = 7, so White is ahead by 7 point(s).",Chess,Piece Values
"White has 7 pawns, 2 knights, 2 bishops. Black has 4 pawns, 1 knight, 1 queen. Using standard piece values, who has the material advantage and by how many points?",White is ahead by 3 point(s),White is ahead by 5 point(s),White is ahead by 1 point(s),Black is ahead by 4 point(s),A,"White's material = 19. Black's material = 16. Difference = 3, so White is ahead by 3 point(s).",Chess,Piece Values
"White has 1 knight, 2 bishops, 1 queen. Black has 6 pawns, 1 bishop, 1 rook. Using standard piece values, who has the material advantage and by how many points?",White is ahead by 1 point(s),White is ahead by 4 point(s),White is ahead by 5 point(s),Black is ahead by 6 point(s),B,"White's material = 18. Black's material = 14. Difference = 4, so White is ahead by 4 point(s).",Chess,Piece Values
"In algebraic chess notation, is the square c2 a light or dark square?",light,depends on the piece,cannot be determined,dark,A,"Square c2: file c (position 3) and rank 2. Since their sum has the parity it does, c2 is a light square.",Chess,Notation
"White has 7 pawns, 1 knight, 1 bishop, 2 rooks, 1 queen. Black has 7 pawns, 1 knight, 1 bishop, 2 rooks. Using standard piece values, who has the material advantage and by how many points?",Black is ahead by 8 point(s),Black is ahead by 10 point(s),White is ahead by 9 point(s),White is ahead by 10 point(s),C,"White's material = 32. Black's material = 23. Difference = 9, so White is ahead by 9 point(s).",Chess,Piece Values
"White has 6 pawns, 2 knights, 1 bishop, 2 rooks. Black has 1 pawn, 1 knight, 2 rooks. Using standard piece values, who has the material advantage and by how many points?",White is ahead by 11 point(s),White is ahead by 8 point(s),Black is ahead by 12 point(s),White is ahead by 14 point(s),A,"White's material = 25. Black's material = 14. Difference = 11, so White is ahead by 11 point(s).",Chess,Piece Values
"Using standard piece values (pawn=1, knight=3, bishop=3, rook=5, queen=9), what is the total material value of: 1 queen?",9,10,8,6,A,Total value = 1×9 = 9.,Chess,Piece Values
"Using standard piece values (pawn=1, knight=3, bishop=3, rook=5, queen=9), what is the total material value of: 8 pawns, 2 knights, 1 bishop, 1 rook?",20,24,22,19,C,Total value = 8×1 + 2×3 + 1×3 + 1×5 = 22.,Chess,Piece Values
"White has 5 pawns, 1 bishop, 2 rooks, 1 queen. Black has 1 pawn, 2 bishops, 1 queen. Using standard piece values, who has the material advantage and by how many points?",White is ahead by 10 point(s),Black is ahead by 10 point(s),White is ahead by 14 point(s),White is ahead by 11 point(s),D,"White's material = 27. Black's material = 16. Difference = 11, so White is ahead by 11 point(s).",Chess,Piece Values
What is a discovered attack?,"a situation where a player is at a disadvantage because they must make a move, and any move worsens their position",a tactic where a piece cannot move without exposing a more valuable piece behind it to attack,a checkmate delivered by a knight where the king is unable to move because it is surrounded by its own pieces,a tactic where moving one piece reveals an attack from another piece behind it,D,a discovered attack is: a tactic where moving one piece reveals an attack from another piece behind it,Chess,Tactics
"Fill in the blank: ______ refers to ""a tactic where moving one piece reveals an attack from another piece behind it"".",a smothered mate,the back rank mate,a discovered attack,a skewer,C,a discovered attack refers to: a tactic where moving one piece reveals an attack from another piece behind it,Chess,Tactics
"Using standard piece values (pawn=1, knight=3, bishop=3, rook=5, queen=9), what is the total material value of: 6 pawns, 1 knight, 1 bishop, 2 rooks, 1 queen?",34,31,29,35,B,Total value = 6×1 + 1×3 + 1×3 + 2×5 + 1×9 = 31.,Chess,Piece Values
"Using standard piece values (pawn=1, knight=3, bishop=3, rook=5, queen=9), what is the total material value of: 6 pawns, 1 rook?",11,12,13,14,A,Total value = 6×1 + 1×5 = 11.,Chess,Piece Values
"White has 3 pawns, 1 knight, 2 rooks. Black has 2 pawns, 2 knights, 2 rooks, 1 queen. Using standard piece values, who has the material advantage and by how many points?",Black is ahead by 12 point(s),White is ahead by 13 point(s),Black is ahead by 10 point(s),Black is ahead by 11 point(s),D,"White's material = 16. Black's material = 27. Difference = 11, so Black is ahead by 11 point(s).",Chess,Piece Values
"Using standard piece values (pawn=1, knight=3, bishop=3, rook=5, queen=9), what is the total material value of: 1 pawn, 1 knight, 1 bishop, 1 rook?",16,12,10,14,B,Total value = 1×1 + 1×3 + 1×3 + 1×5 = 12.,Chess,Piece Values
"White has 6 pawns, 2 knights, 1 bishop. Black has 2 bishops, 2 rooks. Using standard piece values, who has the material advantage and by how many points?",Black is ahead by 1 point(s),Black is ahead by 2 point(s),White is ahead by 2 point(s),Black is ahead by 3 point(s),A,"White's material = 15. Black's material = 16. Difference = 1, so Black is ahead by 1 point(s).",Chess,Piece Values
What is Magnus Carlsen?,"the final phase of a chess game, typically when few pieces remain on the board",generally considered to be worth about 5 points,"a position where a player has no legal move but their king is not in check, resulting in a draw",a Norwegian chess Grandmaster who became World Chess Champion in 2013 and dominated top-level chess for years,D,Magnus Carlsen is: a Norwegian chess Grandmaster who became World Chess Champion in 2013 and dominated top-level chess for years,Chess,Players
"Which term matches this description: ""the base unit of value in chess, generally counted as 1 point""?",a Grandmaster (GM),the king's movement,the fifty-move rule,the value of a pawn,D,"The description matches the value of a pawn: the base unit of value in chess, generally counted as 1 point",Chess,Piece Values
"In algebraic chess notation, is the square f5 a light or dark square?",light,depends on the piece,cannot be determined,dark,A,"Square f5: file f (position 6) and rank 5. Since their sum has the parity it does, f5 is a light square.",Chess,Notation
Which statement correctly describes the Ruy López opening?,a classical chess opening beginning with 1.e4 e5 2.Nf3 Nc6 3.Bb5,a tactic where moving one piece reveals an attack from another piece behind it,a Soviet/Russian chess Grandmaster who was World Chess Champion in the 1970s and 1980s,a rule stating that a player can claim a draw if no capture or pawn move has occurred in the last fifty moves,A,"By definition, the Ruy López opening is: a classical chess opening beginning with 1.e4 e5 2.Nf3 Nc6 3.Bb5",Chess,Openings
"Using standard piece values (pawn=1, knight=3, bishop=3, rook=5, queen=9), what is the total material value of: 4 pawns, 2 rooks, 1 queen?",21,23,22,20,B,Total value = 4×1 + 2×5 + 1×9 = 23.,Chess,Piece Values
"In algebraic chess notation, is the square h2 a light or dark square?",dark,depends on the piece,cannot be determined,light,A,"Square h2: file h (position 8) and rank 2. Since their sum has the parity it does, h2 is a dark square.",Chess,Notation
"Using standard piece values (pawn=1, knight=3, bishop=3, rook=5, queen=9), what is the total material value of: 8 pawns, 2 bishops?",14,11,10,12,A,Total value = 8×1 + 2×3 = 14.,Chess,Piece Values
"White has 7 pawns. Black has 2 pawns. Using standard piece values, who has the material advantage and by how many points?",Black is ahead by 2 point(s),White is ahead by 5 point(s),Black is ahead by 6 point(s),White is ahead by 6 point(s),B,"White's material = 7. Black's material = 2. Difference = 5, so White is ahead by 5 point(s).",Chess,Piece Values
"In algebraic chess notation, is the square h8 a light or dark square?",light,depends on the piece,cannot be determined,dark,D,"Square h8: file h (position 8) and rank 8. Since their sum has the parity it does, h8 is a dark square.",Chess,Notation
"Using standard piece values (pawn=1, knight=3, bishop=3, rook=5, queen=9), what is the total material value of: 4 pawns, 2 knights, 2 bishops, 1 rook, 1 queen?",32,28,31,30,D,Total value = 4×1 + 2×3 + 2×3 + 1×5 + 1×9 = 30.,Chess,Piece Values
"Which term matches this description: ""a chess title awarded by FIDE, ranking below Grandmaster""?",check,an International Master (IM),the knight's movement,the value of a bishop,B,"The description matches an International Master (IM): a chess title awarded by FIDE, ranking below Grandmaster",Chess,Titles
"White has 8 pawns, 2 knights, 2 rooks. Black has 2 pawns, 2 knights, 1 bishop, 2 rooks, 1 queen. Using standard piece values, who has the material advantage and by how many points?",Black is ahead by 6 point(s),Black is ahead by 8 point(s),Black is ahead by 4 point(s),Black is ahead by 9 point(s),A,"White's material = 24. Black's material = 30. Difference = 6, so Black is ahead by 6 point(s).",Chess,Piece Values
"White has no pieces. Black has 1 pawn, 1 knight, 2 bishops. Using standard piece values, who has the material advantage and by how many points?",Black is ahead by 7 point(s),White is ahead by 7 point(s),Black is ahead by 10 point(s),Black is ahead by 13 point(s),C,"White's material = 0. Black's material = 10. Difference = 10, so Black is ahead by 10 point(s).",Chess,Piece Values
"White has 4 pawns, 1 knight, 1 rook. Black has 3 pawns, 1 knight, 1 rook, 1 queen. Using standard piece values, who has the material advantage and by how many points?",Black is ahead by 5 point(s),Black is ahead by 8 point(s),White is ahead by 10 point(s),Black is ahead by 9 point(s),B,"White's material = 12. Black's material = 20. Difference = 8, so Black is ahead by 8 point(s).",Chess,Piece Values
"Using standard piece values (pawn=1, knight=3, bishop=3, rook=5, queen=9), what is the total material value of: 4 pawns, 1 knight, 1 rook, 1 queen?",24,21,17,23,B,Total value = 4×1 + 1×3 + 1×5 + 1×9 = 21.,Chess,Piece Values
"White has 7 pawns, 1 knight, 1 bishop, 2 rooks. Black has 3 pawns, 2 rooks, 1 queen. Using standard piece values, who has the material advantage and by how many points?",Black is ahead by 2 point(s),White is ahead by 1 point(s),White is ahead by 4 point(s),White is ahead by 2 point(s),B,"White's material = 23. Black's material = 22. Difference = 1, so White is ahead by 1 point(s).",Chess,Piece Values
"White has 6 pawns, 1 queen. Black has 8 pawns, 2 bishops, 2 rooks, 1 queen. Using standard piece values, who has the material advantage and by how many points?",Black is ahead by 18 point(s),White is ahead by 16 point(s),Black is ahead by 21 point(s),White is ahead by 17 point(s),A,"White's material = 15. Black's material = 33. Difference = 18, so Black is ahead by 18 point(s).",Chess,Piece Values
"White has 5 pawns. Black has 1 bishop, 1 rook. Using standard piece values, who has the material advantage and by how many points?",Black is ahead by 5 point(s),Black is ahead by 3 point(s),Black is ahead by 4 point(s),Black is ahead by 2 point(s),B,"White's material = 5. Black's material = 8. Difference = 3, so Black is ahead by 3 point(s).",Chess,Piece Values
"Which term matches this description: ""a piece that moves horizontally or vertically any number of squares""?",the rook's movement,the FIDE,the endgame,Anatoly Karpov,A,The description matches the rook's movement: a piece that moves horizontally or vertically any number of squares,Chess,Piece Movement
"In algebraic chess notation, is the square d6 a light or dark square?",light,depends on the piece,dark,cannot be determined,C,"Square d6: file d (position 4) and rank 6. Since their sum has the parity it does, d6 is a dark square.",Chess,Notation
"White has 7 pawns, 1 knight, 2 bishops, 1 rook, 1 queen. Black has 4 pawns, 2 knights, 1 queen. Using standard piece values, who has the material advantage and by how many points?",Black is ahead by 14 point(s),Black is ahead by 10 point(s),White is ahead by 9 point(s),White is ahead by 11 point(s),D,"White's material = 30. Black's material = 19. Difference = 11, so White is ahead by 11 point(s).",Chess,Piece Values
"Using standard piece values (pawn=1, knight=3, bishop=3, rook=5, queen=9), what is the total material value of: 5 pawns, 2 bishops, 2 rooks, 1 queen?",34,29,30,31,C,Total value = 5×1 + 2×3 + 2×5 + 1×9 = 30.,Chess,Piece Values
"White has 3 pawns, 1 knight, 2 bishops, 1 rook. Black has 1 pawn, 2 knights, 1 rook. Using standard piece values, who has the material advantage and by how many points?",White is ahead by 8 point(s),White is ahead by 2 point(s),White is ahead by 5 point(s),Black is ahead by 7 point(s),C,"White's material = 17. Black's material = 12. Difference = 5, so White is ahead by 5 point(s).",Chess,Piece Values
"In algebraic chess notation, is the square c4 a light or dark square?",depends on the piece,cannot be determined,light,dark,C,"Square c4: file c (position 3) and rank 4. Since their sum has the parity it does, c4 is a light square.",Chess,Notation
"Using standard piece values (pawn=1, knight=3, bishop=3, rook=5, queen=9), what is the total material value of: 5 pawns, 1 knight, 2 rooks?",20,18,19,14,B,Total value = 5×1 + 1×3 + 2×5 = 18.,Chess,Piece Values
"White has 1 knight, 1 queen. Black has 8 pawns, 2 knights, 2 bishops, 2 rooks, 1 queen. Using standard piece values, who has the material advantage and by how many points?",Black is ahead by 27 point(s),Black is ahead by 26 point(s),White is ahead by 28 point(s),Black is ahead by 30 point(s),A,"White's material = 12. Black's material = 39. Difference = 27, so Black is ahead by 27 point(s).",Chess,Piece Values
"In algebraic chess notation, is the square g3 a light or dark square?",dark,light,cannot be determined,depends on the piece,A,"Square g3: file g (position 7) and rank 3. Since their sum has the parity it does, g3 is a dark square.",Chess,Notation
"Using standard piece values (pawn=1, knight=3, bishop=3, rook=5, queen=9), what is the total material value of: 6 pawns, 2 knights, 1 bishop, 1 queen?",22,24,20,25,B,Total value = 6×1 + 2×3 + 1×3 + 1×9 = 24.,Chess,Piece Values
"White has 3 pawns, 2 bishops, 2 rooks, 1 queen. Black has 5 pawns, 1 bishop, 2 rooks, 1 queen. Using standard piece values, who has the material advantage and by how many points?",White is ahead by 3 point(s),White is ahead by 1 point(s),Black is ahead by 1 point(s),White is ahead by 2 point(s),B,"White's material = 28. Black's material = 27. Difference = 1, so White is ahead by 1 point(s).",Chess,Piece Values
"White has 1 pawn, 1 rook. Black has 8 pawns, 1 knight, 2 bishops, 1 rook, 1 queen. Using standard piece values, who has the material advantage and by how many points?",Black is ahead by 25 point(s),Black is ahead by 27 point(s),White is ahead by 28 point(s),Black is ahead by 22 point(s),A,"White's material = 6. Black's material = 31. Difference = 25, so Black is ahead by 25 point(s).",Chess,Piece Values
"Using standard piece values (pawn=1, knight=3, bishop=3, rook=5, queen=9), what is the total material value of: 4 pawns, 1 knight, 2 bishops, 2 rooks?",27,19,25,23,D,Total value = 4×1 + 1×3 + 2×3 + 2×5 = 23.,Chess,Piece Values
"Fill in the blank: ______ refers to ""the rule allowing a pawn that reaches the farthest rank to be promoted to any other piece, usually a queen"".",a Grandmaster (GM),the Ruy López opening,a skewer,pawn promotion,D,"pawn promotion refers to: the rule allowing a pawn that reaches the farthest rank to be promoted to any other piece, usually a queen",Chess,Special Moves
"Using standard piece values (pawn=1, knight=3, bishop=3, rook=5, queen=9), what is the total material value of: 8 pawns, 2 knights, 1 bishop, 2 rooks?",25,24,27,29,C,Total value = 8×1 + 2×3 + 1×3 + 2×5 = 27.,Chess,Piece Values
"Using standard piece values (pawn=1, knight=3, bishop=3, rook=5, queen=9), what is the total material value of: 2 knights, 2 rooks?",15,13,16,14,C,Total value = 2×3 + 2×5 = 16.,Chess,Piece Values
"Using standard piece values (pawn=1, knight=3, bishop=3, rook=5, queen=9), what is the total material value of: 3 pawns, 1 knight, 1 rook, 1 queen?",18,20,22,24,B,Total value = 3×1 + 1×3 + 1×5 + 1×9 = 20.,Chess,Piece Values
"Using standard piece values (pawn=1, knight=3, bishop=3, rook=5, queen=9), what is the total material value of: 5 pawns, 2 knights, 1 bishop, 2 rooks?",24,25,21,27,A,Total value = 5×1 + 2×3 + 1×3 + 2×5 = 24.,Chess,Piece Values
"White has 1 knight, 1 bishop, 1 queen. Black has 1 pawn, 1 knight, 2 bishops, 1 queen. Using standard piece values, who has the material advantage and by how many points?",White is ahead by 2 point(s),Black is ahead by 4 point(s),White is ahead by 1 point(s),Black is ahead by 1 point(s),B,"White's material = 15. Black's material = 19. Difference = 4, so Black is ahead by 4 point(s).",Chess,Piece Values
"Using standard piece values (pawn=1, knight=3, bishop=3, rook=5, queen=9), what is the total material value of: 1 rook, 1 queen?",18,14,13,10,B,Total value = 1×5 + 1×9 = 14.,Chess,Piece Values
"In algebraic chess notation, is the square a2 a light or dark square?",depends on the piece,light,cannot be determined,dark,B,"Square a2: file a (position 1) and rank 2. Since their sum has the parity it does, a2 is a light square.",Chess,Notation
"Fill in the blank: ______ refers to ""a chess opening beginning with 1.e4 e6"".",the French Defence,an International Master (IM),Magnus Carlsen,the fifty-move rule,A,the French Defence refers to: a chess opening beginning with 1.e4 e6,Chess,Openings
"White has 6 pawns, 1 knight, 1 bishop, 1 rook. Black has 3 pawns, 2 knights. Using standard piece values, who has the material advantage and by how many points?",White is ahead by 9 point(s),Black is ahead by 11 point(s),White is ahead by 8 point(s),Black is ahead by 5 point(s),C,"White's material = 17. Black's material = 9. Difference = 8, so White is ahead by 8 point(s).",Chess,Piece Values
"Using standard piece values (pawn=1, knight=3, bishop=3, rook=5, queen=9), what is the total material value of: 2 pawns, 1 knight, 2 rooks, 1 queen?",24,23,21,28,A,Total value = 2×1 + 1×3 + 2×5 + 1×9 = 24.,Chess,Piece Values
"Using standard piece values (pawn=1, knight=3, bishop=3, rook=5, queen=9), what is the total material value of: 6 pawns, 2 knights, 2 bishops, 1 queen?",31,29,28,27,D,Total value = 6×1 + 2×3 + 2×3 + 1×9 = 27.,Chess,Piece Values
"White has 8 pawns, 1 knight, 2 bishops. Black has 3 pawns, 1 knight, 1 bishop, 1 rook, 1 queen. Using standard piece values, who has the material advantage and by how many points?",Black is ahead by 5 point(s),Black is ahead by 6 point(s),Black is ahead by 9 point(s),White is ahead by 8 point(s),B,"White's material = 17. Black's material = 23. Difference = 6, so Black is ahead by 6 point(s).",Chess,Piece Values
"Using standard piece values (pawn=1, knight=3, bishop=3, rook=5, queen=9), what is the total material value of: 3 pawns, 1 knight, 1 queen?",17,12,15,18,C,Total value = 3×1 + 1×3 + 1×9 = 15.,Chess,Piece Values
"White has 4 pawns, 2 knights, 2 bishops, 1 rook, 1 queen. Black has 4 pawns, 1 knight, 2 rooks, 1 queen. Using standard piece values, who has the material advantage and by how many points?",White is ahead by 7 point(s),White is ahead by 4 point(s),Black is ahead by 3 point(s),White is ahead by 3 point(s),B,"White's material = 30. Black's material = 26. Difference = 4, so White is ahead by 4 point(s).",Chess,Piece Values
"White has 7 pawns, 2 knights, 2 bishops, 2 rooks. Black has 2 pawns, 1 bishop, 2 rooks, 1 queen. Using standard piece values, who has the material advantage and by how many points?",White is ahead by 5 point(s),White is ahead by 3 point(s),Black is ahead by 2 point(s),Black is ahead by 6 point(s),A,"White's material = 29. Black's material = 24. Difference = 5, so White is ahead by 5 point(s).",Chess,Piece Values
"White has 7 pawns, 1 queen. Black has 5 pawns, 1 knight, 2 bishops. Using standard piece values, who has the material advantage and by how many points?",Black is ahead by 5 point(s),Black is ahead by 4 point(s),White is ahead by 1 point(s),White is ahead by 2 point(s),D,"White's material = 16. Black's material = 14. Difference = 2, so White is ahead by 2 point(s).",Chess,Piece Values
"Using standard piece values (pawn=1, knight=3, bishop=3, rook=5, queen=9), what is the total material value of: 8 pawns, 1 knight?",15,12,13,11,D,Total value = 8×1 + 1×3 = 11.,Chess,Piece Values
"White has 3 pawns, 2 knights. Black has 2 knights, 2 bishops, 2 rooks. Using standard piece values, who has the material advantage and by how many points?",White is ahead by 12 point(s),White is ahead by 11 point(s),Black is ahead by 10 point(s),Black is ahead by 13 point(s),D,"White's material = 9. Black's material = 22. Difference = 13, so Black is ahead by 13 point(s).",Chess,Piece Values
"Fill in the blank: ______ refers to ""a checkmate delivered by a knight where the king is unable to move because it is surrounded by its own pieces"".",the back rank mate,a pin,a smothered mate,a skewer,C,a smothered mate refers to: a checkmate delivered by a knight where the king is unable to move because it is surrounded by its own pieces,Chess,Tactics
"White has 2 pawns, 2 bishops, 2 rooks, 1 queen. Black has 7 pawns, 2 knights. Using standard piece values, who has the material advantage and by how many points?",White is ahead by 12 point(s),White is ahead by 14 point(s),Black is ahead by 11 point(s),Black is ahead by 15 point(s),B,"White's material = 27. Black's material = 13. Difference = 14, so White is ahead by 14 point(s).",Chess,Piece Values
"White has 5 pawns, 1 rook. Black has 6 pawns, 2 knights, 2 bishops, 1 rook, 1 queen. Using standard piece values, who has the material advantage and by how many points?",White is ahead by 21 point(s),Black is ahead by 21 point(s),Black is ahead by 22 point(s),Black is ahead by 23 point(s),C,"White's material = 10. Black's material = 32. Difference = 22, so Black is ahead by 22 point(s).",Chess,Piece Values
"Which term matches this description: ""a rule stating that a player can claim a draw if no capture or pawn move has occurred in the last fifty moves""?",zugzwang,a skewer,the fifty-move rule,threefold repetition,C,The description matches the fifty-move rule: a rule stating that a player can claim a draw if no capture or pawn move has occurred in the last fifty moves,Chess,Rules
"Using standard piece values (pawn=1, knight=3, bishop=3, rook=5, queen=9), what is the total material value of: 8 pawns, 2 bishops, 1 rook?",15,19,22,21,B,Total value = 8×1 + 2×3 + 1×5 = 19.,Chess,Piece Values
"White has 3 pawns, 2 knights, 2 bishops, 1 queen. Black has 4 pawns, 1 knight, 1 bishop. Using standard piece values, who has the material advantage and by how many points?",White is ahead by 13 point(s),White is ahead by 14 point(s),Black is ahead by 15 point(s),Black is ahead by 16 point(s),B,"White's material = 24. Black's material = 10. Difference = 14, so White is ahead by 14 point(s).",Chess,Piece Values
"Using standard piece values (pawn=1, knight=3, bishop=3, rook=5, queen=9), what is the total material value of: 2 pawns, 1 knight, 1 bishop?",8,9,7,4,A,Total value = 2×1 + 1×3 + 1×3 = 8.,Chess,Piece Values
"Using standard piece values (pawn=1, knight=3, bishop=3, rook=5, queen=9), what is the total material value of: 2 pawns?",1,2,0,3,B,Total value = 2×1 = 2.,Chess,Piece Values
"Using standard piece values (pawn=1, knight=3, bishop=3, rook=5, queen=9), what is the total material value of: 8 pawns, 2 rooks?",16,18,17,20,B,Total value = 8×1 + 2×5 = 18.,Chess,Piece Values
"White has no pieces. Black has 6 pawns, 2 bishops, 2 rooks. Using standard piece values, who has the material advantage and by how many points?",Black is ahead by 22 point(s),Black is ahead by 25 point(s),White is ahead by 20 point(s),White is ahead by 24 point(s),A,"White's material = 0. Black's material = 22. Difference = 22, so Black is ahead by 22 point(s).",Chess,Piece Values
"White has 5 pawns, 2 rooks, 1 queen. Black has 8 pawns, 2 rooks, 1 queen. Using standard piece values, who has the material advantage and by how many points?",Black is ahead by 3 point(s),White is ahead by 1 point(s),White is ahead by 2 point(s),Black is ahead by 2 point(s),A,"White's material = 24. Black's material = 27. Difference = 3, so Black is ahead by 3 point(s).",Chess,Piece Values
"White has 4 pawns, 2 knights, 2 bishops, 1 rook. Black has 8 pawns, 2 knights, 1 bishop. Using standard piece values, who has the material advantage and by how many points?",White is ahead by 4 point(s),Black is ahead by 5 point(s),White is ahead by 2 point(s),Black is ahead by 6 point(s),A,"White's material = 21. Black's material = 17. Difference = 4, so White is ahead by 4 point(s).",Chess,Piece Values
"White has 7 pawns, 2 knights, 1 rook, 1 queen. Black has 8 pawns, 2 knights, 2 bishops. Using standard piece values, who has the material advantage and by how many points?",Black is ahead by 4 point(s),Black is ahead by 9 point(s),White is ahead by 6 point(s),White is ahead by 7 point(s),D,"White's material = 27. Black's material = 20. Difference = 7, so White is ahead by 7 point(s).",Chess,Piece Values
Which statement correctly describes a pin?,a tactic where moving one piece reveals an attack from another piece behind it,"a tactic similar to a pin, where a valuable piece is attacked and forced to move, exposing a less valuable piece behind it",a tactic where a piece cannot move without exposing a more valuable piece behind it to attack,"a checkmate delivered along a player's first rank, often because their own pawns block the king's escape",C,"By definition, a pin is: a tactic where a piece cannot move without exposing a more valuable piece behind it to attack",Chess,Tactics
"White has 4 pawns, 2 bishops, 2 rooks, 1 queen. Black has 5 pawns, 1 knight, 2 bishops, 1 rook. Using standard piece values, who has the material advantage and by how many points?",Black is ahead by 13 point(s),White is ahead by 10 point(s),Black is ahead by 8 point(s),White is ahead by 13 point(s),B,"White's material = 29. Black's material = 19. Difference = 10, so White is ahead by 10 point(s).",Chess,Piece Values
"Fill in the blank: ______ refers to ""a piece that moves diagonally any number of squares"".",the bishop's movement,pawn promotion,the value of a bishop,the endgame,A,the bishop's movement refers to: a piece that moves diagonally any number of squares,Chess,Piece Movement
"White has 3 pawns, 1 knight, 1 bishop. Black has 8 pawns, 1 knight, 1 bishop, 1 queen. Using standard piece values, who has the material advantage and by how many points?",Black is ahead by 11 point(s),Black is ahead by 17 point(s),Black is ahead by 14 point(s),White is ahead by 12 point(s),C,"White's material = 9. Black's material = 23. Difference = 14, so Black is ahead by 14 point(s).",Chess,Piece Values
"Using standard piece values (pawn=1, knight=3, bishop=3, rook=5, queen=9), what is the total material value of: 2 pawns, 2 knights, 2 rooks?",18,20,21,16,A,Total value = 2×1 + 2×3 + 2×5 = 18.,Chess,Piece Values
"Using standard piece values (pawn=1, knight=3, bishop=3, rook=5, queen=9), what is the total material value of: 7 pawns, 2 knights, 2 bishops, 1 rook?",27,23,24,28,C,Total value = 7×1 + 2×3 + 2×3 + 1×5 = 24.,Chess,Piece Values
Which statement correctly describes zugzwang?,a tactic where moving one piece reveals an attack from another piece behind it,"a situation where a player is at a disadvantage because they must make a move, and any move worsens their position","a checkmate delivered along a player's first rank, often because their own pawns block the king's escape",a checkmate delivered by a knight where the king is unable to move because it is surrounded by its own pieces,B,"By definition, zugzwang is: a situation where a player is at a disadvantage because they must make a move, and any move worsens their position",Chess,Tactics
"White has 7 pawns, 2 knights, 1 bishop, 2 rooks. Black has 3 pawns, 1 rook, 1 queen. Using standard piece values, who has the material advantage and by how many points?",White is ahead by 7 point(s),Black is ahead by 12 point(s),White is ahead by 9 point(s),White is ahead by 10 point(s),C,"White's material = 26. Black's material = 17. Difference = 9, so White is ahead by 9 point(s).",Chess,Piece Values
"Using standard piece values (pawn=1, knight=3, bishop=3, rook=5, queen=9), what is the total material value of: 6 pawns, 2 knights, 1 bishop, 2 rooks?",25,27,21,23,A,Total value = 6×1 + 2×3 + 1×3 + 2×5 = 25.,Chess,Piece Values
"White has 1 pawn, 1 bishop, 2 rooks, 1 queen. Black has 4 pawns, 2 knights, 2 bishops. Using standard piece values, who has the material advantage and by how many points?",White is ahead by 7 point(s),White is ahead by 9 point(s),Black is ahead by 4 point(s),Black is ahead by 8 point(s),A,"White's material = 23. Black's material = 16. Difference = 7, so White is ahead by 7 point(s).",Chess,Piece Values
"Using standard piece values (pawn=1, knight=3, bishop=3, rook=5, queen=9), what is the total material value of: 7 pawns, 2 knights, 1 bishop, 1 rook, 1 queen?",28,30,27,34,B,Total value = 7×1 + 2×3 + 1×3 + 1×5 + 1×9 = 30.,Chess,Piece Values
"Using standard piece values (pawn=1, knight=3, bishop=3, rook=5, queen=9), what is the total material value of: 4 pawns, 1 knight, 1 bishop, 1 rook?",11,14,15,19,C,Total value = 4×1 + 1×3 + 1×3 + 1×5 = 15.,Chess,Piece Values
"White has 7 pawns, 1 knight, 1 rook, 1 queen. Black has 1 pawn, 2 knights, 2 bishops, 1 rook, 1 queen. Using standard piece values, who has the material advantage and by how many points?",Black is ahead by 1 point(s),Black is ahead by 4 point(s),Black is ahead by 3 point(s),White is ahead by 4 point(s),C,"White's material = 24. Black's material = 27. Difference = 3, so Black is ahead by 3 point(s).",Chess,Piece Values
"White has 4 pawns, 2 knights, 1 bishop, 2 rooks. Black has 6 pawns, 1 rook, 1 queen. Using standard piece values, who has the material advantage and by how many points?",Black is ahead by 4 point(s),Black is ahead by 1 point(s),White is ahead by 1 point(s),White is ahead by 3 point(s),D,"White's material = 23. Black's material = 20. Difference = 3, so White is ahead by 3 point(s).",Chess,Piece Values
"Using standard piece values (pawn=1, knight=3, bishop=3, rook=5, queen=9), what is the total material value of: 8 pawns, 1 knight, 1 bishop, 1 queen?",19,26,23,20,C,Total value = 8×1 + 1×3 + 1×3 + 1×9 = 23.,Chess,Piece Values
"Using standard piece values (pawn=1, knight=3, bishop=3, rook=5, queen=9), what is the total material value of: 2 knights, 2 bishops, 2 rooks?",23,26,18,22,D,Total value = 2×3 + 2×3 + 2×5 = 22.,Chess,Piece Values
"White has 1 pawn, 2 knights, 1 bishop. Black has 1 pawn, 1 knight. Using standard piece values, who has the material advantage and by how many points?",White is ahead by 6 point(s),White is ahead by 5 point(s),Black is ahead by 4 point(s),Black is ahead by 3 point(s),A,"White's material = 10. Black's material = 4. Difference = 6, so White is ahead by 6 point(s).",Chess,Piece Values
"White has 3 pawns, 2 bishops. Black has 1 pawn, 2 bishops, 1 queen. Using standard piece values, who has the material advantage and by how many points?",White is ahead by 5 point(s),White is ahead by 6 point(s),Black is ahead by 7 point(s),White is ahead by 10 point(s),C,"White's material = 9. Black's material = 16. Difference = 7, so Black is ahead by 7 point(s).",Chess,Piece Values
"Using standard piece values (pawn=1, knight=3, bishop=3, rook=5, queen=9), what is the total material value of: 1 pawn, 1 knight, 2 bishops, 1 queen?",19,16,22,20,A,Total value = 1×1 + 1×3 + 2×3 + 1×9 = 19.,Chess,Piece Values
"White has 5 pawns, 2 rooks, 1 queen. Black has 6 pawns, 2 bishops, 2 rooks. Using standard piece values, who has the material advantage and by how many points?",White is ahead by 1 point(s),White is ahead by 2 point(s),Black is ahead by 1 point(s),Black is ahead by 4 point(s),B,"White's material = 24. Black's material = 22. Difference = 2, so White is ahead by 2 point(s).",Chess,Piece Values
"White has 2 pawns, 1 knight, 1 queen. Black has 7 pawns, 1 knight, 1 bishop, 1 rook, 1 queen. Using standard piece values, who has the material advantage and by how many points?",White is ahead by 11 point(s),Black is ahead by 13 point(s),Black is ahead by 10 point(s),White is ahead by 10 point(s),B,"White's material = 14. Black's material = 27. Difference = 13, so Black is ahead by 13 point(s).",Chess,Piece Values
"Using standard piece values (pawn=1, knight=3, bishop=3, rook=5, queen=9), what is the total material value of: 1 pawn, 2 bishops?",4,7,9,5,B,Total value = 1×1 + 2×3 = 7.,Chess,Piece Values
"White has 6 pawns, 2 rooks, 1 queen. Black has 6 pawns, 1 bishop, 1 queen. Using standard piece values, who has the material advantage and by how many points?",White is ahead by 7 point(s),White is ahead by 8 point(s),Black is ahead by 4 point(s),Black is ahead by 9 point(s),A,"White's material = 25. Black's material = 18. Difference = 7, so White is ahead by 7 point(s).",Chess,Piece Values
"White has 7 pawns, 1 bishop. Black has 1 pawn, 1 knight, 1 bishop. Using standard piece values, who has the material advantage and by how many points?",White is ahead by 3 point(s),Black is ahead by 1 point(s),White is ahead by 2 point(s),Black is ahead by 2 point(s),A,"White's material = 10. Black's material = 7. Difference = 3, so White is ahead by 3 point(s).",Chess,Piece Values
"Which term matches this description: ""a chess opening beginning with 1.e4 e6""?",Magnus Carlsen,zugzwang,castling,the French Defence,D,The description matches the French Defence: a chess opening beginning with 1.e4 e6,Chess,Openings
Which statement correctly describes the middlegame?,"a position where a king is in check and there is no legal move to escape it, ending the game","a checkmate delivered along a player's first rank, often because their own pawns block the king's escape","the phase of a chess game following the opening, where tactical and strategic battles typically occur",a piece that moves forward one square (or two on its first move) and captures diagonally,C,"By definition, the middlegame is: the phase of a chess game following the opening, where tactical and strategic battles typically occur",Chess,Game Phases
What is zugzwang?,"a checkmate delivered along a player's first rank, often because their own pawns block the king's escape",a tactic where a piece cannot move without exposing a more valuable piece behind it to attack,"a tactic similar to a pin, where a valuable piece is attacked and forced to move, exposing a less valuable piece behind it","a situation where a player is at a disadvantage because they must make a move, and any move worsens their position",D,"zugzwang is: a situation where a player is at a disadvantage because they must make a move, and any move worsens their position",Chess,Tactics
"Using standard piece values (pawn=1, knight=3, bishop=3, rook=5, queen=9), what is the total material value of: 6 pawns, 2 knights, 2 bishops, 2 rooks, 1 queen?",35,38,37,36,C,Total value = 6×1 + 2×3 + 2×3 + 2×5 + 1×9 = 37.,Chess,Piece Values
"White has 7 pawns, 2 knights, 1 rook, 1 queen. Black has 8 pawns, 2 knights, 1 bishop, 2 rooks, 1 queen. Using standard piece values, who has the material advantage and by how many points?",Black is ahead by 7 point(s),White is ahead by 12 point(s),Black is ahead by 9 point(s),White is ahead by 11 point(s),C,"White's material = 27. Black's material = 36. Difference = 9, so Black is ahead by 9 point(s).",Chess,Piece Values
"White has 4 pawns, 2 knights, 1 bishop, 2 rooks. Black has 2 pawns, 2 knights, 1 bishop, 2 rooks, 1 queen. Using standard piece values, who has the material advantage and by how many points?",Black is ahead by 7 point(s),White is ahead by 5 point(s),Black is ahead by 10 point(s),White is ahead by 10 point(s),A,"White's material = 23. Black's material = 30. Difference = 7, so Black is ahead by 7 point(s).",Chess,Piece Values
"White has 3 pawns, 1 bishop, 1 rook. Black has 3 pawns, 2 rooks. Using standard piece values, who has the material advantage and by how many points?",Black is ahead by 1 point(s),White is ahead by 3 point(s),Black is ahead by 2 point(s),Black is ahead by 4 point(s),C,"White's material = 11. Black's material = 13. Difference = 2, so Black is ahead by 2 point(s).",Chess,Piece Values
"Using standard piece values (pawn=1, knight=3, bishop=3, rook=5, queen=9), what is the total material value of: 4 pawns, 2 knights, 2 bishops, 1 rook?",22,21,18,25,B,Total value = 4×1 + 2×3 + 2×3 + 1×5 = 21.,Chess,Piece Values
"Using standard piece values (pawn=1, knight=3, bishop=3, rook=5, queen=9), what is the total material value of: 2 knights, 1 bishop, 1 rook?",14,16,13,10,A,Total value = 2×3 + 1×3 + 1×5 = 14.,Chess,Piece Values
"White has 6 pawns, 2 knights. Black has 5 pawns, 2 knights, 2 bishops, 1 rook, 1 queen. Using standard piece values, who has the material advantage and by how many points?",White is ahead by 18 point(s),Black is ahead by 19 point(s),Black is ahead by 18 point(s),Black is ahead by 20 point(s),B,"White's material = 12. Black's material = 31. Difference = 19, so Black is ahead by 19 point(s).",Chess,Piece Values
"White has 1 knight, 1 bishop, 2 rooks, 1 queen. Black has 3 pawns, 2 knights, 2 rooks, 1 queen. Using standard piece values, who has the material advantage and by how many points?",Black is ahead by 1 point(s),Black is ahead by 4 point(s),White is ahead by 6 point(s),Black is ahead by 3 point(s),D,"White's material = 25. Black's material = 28. Difference = 3, so Black is ahead by 3 point(s).",Chess,Piece Values
"Using standard piece values (pawn=1, knight=3, bishop=3, rook=5, queen=9), what is the total material value of: 6 pawns, 2 knights, 1 rook?",19,14,17,13,C,Total value = 6×1 + 2×3 + 1×5 = 17.,Chess,Piece Values
"White has 5 pawns, 1 knight, 1 bishop, 1 rook. Black has 2 pawns, 1 bishop. Using standard piece values, who has the material advantage and by how many points?",White is ahead by 12 point(s),White is ahead by 11 point(s),Black is ahead by 8 point(s),White is ahead by 10 point(s),B,"White's material = 16. Black's material = 5. Difference = 11, so White is ahead by 11 point(s).",Chess,Piece Values
"White has 8 pawns, 2 knights, 2 bishops, 1 rook. Black has 3 pawns, 1 knight, 1 rook. Using standard piece values, who has the material advantage and by how many points?",White is ahead by 14 point(s),White is ahead by 12 point(s),Black is ahead by 13 point(s),White is ahead by 11 point(s),A,"White's material = 25. Black's material = 11. Difference = 14, so White is ahead by 14 point(s).",Chess,Piece Values
"White has 6 pawns. Black has 1 pawn, 2 knights, 2 bishops, 2 rooks. Using standard piece values, who has the material advantage and by how many points?",White is ahead by 19 point(s),White is ahead by 16 point(s),Black is ahead by 15 point(s),Black is ahead by 17 point(s),D,"White's material = 6. Black's material = 23. Difference = 17, so Black is ahead by 17 point(s).",Chess,Piece Values
"In algebraic chess notation, is the square a3 a light or dark square?",depends on the piece,light,cannot be determined,dark,D,"Square a3: file a (position 1) and rank 3. Since their sum has the parity it does, a3 is a dark square.",Chess,Notation
"White has 2 knights, 1 rook, 1 queen. Black has 8 pawns, 1 knight, 1 bishop, 1 rook. Using standard piece values, who has the material advantage and by how many points?",White is ahead by 1 point(s)_1,White is ahead by 1 point(s),Black is ahead by 1 point(s),White is ahead by 2 point(s),B,"White's material = 20. Black's material = 19. Difference = 1, so White is ahead by 1 point(s).",Chess,Piece Values
"White has 4 pawns, 2 rooks. Black has 2 pawns, 1 bishop, 2 rooks, 1 queen. Using standard piece values, who has the material advantage and by how many points?",Black is ahead by 10 point(s),White is ahead by 9 point(s),Black is ahead by 7 point(s),White is ahead by 11 point(s),A,"White's material = 14. Black's material = 24. Difference = 10, so Black is ahead by 10 point(s).",Chess,Piece Values
"White has 2 knights, 2 bishops, 1 rook, 1 queen. Black has 7 pawns, 1 knight, 1 rook, 1 queen. Using standard piece values, who has the material advantage and by how many points?",White is ahead by 1 point(s),White is ahead by 2 point(s),Black is ahead by 4 point(s),Black is ahead by 1 point(s),B,"White's material = 26. Black's material = 24. Difference = 2, so White is ahead by 2 point(s).",Chess,Piece Values
Which statement correctly describes Magnus Carlsen?,a tactic where moving one piece reveals an attack from another piece behind it,a Norwegian chess Grandmaster who became World Chess Champion in 2013 and dominated top-level chess for years,a chess opening beginning with 1.e4 e5 2.Nf3 Nc6 3.Bc4,a rule stating that a player can claim a draw if no capture or pawn move has occurred in the last fifty moves,B,"By definition, Magnus Carlsen is: a Norwegian chess Grandmaster who became World Chess Champion in 2013 and dominated top-level chess for years",Chess,Players
"Using standard piece values (pawn=1, knight=3, bishop=3, rook=5, queen=9), what is the total material value of: 5 pawns, 1 knight, 1 bishop, 1 rook, 1 queen?",27,24,25,23,C,Total value = 5×1 + 1×3 + 1×3 + 1×5 + 1×9 = 25.,Chess,Piece Values
"Using standard piece values (pawn=1, knight=3, bishop=3, rook=5, queen=9), what is the total material value of: 1 knight?",6,3,1,5,B,Total value = 1×3 = 3.,Chess,Piece Values
"Which term matches this description: ""a checkmate delivered along a player's first rank, often because their own pawns block the king's escape""?",the back rank mate,a fork,zugzwang,a pin,A,"The description matches the back rank mate: a checkmate delivered along a player's first rank, often because their own pawns block the king's escape",Chess,Tactics
"White has 5 pawns, 2 knights, 2 bishops, 1 queen. Black has 2 knights, 1 rook, 1 queen. Using standard piece values, who has the material advantage and by how many points?",White is ahead by 6 point(s),White is ahead by 9 point(s),White is ahead by 8 point(s),Black is ahead by 9 point(s),A,"White's material = 26. Black's material = 20. Difference = 6, so White is ahead by 6 point(s).",Chess,Piece Values
"Using standard piece values (pawn=1, knight=3, bishop=3, rook=5, queen=9), what is the total material value of: 2 knights, 2 bishops, 2 rooks, 1 queen?",35,34,31,32,C,Total value = 2×3 + 2×3 + 2×5 + 1×9 = 31.,Chess,Piece Values
"White has 1 pawn, 2 bishops, 1 rook. Black has 7 pawns, 1 bishop, 1 rook. Using standard piece values, who has the material advantage and by how many points?",Black is ahead by 6 point(s),White is ahead by 4 point(s),Black is ahead by 3 point(s),White is ahead by 6 point(s),C,"White's material = 12. Black's material = 15. Difference = 3, so Black is ahead by 3 point(s).",Chess,Piece Values
"White has 2 knights, 1 bishop, 1 rook, 1 queen. Black has 6 pawns, 2 knights, 1 rook. Using standard piece values, who has the material advantage and by how many points?",White is ahead by 5 point(s),White is ahead by 7 point(s),Black is ahead by 7 point(s),White is ahead by 6 point(s),D,"White's material = 23. Black's material = 17. Difference = 6, so White is ahead by 6 point(s).",Chess,Piece Values
"White has 2 pawns, 1 knight, 2 bishops, 1 rook, 1 queen. Black has 1 pawn, 2 knights, 1 bishop, 2 rooks. Using standard piece values, who has the material advantage and by how many points?",White is ahead by 5 point(s),White is ahead by 3 point(s),Black is ahead by 8 point(s),White is ahead by 8 point(s),A,"White's material = 25. Black's material = 20. Difference = 5, so White is ahead by 5 point(s).",Chess,Piece Values
"White has 8 pawns, 2 knights, 1 bishop, 2 rooks, 1 queen. Black has 7 pawns, 2 bishops, 1 queen. Using standard piece values, who has the material advantage and by how many points?",White is ahead by 15 point(s),White is ahead by 13 point(s),White is ahead by 17 point(s),White is ahead by 14 point(s),D,"White's material = 36. Black's material = 22. Difference = 14, so White is ahead by 14 point(s).",Chess,Piece Values
"White has 5 pawns, 1 knight. Black has 2 knights, 2 rooks. Using standard piece values, who has the material advantage and by how many points?",White is ahead by 11 point(s),White is ahead by 7 point(s),Black is ahead by 8 point(s),Black is ahead by 7 point(s),C,"White's material = 8. Black's material = 16. Difference = 8, so Black is ahead by 8 point(s).",Chess,Piece Values
"White has 1 knight, 1 queen. Black has 7 pawns. Using standard piece values, who has the material advantage and by how many points?",White is ahead by 8 point(s),Black is ahead by 4 point(s),White is ahead by 5 point(s),Black is ahead by 2 point(s),C,"White's material = 12. Black's material = 7. Difference = 5, so White is ahead by 5 point(s).",Chess,Piece Values
"White has 1 pawn, 2 knights, 2 bishops, 1 rook, 1 queen. Black has 1 pawn, 1 knight, 1 bishop, 1 rook, 1 queen. Using standard piece values, who has the material advantage and by how many points?",White is ahead by 6 point(s),Black is ahead by 9 point(s),White is ahead by 9 point(s),Black is ahead by 7 point(s),A,"White's material = 27. Black's material = 21. Difference = 6, so White is ahead by 6 point(s).",Chess,Piece Values
What is a fork?,"a tactic similar to a pin, where a valuable piece is attacked and forced to move, exposing a less valuable piece behind it","a situation where a player is at a disadvantage because they must make a move, and any move worsens their position",a tactic where one piece attacks two or more enemy pieces simultaneously,a tactic where moving one piece reveals an attack from another piece behind it,C,a fork is: a tactic where one piece attacks two or more enemy pieces simultaneously,Chess,Tactics
"White has 8 pawns, 1 knight, 2 bishops, 1 queen. Black has 2 rooks. Using standard piece values, who has the material advantage and by how many points?",White is ahead by 16 point(s),Black is ahead by 14 point(s),Black is ahead by 18 point(s),White is ahead by 19 point(s),A,"White's material = 26. Black's material = 10. Difference = 16, so White is ahead by 16 point(s).",Chess,Piece Values
"Using standard piece values (pawn=1, knight=3, bishop=3, rook=5, queen=9), what is the total material value of: 7 pawns, 1 rook?",12,14,16,8,A,Total value = 7×1 + 1×5 = 12.,Chess,Piece Values
"White has 2 bishops, 1 rook. Black has 5 pawns, 2 rooks, 1 queen. Using standard piece values, who has the material advantage and by how many points?",Black is ahead by 10 point(s),White is ahead by 10 point(s),White is ahead by 15 point(s),Black is ahead by 13 point(s),D,"White's material = 11. Black's material = 24. Difference = 13, so Black is ahead by 13 point(s).",Chess,Piece Values
"Using standard piece values (pawn=1, knight=3, bishop=3, rook=5, queen=9), what is the total material value of: 2 pawns, 2 knights, 1 bishop, 1 rook, 1 queen?",24,25,28,23,B,Total value = 2×1 + 2×3 + 1×3 + 1×5 + 1×9 = 25.,Chess,Piece Values
"Which term matches this description: ""a Norwegian chess Grandmaster who became World Chess Champion in 2013 and dominated top-level chess for years""?",stalemate,Magnus Carlsen,the Queen's Gambit,Bobby Fischer,B,The description matches Magnus Carlsen: a Norwegian chess Grandmaster who became World Chess Champion in 2013 and dominated top-level chess for years,Chess,Players
"Fill in the blank: ______ refers to ""a chess title awarded by FIDE, ranking below Grandmaster"".",the fifty-move rule,the knight's movement,the King's Indian Defence,an International Master (IM),D,"an International Master (IM) refers to: a chess title awarded by FIDE, ranking below Grandmaster",Chess,Titles
Which statement correctly describes the pawn's movement?,"16 pieces: 8 pawns, 2 rooks, 2 knights, 2 bishops, 1 queen, and 1 king","generally considered to be worth about 3 points, similar to a knight",a piece that moves forward one square (or two on its first move) and captures diagonally,"a tactic similar to a pin, where a valuable piece is attacked and forced to move, exposing a less valuable piece behind it",C,"By definition, the pawn's movement is: a piece that moves forward one square (or two on its first move) and captures diagonally",Chess,Piece Movement
"Using standard piece values (pawn=1, knight=3, bishop=3, rook=5, queen=9), what is the total material value of: 4 pawns, 2 knights, 2 rooks, 1 queen?",32,29,26,30,B,Total value = 4×1 + 2×3 + 2×5 + 1×9 = 29.,Chess,Piece Values
"White has 8 pawns, 2 knights, 2 bishops. Black has 4 pawns, 2 bishops, 1 rook, 1 queen. Using standard piece values, who has the material advantage and by how many points?",Black is ahead by 3 point(s),White is ahead by 6 point(s),Black is ahead by 4 point(s),White is ahead by 3 point(s),C,"White's material = 20. Black's material = 24. Difference = 4, so Black is ahead by 4 point(s).",Chess,Piece Values
"White has 6 pawns, 2 bishops. Black has 3 pawns, 1 knight, 1 bishop, 1 rook, 1 queen. Using standard piece values, who has the material advantage and by how many points?",Black is ahead by 12 point(s),Black is ahead by 11 point(s),White is ahead by 9 point(s),White is ahead by 12 point(s),B,"White's material = 12. Black's material = 23. Difference = 11, so Black is ahead by 11 point(s).",Chess,Piece Values
"White has 7 pawns, 2 knights, 2 rooks. Black has 8 pawns, 1 bishop, 2 rooks, 1 queen. Using standard piece values, who has the material advantage and by how many points?",Black is ahead by 10 point(s),White is ahead by 8 point(s),Black is ahead by 7 point(s),White is ahead by 6 point(s),C,"White's material = 23. Black's material = 30. Difference = 7, so Black is ahead by 7 point(s).",Chess,Piece Values
"White has 2 pawns, 1 rook, 1 queen. Black has 5 pawns, 1 bishop, 2 rooks. Using standard piece values, who has the material advantage and by how many points?",White is ahead by 1 point(s),Black is ahead by 2 point(s),Black is ahead by 5 point(s),Black is ahead by 1 point(s),B,"White's material = 16. Black's material = 18. Difference = 2, so Black is ahead by 2 point(s).",Chess,Piece Values
Which statement correctly describes pawn promotion?,"a tactic similar to a pin, where a valuable piece is attacked and forced to move, exposing a less valuable piece behind it",a special pawn capture that can occur when a pawn moves two squares from its starting position and lands beside an opposing pawn,a rule allowing a draw to be claimed if the same position occurs three times with the same player to move,"the rule allowing a pawn that reaches the farthest rank to be promoted to any other piece, usually a queen",D,"By definition, pawn promotion is: the rule allowing a pawn that reaches the farthest rank to be promoted to any other piece, usually a queen",Chess,Special Moves
"White has 5 pawns, 1 knight, 2 bishops, 1 queen. Black has 2 pawns, 2 knights, 2 bishops, 2 rooks, 1 queen. Using standard piece values, who has the material advantage and by how many points?",Black is ahead by 10 point(s),White is ahead by 13 point(s),White is ahead by 8 point(s),Black is ahead by 13 point(s),A,"White's material = 23. Black's material = 33. Difference = 10, so Black is ahead by 10 point(s).",Chess,Piece Values
"White has 8 pawns, 1 knight, 1 bishop, 1 rook. Black has 6 pawns, 2 knights, 1 bishop, 2 rooks, 1 queen. Using standard piece values, who has the material advantage and by how many points?",White is ahead by 17 point(s),Black is ahead by 15 point(s),Black is ahead by 18 point(s),White is ahead by 18 point(s),B,"White's material = 19. Black's material = 34. Difference = 15, so Black is ahead by 15 point(s).",Chess,Piece Values
"White has 8 pawns, 1 bishop. Black has 4 pawns, 1 knight, 1 bishop. Using standard piece values, who has the material advantage and by how many points?",Black is ahead by 2 point(s),White is ahead by 2 point(s),Black is ahead by 3 point(s),White is ahead by 1 point(s),D,"White's material = 11. Black's material = 10. Difference = 1, so White is ahead by 1 point(s).",Chess,Piece Values
"White has 7 pawns, 2 bishops, 2 rooks. Black has 6 pawns, 1 knight, 2 bishops, 1 rook. Using standard piece values, who has the material advantage and by how many points?",White is ahead by 5 point(s),Black is ahead by 2 point(s),White is ahead by 3 point(s),Black is ahead by 1 point(s),C,"White's material = 23. Black's material = 20. Difference = 3, so White is ahead by 3 point(s).",Chess,Piece Values
"White has 3 pawns, 2 bishops, 2 rooks. Black has 7 pawns, 2 knights, 1 bishop, 1 queen. Using standard piece values, who has the material advantage and by how many points?",Black is ahead by 6 point(s),White is ahead by 4 point(s),Black is ahead by 5 point(s),Black is ahead by 4 point(s),A,"White's material = 19. Black's material = 25. Difference = 6, so Black is ahead by 6 point(s).",Chess,Piece Values
What is the value of a bishop?,"the rule allowing a pawn that reaches the farthest rank to be promoted to any other piece, usually a queen",a piece that moves horizontally or vertically any number of squares,"generally considered to be worth about 3 points, similar to a knight","a checkmate delivered along a player's first rank, often because their own pawns block the king's escape",C,"the value of a bishop is: generally considered to be worth about 3 points, similar to a knight",Chess,Piece Values
What is a skewer?,a tactic where a piece cannot move without exposing a more valuable piece behind it to attack,"a tactic similar to a pin, where a valuable piece is attacked and forced to move, exposing a less valuable piece behind it",a tactic where moving one piece reveals an attack from another piece behind it,a tactic where one piece attacks two or more enemy pieces simultaneously,B,"a skewer is: a tactic similar to a pin, where a valuable piece is attacked and forced to move, exposing a less valuable piece behind it",Chess,Tactics
"White has 6 pawns, 2 bishops, 2 rooks, 1 queen. Black has 1 bishop, 1 queen. Using standard piece values, who has the material advantage and by how many points?",Black is ahead by 17 point(s),White is ahead by 19 point(s),White is ahead by 18 point(s),Black is ahead by 21 point(s),B,"White's material = 31. Black's material = 12. Difference = 19, so White is ahead by 19 point(s).",Chess,Piece Values
"White has 1 knight, 2 rooks, 1 queen. Black has 3 pawns, 2 knights, 1 bishop, 1 rook. Using standard piece values, who has the material advantage and by how many points?",White is ahead by 5 point(s),White is ahead by 2 point(s),Black is ahead by 8 point(s),Black is ahead by 7 point(s),A,"White's material = 22. Black's material = 17. Difference = 5, so White is ahead by 5 point(s).",Chess,Piece Values
"Using standard piece values (pawn=1, knight=3, bishop=3, rook=5, queen=9), what is the total material value of: 5 pawns, 2 rooks, 1 queen?",24,22,28,20,A,Total value = 5×1 + 2×5 + 1×9 = 24.,Chess,Piece Values
"White has 7 pawns, 2 rooks. Black has 5 pawns, 1 knight, 1 bishop, 1 queen. Using standard piece values, who has the material advantage and by how many points?",Black is ahead by 6 point(s),White is ahead by 1 point(s),Black is ahead by 3 point(s),Black is ahead by 2 point(s),C,"White's material = 17. Black's material = 20. Difference = 3, so Black is ahead by 3 point(s).",Chess,Piece Values
"White has 6 pawns, 2 knights, 2 rooks, 1 queen. Black has 4 pawns, 1 knight, 2 rooks. Using standard piece values, who has the material advantage and by how many points?",White is ahead by 11 point(s),White is ahead by 13 point(s),Black is ahead by 11 point(s),White is ahead by 14 point(s),D,"White's material = 31. Black's material = 17. Difference = 14, so White is ahead by 14 point(s).",Chess,Piece Values
"White has 7 pawns, 1 knight, 1 rook. Black has 3 pawns, 1 knight, 2 bishops, 2 rooks, 1 queen. Using standard piece values, who has the material advantage and by how many points?",White is ahead by 13 point(s),White is ahead by 15 point(s),Black is ahead by 13 point(s),Black is ahead by 16 point(s),D,"White's material = 15. Black's material = 31. Difference = 16, so Black is ahead by 16 point(s).",Chess,Piece Values
"White has 3 pawns, 2 knights, 2 bishops, 1 queen. Black has 1 pawn, 1 bishop, 1 rook, 1 queen. Using standard piece values, who has the material advantage and by how many points?",White is ahead by 6 point(s),White is ahead by 8 point(s),Black is ahead by 8 point(s),White is ahead by 7 point(s),A,"White's material = 24. Black's material = 18. Difference = 6, so White is ahead by 6 point(s).",Chess,Piece Values
"White has 4 pawns, 1 knight, 1 bishop, 2 rooks. Black has 1 pawn, 2 bishops, 1 queen. Using standard piece values, who has the material advantage and by how many points?",Black is ahead by 5 point(s),Black is ahead by 7 point(s),Black is ahead by 1 point(s),White is ahead by 4 point(s),D,"White's material = 20. Black's material = 16. Difference = 4, so White is ahead by 4 point(s).",Chess,Piece Values
"Using standard piece values (pawn=1, knight=3, bishop=3, rook=5, queen=9), what is the total material value of: 4 pawns, 1 bishop, 1 rook, 1 queen?",24,21,23,17,B,Total value = 4×1 + 1×3 + 1×5 + 1×9 = 21.,Chess,Piece Values
"Using standard piece values (pawn=1, knight=3, bishop=3, rook=5, queen=9), what is the total material value of: 2 pawns, 2 knights?",7,12,8,11,C,Total value = 2×1 + 2×3 = 8.,Chess,Piece Values
"White has 5 pawns, 2 knights, 1 bishop. Black has 6 pawns, 1 knight, 2 bishops. Using standard piece values, who has the material advantage and by how many points?",Black is ahead by 1 point(s),White is ahead by 1 point(s),White is ahead by 4 point(s),Black is ahead by 2 point(s),A,"White's material = 14. Black's material = 15. Difference = 1, so Black is ahead by 1 point(s).",Chess,Piece Values
"White has 4 pawns, 2 knights, 2 bishops, 2 rooks, 1 queen. Black has 2 pawns, 2 knights, 2 bishops, 1 queen. Using standard piece values, who has the material advantage and by how many points?",White is ahead by 15 point(s),White is ahead by 10 point(s),White is ahead by 12 point(s),White is ahead by 14 point(s),C,"White's material = 35. Black's material = 23. Difference = 12, so White is ahead by 12 point(s).",Chess,Piece Values
"White has 6 pawns, 2 knights, 2 rooks, 1 queen. Black has 3 pawns, 1 rook. Using standard piece values, who has the material advantage and by how many points?",Black is ahead by 24 point(s),White is ahead by 26 point(s),Black is ahead by 20 point(s),White is ahead by 23 point(s),D,"White's material = 31. Black's material = 8. Difference = 23, so White is ahead by 23 point(s).",Chess,Piece Values
"White has 1 knight, 2 bishops, 1 queen. Black has 2 pawns, 1 knight, 1 rook. Using standard piece values, who has the material advantage and by how many points?",White is ahead by 10 point(s),White is ahead by 8 point(s),Black is ahead by 7 point(s),Black is ahead by 9 point(s),B,"White's material = 18. Black's material = 10. Difference = 8, so White is ahead by 8 point(s).",Chess,Piece Values
"White has 3 pawns, 1 bishop, 1 queen. Black has 4 pawns, 1 knight, 2 bishops, 1 rook, 1 queen. Using standard piece values, who has the material advantage and by how many points?",Black is ahead by 12 point(s),White is ahead by 14 point(s),White is ahead by 9 point(s),White is ahead by 10 point(s),A,"White's material = 15. Black's material = 27. Difference = 12, so Black is ahead by 12 point(s).",Chess,Piece Values
"White has 5 pawns, 1 knight, 1 bishop, 2 rooks, 1 queen. Black has 5 pawns, 1 bishop. Using standard piece values, who has the material advantage and by how many points?",Black is ahead by 23 point(s),White is ahead by 22 point(s),White is ahead by 25 point(s),White is ahead by 23 point(s),B,"White's material = 30. Black's material = 8. Difference = 22, so White is ahead by 22 point(s).",Chess,Piece Values
"White has 1 pawn, 2 rooks. Black has 5 pawns. Using standard piece values, who has the material advantage and by how many points?",White is ahead by 8 point(s),White is ahead by 3 point(s),White is ahead by 6 point(s),Black is ahead by 7 point(s),C,"White's material = 11. Black's material = 5. Difference = 6, so White is ahead by 6 point(s).",Chess,Piece Values
"White has 1 pawn, 2 knights, 1 rook, 1 queen. Black has 6 pawns, 2 bishops, 1 rook. Using standard piece values, who has the material advantage and by how many points?",White is ahead by 7 point(s),White is ahead by 2 point(s),Black is ahead by 7 point(s),White is ahead by 4 point(s),D,"White's material = 21. Black's material = 17. Difference = 4, so White is ahead by 4 point(s).",Chess,Piece Values
"White has 1 pawn, 2 knights, 2 bishops, 1 queen. Black has 1 knight, 1 bishop, 1 queen. Using standard piece values, who has the material advantage and by how many points?",White is ahead by 7 point(s),White is ahead by 6 point(s),White is ahead by 8 point(s),Black is ahead by 8 point(s),A,"White's material = 22. Black's material = 15. Difference = 7, so White is ahead by 7 point(s).",Chess,Piece Values
"Using standard piece values (pawn=1, knight=3, bishop=3, rook=5, queen=9), what is the total material value of: 3 pawns, 2 knights, 1 rook?",15,17,12,14,D,Total value = 3×1 + 2×3 + 1×5 = 14.,Chess,Piece Values
"Fill in the blank: ______ refers to ""generally considered to be worth about 5 points"".",the knight's movement,algebraic notation,the Italian Game,the value of a rook,D,the value of a rook refers to: generally considered to be worth about 5 points,Chess,Piece Values
"White has 1 pawn, 2 knights, 1 bishop, 2 rooks, 1 queen. Black has 6 pawns, 2 knights, 1 bishop, 1 queen. Using standard piece values, who has the material advantage and by how many points?",Black is ahead by 2 point(s),Black is ahead by 8 point(s),White is ahead by 3 point(s),White is ahead by 5 point(s),D,"White's material = 29. Black's material = 24. Difference = 5, so White is ahead by 5 point(s).",Chess,Piece Values
"Which term matches this description: ""a position where a player has no legal move but their king is not in check, resulting in a draw""?",the Italian Game,pawn promotion,Bobby Fischer,stalemate,D,"The description matches stalemate: a position where a player has no legal move but their king is not in check, resulting in a draw",Chess,Rules
"White has 1 pawn, 1 knight, 1 rook, 1 queen. Black has 2 pawns, 1 knight, 2 rooks. Using standard piece values, who has the material advantage and by how many points?",White is ahead by 5 point(s),White is ahead by 6 point(s),White is ahead by 3 point(s),White is ahead by 1 point(s),C,"White's material = 18. Black's material = 15. Difference = 3, so White is ahead by 3 point(s).",Chess,Piece Values
"White has 3 pawns, 1 knight, 1 bishop, 1 rook. Black has 5 pawns, 2 bishops, 1 queen. Using standard piece values, who has the material advantage and by how many points?",Black is ahead by 5 point(s),White is ahead by 9 point(s),Black is ahead by 6 point(s),White is ahead by 3 point(s),C,"White's material = 14. Black's material = 20. Difference = 6, so Black is ahead by 6 point(s).",Chess,Piece Values
"Which term matches this description: ""a position where a king is in check and there is no legal move to escape it, ending the game""?",Bobby Fischer,checkmate,the Elo rating system,the middlegame,B,"The description matches checkmate: a position where a king is in check and there is no legal move to escape it, ending the game",Chess,Rules
"White has 5 pawns, 1 rook. Black has 8 pawns, 1 knight, 2 bishops. Using standard piece values, who has the material advantage and by how many points?",Black is ahead by 8 point(s),Black is ahead by 7 point(s),White is ahead by 6 point(s),White is ahead by 4 point(s),B,"White's material = 10. Black's material = 17. Difference = 7, so Black is ahead by 7 point(s).",Chess,Piece Values
"White has 6 pawns, 1 knight, 1 bishop, 1 rook. Black has 2 pawns, 1 knight, 1 rook, 1 queen. Using standard piece values, who has the material advantage and by how many points?",Black is ahead by 2 point(s),White is ahead by 5 point(s),Black is ahead by 3 point(s),Black is ahead by 1 point(s),A,"White's material = 17. Black's material = 19. Difference = 2, so Black is ahead by 2 point(s).",Chess,Piece Values
What is a pin?,a tactic where moving one piece reveals an attack from another piece behind it,a tactic where a piece cannot move without exposing a more valuable piece behind it to attack,a checkmate delivered by a knight where the king is unable to move because it is surrounded by its own pieces,a tactic where one piece attacks two or more enemy pieces simultaneously,B,a pin is: a tactic where a piece cannot move without exposing a more valuable piece behind it to attack,Chess,Tactics
"White has 6 pawns, 1 bishop, 2 rooks, 1 queen. Black has 6 pawns, 1 knight. Using standard piece values, who has the material advantage and by how many points?",Black is ahead by 22 point(s),Black is ahead by 18 point(s),White is ahead by 19 point(s),Black is ahead by 21 point(s),C,"White's material = 28. Black's material = 9. Difference = 19, so White is ahead by 19 point(s).",Chess,Piece Values
"Using standard piece values (pawn=1, knight=3, bishop=3, rook=5, queen=9), what is the total material value of: 2 bishops, 2 rooks?",15,12,16,20,C,Total value = 2×3 + 2×5 = 16.,Chess,Piece Values
"Using standard piece values (pawn=1, knight=3, bishop=3, rook=5, queen=9), what is the total material value of: 8 pawns, 1 knight, 1 rook?",19,15,16,17,C,Total value = 8×1 + 1×3 + 1×5 = 16.,Chess,Piece Values
"Using standard piece values (pawn=1, knight=3, bishop=3, rook=5, queen=9), what is the total material value of: 1 pawn, 1 bishop, 2 rooks?",14,16,13,12,A,Total value = 1×1 + 1×3 + 2×5 = 14.,Chess,Piece Values
"Using standard piece values (pawn=1, knight=3, bishop=3, rook=5, queen=9), what is the total material value of: 1 pawn, 2 knights?",8,9,7,4,C,Total value = 1×1 + 2×3 = 7.,Chess,Piece Values
"White has 7 pawns, 2 knights, 1 bishop. Black has 6 pawns, 1 rook. Using standard piece values, who has the material advantage and by how many points?",Black is ahead by 8 point(s),White is ahead by 8 point(s),White is ahead by 6 point(s),White is ahead by 5 point(s),D,"White's material = 16. Black's material = 11. Difference = 5, so White is ahead by 5 point(s).",Chess,Piece Values
"Which term matches this description: ""generally considered to be worth about 3 points""?",the knight's movement,the Elo rating system,threefold repetition,the value of a knight,D,The description matches the value of a knight: generally considered to be worth about 3 points,Chess,Piece Values
"White has 6 pawns, 1 knight, 2 rooks. Black has 2 pawns, 1 knight, 1 bishop. Using standard piece values, who has the material advantage and by how many points?",White is ahead by 13 point(s),White is ahead by 12 point(s),Black is ahead by 10 point(s),White is ahead by 11 point(s),D,"White's material = 19. Black's material = 8. Difference = 11, so White is ahead by 11 point(s).",Chess,Piece Values
"Using standard piece values (pawn=1, knight=3, bishop=3, rook=5, queen=9), what is the total material value of: 2 pawns, 1 knight, 1 bishop, 2 rooks?",18,15,19,17,A,Total value = 2×1 + 1×3 + 1×3 + 2×5 = 18.,Chess,Piece Values
"Which term matches this description: ""the standard method of recording chess moves using letters (a-h) for files and numbers (1-8) for ranks""?",the FIDE,algebraic notation,a skewer,a pin,B,The description matches algebraic notation: the standard method of recording chess moves using letters (a-h) for files and numbers (1-8) for ranks,Chess,Notation
"White has 3 pawns, 2 knights, 2 bishops. Black has 7 pawns, 2 bishops. Using standard piece values, who has the material advantage and by how many points?",Black is ahead by 1 point(s),White is ahead by 2 point(s),White is ahead by 4 point(s),Black is ahead by 3 point(s),B,"White's material = 15. Black's material = 13. Difference = 2, so White is ahead by 2 point(s).",Chess,Piece Values
"White has 5 pawns, 2 bishops, 1 queen. Black has 4 pawns, 2 knights, 2 bishops, 1 rook. Using standard piece values, who has the material advantage and by how many points?",Black is ahead by 1 point(s),Black is ahead by 2 point(s),White is ahead by 3 point(s),White is ahead by 4 point(s),A,"White's material = 20. Black's material = 21. Difference = 1, so Black is ahead by 1 point(s).",Chess,Piece Values
"Using standard piece values (pawn=1, knight=3, bishop=3, rook=5, queen=9), what is the total material value of: 8 pawns, 1 knight, 2 bishops, 2 rooks, 1 queen?",34,39,35,36,D,Total value = 8×1 + 1×3 + 2×3 + 2×5 + 1×9 = 36.,Chess,Piece Values
"In algebraic chess notation, is the square c7 a light or dark square?",dark,light,cannot be determined,depends on the piece,A,"Square c7: file c (position 3) and rank 7. Since their sum has the parity it does, c7 is a dark square.",Chess,Notation
"White has 4 pawns, 1 knight, 1 queen. Black has 1 pawn, 2 bishops. Using standard piece values, who has the material advantage and by how many points?",White is ahead by 7 point(s),White is ahead by 12 point(s),White is ahead by 9 point(s),Black is ahead by 7 point(s),C,"White's material = 16. Black's material = 7. Difference = 9, so White is ahead by 9 point(s).",Chess,Piece Values
"Fill in the blank: ______ refers to ""a former World Chess Champion widely regarded as one of the greatest players in chess history"".",a fork,a pin,the King's Indian Defence,Garry Kasparov,D,Garry Kasparov refers to: a former World Chess Champion widely regarded as one of the greatest players in chess history,Chess,Players
Which statement correctly describes the value of a bishop?,a chess opening beginning with 1.e4 e5 2.Nf3 Nc6 3.Bc4,a classical chess opening beginning with 1.e4 e5 2.Nf3 Nc6 3.Bb5,the standard method of recording chess moves using letters (a-h) for files and numbers (1-8) for ranks,"generally considered to be worth about 3 points, similar to a knight",D,"By definition, the value of a bishop is: generally considered to be worth about 3 points, similar to a knight",Chess,Piece Values
"White has 1 pawn, 1 knight, 1 rook, 1 queen. Black has 7 pawns, 2 bishops, 2 rooks. Using standard piece values, who has the material advantage and by how many points?",Black is ahead by 4 point(s),Black is ahead by 2 point(s),Black is ahead by 5 point(s),Black is ahead by 8 point(s),C,"White's material = 18. Black's material = 23. Difference = 5, so Black is ahead by 5 point(s).",Chess,Piece Values
"White has no pieces. Black has 7 pawns, 2 bishops. Using standard piece values, who has the material advantage and by how many points?",Black is ahead by 15 point(s),Black is ahead by 13 point(s),White is ahead by 12 point(s),White is ahead by 10 point(s),B,"White's material = 0. Black's material = 13. Difference = 13, so Black is ahead by 13 point(s).",Chess,Piece Values
"Using standard piece values (pawn=1, knight=3, bishop=3, rook=5, queen=9), what is the total material value of: 1 pawn, 2 knights, 1 bishop, 1 rook?",13,15,12,17,B,Total value = 1×1 + 2×3 + 1×3 + 1×5 = 15.,Chess,Piece Values
"White has 6 pawns, 2 knights, 2 bishops, 1 queen. Black has 1 pawn, 1 bishop, 1 rook, 1 queen. Using standard piece values, who has the material advantage and by how many points?",White is ahead by 10 point(s),White is ahead by 11 point(s),Black is ahead by 7 point(s),White is ahead by 9 point(s),D,"White's material = 27. Black's material = 18. Difference = 9, so White is ahead by 9 point(s).",Chess,Piece Values
"White has 6 pawns, 2 knights, 1 bishop, 2 rooks. Black has 2 knights, 1 bishop. Using standard piece values, who has the material advantage and by how many points?",White is ahead by 17 point(s),Black is ahead by 14 point(s),Black is ahead by 17 point(s),White is ahead by 16 point(s),D,"White's material = 25. Black's material = 9. Difference = 16, so White is ahead by 16 point(s).",Chess,Piece Values
"Fill in the blank: ______ refers to ""a piece that moves forward one square (or two on its first move) and captures diagonally"".",a fork,the pawn's movement,a Grandmaster (GM),the FIDE,B,the pawn's movement refers to: a piece that moves forward one square (or two on its first move) and captures diagonally,Chess,Piece Movement
"White has 3 pawns, 2 knights, 1 bishop, 2 rooks, 1 queen. Black has 2 rooks, 1 queen. Using standard piece values, who has the material advantage and by how many points?",Black is ahead by 14 point(s),White is ahead by 10 point(s),Black is ahead by 15 point(s),White is ahead by 12 point(s),D,"White's material = 31. Black's material = 19. Difference = 12, so White is ahead by 12 point(s).",Chess,Piece Values
"Using standard piece values (pawn=1, knight=3, bishop=3, rook=5, queen=9), what is the total material value of: 7 pawns, 1 knight, 1 rook, 1 queen?",24,23,20,21,A,Total value = 7×1 + 1×3 + 1×5 + 1×9 = 24.,Chess,Piece Values
"White has 2 pawns, 1 bishop, 2 rooks, 1 queen. Black has 1 bishop, 2 rooks, 1 queen. Using standard piece values, who has the material advantage and by how many points?",Black is ahead by 3 point(s),White is ahead by 1 point(s),White is ahead by 3 point(s),White is ahead by 2 point(s),D,"White's material = 24. Black's material = 22. Difference = 2, so White is ahead by 2 point(s).",Chess,Piece Values
"White has 2 pawns, 2 knights, 1 rook, 1 queen. Black has 5 pawns, 1 knight, 2 bishops. Using standard piece values, who has the material advantage and by how many points?",White is ahead by 11 point(s),White is ahead by 8 point(s),Black is ahead by 5 point(s),White is ahead by 10 point(s),B,"White's material = 22. Black's material = 14. Difference = 8, so White is ahead by 8 point(s).",Chess,Piece Values
"Using standard piece values (pawn=1, knight=3, bishop=3, rook=5, queen=9), what is the total material value of: 2 pawns, 1 knight, 2 bishops, 2 rooks?",24,21,20,23,B,Total value = 2×1 + 1×3 + 2×3 + 2×5 = 21.,Chess,Piece Values
"White has 6 pawns, 1 knight, 2 bishops, 2 rooks. Black has 4 pawns, 2 knights, 2 bishops, 1 rook. Using standard piece values, who has the material advantage and by how many points?",White is ahead by 4 point(s),White is ahead by 6 point(s),White is ahead by 1 point(s),Black is ahead by 5 point(s),A,"White's material = 25. Black's material = 21. Difference = 4, so White is ahead by 4 point(s).",Chess,Piece Values
"Using standard piece values (pawn=1, knight=3, bishop=3, rook=5, queen=9), what is the total material value of: 8 pawns?",6,12,7,8,D,Total value = 8×1 = 8.,Chess,Piece Values
"Using standard piece values (pawn=1, knight=3, bishop=3, rook=5, queen=9), what is the total material value of: 7 pawns, 1 knight, 2 bishops, 1 queen?",22,25,28,27,B,Total value = 7×1 + 1×3 + 2×3 + 1×9 = 25.,Chess,Piece Values
"White has 8 pawns, 1 knight, 1 bishop, 2 rooks. Black has 2 pawns, 2 rooks, 1 queen. Using standard piece values, who has the material advantage and by how many points?",White is ahead by 2 point(s),White is ahead by 3 point(s),Black is ahead by 1 point(s),White is ahead by 1 point(s),B,"White's material = 24. Black's material = 21. Difference = 3, so White is ahead by 3 point(s).",Chess,Piece Values
"White has 3 pawns, 2 knights, 2 bishops, 2 rooks, 1 queen. Black has 3 pawns, 1 knight, 2 bishops, 2 rooks. Using standard piece values, who has the material advantage and by how many points?",Black is ahead by 9 point(s),Black is ahead by 11 point(s),White is ahead by 12 point(s),White is ahead by 14 point(s),C,"White's material = 34. Black's material = 22. Difference = 12, so White is ahead by 12 point(s).",Chess,Piece Values
"Using standard piece values (pawn=1, knight=3, bishop=3, rook=5, queen=9), what is the total material value of: 3 pawns, 2 knights, 1 queen?",14,21,18,15,C,Total value = 3×1 + 2×3 + 1×9 = 18.,Chess,Piece Values
"White has 3 pawns, 1 knight. Black has 1 pawn, 1 knight, 2 bishops, 1 rook. Using standard piece values, who has the material advantage and by how many points?",White is ahead by 10 point(s),Black is ahead by 6 point(s),Black is ahead by 9 point(s),White is ahead by 6 point(s),C,"White's material = 6. Black's material = 15. Difference = 9, so Black is ahead by 9 point(s).",Chess,Piece Values
"Using standard piece values (pawn=1, knight=3, bishop=3, rook=5, queen=9), what is the total material value of: 2 pawns, 2 knights, 2 bishops, 1 rook?",16,18,19,20,C,Total value = 2×1 + 2×3 + 2×3 + 1×5 = 19.,Chess,Piece Values
"White has 3 pawns, 2 bishops. Black has 7 pawns, 2 bishops, 1 rook. Using standard piece values, who has the material advantage and by how many points?",White is ahead by 12 point(s),Black is ahead by 8 point(s),Black is ahead by 7 point(s),Black is ahead by 9 point(s),D,"White's material = 9. Black's material = 18. Difference = 9, so Black is ahead by 9 point(s).",Chess,Piece Values
"White has 3 pawns, 2 knights, 1 bishop. Black has 5 pawns, 2 knights, 1 bishop, 2 rooks. Using standard piece values, who has the material advantage and by how many points?",Black is ahead by 13 point(s),Black is ahead by 14 point(s),White is ahead by 10 point(s),Black is ahead by 12 point(s),D,"White's material = 12. Black's material = 24. Difference = 12, so Black is ahead by 12 point(s).",Chess,Piece Values
"White has 8 pawns, 2 knights, 2 bishops, 1 rook, 1 queen. Black has 1 knight. Using standard piece values, who has the material advantage and by how many points?",White is ahead by 33 point(s),White is ahead by 30 point(s),White is ahead by 31 point(s),White is ahead by 34 point(s),C,"White's material = 34. Black's material = 3. Difference = 31, so White is ahead by 31 point(s).",Chess,Piece Values
"Using standard piece values (pawn=1, knight=3, bishop=3, rook=5, queen=9), what is the total material value of: 6 pawns, 2 bishops, 2 rooks, 1 queen?",31,30,35,29,A,Total value = 6×1 + 2×3 + 2×5 + 1×9 = 31.,Chess,Piece Values
"White has 5 pawns, 2 knights, 1 bishop, 1 rook, 1 queen. Black has 5 pawns, 2 knights, 2 bishops, 1 rook, 1 queen. Using standard piece values, who has the material advantage and by how many points?",White is ahead by 6 point(s),Black is ahead by 6 point(s),Black is ahead by 3 point(s),Black is ahead by 2 point(s),C,"White's material = 28. Black's material = 31. Difference = 3, so Black is ahead by 3 point(s).",Chess,Piece Values
"White has 5 pawns, 2 knights, 2 bishops, 1 rook, 1 queen. Black has 5 pawns, 1 knight, 2 bishops, 2 rooks. Using standard piece values, who has the material advantage and by how many points?",White is ahead by 7 point(s),White is ahead by 4 point(s),Black is ahead by 4 point(s),White is ahead by 8 point(s),A,"White's material = 31. Black's material = 24. Difference = 7, so White is ahead by 7 point(s).",Chess,Piece Values
"Which term matches this description: ""a situation where a king is under direct attack by an opposing piece""?",the knight's movement,a fork,the value of a pawn,check,D,The description matches check: a situation where a king is under direct attack by an opposing piece,Chess,Rules
"In algebraic chess notation, is the square h7 a light or dark square?",light,depends on the piece,dark,cannot be determined,A,"Square h7: file h (position 8) and rank 7. Since their sum has the parity it does, h7 is a light square.",Chess,Notation
"White has 6 pawns, 1 bishop. Black has 4 pawns, 2 knights, 1 bishop, 1 queen. Using standard piece values, who has the material advantage and by how many points?",Black is ahead by 13 point(s),White is ahead by 11 point(s),Black is ahead by 11 point(s),Black is ahead by 12 point(s),A,"White's material = 9. Black's material = 22. Difference = 13, so Black is ahead by 13 point(s).",Chess,Piece Values
"White has 1 pawn, 2 bishops, 2 rooks, 1 queen. Black has 4 pawns, 1 knight, 2 bishops. Using standard piece values, who has the material advantage and by how many points?",Black is ahead by 11 point(s),White is ahead by 13 point(s),White is ahead by 14 point(s),White is ahead by 10 point(s),B,"White's material = 26. Black's material = 13. Difference = 13, so White is ahead by 13 point(s).",Chess,Piece Values
"White has 6 pawns, 1 knight, 2 bishops, 2 rooks, 1 queen. Black has 8 pawns, 1 knight, 2 bishops. Using standard piece values, who has the material advantage and by how many points?",Black is ahead by 20 point(s),White is ahead by 17 point(s),Black is ahead by 15 point(s),Black is ahead by 19 point(s),B,"White's material = 34. Black's material = 17. Difference = 17, so White is ahead by 17 point(s).",Chess,Piece Values
"White has 2 pawns, 1 bishop, 1 rook. Black has 5 pawns, 2 bishops, 1 queen. Using standard piece values, who has the material advantage and by how many points?",White is ahead by 11 point(s),Black is ahead by 12 point(s),Black is ahead by 9 point(s),Black is ahead by 10 point(s),D,"White's material = 10. Black's material = 20. Difference = 10, so Black is ahead by 10 point(s).",Chess,Piece Values
What is the value of a pawn?,a special pawn capture that can occur when a pawn moves two squares from its starting position and lands beside an opposing pawn,"the final phase of a chess game, typically when few pieces remain on the board",a classical chess opening beginning with 1.e4 e5 2.Nf3 Nc6 3.Bb5,"the base unit of value in chess, generally counted as 1 point",D,"the value of a pawn is: the base unit of value in chess, generally counted as 1 point",Chess,Piece Values
Which statement correctly describes the Sicilian Defence?,"one of the most popular chess openings, beginning with 1.e4 c5",a tactic where a piece cannot move without exposing a more valuable piece behind it to attack,"a piece that can move one square in any direction, but cannot move into check",a Soviet/Russian chess Grandmaster who was World Chess Champion in the 1970s and 1980s,A,"By definition, the Sicilian Defence is: one of the most popular chess openings, beginning with 1.e4 c5",Chess,Openings
"Using standard piece values (pawn=1, knight=3, bishop=3, rook=5, queen=9), what is the total material value of: 3 pawns, 1 bishop, 2 rooks, 1 queen?",27,28,29,25,D,Total value = 3×1 + 1×3 + 2×5 + 1×9 = 25.,Chess,Piece Values
"Using standard piece values (pawn=1, knight=3, bishop=3, rook=5, queen=9), what is the total material value of: 1 pawn, 1 bishop?",5,6,4,0,C,Total value = 1×1 + 1×3 = 4.,Chess,Piece Values
"White has 1 pawn, 2 knights, 1 bishop, 2 rooks. Black has 8 pawns, 1 bishop. Using standard piece values, who has the material advantage and by how many points?",White is ahead by 9 point(s),Black is ahead by 7 point(s),White is ahead by 12 point(s),White is ahead by 11 point(s),A,"White's material = 20. Black's material = 11. Difference = 9, so White is ahead by 9 point(s).",Chess,Piece Values
"White has 1 pawn, 1 knight, 2 bishops, 1 queen. Black has 1 knight, 2 rooks. Using standard piece values, who has the material advantage and by how many points?",White is ahead by 6 point(s),White is ahead by 4 point(s),White is ahead by 7 point(s),White is ahead by 9 point(s),A,"White's material = 19. Black's material = 13. Difference = 6, so White is ahead by 6 point(s).",Chess,Piece Values
"White has 1 pawn, 2 rooks. Black has 3 pawns, 1 knight, 1 bishop. Using standard piece values, who has the material advantage and by how many points?",Black is ahead by 5 point(s),Black is ahead by 3 point(s),White is ahead by 2 point(s),White is ahead by 1 point(s),C,"White's material = 11. Black's material = 9. Difference = 2, so White is ahead by 2 point(s).",Chess,Piece Values
"Using standard piece values (pawn=1, knight=3, bishop=3, rook=5, queen=9), what is the total material value of: 4 pawns, 1 bishop, 2 rooks?",13,17,18,14,B,Total value = 4×1 + 1×3 + 2×5 = 17.,Chess,Piece Values
"Using standard piece values (pawn=1, knight=3, bishop=3, rook=5, queen=9), what is the total material value of: 5 pawns, 2 knights, 2 bishops, 1 rook?",22,19,18,21,A,Total value = 5×1 + 2×3 + 2×3 + 1×5 = 22.,Chess,Piece Values
"Using standard piece values (pawn=1, knight=3, bishop=3, rook=5, queen=9), what is the total material value of: 4 pawns, 2 knights, 1 bishop, 1 rook?",18,17,19,20,A,Total value = 4×1 + 2×3 + 1×3 + 1×5 = 18.,Chess,Piece Values
"White has 8 pawns, 1 knight, 2 rooks, 1 queen. Black has 3 pawns, 2 bishops, 1 rook. Using standard piece values, who has the material advantage and by how many points?",White is ahead by 19 point(s),White is ahead by 16 point(s),White is ahead by 18 point(s),White is ahead by 14 point(s),B,"White's material = 30. Black's material = 14. Difference = 16, so White is ahead by 16 point(s).",Chess,Piece Values
"White has 4 pawns, 2 knights, 1 bishop, 2 rooks, 1 queen. Black has 6 pawns, 1 queen. Using standard piece values, who has the material advantage and by how many points?",White is ahead by 16 point(s),Black is ahead by 15 point(s),Black is ahead by 20 point(s),White is ahead by 17 point(s),D,"White's material = 32. Black's material = 15. Difference = 17, so White is ahead by 17 point(s).",Chess,Piece Values
"Using standard piece values (pawn=1, knight=3, bishop=3, rook=5, queen=9), what is the total material value of: 6 pawns, 2 rooks?",16,15,19,12,A,Total value = 6×1 + 2×5 = 16.,Chess,Piece Values
"White has 4 pawns, 2 knights, 2 bishops, 1 rook. Black has 6 pawns. Using standard piece values, who has the material advantage and by how many points?",Black is ahead by 14 point(s),White is ahead by 12 point(s),White is ahead by 13 point(s),White is ahead by 15 point(s),D,"White's material = 21. Black's material = 6. Difference = 15, so White is ahead by 15 point(s).",Chess,Piece Values
"White has 6 pawns, 1 knight. Black has 4 pawns, 1 knight, 2 bishops, 2 rooks. Using standard piece values, who has the material advantage and by how many points?",White is ahead by 12 point(s),Black is ahead by 17 point(s),Black is ahead by 14 point(s),White is ahead by 15 point(s),C,"White's material = 9. Black's material = 23. Difference = 14, so Black is ahead by 14 point(s).",Chess,Piece Values
"White has 8 pawns, 1 bishop, 1 rook, 1 queen. Black has 1 pawn, 1 knight, 1 rook, 1 queen. Using standard piece values, who has the material advantage and by how many points?",Black is ahead by 9 point(s),Black is ahead by 5 point(s),White is ahead by 4 point(s),White is ahead by 7 point(s),D,"White's material = 25. Black's material = 18. Difference = 7, so White is ahead by 7 point(s).",Chess,Piece Values
"White has 5 pawns, 1 knight, 2 rooks. Black has 7 pawns, 1 knight, 1 bishop. Using standard piece values, who has the material advantage and by how many points?",Black is ahead by 4 point(s),White is ahead by 3 point(s),Black is ahead by 7 point(s),White is ahead by 5 point(s),D,"White's material = 18. Black's material = 13. Difference = 5, so White is ahead by 5 point(s).",Chess,Piece Values
"White has 1 pawn, 2 bishops. Black has 8 pawns, 1 knight, 1 bishop, 1 rook. Using standard piece values, who has the material advantage and by how many points?",White is ahead by 15 point(s),White is ahead by 9 point(s),Black is ahead by 12 point(s),Black is ahead by 10 point(s),C,"White's material = 7. Black's material = 19. Difference = 12, so Black is ahead by 12 point(s).",Chess,Piece Values
"Using standard piece values (pawn=1, knight=3, bishop=3, rook=5, queen=9), what is the total material value of: 7 pawns, 2 bishops, 2 rooks, 1 queen?",28,35,31,32,D,Total value = 7×1 + 2×3 + 2×5 + 1×9 = 32.,Chess,Piece Values
"White has 1 pawn. Black has 6 pawns, 1 bishop, 2 rooks. Using standard piece values, who has the material advantage and by how many points?",Black is ahead by 20 point(s),Black is ahead by 21 point(s),Black is ahead by 15 point(s),Black is ahead by 18 point(s),D,"White's material = 1. Black's material = 19. Difference = 18, so Black is ahead by 18 point(s).",Chess,Piece Values
"Using standard piece values (pawn=1, knight=3, bishop=3, rook=5, queen=9), what is the total material value of: 5 pawns, 2 knights?",9,11,7,13,B,Total value = 5×1 + 2×3 = 11.,Chess,Piece Values
"Which term matches this description: ""64 squares, arranged in an 8x8 grid""?",the back rank mate,the number of squares on a chessboard,a Grandmaster (GM),the opening phase of a game,B,"The description matches the number of squares on a chessboard: 64 squares, arranged in an 8x8 grid",Chess,Board Basics
"White has 4 pawns, 1 knight, 1 bishop, 1 queen. Black has 6 pawns, 2 knights, 1 queen. Using standard piece values, who has the material advantage and by how many points?",Black is ahead by 3 point(s),Black is ahead by 2 point(s),White is ahead by 1 point(s),White is ahead by 4 point(s),B,"White's material = 19. Black's material = 21. Difference = 2, so Black is ahead by 2 point(s).",Chess,Piece Values
"White has 7 pawns, 2 knights, 2 bishops, 1 rook. Black has 3 pawns, 1 knight, 1 bishop, 1 rook, 1 queen. Using standard piece values, who has the material advantage and by how many points?",Black is ahead by 1 point(s),White is ahead by 3 point(s),White is ahead by 1 point(s),Black is ahead by 3 point(s),C,"White's material = 24. Black's material = 23. Difference = 1, so White is ahead by 1 point(s).",Chess,Piece Values
"White has 6 pawns, 1 knight, 1 bishop, 1 rook, 1 queen. Black has 2 pawns, 1 bishop, 1 queen. Using standard piece values, who has the material advantage and by how many points?",White is ahead by 12 point(s),Black is ahead by 13 point(s),White is ahead by 11 point(s),Black is ahead by 14 point(s),A,"White's material = 26. Black's material = 14. Difference = 12, so White is ahead by 12 point(s).",Chess,Piece Values
"Using standard piece values (pawn=1, knight=3, bishop=3, rook=5, queen=9), what is the total material value of: 3 pawns, 2 knights, 1 bishop?",10,13,14,12,D,Total value = 3×1 + 2×3 + 1×3 = 12.,Chess,Piece Values
"White has 7 pawns, 1 bishop, 1 queen. Black has 5 pawns, 2 knights, 1 rook, 1 queen. Using standard piece values, who has the material advantage and by how many points?",Black is ahead by 3 point(s),Black is ahead by 6 point(s),Black is ahead by 8 point(s),Black is ahead by 7 point(s),B,"White's material = 19. Black's material = 25. Difference = 6, so Black is ahead by 6 point(s).",Chess,Piece Values
"Which term matches this description: ""a former World Chess Champion widely regarded as one of the greatest players in chess history""?",the value of a rook,the FIDE,Garry Kasparov,the King's Indian Defence,C,The description matches Garry Kasparov: a former World Chess Champion widely regarded as one of the greatest players in chess history,Chess,Players
"White has 6 pawns, 1 bishop, 1 rook, 1 queen. Black has 5 pawns, 2 knights, 1 bishop. Using standard piece values, who has the material advantage and by how many points?",White is ahead by 11 point(s),White is ahead by 9 point(s),Black is ahead by 6 point(s),Black is ahead by 11 point(s),B,"White's material = 23. Black's material = 14. Difference = 9, so White is ahead by 9 point(s).",Chess,Piece Values
"White has 1 knight, 2 rooks, 1 queen. Black has 6 pawns, 2 knights, 1 bishop, 1 rook, 1 queen. Using standard piece values, who has the material advantage and by how many points?",Black is ahead by 5 point(s),Black is ahead by 7 point(s),Black is ahead by 9 point(s),White is ahead by 8 point(s),B,"White's material = 22. Black's material = 29. Difference = 7, so Black is ahead by 7 point(s).",Chess,Piece Values
"White has 6 pawns, 1 bishop, 2 rooks. Black has 1 knight, 1 bishop, 2 rooks, 1 queen. Using standard piece values, who has the material advantage and by how many points?",Black is ahead by 5 point(s),White is ahead by 8 point(s),White is ahead by 7 point(s),Black is ahead by 6 point(s),D,"White's material = 19. Black's material = 25. Difference = 6, so Black is ahead by 6 point(s).",Chess,Piece Values
"White has 3 pawns, 2 knights, 2 bishops, 1 rook, 1 queen. Black has 3 pawns, 1 knight, 1 bishop, 2 rooks. Using standard piece values, who has the material advantage and by how many points?",White is ahead by 8 point(s),White is ahead by 9 point(s),White is ahead by 10 point(s),White is ahead by 11 point(s),C,"White's material = 29. Black's material = 19. Difference = 10, so White is ahead by 10 point(s).",Chess,Piece Values
"Fill in the blank: ______ refers to ""the standard method of recording chess moves using letters (a-h) for files and numbers (1-8) for ranks"".",algebraic notation,the King's Indian Defence,the value of a queen,a skewer,A,algebraic notation refers to: the standard method of recording chess moves using letters (a-h) for files and numbers (1-8) for ranks,Chess,Notation
"White has 5 pawns, 2 knights, 1 rook, 1 queen. Black has 1 pawn, 2 knights, 2 bishops, 2 rooks. Using standard piece values, who has the material advantage and by how many points?",Black is ahead by 1 point(s),White is ahead by 1 point(s),White is ahead by 2 point(s),Black is ahead by 4 point(s),C,"White's material = 25. Black's material = 23. Difference = 2, so White is ahead by 2 point(s).",Chess,Piece Values
"Using standard piece values (pawn=1, knight=3, bishop=3, rook=5, queen=9), what is the total material value of: 4 pawns, 1 knight, 2 rooks?",13,17,20,16,B,Total value = 4×1 + 1×3 + 2×5 = 17.,Chess,Piece Values
"White has 2 pawns, 2 bishops, 1 queen. Black has 1 bishop, 1 queen. Using standard piece values, who has the material advantage and by how many points?",Black is ahead by 4 point(s),White is ahead by 5 point(s),Black is ahead by 7 point(s),White is ahead by 4 point(s),B,"White's material = 17. Black's material = 12. Difference = 5, so White is ahead by 5 point(s).",Chess,Piece Values
What is Anatoly Karpov?,a chess opening beginning with 1.e4 e6,generally considered to be worth about 5 points,a Soviet/Russian chess Grandmaster who was World Chess Champion in the 1970s and 1980s,"the phase of a chess game following the opening, where tactical and strategic battles typically occur",C,Anatoly Karpov is: a Soviet/Russian chess Grandmaster who was World Chess Champion in the 1970s and 1980s,Chess,Players
"Fill in the blank: ______ refers to ""a chess opening where White offers a pawn to gain central control, beginning with 1.d4 d5 2.c4"".",Anatoly Karpov,the Queen's Gambit,the queen's movement,the King's Indian Defence,B,"the Queen's Gambit refers to: a chess opening where White offers a pawn to gain central control, beginning with 1.d4 d5 2.c4",Chess,Openings
Which statement correctly describes the FIDE?,a Soviet/Russian chess Grandmaster who was World Chess Champion in the 1970s and 1980s,"the Fédération Internationale des Échecs, the international governing body of chess","a checkmate delivered along a player's first rank, often because their own pawns block the king's escape","a situation where a player is at a disadvantage because they must make a move, and any move worsens their position",B,"By definition, the FIDE is: the Fédération Internationale des Échecs, the international governing body of chess",Chess,Organisations
"Using standard piece values (pawn=1, knight=3, bishop=3, rook=5, queen=9), what is the total material value of: 7 pawns, 1 bishop, 1 queen?",22,17,21,19,D,Total value = 7×1 + 1×3 + 1×9 = 19.,Chess,Piece Values
"White has 3 pawns, 1 rook, 1 queen. Black has 2 pawns, 1 knight. Using standard piece values, who has the material advantage and by how many points?",White is ahead by 13 point(s),White is ahead by 11 point(s),Black is ahead by 10 point(s),White is ahead by 12 point(s),D,"White's material = 17. Black's material = 5. Difference = 12, so White is ahead by 12 point(s).",Chess,Piece Values
"White has 1 pawn, 1 knight, 1 bishop, 1 queen. Black has 4 pawns, 2 knights, 2 bishops, 1 rook. Using standard piece values, who has the material advantage and by how many points?",Black is ahead by 5 point(s),Black is ahead by 2 point(s),White is ahead by 4 point(s),Black is ahead by 8 point(s),A,"White's material = 16. Black's material = 21. Difference = 5, so Black is ahead by 5 point(s).",Chess,Piece Values
"White has 6 pawns, 1 knight, 1 bishop, 1 queen. Black has 7 pawns, 1 knight, 2 rooks, 1 queen. Using standard piece values, who has the material advantage and by how many points?",White is ahead by 7 point(s),Black is ahead by 9 point(s),White is ahead by 10 point(s),Black is ahead by 8 point(s),D,"White's material = 21. Black's material = 29. Difference = 8, so Black is ahead by 8 point(s).",Chess,Piece Values
"Using standard piece values (pawn=1, knight=3, bishop=3, rook=5, queen=9), what is the total material value of: 7 pawns, 2 bishops?",11,16,13,10,C,Total value = 7×1 + 2×3 = 13.,Chess,Piece Values
"Using standard piece values (pawn=1, knight=3, bishop=3, rook=5, queen=9), what is the total material value of: 8 pawns, 2 knights, 2 bishops, 1 rook, 1 queen?",31,34,30,32,B,Total value = 8×1 + 2×3 + 2×3 + 1×5 + 1×9 = 34.,Chess,Piece Values
"White has 6 pawns, 2 knights, 2 bishops, 1 queen. Black has 1 bishop, 2 rooks. Using standard piece values, who has the material advantage and by how many points?",White is ahead by 12 point(s),White is ahead by 14 point(s),Black is ahead by 15 point(s),White is ahead by 16 point(s),B,"White's material = 27. Black's material = 13. Difference = 14, so White is ahead by 14 point(s).",Chess,Piece Values
"Using standard piece values (pawn=1, knight=3, bishop=3, rook=5, queen=9), what is the total material value of: 2 pawns, 1 knight, 2 rooks?",17,18,13,15,D,Total value = 2×1 + 1×3 + 2×5 = 15.,Chess,Piece Values
"White has 8 pawns, 2 bishops. Black has 8 pawns, 1 rook, 1 queen. Using standard piece values, who has the material advantage and by how many points?",White is ahead by 11 point(s),Black is ahead by 10 point(s),Black is ahead by 8 point(s),Black is ahead by 6 point(s),C,"White's material = 14. Black's material = 22. Difference = 8, so Black is ahead by 8 point(s).",Chess,Piece Values
"White has 4 pawns, 2 knights, 2 rooks. Black has 7 pawns, 1 knight, 1 bishop. Using standard piece values, who has the material advantage and by how many points?",Black is ahead by 4 point(s),Black is ahead by 10 point(s),Black is ahead by 5 point(s),White is ahead by 7 point(s),D,"White's material = 20. Black's material = 13. Difference = 7, so White is ahead by 7 point(s).",Chess,Piece Values
"White has 8 pawns, 1 knight, 2 bishops. Black has 6 pawns, 2 bishops, 1 rook, 1 queen. Using standard piece values, who has the material advantage and by how many points?",Black is ahead by 9 point(s),Black is ahead by 7 point(s),White is ahead by 11 point(s),Black is ahead by 10 point(s),A,"White's material = 17. Black's material = 26. Difference = 9, so Black is ahead by 9 point(s).",Chess,Piece Values
"White has 6 pawns, 2 knights, 2 bishops. Black has 1 bishop, 2 rooks. Using standard piece values, who has the material advantage and by how many points?",Black is ahead by 2 point(s),White is ahead by 8 point(s),Black is ahead by 4 point(s),White is ahead by 5 point(s),D,"White's material = 18. Black's material = 13. Difference = 5, so White is ahead by 5 point(s).",Chess,Piece Values
"White has 5 pawns, 2 knights, 1 bishop, 1 queen. Black has 5 pawns, 1 knight, 1 rook, 1 queen. Using standard piece values, who has the material advantage and by how many points?",Black is ahead by 2 point(s),White is ahead by 1 point(s),White is ahead by 3 point(s),Black is ahead by 1 point(s),B,"White's material = 23. Black's material = 22. Difference = 1, so White is ahead by 1 point(s).",Chess,Piece Values
"White has 4 pawns, 2 knights, 1 bishop, 2 rooks, 1 queen. Black has 1 pawn, 1 knight. Using standard piece values, who has the material advantage and by how many points?",White is ahead by 30 point(s),White is ahead by 28 point(s),Black is ahead by 30 point(s),White is ahead by 25 point(s),B,"White's material = 32. Black's material = 4. Difference = 28, so White is ahead by 28 point(s).",Chess,Piece Values
"Using standard piece values (pawn=1, knight=3, bishop=3, rook=5, queen=9), what is the total material value of: 7 pawns, 2 knights, 2 bishops?",17,16,19,23,C,Total value = 7×1 + 2×3 + 2×3 = 19.,Chess,Piece Values
"Using standard piece values (pawn=1, knight=3, bishop=3, rook=5, queen=9), what is the total material value of: 3 pawns, 1 knight, 1 rook?",7,8,13,11,D,Total value = 3×1 + 1×3 + 1×5 = 11.,Chess,Piece Values
"White has 5 pawns, 2 knights, 1 queen. Black has 6 pawns, 2 knights, 1 bishop, 2 rooks. Using standard piece values, who has the material advantage and by how many points?",White is ahead by 7 point(s),White is ahead by 3 point(s),White is ahead by 8 point(s),Black is ahead by 5 point(s),D,"White's material = 20. Black's material = 25. Difference = 5, so Black is ahead by 5 point(s).",Chess,Piece Values
"Using standard piece values (pawn=1, knight=3, bishop=3, rook=5, queen=9), what is the total material value of: 8 pawns, 1 bishop, 1 rook, 1 queen?",27,24,23,25,D,Total value = 8×1 + 1×3 + 1×5 + 1×9 = 25.,Chess,Piece Values
"Using standard piece values (pawn=1, knight=3, bishop=3, rook=5, queen=9), what is the total material value of: 2 pawns, 1 knight?",5,2,6,3,A,Total value = 2×1 + 1×3 = 5.,Chess,Piece Values
"White has 8 pawns, 1 knight, 2 bishops, 2 rooks, 1 queen. Black has 6 pawns, 2 bishops, 1 queen. Using standard piece values, who has the material advantage and by how many points?",White is ahead by 15 point(s),Black is ahead by 14 point(s),Black is ahead by 18 point(s),Black is ahead by 16 point(s),A,"White's material = 36. Black's material = 21. Difference = 15, so White is ahead by 15 point(s).",Chess,Piece Values
"Using standard piece values (pawn=1, knight=3, bishop=3, rook=5, queen=9), what is the total material value of: 2 pawns, 2 knights, 2 rooks, 1 queen?",30,27,29,28,B,Total value = 2×1 + 2×3 + 2×5 + 1×9 = 27.,Chess,Piece Values
What is an International Master (IM)?,a Soviet/Russian chess Grandmaster who was World Chess Champion in the 1970s and 1980s,"a chess title awarded by FIDE, ranking below Grandmaster","a checkmate delivered along a player's first rank, often because their own pawns block the king's escape",a piece that moves forward one square (or two on its first move) and captures diagonally,B,"an International Master (IM) is: a chess title awarded by FIDE, ranking below Grandmaster",Chess,Titles
"Using standard piece values (pawn=1, knight=3, bishop=3, rook=5, queen=9), what is the total material value of: 6 pawns, 2 knights, 2 bishops, 1 rook?",23,21,20,26,A,Total value = 6×1 + 2×3 + 2×3 + 1×5 = 23.,Chess,Piece Values
"In algebraic chess notation, is the square d2 a light or dark square?",depends on the piece,cannot be determined,light,dark,D,"Square d2: file d (position 4) and rank 2. Since their sum has the parity it does, d2 is a dark square.",Chess,Notation
"White has 7 pawns, 2 rooks. Black has 8 pawns, 2 bishops, 1 rook. Using standard piece values, who has the material advantage and by how many points?",White is ahead by 1 point(s),White is ahead by 3 point(s),Black is ahead by 4 point(s),Black is ahead by 2 point(s),D,"White's material = 17. Black's material = 19. Difference = 2, so Black is ahead by 2 point(s).",Chess,Piece Values
"Using standard piece values (pawn=1, knight=3, bishop=3, rook=5, queen=9), what is the total material value of: 2 pawns, 1 rook, 1 queen?",13,16,17,19,B,Total value = 2×1 + 1×5 + 1×9 = 16.,Chess,Piece Values
"Using standard piece values (pawn=1, knight=3, bishop=3, rook=5, queen=9), what is the total material value of: 2 pawns, 1 knight, 1 bishop, 1 queen?",17,20,19,13,A,Total value = 2×1 + 1×3 + 1×3 + 1×9 = 17.,Chess,Piece Values
"Using standard piece values (pawn=1, knight=3, bishop=3, rook=5, queen=9), what is the total material value of: 4 pawns, 1 bishop, 1 rook?",12,8,13,14,A,Total value = 4×1 + 1×3 + 1×5 = 12.,Chess,Piece Values
"White has 5 pawns, 1 bishop, 1 rook, 1 queen. Black has 1 queen. Using standard piece values, who has the material advantage and by how many points?",White is ahead by 12 point(s),White is ahead by 13 point(s),Black is ahead by 12 point(s),White is ahead by 11 point(s),B,"White's material = 22. Black's material = 9. Difference = 13, so White is ahead by 13 point(s).",Chess,Piece Values
"White has 7 pawns, 1 knight, 2 bishops, 2 rooks, 1 queen. Black has 6 pawns, 1 knight, 2 rooks. Using standard piece values, who has the material advantage and by how many points?",Black is ahead by 13 point(s),White is ahead by 16 point(s),Black is ahead by 15 point(s),Black is ahead by 17 point(s),B,"White's material = 35. Black's material = 19. Difference = 16, so White is ahead by 16 point(s).",Chess,Piece Values
"In algebraic chess notation, is the square g4 a light or dark square?",depends on the piece,light,cannot be determined,dark,B,"Square g4: file g (position 7) and rank 4. Since their sum has the parity it does, g4 is a light square.",Chess,Notation
"White has 8 pawns, 1 knight, 2 bishops, 1 rook. Black has 6 pawns, 1 rook. Using standard piece values, who has the material advantage and by how many points?",Black is ahead by 13 point(s),White is ahead by 13 point(s),White is ahead by 11 point(s),White is ahead by 9 point(s),C,"White's material = 22. Black's material = 11. Difference = 11, so White is ahead by 11 point(s).",Chess,Piece Values
"Using standard piece values (pawn=1, knight=3, bishop=3, rook=5, queen=9), what is the total material value of: 2 bishops, 1 rook?",15,8,11,9,C,Total value = 2×3 + 1×5 = 11.,Chess,Piece Values
"White has 8 pawns, 1 bishop, 1 rook, 1 queen. Black has 5 pawns, 1 knight, 1 bishop. Using standard piece values, who has the material advantage and by how many points?",Black is ahead by 16 point(s),White is ahead by 15 point(s),Black is ahead by 15 point(s),White is ahead by 14 point(s),D,"White's material = 25. Black's material = 11. Difference = 14, so White is ahead by 14 point(s).",Chess,Piece Values
"White has 6 pawns, 2 knights, 1 bishop, 1 rook, 1 queen. Black has 1 pawn, 1 knight, 2 rooks, 1 queen. Using standard piece values, who has the material advantage and by how many points?",Black is ahead by 3 point(s),Black is ahead by 8 point(s),White is ahead by 8 point(s),White is ahead by 6 point(s),D,"White's material = 29. Black's material = 23. Difference = 6, so White is ahead by 6 point(s).",Chess,Piece Values
"Which term matches this description: ""an Indian chess Grandmaster who was World Chess Champion from 2007 to 2013""?",algebraic notation,Viswanathan Anand,check,the French Defence,B,The description matches Viswanathan Anand: an Indian chess Grandmaster who was World Chess Champion from 2007 to 2013,Chess,Players
"White has 4 pawns, 2 bishops, 2 rooks, 1 queen. Black has 2 pawns, 2 knights, 2 bishops. Using standard piece values, who has the material advantage and by how many points?",White is ahead by 15 point(s),Black is ahead by 16 point(s),Black is ahead by 14 point(s),Black is ahead by 18 point(s),A,"White's material = 29. Black's material = 14. Difference = 15, so White is ahead by 15 point(s).",Chess,Piece Values
What is pawn promotion?,"16 pieces: 8 pawns, 2 rooks, 2 knights, 2 bishops, 1 queen, and 1 king",a piece that moves diagonally any number of squares,"a special move involving the king and a rook, allowing the king to move two squares toward the rook","the rule allowing a pawn that reaches the farthest rank to be promoted to any other piece, usually a queen",D,"pawn promotion is: the rule allowing a pawn that reaches the farthest rank to be promoted to any other piece, usually a queen",Chess,Special Moves
Which statement correctly describes the back rank mate?,a tactic where one piece attacks two or more enemy pieces simultaneously,a tactic where moving one piece reveals an attack from another piece behind it,"a checkmate delivered along a player's first rank, often because their own pawns block the king's escape","a situation where a player is at a disadvantage because they must make a move, and any move worsens their position",C,"By definition, the back rank mate is: a checkmate delivered along a player's first rank, often because their own pawns block the king's escape",Chess,Tactics
"Using standard piece values (pawn=1, knight=3, bishop=3, rook=5, queen=9), what is the total material value of: 6 pawns, 1 knight, 2 bishops, 1 queen?",24,27,26,20,A,Total value = 6×1 + 1×3 + 2×3 + 1×9 = 24.,Chess,Piece Values
"White has 4 pawns, 1 queen. Black has 5 pawns, 1 knight, 1 bishop. Using standard piece values, who has the material advantage and by how many points?",Black is ahead by 1 point(s),White is ahead by 5 point(s),White is ahead by 1 point(s),White is ahead by 2 point(s),D,"White's material = 13. Black's material = 11. Difference = 2, so White is ahead by 2 point(s).",Chess,Piece Values
"Fill in the blank: ______ refers to ""a Norwegian chess Grandmaster who became World Chess Champion in 2013 and dominated top-level chess for years"".",a fork,Magnus Carlsen,the Ruy López opening,stalemate,B,Magnus Carlsen refers to: a Norwegian chess Grandmaster who became World Chess Champion in 2013 and dominated top-level chess for years,Chess,Players
"Using standard piece values (pawn=1, knight=3, bishop=3, rook=5, queen=9), what is the total material value of: 5 pawns, 1 knight?",8,7,10,9,A,Total value = 5×1 + 1×3 = 8.,Chess,Piece Values
"White has 6 pawns, 2 knights, 2 rooks, 1 queen. Black has 1 pawn, 1 knight, 2 bishops, 1 rook. Using standard piece values, who has the material advantage and by how many points?",Black is ahead by 18 point(s),Black is ahead by 13 point(s),Black is ahead by 14 point(s),White is ahead by 16 point(s),D,"White's material = 31. Black's material = 15. Difference = 16, so White is ahead by 16 point(s).",Chess,Piece Values
"White has 7 pawns, 1 knight, 1 bishop, 2 rooks, 1 queen. Black has 1 pawn, 2 bishops, 1 rook. Using standard piece values, who has the material advantage and by how many points?",White is ahead by 20 point(s),White is ahead by 23 point(s),White is ahead by 21 point(s),Black is ahead by 19 point(s),A,"White's material = 32. Black's material = 12. Difference = 20, so White is ahead by 20 point(s).",Chess,Piece Values
"White has 4 pawns, 1 knight, 2 bishops, 2 rooks. Black has 1 pawn, 1 knight, 2 bishops, 1 rook. Using standard piece values, who has the material advantage and by how many points?",Black is ahead by 10 point(s),Black is ahead by 11 point(s),White is ahead by 8 point(s),Black is ahead by 7 point(s),C,"White's material = 23. Black's material = 15. Difference = 8, so White is ahead by 8 point(s).",Chess,Piece Values
"Using standard piece values (pawn=1, knight=3, bishop=3, rook=5, queen=9), what is the total material value of: 7 pawns, 1 knight, 2 rooks, 1 queen?",32,28,30,29,D,Total value = 7×1 + 1×3 + 2×5 + 1×9 = 29.,Chess,Piece Values
"Using standard piece values (pawn=1, knight=3, bishop=3, rook=5, queen=9), what is the total material value of: 4 pawns, 2 knights, 2 bishops, 2 rooks, 1 queen?",39,37,33,35,D,Total value = 4×1 + 2×3 + 2×3 + 2×5 + 1×9 = 35.,Chess,Piece Values
"Using standard piece values (pawn=1, knight=3, bishop=3, rook=5, queen=9), what is the total material value of: 2 pawns, 2 bishops, 2 rooks, 1 queen?",31,27,25,23,B,Total value = 2×1 + 2×3 + 2×5 + 1×9 = 27.,Chess,Piece Values
"White has 2 pawns, 1 knight, 2 bishops, 2 rooks. Black has 3 pawns, 2 knights, 2 rooks, 1 queen. Using standard piece values, who has the material advantage and by how many points?",Black is ahead by 7 point(s),Black is ahead by 9 point(s),White is ahead by 10 point(s),White is ahead by 6 point(s),A,"White's material = 21. Black's material = 28. Difference = 7, so Black is ahead by 7 point(s).",Chess,Piece Values
"Using standard piece values (pawn=1, knight=3, bishop=3, rook=5, queen=9), what is the total material value of: 5 pawns, 2 knights, 2 bishops, 2 rooks?",29,26,27,31,C,Total value = 5×1 + 2×3 + 2×3 + 2×5 = 27.,Chess,Piece Values
"White has 5 pawns, 1 knight, 1 rook. Black has 7 pawns, 2 rooks. Using standard piece values, who has the material advantage and by how many points?",Black is ahead by 4 point(s),Black is ahead by 1 point(s),Black is ahead by 7 point(s),White is ahead by 6 point(s),A,"White's material = 13. Black's material = 17. Difference = 4, so Black is ahead by 4 point(s).",Chess,Piece Values
"Using standard piece values (pawn=1, knight=3, bishop=3, rook=5, queen=9), what is the total material value of: 5 pawns, 2 knights, 1 bishop?",12,15,13,14,D,Total value = 5×1 + 2×3 + 1×3 = 14.,Chess,Piece Values
"White has 2 pawns, 2 bishops, 1 rook, 1 queen. Black has 6 pawns, 2 rooks. Using standard piece values, who has the material advantage and by how many points?",White is ahead by 6 point(s),Black is ahead by 4 point(s),Black is ahead by 7 point(s),White is ahead by 8 point(s),A,"White's material = 22. Black's material = 16. Difference = 6, so White is ahead by 6 point(s).",Chess,Piece Values
"White has 4 pawns, 2 knights, 2 bishops, 2 rooks, 1 queen. Black has 2 pawns, 1 knight, 2 bishops, 1 rook. Using standard piece values, who has the material advantage and by how many points?",White is ahead by 22 point(s),White is ahead by 20 point(s),White is ahead by 19 point(s),Black is ahead by 17 point(s),C,"White's material = 35. Black's material = 16. Difference = 19, so White is ahead by 19 point(s).",Chess,Piece Values
"Using standard piece values (pawn=1, knight=3, bishop=3, rook=5, queen=9), what is the total material value of: 3 pawns, 2 knights, 1 bishop, 1 rook?",20,14,17,15,C,Total value = 3×1 + 2×3 + 1×3 + 1×5 = 17.,Chess,Piece Values
"White has 8 pawns, 1 knight, 1 rook, 1 queen. Black has 8 pawns, 2 knights, 2 bishops, 1 queen. Using standard piece values, who has the material advantage and by how many points?",Black is ahead by 3 point(s),Black is ahead by 4 point(s),White is ahead by 2 point(s),Black is ahead by 6 point(s),B,"White's material = 25. Black's material = 29. Difference = 4, so Black is ahead by 4 point(s).",Chess,Piece Values
"White has 8 pawns, 2 bishops, 1 rook, 1 queen. Black has 7 pawns, 1 knight, 1 rook, 1 queen. Using standard piece values, who has the material advantage and by how many points?",Black is ahead by 5 point(s),White is ahead by 1 point(s),White is ahead by 4 point(s),White is ahead by 7 point(s),C,"White's material = 28. Black's material = 24. Difference = 4, so White is ahead by 4 point(s).",Chess,Piece Values
"White has 2 pawns, 1 knight, 2 bishops, 2 rooks, 1 queen. Black has 1 pawn, 2 knights, 1 bishop, 1 queen. Using standard piece values, who has the material advantage and by how many points?",White is ahead by 13 point(s),Black is ahead by 8 point(s),White is ahead by 11 point(s),Black is ahead by 14 point(s),C,"White's material = 30. Black's material = 19. Difference = 11, so White is ahead by 11 point(s).",Chess,Piece Values
"In algebraic chess notation, is the square g8 a light or dark square?",light,cannot be determined,depends on the piece,dark,A,"Square g8: file g (position 7) and rank 8. Since their sum has the parity it does, g8 is a light square.",Chess,Notation
"In algebraic chess notation, is the square f2 a light or dark square?",depends on the piece,cannot be determined,dark,light,C,"Square f2: file f (position 6) and rank 2. Since their sum has the parity it does, f2 is a dark square.",Chess,Notation
"White has 4 pawns, 2 knights, 1 bishop, 2 rooks, 1 queen. Black has 5 pawns, 2 knights, 1 bishop, 1 rook. Using standard piece values, who has the material advantage and by how many points?",Black is ahead by 14 point(s),White is ahead by 13 point(s),White is ahead by 16 point(s),White is ahead by 11 point(s),B,"White's material = 32. Black's material = 19. Difference = 13, so White is ahead by 13 point(s).",Chess,Piece Values
"White has 1 pawn, 1 bishop. Black has 1 pawn, 1 bishop, 1 rook. Using standard piece values, who has the material advantage and by how many points?",Black is ahead by 6 point(s),Black is ahead by 5 point(s),White is ahead by 6 point(s),White is ahead by 4 point(s),B,"White's material = 4. Black's material = 9. Difference = 5, so Black is ahead by 5 point(s).",Chess,Piece Values
"White has 1 knight, 1 rook. Black has 2 knights, 1 bishop, 1 rook. Using standard piece values, who has the material advantage and by how many points?",Black is ahead by 6 point(s),White is ahead by 7 point(s),White is ahead by 3 point(s),Black is ahead by 8 point(s),A,"White's material = 8. Black's material = 14. Difference = 6, so Black is ahead by 6 point(s).",Chess,Piece Values
"Fill in the blank: ______ refers to ""a piece that moves in an L-shape: two squares in one direction and then one square perpendicular"".",the number of pieces each player starts with,check,the knight's movement,castling,C,the knight's movement refers to: a piece that moves in an L-shape: two squares in one direction and then one square perpendicular,Chess,Piece Movement
"White has 1 pawn, 1 knight. Black has 3 pawns, 1 knight, 2 bishops. Using standard piece values, who has the material advantage and by how many points?",Black is ahead by 8 point(s),White is ahead by 7 point(s),Black is ahead by 10 point(s),White is ahead by 11 point(s),A,"White's material = 4. Black's material = 12. Difference = 8, so Black is ahead by 8 point(s).",Chess,Piece Values
"Using standard piece values (pawn=1, knight=3, bishop=3, rook=5, queen=9), what is the total material value of: 2 pawns, 1 knight, 1 rook, 1 queen?",22,21,20,19,D,Total value = 2×1 + 1×3 + 1×5 + 1×9 = 19.,Chess,Piece Values
"Which term matches this description: ""generally considered to be worth about 9 points, the most powerful piece on the board""?",the value of a rook,the rook's movement,castling,the value of a queen,D,"The description matches the value of a queen: generally considered to be worth about 9 points, the most powerful piece on the board",Chess,Piece Values
"White has 2 pawns, 1 bishop. Black has 5 pawns, 1 knight, 1 bishop, 2 rooks. Using standard piece values, who has the material advantage and by how many points?",White is ahead by 15 point(s),Black is ahead by 16 point(s),White is ahead by 14 point(s),White is ahead by 17 point(s),B,"White's material = 5. Black's material = 21. Difference = 16, so Black is ahead by 16 point(s).",Chess,Piece Values
What is the FIDE?,a special pawn capture that can occur when a pawn moves two squares from its starting position and lands beside an opposing pawn,"the most powerful piece, able to move any number of squares horizontally, vertically, or diagonally","the Fédération Internationale des Échecs, the international governing body of chess",an American chess Grandmaster who became World Chess Champion in 1972,C,"the FIDE is: the Fédération Internationale des Échecs, the international governing body of chess",Chess,Organisations
"In algebraic chess notation, is the square h4 a light or dark square?",light,dark,cannot be determined,depends on the piece,B,"Square h4: file h (position 8) and rank 4. Since their sum has the parity it does, h4 is a dark square.",Chess,Notation
"White has 1 pawn, 2 knights, 2 rooks, 1 queen. Black has 5 pawns, 2 knights, 1 rook. Using standard piece values, who has the material advantage and by how many points?",Black is ahead by 12 point(s),Black is ahead by 7 point(s),White is ahead by 8 point(s),White is ahead by 10 point(s),D,"White's material = 26. Black's material = 16. Difference = 10, so White is ahead by 10 point(s).",Chess,Piece Values
"Fill in the blank: ______ refers to ""a tactic where one piece attacks two or more enemy pieces simultaneously"".",zugzwang,a fork,a discovered attack,a smothered mate,B,a fork refers to: a tactic where one piece attacks two or more enemy pieces simultaneously,Chess,Tactics
"White has 4 pawns, 1 knight, 1 rook, 1 queen. Black has 8 pawns, 2 knights, 2 bishops, 1 rook. Using standard piece values, who has the material advantage and by how many points?",Black is ahead by 4 point(s),White is ahead by 7 point(s),Black is ahead by 7 point(s),White is ahead by 3 point(s),A,"White's material = 21. Black's material = 25. Difference = 4, so Black is ahead by 4 point(s).",Chess,Piece Values
"White has 6 pawns, 2 knights, 1 rook, 1 queen. Black has 5 pawns, 2 bishops, 1 rook, 1 queen. Using standard piece values, who has the material advantage and by how many points?",White is ahead by 1 point(s),Black is ahead by 3 point(s),White is ahead by 2 point(s),Black is ahead by 1 point(s),A,"White's material = 26. Black's material = 25. Difference = 1, so White is ahead by 1 point(s).",Chess,Piece Values
"White has 6 pawns, 2 knights, 2 bishops, 1 rook, 1 queen. Black has 3 pawns, 2 knights, 2 bishops, 2 rooks, 1 queen. Using standard piece values, who has the material advantage and by how many points?",Black is ahead by 1 point(s),Black is ahead by 4 point(s),Black is ahead by 2 point(s),White is ahead by 1 point(s),C,"White's material = 32. Black's material = 34. Difference = 2, so Black is ahead by 2 point(s).",Chess,Piece Values
"White has 5 pawns, 2 knights, 1 bishop. Black has 4 pawns, 2 knights. Using standard piece values, who has the material advantage and by how many points?",White is ahead by 6 point(s),White is ahead by 7 point(s),White is ahead by 4 point(s),Black is ahead by 6 point(s),C,"White's material = 14. Black's material = 10. Difference = 4, so White is ahead by 4 point(s).",Chess,Piece Values
"White has 2 pawns, 2 knights. Black has 4 pawns, 2 knights, 1 queen. Using standard piece values, who has the material advantage and by how many points?",Black is ahead by 14 point(s),Black is ahead by 12 point(s),Black is ahead by 11 point(s),White is ahead by 13 point(s),C,"White's material = 8. Black's material = 19. Difference = 11, so Black is ahead by 11 point(s).",Chess,Piece Values
"Using standard piece values (pawn=1, knight=3, bishop=3, rook=5, queen=9), what is the total material value of: 3 pawns, 2 bishops, 1 queen?",16,22,18,15,C,Total value = 3×1 + 2×3 + 1×9 = 18.,Chess,Piece Values
"White has 3 pawns, 2 bishops, 2 rooks. Black has 6 pawns, 2 bishops, 2 rooks. Using standard piece values, who has the material advantage and by how many points?",Black is ahead by 3 point(s),Black is ahead by 1 point(s),Black is ahead by 2 point(s),White is ahead by 2 point(s),A,"White's material = 19. Black's material = 22. Difference = 3, so Black is ahead by 3 point(s).",Chess,Piece Values
"White has 6 pawns, 2 knights, 1 bishop, 1 rook, 1 queen. Black has 8 pawns, 1 knight, 2 rooks. Using standard piece values, who has the material advantage and by how many points?",Black is ahead by 10 point(s),White is ahead by 5 point(s),Black is ahead by 9 point(s),White is ahead by 8 point(s),D,"White's material = 29. Black's material = 21. Difference = 8, so White is ahead by 8 point(s).",Chess,Piece Values
What is the rook's movement?,a piece that moves horizontally or vertically any number of squares,"the base unit of value in chess, generally counted as 1 point","a tactic similar to a pin, where a valuable piece is attacked and forced to move, exposing a less valuable piece behind it",a rule stating that a player can claim a draw if no capture or pawn move has occurred in the last fifty moves,A,the rook's movement is: a piece that moves horizontally or vertically any number of squares,Chess,Piece Movement
"Using standard piece values (pawn=1, knight=3, bishop=3, rook=5, queen=9), what is the total material value of: 8 pawns, 1 knight, 2 rooks?",21,22,19,24,A,Total value = 8×1 + 1×3 + 2×5 = 21.,Chess,Piece Values
"Using standard piece values (pawn=1, knight=3, bishop=3, rook=5, queen=9), what is the total material value of: 1 pawn, 1 knight, 1 bishop, 1 rook, 1 queen?",21,17,24,18,A,Total value = 1×1 + 1×3 + 1×3 + 1×5 + 1×9 = 21.,Chess,Piece Values
"White has 8 pawns, 1 knight, 2 bishops, 1 rook, 1 queen. Black has 6 pawns, 2 knights, 2 bishops, 1 queen. Using standard piece values, who has the material advantage and by how many points?",Black is ahead by 2 point(s),White is ahead by 4 point(s),Black is ahead by 6 point(s),White is ahead by 3 point(s),B,"White's material = 31. Black's material = 27. Difference = 4, so White is ahead by 4 point(s).",Chess,Piece Values
"White has 5 pawns, 2 bishops, 1 rook, 1 queen. Black has 4 pawns, 2 knights, 1 bishop, 2 rooks, 1 queen. Using standard piece values, who has the material advantage and by how many points?",White is ahead by 4 point(s),White is ahead by 5 point(s),White is ahead by 6 point(s),Black is ahead by 7 point(s),D,"White's material = 25. Black's material = 32. Difference = 7, so Black is ahead by 7 point(s).",Chess,Piece Values
"Which term matches this description: ""a chess opening beginning with 1.e4 e5 2.Nf3 Nc6 3.Bc4""?",stalemate,the opening phase of a game,the rook's movement,the Italian Game,D,The description matches the Italian Game: a chess opening beginning with 1.e4 e5 2.Nf3 Nc6 3.Bc4,Chess,Openings
"Using standard piece values (pawn=1, knight=3, bishop=3, rook=5, queen=9), what is the total material value of: 8 pawns, 2 knights, 1 queen?",24,21,27,23,D,Total value = 8×1 + 2×3 + 1×9 = 23.,Chess,Piece Values
"In algebraic chess notation, is the square a5 a light or dark square?",depends on the piece,cannot be determined,dark,light,C,"Square a5: file a (position 1) and rank 5. Since their sum has the parity it does, a5 is a dark square.",Chess,Notation
"White has 8 pawns, 1 bishop, 1 rook. Black has 4 pawns, 1 knight, 1 bishop, 2 rooks. Using standard piece values, who has the material advantage and by how many points?",White is ahead by 3 point(s),Black is ahead by 4 point(s),White is ahead by 1 point(s),White is ahead by 2 point(s),B,"White's material = 16. Black's material = 20. Difference = 4, so Black is ahead by 4 point(s).",Chess,Piece Values
"White has 1 rook, 1 queen. Black has 5 pawns, 2 knights, 1 rook, 1 queen. Using standard piece values, who has the material advantage and by how many points?",Black is ahead by 9 point(s),Black is ahead by 11 point(s),Black is ahead by 8 point(s),White is ahead by 8 point(s),B,"White's material = 14. Black's material = 25. Difference = 11, so Black is ahead by 11 point(s).",Chess,Piece Values
"Using standard piece values (pawn=1, knight=3, bishop=3, rook=5, queen=9), what is the total material value of: 6 pawns, 1 bishop, 2 rooks, 1 queen?",32,30,31,28,D,Total value = 6×1 + 1×3 + 2×5 + 1×9 = 28.,Chess,Piece Values
What is en passant?,a special pawn capture that can occur when a pawn moves two squares from its starting position and lands beside an opposing pawn,a classical chess opening beginning with 1.e4 e5 2.Nf3 Nc6 3.Bb5,"the phase of a chess game following the opening, where tactical and strategic battles typically occur",the standard method of recording chess moves using letters (a-h) for files and numbers (1-8) for ranks,A,en passant is: a special pawn capture that can occur when a pawn moves two squares from its starting position and lands beside an opposing pawn,Chess,Special Moves
"Using standard piece values (pawn=1, knight=3, bishop=3, rook=5, queen=9), what is the total material value of: 2 pawns, 2 bishops, 1 queen?",17,15,18,20,A,Total value = 2×1 + 2×3 + 1×9 = 17.,Chess,Piece Values
Which statement correctly describes the number of pieces each player starts with?,a Soviet/Russian chess Grandmaster who was World Chess Champion in the 1970s and 1980s,generally considered to be worth about 3 points,"16 pieces: 8 pawns, 2 rooks, 2 knights, 2 bishops, 1 queen, and 1 king",a tactic where one piece attacks two or more enemy pieces simultaneously,C,"By definition, the number of pieces each player starts with is: 16 pieces: 8 pawns, 2 rooks, 2 knights, 2 bishops, 1 queen, and 1 king",Chess,Board Basics
"White has 6 pawns, 2 knights, 1 rook, 1 queen. Black has 1 knight, 2 bishops, 1 rook. Using standard piece values, who has the material advantage and by how many points?",Black is ahead by 13 point(s),Black is ahead by 9 point(s),White is ahead by 12 point(s),Black is ahead by 11 point(s),C,"White's material = 26. Black's material = 14. Difference = 12, so White is ahead by 12 point(s).",Chess,Piece Values
"Using standard piece values (pawn=1, knight=3, bishop=3, rook=5, queen=9), what is the total material value of: 4 pawns, 2 bishops, 1 rook?",15,12,13,16,A,Total value = 4×1 + 2×3 + 1×5 = 15.,Chess,Piece Values
"Which term matches this description: ""generally considered to be worth about 3 points, similar to a knight""?",a skewer,the value of a bishop,the King's Indian Defence,the bishop's movement,B,"The description matches the value of a bishop: generally considered to be worth about 3 points, similar to a knight",Chess,Piece Values
What is the endgame?,"a position where a player has no legal move but their king is not in check, resulting in a draw","16 pieces: 8 pawns, 2 rooks, 2 knights, 2 bishops, 1 queen, and 1 king","the final phase of a chess game, typically when few pieces remain on the board",a former World Chess Champion widely regarded as one of the greatest players in chess history,C,"the endgame is: the final phase of a chess game, typically when few pieces remain on the board",Chess,Game Phases
"Fill in the blank: ______ refers to ""a tactic where a piece cannot move without exposing a more valuable piece behind it to attack"".",the back rank mate,a pin,zugzwang,a discovered attack,B,a pin refers to: a tactic where a piece cannot move without exposing a more valuable piece behind it to attack,Chess,Tactics
"White has 5 pawns, 2 bishops, 2 rooks. Black has 8 pawns, 1 knight. Using standard piece values, who has the material advantage and by how many points?",White is ahead by 12 point(s),White is ahead by 7 point(s),White is ahead by 10 point(s),Black is ahead by 12 point(s),C,"White's material = 21. Black's material = 11. Difference = 10, so White is ahead by 10 point(s).",Chess,Piece Values
"White has 8 pawns, 2 knights, 1 queen. Black has 1 queen. Using standard piece values, who has the material advantage and by how many points?",White is ahead by 16 point(s),White is ahead by 14 point(s),Black is ahead by 12 point(s),White is ahead by 12 point(s),B,"White's material = 23. Black's material = 9. Difference = 14, so White is ahead by 14 point(s).",Chess,Piece Values
"White has 5 pawns, 2 knights, 2 bishops. Black has 5 pawns, 2 knights. Using standard piece values, who has the material advantage and by how many points?",White is ahead by 6 point(s),White is ahead by 7 point(s),White is ahead by 9 point(s),Black is ahead by 8 point(s),A,"White's material = 17. Black's material = 11. Difference = 6, so White is ahead by 6 point(s).",Chess,Piece Values
"White has 8 pawns, 1 rook. Black has 7 pawns, 2 knights, 2 rooks, 1 queen. Using standard piece values, who has the material advantage and by how many points?",Black is ahead by 19 point(s),White is ahead by 20 point(s),Black is ahead by 16 point(s),White is ahead by 21 point(s),A,"White's material = 13. Black's material = 32. Difference = 19, so Black is ahead by 19 point(s).",Chess,Piece Values
"White has 4 pawns, 1 knight, 1 bishop, 1 rook. Black has 2 pawns, 1 knight. Using standard piece values, who has the material advantage and by how many points?",Black is ahead by 8 point(s),Black is ahead by 12 point(s),White is ahead by 7 point(s),White is ahead by 10 point(s),D,"White's material = 15. Black's material = 5. Difference = 10, so White is ahead by 10 point(s).",Chess,Piece Values
"White has 3 pawns, 2 knights, 2 rooks. Black has 1 pawn, 1 knight. Using standard piece values, who has the material advantage and by how many points?",Black is ahead by 12 point(s),White is ahead by 15 point(s),White is ahead by 13 point(s),Black is ahead by 13 point(s),B,"White's material = 19. Black's material = 4. Difference = 15, so White is ahead by 15 point(s).",Chess,Piece Values
"Using standard piece values (pawn=1, knight=3, bishop=3, rook=5, queen=9), what is the total material value of: 7 pawns, 1 knight, 1 bishop, 2 rooks, 1 queen?",32,29,35,30,A,Total value = 7×1 + 1×3 + 1×3 + 2×5 + 1×9 = 32.,Chess,Piece Values
"White has 6 pawns, 1 bishop. Black has 4 pawns, 2 knights, 1 queen. Using standard piece values, who has the material advantage and by how many points?",Black is ahead by 13 point(s),White is ahead by 12 point(s),Black is ahead by 10 point(s),White is ahead by 8 point(s),C,"White's material = 9. Black's material = 19. Difference = 10, so Black is ahead by 10 point(s).",Chess,Piece Values
"Using standard piece values (pawn=1, knight=3, bishop=3, rook=5, queen=9), what is the total material value of: 7 pawns, 2 knights, 2 bishops, 1 queen?",29,28,24,32,B,Total value = 7×1 + 2×3 + 2×3 + 1×9 = 28.,Chess,Piece Values
"Using standard piece values (pawn=1, knight=3, bishop=3, rook=5, queen=9), what is the total material value of: 8 pawns, 1 bishop, 2 rooks?",19,24,21,17,C,Total value = 8×1 + 1×3 + 2×5 = 21.,Chess,Piece Values
"White has 4 pawns, 1 knight, 2 rooks. Black has 2 pawns, 1 knight, 2 bishops, 1 queen. Using standard piece values, who has the material advantage and by how many points?",Black is ahead by 2 point(s),Black is ahead by 3 point(s),White is ahead by 5 point(s),White is ahead by 4 point(s),B,"White's material = 17. Black's material = 20. Difference = 3, so Black is ahead by 3 point(s).",Chess,Piece Values
"White has 2 knights, 1 bishop, 2 rooks. Black has 1 pawn, 1 bishop. Using standard piece values, who has the material advantage and by how many points?",Black is ahead by 14 point(s),White is ahead by 16 point(s),Black is ahead by 18 point(s),White is ahead by 15 point(s),D,"White's material = 19. Black's material = 4. Difference = 15, so White is ahead by 15 point(s).",Chess,Piece Values
"White has 8 pawns, 1 knight, 2 bishops. Black has 1 bishop, 1 queen. Using standard piece values, who has the material advantage and by how many points?",White is ahead by 4 point(s),White is ahead by 5 point(s),Black is ahead by 8 point(s),Black is ahead by 3 point(s),B,"White's material = 17. Black's material = 12. Difference = 5, so White is ahead by 5 point(s).",Chess,Piece Values
"White has 6 pawns, 2 bishops. Black has 5 pawns, 2 knights, 1 bishop, 1 rook, 1 queen. Using standard piece values, who has the material advantage and by how many points?",White is ahead by 18 point(s),Black is ahead by 13 point(s),White is ahead by 15 point(s),Black is ahead by 16 point(s),D,"White's material = 12. Black's material = 28. Difference = 16, so Black is ahead by 16 point(s).",Chess,Piece Values
"White has 1 pawn, 1 bishop. Black has 4 pawns, 1 knight, 1 bishop, 1 rook, 1 queen. Using standard piece values, who has the material advantage and by how many points?",Black is ahead by 20 point(s),Black is ahead by 23 point(s),Black is ahead by 18 point(s),White is ahead by 21 point(s),A,"White's material = 4. Black's material = 24. Difference = 20, so Black is ahead by 20 point(s).",Chess,Piece Values
"Using standard piece values (pawn=1, knight=3, bishop=3, rook=5, queen=9), what is the total material value of: 5 pawns, 2 bishops, 1 rook, 1 queen?",26,23,25,28,C,Total value = 5×1 + 2×3 + 1×5 + 1×9 = 25.,Chess,Piece Values
"White has 6 pawns, 2 knights, 1 bishop, 1 rook. Black has 2 pawns, 2 knights, 1 bishop, 1 rook. Using standard piece values, who has the material advantage and by how many points?",Black is ahead by 1 point(s),White is ahead by 4 point(s),White is ahead by 1 point(s),White is ahead by 3 point(s),B,"White's material = 20. Black's material = 16. Difference = 4, so White is ahead by 4 point(s).",Chess,Piece Values
"White has 5 pawns, 2 rooks, 1 queen. Black has 2 pawns, 2 rooks. Using standard piece values, who has the material advantage and by how many points?",White is ahead by 10 point(s),Black is ahead by 15 point(s),White is ahead by 12 point(s),Black is ahead by 11 point(s),C,"White's material = 24. Black's material = 12. Difference = 12, so White is ahead by 12 point(s).",Chess,Piece Values
"Using standard piece values (pawn=1, knight=3, bishop=3, rook=5, queen=9), what is the total material value of: 4 pawns, 2 bishops, 2 rooks, 1 queen?",27,28,29,26,C,Total value = 4×1 + 2×3 + 2×5 + 1×9 = 29.,Chess,Piece Values
What is Bobby Fischer?,"the base unit of value in chess, generally counted as 1 point",a situation where a king is under direct attack by an opposing piece,a tactic where a piece cannot move without exposing a more valuable piece behind it to attack,an American chess Grandmaster who became World Chess Champion in 1972,D,Bobby Fischer is: an American chess Grandmaster who became World Chess Champion in 1972,Chess,Players
"Fill in the blank: ______ refers to ""the base unit of value in chess, generally counted as 1 point"".",the value of a pawn,Garry Kasparov,check,a smothered mate,A,"the value of a pawn refers to: the base unit of value in chess, generally counted as 1 point",Chess,Piece Values
"Using standard piece values (pawn=1, knight=3, bishop=3, rook=5, queen=9), what is the total material value of: 2 pawns, 1 queen?",8,11,10,7,B,Total value = 2×1 + 1×9 = 11.,Chess,Piece Values
"White has 1 pawn, 2 knights, 1 bishop. Black has 4 pawns, 2 knights, 2 bishops, 2 rooks. Using standard piece values, who has the material advantage and by how many points?",Black is ahead by 17 point(s),White is ahead by 14 point(s),White is ahead by 18 point(s),Black is ahead by 16 point(s),D,"White's material = 10. Black's material = 26. Difference = 16, so Black is ahead by 16 point(s).",Chess,Piece Values
"White has 1 pawn, 2 rooks, 1 queen. Black has 7 pawns, 2 knights. Using standard piece values, who has the material advantage and by how many points?",White is ahead by 4 point(s),White is ahead by 7 point(s),Black is ahead by 9 point(s),White is ahead by 8 point(s),B,"White's material = 20. Black's material = 13. Difference = 7, so White is ahead by 7 point(s).",Chess,Piece Values
"In algebraic chess notation, is the square b4 a light or dark square?",depends on the piece,light,cannot be determined,dark,D,"Square b4: file b (position 2) and rank 4. Since their sum has the parity it does, b4 is a dark square.",Chess,Notation
"Fill in the blank: ______ refers to ""a position where a king is in check and there is no legal move to escape it, ending the game"".",the value of a queen,the knight's movement,checkmate,the number of squares on a chessboard,C,"checkmate refers to: a position where a king is in check and there is no legal move to escape it, ending the game",Chess,Rules
"Fill in the blank: ______ refers to ""a special pawn capture that can occur when a pawn moves two squares from its starting position and lands beside an opposing pawn"".",en passant,a discovered attack,the endgame,a smothered mate,A,en passant refers to: a special pawn capture that can occur when a pawn moves two squares from its starting position and lands beside an opposing pawn,Chess,Special Moves
"White has 6 pawns, 2 knights, 1 rook, 1 queen. Black has 1 pawn, 2 knights, 1 bishop, 1 rook. Using standard piece values, who has the material advantage and by how many points?",White is ahead by 14 point(s),White is ahead by 8 point(s),Black is ahead by 12 point(s),White is ahead by 11 point(s),D,"White's material = 26. Black's material = 15. Difference = 11, so White is ahead by 11 point(s).",Chess,Piece Values
"White has 8 pawns, 2 knights, 1 bishop, 1 rook, 1 queen. Black has 3 pawns, 2 bishops, 2 rooks. Using standard piece values, who has the material advantage and by how many points?",White is ahead by 15 point(s),Black is ahead by 9 point(s),Black is ahead by 15 point(s),White is ahead by 12 point(s),D,"White's material = 31. Black's material = 19. Difference = 12, so White is ahead by 12 point(s).",Chess,Piece Values
"White has 4 pawns, 2 bishops, 1 queen. Black has 7 pawns, 1 knight, 2 bishops, 2 rooks. Using standard piece values, who has the material advantage and by how many points?",Black is ahead by 8 point(s),Black is ahead by 7 point(s),White is ahead by 5 point(s),Black is ahead by 6 point(s),B,"White's material = 19. Black's material = 26. Difference = 7, so Black is ahead by 7 point(s).",Chess,Piece Values
"Using standard piece values (pawn=1, knight=3, bishop=3, rook=5, queen=9), what is the total material value of: 7 pawns, 2 knights?",11,12,13,15,C,Total value = 7×1 + 2×3 = 13.,Chess,Piece Values
"Using standard piece values (pawn=1, knight=3, bishop=3, rook=5, queen=9), what is the total material value of: 5 pawns, 2 knights, 2 bishops, 1 rook, 1 queen?",31,30,35,32,A,Total value = 5×1 + 2×3 + 2×3 + 1×5 + 1×9 = 31.,Chess,Piece Values
"White has 1 pawn, 2 knights, 2 bishops, 1 queen. Black has 4 pawns, 2 bishops, 1 rook, 1 queen. Using standard piece values, who has the material advantage and by how many points?",Black is ahead by 5 point(s),Black is ahead by 2 point(s),White is ahead by 4 point(s),Black is ahead by 3 point(s),B,"White's material = 22. Black's material = 24. Difference = 2, so Black is ahead by 2 point(s).",Chess,Piece Values
"Which term matches this description: ""a tactic where one piece attacks two or more enemy pieces simultaneously""?",a smothered mate,zugzwang,a pin,a fork,D,The description matches a fork: a tactic where one piece attacks two or more enemy pieces simultaneously,Chess,Tactics
"White has 1 knight, 1 bishop, 1 rook, 1 queen. Black has 1 knight, 2 bishops, 1 queen. Using standard piece values, who has the material advantage and by how many points?",White is ahead by 2 point(s),White is ahead by 3 point(s),White is ahead by 4 point(s),Black is ahead by 1 point(s),A,"White's material = 20. Black's material = 18. Difference = 2, so White is ahead by 2 point(s).",Chess,Piece Values
"Using standard piece values (pawn=1, knight=3, bishop=3, rook=5, queen=9), what is the total material value of: 5 pawns, 1 knight, 1 rook, 1 queen?",19,20,22,26,C,Total value = 5×1 + 1×3 + 1×5 + 1×9 = 22.,Chess,Piece Values
"White has 7 pawns, 1 bishop. Black has 3 pawns, 1 knight, 2 rooks. Using standard piece values, who has the material advantage and by how many points?",Black is ahead by 6 point(s),Black is ahead by 3 point(s),Black is ahead by 7 point(s),White is ahead by 8 point(s),A,"White's material = 10. Black's material = 16. Difference = 6, so Black is ahead by 6 point(s).",Chess,Piece Values
"Using standard piece values (pawn=1, knight=3, bishop=3, rook=5, queen=9), what is the total material value of: 5 pawns, 1 knight, 1 bishop, 2 rooks, 1 queen?",29,30,32,33,B,Total value = 5×1 + 1×3 + 1×3 + 2×5 + 1×9 = 30.,Chess,Piece Values
"White has 7 pawns, 1 knight, 1 bishop, 2 rooks. Black has 2 bishops, 1 queen. Using standard piece values, who has the material advantage and by how many points?",Black is ahead by 7 point(s),White is ahead by 7 point(s),White is ahead by 11 point(s),White is ahead by 8 point(s),D,"White's material = 23. Black's material = 15. Difference = 8, so White is ahead by 8 point(s).",Chess,Piece Values
Which statement correctly describes algebraic notation?,a situation where a king is under direct attack by an opposing piece,a special pawn capture that can occur when a pawn moves two squares from its starting position and lands beside an opposing pawn,"a tactic similar to a pin, where a valuable piece is attacked and forced to move, exposing a less valuable piece behind it",the standard method of recording chess moves using letters (a-h) for files and numbers (1-8) for ranks,D,"By definition, algebraic notation is: the standard method of recording chess moves using letters (a-h) for files and numbers (1-8) for ranks",Chess,Notation
"Using standard piece values (pawn=1, knight=3, bishop=3, rook=5, queen=9), what is the total material value of: 7 pawns, 2 knights, 2 rooks?",27,19,23,21,C,Total value = 7×1 + 2×3 + 2×5 = 23.,Chess,Piece Values
"Using standard piece values (pawn=1, knight=3, bishop=3, rook=5, queen=9), what is the total material value of: 8 pawns, 2 knights, 1 bishop, 1 queen?",30,23,26,24,C,Total value = 8×1 + 2×3 + 1×3 + 1×9 = 26.,Chess,Piece Values
"In algebraic chess notation, is the square d8 a light or dark square?",dark,depends on the piece,cannot be determined,light,A,"Square d8: file d (position 4) and rank 8. Since their sum has the parity it does, d8 is a dark square.",Chess,Notation
"White has 2 knights, 2 bishops, 1 rook. Black has 5 pawns, 2 knights, 1 queen. Using standard piece values, who has the material advantage and by how many points?",Black is ahead by 3 point(s),White is ahead by 1 point(s),Black is ahead by 1 point(s),White is ahead by 5 point(s),A,"White's material = 17. Black's material = 20. Difference = 3, so Black is ahead by 3 point(s).",Chess,Piece Values
"White has 8 pawns, 1 knight. Black has 7 pawns, 2 knights, 1 rook. Using standard piece values, who has the material advantage and by how many points?",Black is ahead by 8 point(s),Black is ahead by 7 point(s),Black is ahead by 6 point(s),White is ahead by 4 point(s),B,"White's material = 11. Black's material = 18. Difference = 7, so Black is ahead by 7 point(s).",Chess,Piece Values
"White has 1 pawn, 1 bishop, 1 rook. Black has 5 pawns, 1 knight, 2 bishops, 2 rooks, 1 queen. Using standard piece values, who has the material advantage and by how many points?",White is ahead by 21 point(s),Black is ahead by 24 point(s),White is ahead by 26 point(s),Black is ahead by 21 point(s),B,"White's material = 9. Black's material = 33. Difference = 24, so Black is ahead by 24 point(s).",Chess,Piece Values
"Using standard piece values (pawn=1, knight=3, bishop=3, rook=5, queen=9), what is the total material value of: 3 pawns, 2 knights?",6,9,5,10,B,Total value = 3×1 + 2×3 = 9.,Chess,Piece Values
"Using standard piece values (pawn=1, knight=3, bishop=3, rook=5, queen=9), what is the total material value of: 7 pawns, 1 knight, 2 bishops, 1 rook, 1 queen?",26,28,27,30,D,Total value = 7×1 + 1×3 + 2×3 + 1×5 + 1×9 = 30.,Chess,Piece Values
"White has 2 pawns, 2 knights, 1 rook, 1 queen. Black has 4 pawns, 2 knights, 1 rook. Using standard piece values, who has the material advantage and by how many points?",White is ahead by 5 point(s),Black is ahead by 6 point(s),White is ahead by 10 point(s),White is ahead by 7 point(s),D,"White's material = 22. Black's material = 15. Difference = 7, so White is ahead by 7 point(s).",Chess,Piece Values
"Which term matches this description: ""the rule allowing a pawn that reaches the farthest rank to be promoted to any other piece, usually a queen""?",a Grandmaster (GM),the value of a pawn,pawn promotion,Viswanathan Anand,C,"The description matches pawn promotion: the rule allowing a pawn that reaches the farthest rank to be promoted to any other piece, usually a queen",Chess,Special Moves
"White has 1 knight, 1 queen. Black has 7 pawns, 1 knight, 1 bishop. Using standard piece values, who has the material advantage and by how many points?",White is ahead by 1 point(s),Black is ahead by 3 point(s),White is ahead by 4 point(s),Black is ahead by 1 point(s),D,"White's material = 12. Black's material = 13. Difference = 1, so Black is ahead by 1 point(s).",Chess,Piece Values
"Using standard piece values (pawn=1, knight=3, bishop=3, rook=5, queen=9), what is the total material value of: 2 knights?",10,2,6,9,C,Total value = 2×3 = 6.,Chess,Piece Values
"White has 7 pawns, 2 knights, 2 bishops, 1 queen. Black has 4 pawns, 2 knights, 2 bishops, 1 rook. Using standard piece values, who has the material advantage and by how many points?",White is ahead by 7 point(s),Black is ahead by 4 point(s),White is ahead by 8 point(s),White is ahead by 6 point(s),A,"White's material = 28. Black's material = 21. Difference = 7, so White is ahead by 7 point(s).",Chess,Piece Values
"Fill in the blank: ______ refers to ""16 pieces: 8 pawns, 2 rooks, 2 knights, 2 bishops, 1 queen, and 1 king"".",stalemate,the king's movement,the Elo rating system,the number of pieces each player starts with,D,"the number of pieces each player starts with refers to: 16 pieces: 8 pawns, 2 rooks, 2 knights, 2 bishops, 1 queen, and 1 king",Chess,Board Basics
What is checkmate?,"a chess opening where White offers a pawn to gain central control, beginning with 1.d4 d5 2.c4",a former World Chess Champion widely regarded as one of the greatest players in chess history,"a position where a king is in check and there is no legal move to escape it, ending the game","a chess opening where Black allows White to build a big pawn centre before challenging it, beginning with 1.d4 Nf6 2.c4 g6",C,"checkmate is: a position where a king is in check and there is no legal move to escape it, ending the game",Chess,Rules
"White has 8 pawns, 1 rook. Black has 1 pawn, 1 bishop, 1 rook, 1 queen. Using standard piece values, who has the material advantage and by how many points?",Black is ahead by 5 point(s),Black is ahead by 6 point(s),Black is ahead by 2 point(s),White is ahead by 2 point(s),A,"White's material = 13. Black's material = 18. Difference = 5, so Black is ahead by 5 point(s).",Chess,Piece Values
Which statement correctly describes Bobby Fischer?,the standard method of recording chess moves using letters (a-h) for files and numbers (1-8) for ranks,an American chess Grandmaster who became World Chess Champion in 1972,an Indian chess Grandmaster who was World Chess Champion from 2007 to 2013,"the phase of a chess game following the opening, where tactical and strategic battles typically occur",B,"By definition, Bobby Fischer is: an American chess Grandmaster who became World Chess Champion in 1972",Chess,Players
What is Viswanathan Anand?,generally considered to be worth about 5 points,"one of the most popular chess openings, beginning with 1.e4 c5",a piece that moves diagonally any number of squares,an Indian chess Grandmaster who was World Chess Champion from 2007 to 2013,D,Viswanathan Anand is: an Indian chess Grandmaster who was World Chess Champion from 2007 to 2013,Chess,Players
"In algebraic chess notation, is the square c8 a light or dark square?",depends on the piece,dark,light,cannot be determined,C,"Square c8: file c (position 3) and rank 8. Since their sum has the parity it does, c8 is a light square.",Chess,Notation
"In algebraic chess notation, is the square h6 a light or dark square?",dark,depends on the piece,light,cannot be determined,A,"Square h6: file h (position 8) and rank 6. Since their sum has the parity it does, h6 is a dark square.",Chess,Notation
"White has 2 pawns, 2 bishops, 2 rooks, 1 queen. Black has 3 pawns, 1 knight, 1 bishop, 1 rook, 1 queen. Using standard piece values, who has the material advantage and by how many points?",White is ahead by 6 point(s),Black is ahead by 7 point(s),White is ahead by 4 point(s),Black is ahead by 3 point(s),C,"White's material = 27. Black's material = 23. Difference = 4, so White is ahead by 4 point(s).",Chess,Piece Values
"White has 8 pawns, 1 knight, 2 rooks, 1 queen. Black has 5 pawns, 1 knight, 1 bishop, 2 rooks. Using standard piece values, who has the material advantage and by how many points?",Black is ahead by 12 point(s),Black is ahead by 11 point(s),Black is ahead by 8 point(s),White is ahead by 9 point(s),D,"White's material = 30. Black's material = 21. Difference = 9, so White is ahead by 9 point(s).",Chess,Piece Values
"Using standard piece values (pawn=1, knight=3, bishop=3, rook=5, queen=9), what is the total material value of: 2 pawns, 1 knight, 2 bishops, 2 rooks, 1 queen?",26,29,30,32,C,Total value = 2×1 + 1×3 + 2×3 + 2×5 + 1×9 = 30.,Chess,Piece Values
"Using standard piece values (pawn=1, knight=3, bishop=3, rook=5, queen=9), what is the total material value of: 2 knights, 1 queen?",11,15,13,17,B,Total value = 2×3 + 1×9 = 15.,Chess,Piece Values
"Using standard piece values (pawn=1, knight=3, bishop=3, rook=5, queen=9), what is the total material value of: 8 pawns, 2 rooks, 1 queen?",29,30,25,27,D,Total value = 8×1 + 2×5 + 1×9 = 27.,Chess,Piece Values
"White has 2 knights, 1 bishop, 1 rook, 1 queen. Black has 8 pawns, 2 bishops, 2 rooks, 1 queen. Using standard piece values, who has the material advantage and by how many points?",White is ahead by 8 point(s),Black is ahead by 8 point(s),Black is ahead by 7 point(s),Black is ahead by 10 point(s),D,"White's material = 23. Black's material = 33. Difference = 10, so Black is ahead by 10 point(s).",Chess,Piece Values
"Using standard piece values (pawn=1, knight=3, bishop=3, rook=5, queen=9), what is the total material value of: 5 pawns, 2 knights, 2 rooks, 1 queen?",29,27,30,28,C,Total value = 5×1 + 2×3 + 2×5 + 1×9 = 30.,Chess,Piece Values
"Using standard piece values (pawn=1, knight=3, bishop=3, rook=5, queen=9), what is the total material value of: 5 pawns, 1 knight, 2 bishops, 1 rook?",16,19,17,22,B,Total value = 5×1 + 1×3 + 2×3 + 1×5 = 19.,Chess,Piece Values
"Which term matches this description: ""a special pawn capture that can occur when a pawn moves two squares from its starting position and lands beside an opposing pawn""?",a fork,Anatoly Karpov,en passant,the middlegame,C,The description matches en passant: a special pawn capture that can occur when a pawn moves two squares from its starting position and lands beside an opposing pawn,Chess,Special Moves
What is the back rank mate?,a tactic where a piece cannot move without exposing a more valuable piece behind it to attack,a checkmate delivered by a knight where the king is unable to move because it is surrounded by its own pieces,"a checkmate delivered along a player's first rank, often because their own pawns block the king's escape","a situation where a player is at a disadvantage because they must make a move, and any move worsens their position",C,"the back rank mate is: a checkmate delivered along a player's first rank, often because their own pawns block the king's escape",Chess,Tactics
"Using standard piece values (pawn=1, knight=3, bishop=3, rook=5, queen=9), what is the total material value of: 6 pawns, 1 knight, 1 rook, 1 queen?",19,20,27,23,D,Total value = 6×1 + 1×3 + 1×5 + 1×9 = 23.,Chess,Piece Values
"Using standard piece values (pawn=1, knight=3, bishop=3, rook=5, queen=9), what is the total material value of: 8 pawns, 2 knights, 2 rooks?",23,28,24,26,C,Total value = 8×1 + 2×3 + 2×5 = 24.,Chess,Piece Values
"Fill in the blank: ______ refers to ""an Indian chess Grandmaster who was World Chess Champion from 2007 to 2013"".",Viswanathan Anand,castling,en passant,the Sicilian Defence,A,Viswanathan Anand refers to: an Indian chess Grandmaster who was World Chess Champion from 2007 to 2013,Chess,Players
"Using standard piece values (pawn=1, knight=3, bishop=3, rook=5, queen=9), what is the total material value of: 2 pawns, 1 rook?",7,6,4,10,A,Total value = 2×1 + 1×5 = 7.,Chess,Piece Values
"White has 1 knight, 1 queen. Black has 5 pawns, 2 bishops, 2 rooks, 1 queen. Using standard piece values, who has the material advantage and by how many points?",Black is ahead by 16 point(s),Black is ahead by 18 point(s),Black is ahead by 20 point(s),White is ahead by 20 point(s),B,"White's material = 12. Black's material = 30. Difference = 18, so Black is ahead by 18 point(s).",Chess,Piece Values
"Using standard piece values (pawn=1, knight=3, bishop=3, rook=5, queen=9), what is the total material value of: 4 pawns, 1 knight?",5,8,11,7,D,Total value = 4×1 + 1×3 = 7.,Chess,Piece Values
"Using standard piece values (pawn=1, knight=3, bishop=3, rook=5, queen=9), what is the total material value of: 5 pawns, 2 bishops, 1 rook?",13,15,18,16,D,Total value = 5×1 + 2×3 + 1×5 = 16.,Chess,Piece Values
"White has 4 pawns, 1 bishop, 1 queen. Black has 1 pawn, 2 bishops. Using standard piece values, who has the material advantage and by how many points?",Black is ahead by 6 point(s),White is ahead by 8 point(s),White is ahead by 12 point(s),White is ahead by 9 point(s),D,"White's material = 16. Black's material = 7. Difference = 9, so White is ahead by 9 point(s).",Chess,Piece Values
"White has 7 pawns, 2 knights, 1 queen. Black has 3 pawns, 2 bishops, 1 rook. Using standard piece values, who has the material advantage and by how many points?",White is ahead by 8 point(s),White is ahead by 9 point(s),Black is ahead by 11 point(s),Black is ahead by 7 point(s),A,"White's material = 22. Black's material = 14. Difference = 8, so White is ahead by 8 point(s).",Chess,Piece Values
"White has 3 pawns, 1 bishop, 1 rook, 1 queen. Black has 7 pawns, 2 knights. Using standard piece values, who has the material advantage and by how many points?",Black is ahead by 5 point(s),White is ahead by 4 point(s),White is ahead by 7 point(s),White is ahead by 10 point(s),C,"White's material = 20. Black's material = 13. Difference = 7, so White is ahead by 7 point(s).",Chess,Piece Values
"White has 6 pawns, 1 bishop, 2 rooks. Black has 2 knights, 1 bishop, 1 rook, 1 queen. Using standard piece values, who has the material advantage and by how many points?",Black is ahead by 4 point(s),Black is ahead by 2 point(s),White is ahead by 7 point(s),White is ahead by 1 point(s),A,"White's material = 19. Black's material = 23. Difference = 4, so Black is ahead by 4 point(s).",Chess,Piece Values
"White has 7 pawns, 2 knights, 2 bishops, 1 queen. Black has 8 pawns, 2 knights, 1 rook. Using standard piece values, who has the material advantage and by how many points?",Black is ahead by 12 point(s),Black is ahead by 11 point(s),White is ahead by 7 point(s),White is ahead by 9 point(s),D,"White's material = 28. Black's material = 19. Difference = 9, so White is ahead by 9 point(s).",Chess,Piece Values
What is the King's Indian Defence?,a Soviet/Russian chess Grandmaster who was World Chess Champion in the 1970s and 1980s,"the rule allowing a pawn that reaches the farthest rank to be promoted to any other piece, usually a queen","a chess opening where Black allows White to build a big pawn centre before challenging it, beginning with 1.d4 Nf6 2.c4 g6",a piece that moves in an L-shape: two squares in one direction and then one square perpendicular,C,"the King's Indian Defence is: a chess opening where Black allows White to build a big pawn centre before challenging it, beginning with 1.d4 Nf6 2.c4 g6",Chess,Openings
"Using standard piece values (pawn=1, knight=3, bishop=3, rook=5, queen=9), what is the total material value of: 2 pawns, 2 knights, 2 bishops, 1 queen?",22,25,23,26,C,Total value = 2×1 + 2×3 + 2×3 + 1×9 = 23.,Chess,Piece Values
"White has 7 pawns, 1 knight. Black has 8 pawns, 2 knights, 1 queen. Using standard piece values, who has the material advantage and by how many points?",Black is ahead by 10 point(s),White is ahead by 10 point(s),Black is ahead by 13 point(s),White is ahead by 14 point(s),C,"White's material = 10. Black's material = 23. Difference = 13, so Black is ahead by 13 point(s).",Chess,Piece Values
"White has 6 pawns, 2 rooks. Black has 7 pawns, 1 bishop, 1 queen. Using standard piece values, who has the material advantage and by how many points?",Black is ahead by 1 point(s),White is ahead by 4 point(s),Black is ahead by 3 point(s),Black is ahead by 4 point(s),C,"White's material = 16. Black's material = 19. Difference = 3, so Black is ahead by 3 point(s).",Chess,Piece Values
"White has 2 pawns, 2 knights, 2 bishops, 2 rooks. Black has 1 pawn, 2 bishops. Using standard piece values, who has the material advantage and by how many points?",Black is ahead by 14 point(s),White is ahead by 17 point(s),Black is ahead by 20 point(s),Black is ahead by 19 point(s),B,"White's material = 24. Black's material = 7. Difference = 17, so White is ahead by 17 point(s).",Chess,Piece Values
"Fill in the blank: ______ refers to ""a method for calculating the relative skill levels of chess players, developed by Arpad Elo"".",the FIDE,a discovered attack,the Elo rating system,the Queen's Gambit,C,"the Elo rating system refers to: a method for calculating the relative skill levels of chess players, developed by Arpad Elo",Chess,Rating System
"Using standard piece values (pawn=1, knight=3, bishop=3, rook=5, queen=9), what is the total material value of: 8 pawns, 2 knights, 1 bishop, 2 rooks, 1 queen?",40,36,34,33,B,Total value = 8×1 + 2×3 + 1×3 + 2×5 + 1×9 = 36.,Chess,Piece Values
"White has 6 pawns, 1 knight, 1 bishop, 2 rooks, 1 queen. Black has 1 knight, 1 queen. Using standard piece values, who has the material advantage and by how many points?",White is ahead by 19 point(s),White is ahead by 16 point(s),White is ahead by 20 point(s),Black is ahead by 18 point(s),A,"White's material = 31. Black's material = 12. Difference = 19, so White is ahead by 19 point(s).",Chess,Piece Values
"Using standard piece values (pawn=1, knight=3, bishop=3, rook=5, queen=9), what is the total material value of: 7 pawns, 2 knights, 1 queen?",23,18,22,26,C,Total value = 7×1 + 2×3 + 1×9 = 22.,Chess,Piece Values
"Using standard piece values (pawn=1, knight=3, bishop=3, rook=5, queen=9), what is the total material value of: 2 rooks, 1 queen?",23,15,19,21,C,Total value = 2×5 + 1×9 = 19.,Chess,Piece Values
"White has 6 pawns, 2 knights, 2 bishops. Black has 6 pawns, 2 knights, 2 rooks, 1 queen. Using standard piece values, who has the material advantage and by how many points?",Black is ahead by 14 point(s),Black is ahead by 16 point(s),Black is ahead by 13 point(s),White is ahead by 16 point(s),C,"White's material = 18. Black's material = 31. Difference = 13, so Black is ahead by 13 point(s).",Chess,Piece Values
"Using standard piece values (pawn=1, knight=3, bishop=3, rook=5, queen=9), what is the total material value of: 1 pawn, 2 knights, 1 queen?",19,12,16,20,C,Total value = 1×1 + 2×3 + 1×9 = 16.,Chess,Piece Values
"White has 5 pawns, 1 knight, 2 bishops, 1 rook, 1 queen. Black has 1 pawn, 1 knight, 2 bishops, 2 rooks. Using standard piece values, who has the material advantage and by how many points?",White is ahead by 5 point(s),White is ahead by 6 point(s),White is ahead by 8 point(s),Black is ahead by 6 point(s),C,"White's material = 28. Black's material = 20. Difference = 8, so White is ahead by 8 point(s).",Chess,Piece Values
"White has 4 pawns, 1 knight, 1 bishop, 1 rook, 1 queen. Black has 3 pawns, 2 knights, 2 bishops, 1 rook. Using standard piece values, who has the material advantage and by how many points?",White is ahead by 6 point(s),White is ahead by 1 point(s),White is ahead by 4 point(s),Black is ahead by 3 point(s),C,"White's material = 24. Black's material = 20. Difference = 4, so White is ahead by 4 point(s).",Chess,Piece Values
"In algebraic chess notation, is the square f6 a light or dark square?",dark,depends on the piece,cannot be determined,light,A,"Square f6: file f (position 6) and rank 6. Since their sum has the parity it does, f6 is a dark square.",Chess,Notation
"White has 5 pawns, 2 knights, 2 bishops, 1 rook, 1 queen. Black has 7 pawns, 1 knight, 2 bishops. Using standard piece values, who has the material advantage and by how many points?",White is ahead by 15 point(s),Black is ahead by 14 point(s),White is ahead by 12 point(s),White is ahead by 17 point(s),A,"White's material = 31. Black's material = 16. Difference = 15, so White is ahead by 15 point(s).",Chess,Piece Values
What is a Grandmaster (GM)?,"the most powerful piece, able to move any number of squares horizontally, vertically, or diagonally",the initial stage of a chess game focused on piece development and controlling the centre,"the highest title a chess player can attain, awarded by FIDE",a Norwegian chess Grandmaster who became World Chess Champion in 2013 and dominated top-level chess for years,C,"a Grandmaster (GM) is: the highest title a chess player can attain, awarded by FIDE",Chess,Titles
"White has 4 pawns, 2 knights, 2 bishops, 2 rooks, 1 queen. Black has 2 pawns, 1 bishop, 2 rooks, 1 queen. Using standard piece values, who has the material advantage and by how many points?",White is ahead by 11 point(s),Black is ahead by 14 point(s),White is ahead by 13 point(s),Black is ahead by 13 point(s),A,"White's material = 35. Black's material = 24. Difference = 11, so White is ahead by 11 point(s).",Chess,Piece Values
"Using standard piece values (pawn=1, knight=3, bishop=3, rook=5, queen=9), what is the total material value of: 5 pawns, 1 knight, 1 rook?",11,10,13,12,C,Total value = 5×1 + 1×3 + 1×5 = 13.,Chess,Piece Values
"Which term matches this description: ""the most powerful piece, able to move any number of squares horizontally, vertically, or diagonally""?",a smothered mate,the value of a pawn,zugzwang,the queen's movement,D,"The description matches the queen's movement: the most powerful piece, able to move any number of squares horizontally, vertically, or diagonally",Chess,Piece Movement
"White has 1 pawn, 2 bishops. Black has 5 pawns, 1 rook. Using standard piece values, who has the material advantage and by how many points?",Black is ahead by 1 point(s),Black is ahead by 3 point(s),White is ahead by 4 point(s),White is ahead by 2 point(s),B,"White's material = 7. Black's material = 10. Difference = 3, so Black is ahead by 3 point(s).",Chess,Piece Values
"Using standard piece values (pawn=1, knight=3, bishop=3, rook=5, queen=9), what is the total material value of: 6 pawns, 2 knights, 2 bishops, 1 rook, 1 queen?",28,30,32,34,C,Total value = 6×1 + 2×3 + 2×3 + 1×5 + 1×9 = 32.,Chess,Piece Values
"White has 1 pawn, 1 knight, 1 bishop, 2 rooks, 1 queen. Black has 5 pawns, 1 knight, 2 bishops. Using standard piece values, who has the material advantage and by how many points?",White is ahead by 11 point(s),Black is ahead by 11 point(s),Black is ahead by 14 point(s),White is ahead by 12 point(s),D,"White's material = 26. Black's material = 14. Difference = 12, so White is ahead by 12 point(s).",Chess,Piece Values
"Fill in the blank: ______ refers to ""the final phase of a chess game, typically when few pieces remain on the board"".",the value of a rook,Bobby Fischer,the endgame,a pin,C,"the endgame refers to: the final phase of a chess game, typically when few pieces remain on the board",Chess,Game Phases
"Using standard piece values (pawn=1, knight=3, bishop=3, rook=5, queen=9), what is the total material value of: 5 pawns, 1 bishop, 2 rooks, 1 queen?",29,25,27,26,C,Total value = 5×1 + 1×3 + 2×5 + 1×9 = 27.,Chess,Piece Values
"White has 2 pawns, 1 knight, 1 rook. Black has 8 pawns, 2 knights, 1 bishop, 2 rooks. Using standard piece values, who has the material advantage and by how many points?",White is ahead by 19 point(s),Black is ahead by 18 point(s),White is ahead by 14 point(s),Black is ahead by 17 point(s),D,"White's material = 10. Black's material = 27. Difference = 17, so Black is ahead by 17 point(s).",Chess,Piece Values
"Which term matches this description: ""a piece that moves forward one square (or two on its first move) and captures diagonally""?",the knight's movement,the number of squares on a chessboard,the French Defence,the pawn's movement,D,The description matches the pawn's movement: a piece that moves forward one square (or two on its first move) and captures diagonally,Chess,Piece Movement
"White has 2 knights, 1 bishop, 2 rooks, 1 queen. Black has 1 pawn, 1 rook. Using standard piece values, who has the material advantage and by how many points?",White is ahead by 24 point(s),White is ahead by 23 point(s),White is ahead by 22 point(s),Black is ahead by 19 point(s),C,"White's material = 28. Black's material = 6. Difference = 22, so White is ahead by 22 point(s).",Chess,Piece Values
"White has 8 pawns, 1 rook. Black has 1 pawn, 1 knight, 1 bishop, 1 rook. Using standard piece values, who has the material advantage and by how many points?",White is ahead by 2 point(s),White is ahead by 4 point(s),Black is ahead by 3 point(s),White is ahead by 1 point(s),D,"White's material = 13. Black's material = 12. Difference = 1, so White is ahead by 1 point(s).",Chess,Piece Values
"Using standard piece values (pawn=1, knight=3, bishop=3, rook=5, queen=9), what is the total material value of: 3 pawns, 1 knight, 1 bishop, 2 rooks, 1 queen?",29,28,26,32,B,Total value = 3×1 + 1×3 + 1×3 + 2×5 + 1×9 = 28.,Chess,Piece Values
"White has 7 pawns, 2 knights. Black has 4 pawns, 2 knights, 2 bishops, 1 rook, 1 queen. Using standard piece values, who has the material advantage and by how many points?",White is ahead by 19 point(s),Black is ahead by 17 point(s),White is ahead by 16 point(s),White is ahead by 18 point(s),B,"White's material = 13. Black's material = 30. Difference = 17, so Black is ahead by 17 point(s).",Chess,Piece Values
"White has 1 pawn, 1 knight, 1 rook, 1 queen. Black has 5 pawns, 2 knights, 2 bishops, 1 rook, 1 queen. Using standard piece values, who has the material advantage and by how many points?",White is ahead by 11 point(s),Black is ahead by 13 point(s),Black is ahead by 10 point(s),Black is ahead by 12 point(s),B,"White's material = 18. Black's material = 31. Difference = 13, so Black is ahead by 13 point(s).",Chess,Piece Values
"White has 7 pawns, 2 rooks. Black has 4 pawns, 2 knights, 2 bishops, 2 rooks. Using standard piece values, who has the material advantage and by how many points?",White is ahead by 11 point(s),Black is ahead by 9 point(s),Black is ahead by 11 point(s),White is ahead by 8 point(s),B,"White's material = 17. Black's material = 26. Difference = 9, so Black is ahead by 9 point(s).",Chess,Piece Values
"Using standard piece values (pawn=1, knight=3, bishop=3, rook=5, queen=9), what is the total material value of: 2 pawns, 1 knight, 1 bishop, 1 rook?",17,13,9,11,B,Total value = 2×1 + 1×3 + 1×3 + 1×5 = 13.,Chess,Piece Values
"White has 7 pawns, 2 knights, 1 bishop, 1 queen. Black has 5 pawns, 1 bishop, 2 rooks. Using standard piece values, who has the material advantage and by how many points?",White is ahead by 7 point(s),Black is ahead by 5 point(s),White is ahead by 5 point(s),Black is ahead by 6 point(s),A,"White's material = 25. Black's material = 18. Difference = 7, so White is ahead by 7 point(s).",Chess,Piece Values
"Using standard piece values (pawn=1, knight=3, bishop=3, rook=5, queen=9), what is the total material value of: 1 pawn, 1 bishop, 1 rook?",7,10,13,9,D,Total value = 1×1 + 1×3 + 1×5 = 9.,Chess,Piece Values
"White has 5 pawns, 2 knights, 1 queen. Black has 4 pawns, 1 knight, 1 bishop, 2 rooks, 1 queen. Using standard piece values, who has the material advantage and by how many points?",Black is ahead by 9 point(s),Black is ahead by 6 point(s),White is ahead by 12 point(s),White is ahead by 7 point(s),A,"White's material = 20. Black's material = 29. Difference = 9, so Black is ahead by 9 point(s).",Chess,Piece Values
Which statement correctly describes the knight's movement?,a tactic where one piece attacks two or more enemy pieces simultaneously,a piece that moves in an L-shape: two squares in one direction and then one square perpendicular,"a chess opening where Black allows White to build a big pawn centre before challenging it, beginning with 1.d4 Nf6 2.c4 g6","the final phase of a chess game, typically when few pieces remain on the board",B,"By definition, the knight's movement is: a piece that moves in an L-shape: two squares in one direction and then one square perpendicular",Chess,Piece Movement
"In algebraic chess notation, is the square f8 a light or dark square?",light,dark,cannot be determined,depends on the piece,B,"Square f8: file f (position 6) and rank 8. Since their sum has the parity it does, f8 is a dark square.",Chess,Notation
"White has 5 pawns, 1 bishop, 2 rooks, 1 queen. Black has 7 pawns, 1 rook. Using standard piece values, who has the material advantage and by how many points?",White is ahead by 15 point(s),White is ahead by 14 point(s),White is ahead by 16 point(s),Black is ahead by 17 point(s),A,"White's material = 27. Black's material = 12. Difference = 15, so White is ahead by 15 point(s).",Chess,Piece Values
"Using standard piece values (pawn=1, knight=3, bishop=3, rook=5, queen=9), what is the total material value of: 6 pawns, 2 bishops?",11,12,8,9,B,Total value = 6×1 + 2×3 = 12.,Chess,Piece Values
Which statement correctly describes en passant?,an Indian chess Grandmaster who was World Chess Champion from 2007 to 2013,a special pawn capture that can occur when a pawn moves two squares from its starting position and lands beside an opposing pawn,"a position where a player has no legal move but their king is not in check, resulting in a draw",a Soviet/Russian chess Grandmaster who was World Chess Champion in the 1970s and 1980s,B,"By definition, en passant is: a special pawn capture that can occur when a pawn moves two squares from its starting position and lands beside an opposing pawn",Chess,Special Moves
"White has 5 pawns, 1 knight, 1 bishop, 1 rook. Black has 2 pawns, 2 bishops, 2 rooks. Using standard piece values, who has the material advantage and by how many points?",Black is ahead by 2 point(s),Black is ahead by 5 point(s),White is ahead by 3 point(s),White is ahead by 1 point(s),A,"White's material = 16. Black's material = 18. Difference = 2, so Black is ahead by 2 point(s).",Chess,Piece Values
"Using standard piece values (pawn=1, knight=3, bishop=3, rook=5, queen=9), what is the total material value of: 3 pawns, 1 bishop?",8,2,6,7,C,Total value = 3×1 + 1×3 = 6.,Chess,Piece Values
"White has 7 pawns, 1 knight, 2 bishops, 1 queen. Black has 3 pawns, 1 knight, 1 rook. Using standard piece values, who has the material advantage and by how many points?",White is ahead by 14 point(s),Black is ahead by 12 point(s),White is ahead by 17 point(s),White is ahead by 16 point(s),A,"White's material = 25. Black's material = 11. Difference = 14, so White is ahead by 14 point(s).",Chess,Piece Values
"White has 2 pawns, 2 knights, 2 bishops, 2 rooks, 1 queen. Black has 1 pawn, 1 knight, 1 rook. Using standard piece values, who has the material advantage and by how many points?",White is ahead by 24 point(s),White is ahead by 27 point(s),White is ahead by 26 point(s),Black is ahead by 25 point(s),A,"White's material = 33. Black's material = 9. Difference = 24, so White is ahead by 24 point(s).",Chess,Piece Values
"Using standard piece values (pawn=1, knight=3, bishop=3, rook=5, queen=9), what is the total material value of: 7 pawns, 2 bishops, 1 queen?",23,21,22,25,C,Total value = 7×1 + 2×3 + 1×9 = 22.,Chess,Piece Values
"White has 4 pawns, 2 knights, 2 bishops, 1 rook. Black has 5 pawns, 1 knight, 1 queen. Using standard piece values, who has the material advantage and by how many points?",Black is ahead by 2 point(s),White is ahead by 4 point(s),White is ahead by 2 point(s),White is ahead by 6 point(s),B,"White's material = 21. Black's material = 17. Difference = 4, so White is ahead by 4 point(s).",Chess,Piece Values
"White has 5 pawns, 2 rooks, 1 queen. Black has 8 pawns, 1 bishop, 1 rook, 1 queen. Using standard piece values, who has the material advantage and by how many points?",White is ahead by 2 point(s),White is ahead by 3 point(s),Black is ahead by 3 point(s),Black is ahead by 1 point(s),D,"White's material = 24. Black's material = 25. Difference = 1, so Black is ahead by 1 point(s).",Chess,Piece Values
"White has 1 pawn, 1 bishop, 1 rook, 1 queen. Black has 7 pawns, 2 knights, 1 bishop, 1 rook, 1 queen. Using standard piece values, who has the material advantage and by how many points?",White is ahead by 11 point(s),Black is ahead by 12 point(s),Black is ahead by 14 point(s),White is ahead by 15 point(s),B,"White's material = 18. Black's material = 30. Difference = 12, so Black is ahead by 12 point(s).",Chess,Piece Values
"White has 6 pawns, 2 knights, 2 bishops, 1 rook. Black has 6 pawns, 1 knight, 2 bishops. Using standard piece values, who has the material advantage and by how many points?",Black is ahead by 10 point(s),White is ahead by 8 point(s),Black is ahead by 7 point(s),White is ahead by 10 point(s),B,"White's material = 23. Black's material = 15. Difference = 8, so White is ahead by 8 point(s).",Chess,Piece Values
"White has 5 pawns, 1 knight, 1 bishop. Black has 1 pawn, 1 queen. Using standard piece values, who has the material advantage and by how many points?",White is ahead by 2 point(s),Black is ahead by 2 point(s),Black is ahead by 3 point(s),White is ahead by 1 point(s),D,"White's material = 11. Black's material = 10. Difference = 1, so White is ahead by 1 point(s).",Chess,Piece Values
"Fill in the blank: ______ refers to ""a situation where a king is under direct attack by an opposing piece"".",pawn promotion,a skewer,the middlegame,check,D,check refers to: a situation where a king is under direct attack by an opposing piece,Chess,Rules
"White has 2 pawns, 1 knight, 2 bishops, 1 queen. Black has 8 pawns, 1 knight, 2 bishops, 1 rook, 1 queen. Using standard piece values, who has the material advantage and by how many points?",White is ahead by 8 point(s),Black is ahead by 12 point(s),White is ahead by 9 point(s),Black is ahead by 11 point(s),D,"White's material = 20. Black's material = 31. Difference = 11, so Black is ahead by 11 point(s).",Chess,Piece Values
"Fill in the blank: ______ refers to ""a piece that moves horizontally or vertically any number of squares"".",the rook's movement,the fifty-move rule,algebraic notation,the opening phase of a game,A,the rook's movement refers to: a piece that moves horizontally or vertically any number of squares,Chess,Piece Movement
"White has 7 pawns, 1 knight, 1 bishop, 2 rooks, 1 queen. Black has 2 pawns, 1 knight, 2 rooks, 1 queen. Using standard piece values, who has the material advantage and by how many points?",White is ahead by 9 point(s),Black is ahead by 6 point(s),White is ahead by 8 point(s),White is ahead by 7 point(s),C,"White's material = 32. Black's material = 24. Difference = 8, so White is ahead by 8 point(s).",Chess,Piece Values
Which statement correctly describes the Queen's Gambit?,a piece that moves horizontally or vertically any number of squares,a checkmate delivered by a knight where the king is unable to move because it is surrounded by its own pieces,"a chess opening where White offers a pawn to gain central control, beginning with 1.d4 d5 2.c4","the highest title a chess player can attain, awarded by FIDE",C,"By definition, the Queen's Gambit is: a chess opening where White offers a pawn to gain central control, beginning with 1.d4 d5 2.c4",Chess,Openings
"White has 1 pawn, 1 knight, 1 bishop, 2 rooks. Black has 5 pawns, 1 knight, 2 bishops. Using standard piece values, who has the material advantage and by how many points?",Black is ahead by 4 point(s),Black is ahead by 1 point(s),White is ahead by 3 point(s),Black is ahead by 6 point(s),C,"White's material = 17. Black's material = 14. Difference = 3, so White is ahead by 3 point(s).",Chess,Piece Values
Which statement correctly describes the King's Indian Defence?,"a chess opening where Black allows White to build a big pawn centre before challenging it, beginning with 1.d4 Nf6 2.c4 g6",generally considered to be worth about 5 points,"a piece that can move one square in any direction, but cannot move into check",the standard method of recording chess moves using letters (a-h) for files and numbers (1-8) for ranks,A,"By definition, the King's Indian Defence is: a chess opening where Black allows White to build a big pawn centre before challenging it, beginning with 1.d4 Nf6 2.c4 g6",Chess,Openings
"White has 1 pawn, 1 knight, 1 rook. Black has 8 pawns, 2 rooks, 1 queen. Using standard piece values, who has the material advantage and by how many points?",Black is ahead by 17 point(s),White is ahead by 15 point(s),Black is ahead by 18 point(s),White is ahead by 20 point(s),C,"White's material = 9. Black's material = 27. Difference = 18, so Black is ahead by 18 point(s).",Chess,Piece Values
"Using standard piece values (pawn=1, knight=3, bishop=3, rook=5, queen=9), what is the total material value of: 2 pawns, 1 knight, 1 queen?",16,14,13,15,B,Total value = 2×1 + 1×3 + 1×9 = 14.,Chess,Piece Values
"White has 1 pawn, 2 knights, 2 bishops, 1 rook, 1 queen. Black has 1 bishop, 2 rooks, 1 queen. Using standard piece values, who has the material advantage and by how many points?",White is ahead by 5 point(s),White is ahead by 7 point(s),Black is ahead by 3 point(s),Black is ahead by 8 point(s),A,"White's material = 27. Black's material = 22. Difference = 5, so White is ahead by 5 point(s).",Chess,Piece Values
"Using standard piece values (pawn=1, knight=3, bishop=3, rook=5, queen=9), what is the total material value of: 3 pawns, 1 knight, 2 rooks?",12,18,14,16,D,Total value = 3×1 + 1×3 + 2×5 = 16.,Chess,Piece Values
"White has 1 bishop, 2 rooks. Black has 4 pawns, 2 bishops. Using standard piece values, who has the material advantage and by how many points?",Black is ahead by 1 point(s),Black is ahead by 5 point(s),Black is ahead by 6 point(s),White is ahead by 3 point(s),D,"White's material = 13. Black's material = 10. Difference = 3, so White is ahead by 3 point(s).",Chess,Piece Values
"Using standard piece values (pawn=1, knight=3, bishop=3, rook=5, queen=9), what is the total material value of: 5 pawns, 2 bishops?",7,8,13,11,D,Total value = 5×1 + 2×3 = 11.,Chess,Piece Values
"Using standard piece values (pawn=1, knight=3, bishop=3, rook=5, queen=9), what is the total material value of: 5 pawns, 1 bishop, 1 queen?",19,17,13,20,B,Total value = 5×1 + 1×3 + 1×9 = 17.,Chess,Piece Values
"Using standard piece values (pawn=1, knight=3, bishop=3, rook=5, queen=9), what is the total material value of: 5 pawns, 1 knight, 1 bishop?",15,11,12,9,B,Total value = 5×1 + 1×3 + 1×3 = 11.,Chess,Piece Values
"Using standard piece values (pawn=1, knight=3, bishop=3, rook=5, queen=9), what is the total material value of: 4 pawns, 2 knights, 1 bishop, 2 rooks, 1 queen?",30,31,32,29,C,Total value = 4×1 + 2×3 + 1×3 + 2×5 + 1×9 = 32.,Chess,Piece Values
"White has 7 pawns, 1 knight, 1 rook, 1 queen. Black has 4 pawns, 2 knights, 2 bishops, 1 rook, 1 queen. Using standard piece values, who has the material advantage and by how many points?",Black is ahead by 8 point(s),Black is ahead by 6 point(s),Black is ahead by 7 point(s),Black is ahead by 5 point(s),B,"White's material = 24. Black's material = 30. Difference = 6, so Black is ahead by 6 point(s).",Chess,Piece Values
"White has 5 pawns, 2 bishops, 2 rooks. Black has 3 pawns, 2 knights. Using standard piece values, who has the material advantage and by how many points?",Black is ahead by 14 point(s),White is ahead by 12 point(s),White is ahead by 13 point(s),Black is ahead by 11 point(s),B,"White's material = 21. Black's material = 9. Difference = 12, so White is ahead by 12 point(s).",Chess,Piece Values
"Using standard piece values (pawn=1, knight=3, bishop=3, rook=5, queen=9), what is the total material value of: 1 knight, 1 bishop, 2 rooks?",16,19,20,18,A,Total value = 1×3 + 1×3 + 2×5 = 16.,Chess,Piece Values
What is the opening phase of a game?,"a tactic similar to a pin, where a valuable piece is attacked and forced to move, exposing a less valuable piece behind it",a checkmate delivered by a knight where the king is unable to move because it is surrounded by its own pieces,"the base unit of value in chess, generally counted as 1 point",the initial stage of a chess game focused on piece development and controlling the centre,D,the opening phase of a game is: the initial stage of a chess game focused on piece development and controlling the centre,Chess,Game Phases
"White has 7 pawns, 1 knight, 1 bishop, 2 rooks. Black has 1 knight, 1 bishop, 2 rooks, 1 queen. Using standard piece values, who has the material advantage and by how many points?",White is ahead by 4 point(s),Black is ahead by 2 point(s),Black is ahead by 5 point(s),White is ahead by 1 point(s),B,"White's material = 23. Black's material = 25. Difference = 2, so Black is ahead by 2 point(s).",Chess,Piece Values
"White has 2 knights, 2 bishops, 2 rooks. Black has 7 pawns, 1 bishop, 2 rooks, 1 queen. Using standard piece values, who has the material advantage and by how many points?",Black is ahead by 7 point(s),White is ahead by 8 point(s),Black is ahead by 10 point(s),Black is ahead by 8 point(s),A,"White's material = 22. Black's material = 29. Difference = 7, so Black is ahead by 7 point(s).",Chess,Piece Values
"White has 5 pawns, 2 knights, 1 bishop, 2 rooks, 1 queen. Black has 7 pawns, 1 knight, 1 bishop. Using standard piece values, who has the material advantage and by how many points?",White is ahead by 17 point(s),Black is ahead by 22 point(s),White is ahead by 20 point(s),Black is ahead by 18 point(s),C,"White's material = 33. Black's material = 13. Difference = 20, so White is ahead by 20 point(s).",Chess,Piece Values
"White has 7 pawns, 1 knight, 2 bishops, 1 rook, 1 queen. Black has 1 knight, 1 bishop, 2 rooks. Using standard piece values, who has the material advantage and by how many points?",Black is ahead by 12 point(s),White is ahead by 15 point(s),White is ahead by 14 point(s),White is ahead by 13 point(s),C,"White's material = 30. Black's material = 16. Difference = 14, so White is ahead by 14 point(s).",Chess,Piece Values
"Using standard piece values (pawn=1, knight=3, bishop=3, rook=5, queen=9), what is the total material value of: 2 pawns, 1 knight, 1 bishop, 1 rook, 1 queen?",26,23,25,22,D,Total value = 2×1 + 1×3 + 1×3 + 1×5 + 1×9 = 22.,Chess,Piece Values
"White has 1 pawn, 1 knight. Black has 4 pawns, 2 knights, 2 bishops. Using standard piece values, who has the material advantage and by how many points?",White is ahead by 10 point(s),White is ahead by 14 point(s),Black is ahead by 12 point(s),Black is ahead by 9 point(s),C,"White's material = 4. Black's material = 16. Difference = 12, so Black is ahead by 12 point(s).",Chess,Piece Values
"White has 1 pawn, 2 knights. Black has 2 pawns, 1 knight, 2 bishops, 1 queen. Using standard piece values, who has the material advantage and by how many points?",Black is ahead by 15 point(s),Black is ahead by 11 point(s),Black is ahead by 13 point(s),White is ahead by 10 point(s),C,"White's material = 7. Black's material = 20. Difference = 13, so Black is ahead by 13 point(s).",Chess,Piece Values
"White has 4 pawns, 1 knight, 2 rooks. Black has 1 pawn, 1 bishop. Using standard piece values, who has the material advantage and by how many points?",White is ahead by 13 point(s),Black is ahead by 16 point(s),White is ahead by 15 point(s),Black is ahead by 11 point(s),A,"White's material = 17. Black's material = 4. Difference = 13, so White is ahead by 13 point(s).",Chess,Piece Values
"White has 7 pawns, 2 knights. Black has 1 pawn, 1 knight, 2 rooks. Using standard piece values, who has the material advantage and by how many points?",White is ahead by 1 point(s),Black is ahead by 2 point(s),Black is ahead by 1 point(s),Black is ahead by 1 point(s)_1,C,"White's material = 13. Black's material = 14. Difference = 1, so Black is ahead by 1 point(s).",Chess,Piece Values
What is the king's movement?,a chess opening beginning with 1.e4 e5 2.Nf3 Nc6 3.Bc4,"a chess title awarded by FIDE, ranking below Grandmaster",the standard method of recording chess moves using letters (a-h) for files and numbers (1-8) for ranks,"a piece that can move one square in any direction, but cannot move into check",D,"the king's movement is: a piece that can move one square in any direction, but cannot move into check",Chess,Piece Movement
"White has 7 pawns, 2 knights, 2 rooks, 1 queen. Black has 1 bishop, 2 rooks, 1 queen. Using standard piece values, who has the material advantage and by how many points?",White is ahead by 9 point(s),Black is ahead by 13 point(s),White is ahead by 10 point(s),Black is ahead by 12 point(s),C,"White's material = 32. Black's material = 22. Difference = 10, so White is ahead by 10 point(s).",Chess,Piece Values
"Using standard piece values (pawn=1, knight=3, bishop=3, rook=5, queen=9), what is the total material value of: 6 pawns, 2 knights, 1 rook, 1 queen?",25,24,26,22,C,Total value = 6×1 + 2×3 + 1×5 + 1×9 = 26.,Chess,Piece Values
"White has 3 pawns, 1 knight, 2 bishops, 2 rooks. Black has 5 pawns, 1 knight. Using standard piece values, who has the material advantage and by how many points?",Black is ahead by 16 point(s),White is ahead by 12 point(s),White is ahead by 14 point(s),White is ahead by 16 point(s),C,"White's material = 22. Black's material = 8. Difference = 14, so White is ahead by 14 point(s).",Chess,Piece Values
What is Garry Kasparov?,"a method for calculating the relative skill levels of chess players, developed by Arpad Elo","the Fédération Internationale des Échecs, the international governing body of chess","the highest title a chess player can attain, awarded by FIDE",a former World Chess Champion widely regarded as one of the greatest players in chess history,D,Garry Kasparov is: a former World Chess Champion widely regarded as one of the greatest players in chess history,Chess,Players
"Using standard piece values (pawn=1, knight=3, bishop=3, rook=5, queen=9), what is the total material value of: 4 pawns, 2 bishops, 2 rooks?",21,23,17,20,D,Total value = 4×1 + 2×3 + 2×5 = 20.,Chess,Piece Values
Which statement correctly describes checkmate?,"a situation where a player is at a disadvantage because they must make a move, and any move worsens their position",the initial stage of a chess game focused on piece development and controlling the centre,"a position where a king is in check and there is no legal move to escape it, ending the game",a piece that moves in an L-shape: two squares in one direction and then one square perpendicular,C,"By definition, checkmate is: a position where a king is in check and there is no legal move to escape it, ending the game",Chess,Rules
"Using standard piece values (pawn=1, knight=3, bishop=3, rook=5, queen=9), what is the total material value of: 2 pawns, 2 bishops?",6,8,10,5,B,Total value = 2×1 + 2×3 = 8.,Chess,Piece Values
"White has 7 pawns, 1 queen. Black has 1 pawn, 1 knight, 2 rooks. Using standard piece values, who has the material advantage and by how many points?",Black is ahead by 5 point(s),White is ahead by 2 point(s),White is ahead by 1 point(s),Black is ahead by 1 point(s),B,"White's material = 16. Black's material = 14. Difference = 2, so White is ahead by 2 point(s).",Chess,Piece Values
"Using standard piece values (pawn=1, knight=3, bishop=3, rook=5, queen=9), what is the total material value of: 5 pawns, 1 knight, 1 queen?",14,17,15,16,B,Total value = 5×1 + 1×3 + 1×9 = 17.,Chess,Piece Values
"Using standard piece values (pawn=1, knight=3, bishop=3, rook=5, queen=9), what is the total material value of: 6 pawns, 2 bishops, 1 rook, 1 queen?",29,24,26,22,C,Total value = 6×1 + 2×3 + 1×5 + 1×9 = 26.,Chess,Piece Values
"Using standard piece values (pawn=1, knight=3, bishop=3, rook=5, queen=9), what is the total material value of: 2 rooks?",10,9,6,12,A,Total value = 2×5 = 10.,Chess,Piece Values
"Using standard piece values (pawn=1, knight=3, bishop=3, rook=5, queen=9), what is the total material value of: 1 pawn, 2 bishops, 2 rooks?",17,20,15,13,A,Total value = 1×1 + 2×3 + 2×5 = 17.,Chess,Piece Values
"Which term matches this description: ""a special move involving the king and a rook, allowing the king to move two squares toward the rook""?",the fifty-move rule,castling,the opening phase of a game,the king's movement,B,"The description matches castling: a special move involving the king and a rook, allowing the king to move two squares toward the rook",Chess,Special Moves
Which statement correctly describes a smothered mate?,a tactic where moving one piece reveals an attack from another piece behind it,a checkmate delivered by a knight where the king is unable to move because it is surrounded by its own pieces,"a tactic similar to a pin, where a valuable piece is attacked and forced to move, exposing a less valuable piece behind it","a checkmate delivered along a player's first rank, often because their own pawns block the king's escape",B,"By definition, a smothered mate is: a checkmate delivered by a knight where the king is unable to move because it is surrounded by its own pieces",Chess,Tactics
"Using standard piece values (pawn=1, knight=3, bishop=3, rook=5, queen=9), what is the total material value of: 6 pawns, 2 knights, 1 queen?",18,22,17,21,D,Total value = 6×1 + 2×3 + 1×9 = 21.,Chess,Piece Values
"Using standard piece values (pawn=1, knight=3, bishop=3, rook=5, queen=9), what is the total material value of: 5 pawns, 1 knight, 1 bishop, 2 rooks?",24,19,17,21,D,Total value = 5×1 + 1×3 + 1×3 + 2×5 = 21.,Chess,Piece Values
"Using standard piece values (pawn=1, knight=3, bishop=3, rook=5, queen=9), what is the total material value of: 6 pawns, 2 knights, 2 rooks, 1 queen?",31,32,30,27,A,Total value = 6×1 + 2×3 + 2×5 + 1×9 = 31.,Chess,Piece Values
"Using standard piece values (pawn=1, knight=3, bishop=3, rook=5, queen=9), what is the total material value of: 3 pawns, 1 bishop, 1 rook?",10,11,14,8,B,Total value = 3×1 + 1×3 + 1×5 = 11.,Chess,Piece Values
"White has 5 pawns, 1 knight, 1 bishop. Black has 1 knight, 1 bishop. Using standard piece values, who has the material advantage and by how many points?",White is ahead by 4 point(s),Black is ahead by 6 point(s),White is ahead by 5 point(s),Black is ahead by 3 point(s),C,"White's material = 11. Black's material = 6. Difference = 5, so White is ahead by 5 point(s).",Chess,Piece Values
"Using standard piece values (pawn=1, knight=3, bishop=3, rook=5, queen=9), what is the total material value of: 2 pawns, 1 knight, 2 bishops, 1 rook, 1 queen?",22,25,26,27,B,Total value = 2×1 + 1×3 + 2×3 + 1×5 + 1×9 = 25.,Chess,Piece Values
"White has 3 pawns, 2 bishops, 1 rook, 1 queen. Black has 7 pawns, 1 bishop, 1 rook. Using standard piece values, who has the material advantage and by how many points?",White is ahead by 10 point(s),White is ahead by 8 point(s),White is ahead by 5 point(s),White is ahead by 7 point(s),B,"White's material = 23. Black's material = 15. Difference = 8, so White is ahead by 8 point(s).",Chess,Piece Values
"White has 8 pawns, 2 knights, 2 bishops. Black has 4 pawns, 2 knights, 1 bishop. Using standard piece values, who has the material advantage and by how many points?",Black is ahead by 9 point(s),White is ahead by 9 point(s),White is ahead by 6 point(s),White is ahead by 7 point(s),D,"White's material = 20. Black's material = 13. Difference = 7, so White is ahead by 7 point(s).",Chess,Piece Values
"Using standard piece values (pawn=1, knight=3, bishop=3, rook=5, queen=9), what is the total material value of: 2 knights, 1 bishop, 2 rooks, 1 queen?",28,32,25,29,A,Total value = 2×3 + 1×3 + 2×5 + 1×9 = 28.,Chess,Piece Values
"Fill in the blank: ______ refers to ""a classical chess opening beginning with 1.e4 e5 2.Nf3 Nc6 3.Bb5"".",the queen's movement,the Ruy López opening,Viswanathan Anand,a Grandmaster (GM),B,the Ruy López opening refers to: a classical chess opening beginning with 1.e4 e5 2.Nf3 Nc6 3.Bb5,Chess,Openings
"White has 4 pawns, 2 knights, 2 bishops, 1 rook, 1 queen. Black has 2 knights, 1 bishop, 1 rook, 1 queen. Using standard piece values, who has the material advantage and by how many points?",White is ahead by 7 point(s),White is ahead by 9 point(s),Black is ahead by 8 point(s),Black is ahead by 5 point(s),A,"White's material = 30. Black's material = 23. Difference = 7, so White is ahead by 7 point(s).",Chess,Piece Values
"Using standard piece values (pawn=1, knight=3, bishop=3, rook=5, queen=9), what is the total material value of: 4 pawns, 1 knight, 1 bishop, 2 rooks, 1 queen?",25,33,29,27,C,Total value = 4×1 + 1×3 + 1×3 + 2×5 + 1×9 = 29.,Chess,Piece Values
"Which term matches this description: ""a tactic where moving one piece reveals an attack from another piece behind it""?",zugzwang,the back rank mate,a fork,a discovered attack,D,The description matches a discovered attack: a tactic where moving one piece reveals an attack from another piece behind it,Chess,Tactics
"Using standard piece values (pawn=1, knight=3, bishop=3, rook=5, queen=9), what is the total material value of: 5 pawns, 1 knight, 1 bishop, 1 queen?",18,19,20,24,C,Total value = 5×1 + 1×3 + 1×3 + 1×9 = 20.,Chess,Piece Values
"White has 2 bishops, 1 rook, 1 queen. Black has 1 rook, 1 queen. Using standard piece values, who has the material advantage and by how many points?",White is ahead by 6 point(s),Black is ahead by 4 point(s),Black is ahead by 8 point(s),Black is ahead by 7 point(s),A,"White's material = 20. Black's material = 14. Difference = 6, so White is ahead by 6 point(s).",Chess,Piece Values
"White has 1 knight. Black has 8 pawns, 2 knights, 1 bishop, 2 rooks, 1 queen. Using standard piece values, who has the material advantage and by how many points?",White is ahead by 35 point(s),Black is ahead by 33 point(s),White is ahead by 30 point(s),Black is ahead by 32 point(s),B,"White's material = 3. Black's material = 36. Difference = 33, so Black is ahead by 33 point(s).",Chess,Piece Values
"Using standard piece values (pawn=1, knight=3, bishop=3, rook=5, queen=9), what is the total material value of: 4 pawns, 1 knight, 2 bishops, 2 rooks, 1 queen?",28,30,32,29,C,Total value = 4×1 + 1×3 + 2×3 + 2×5 + 1×9 = 32.,Chess,Piece Values
"Using standard piece values (pawn=1, knight=3, bishop=3, rook=5, queen=9), what is the total material value of: 1 pawn, 1 knight, 1 bishop, 1 queen?",20,16,12,17,B,Total value = 1×1 + 1×3 + 1×3 + 1×9 = 16.,Chess,Piece Values
"In algebraic chess notation, is the square h1 a light or dark square?",light,dark,depends on the piece,cannot be determined,A,"Square h1: file h (position 8) and rank 1. Since their sum has the parity it does, h1 is a light square.",Chess,Notation
"Using standard piece values (pawn=1, knight=3, bishop=3, rook=5, queen=9), what is the total material value of: 1 knight, 1 rook?",7,8,9,4,B,Total value = 1×3 + 1×5 = 8.,Chess,Piece Values
"Using standard piece values (pawn=1, knight=3, bishop=3, rook=5, queen=9), what is the total material value of: 1 bishop, 1 rook, 1 queen?",13,17,18,20,B,Total value = 1×3 + 1×5 + 1×9 = 17.,Chess,Piece Values
"White has 1 pawn, 2 bishops, 1 rook, 1 queen. Black has 3 pawns, 1 knight, 1 queen. Using standard piece values, who has the material advantage and by how many points?",Black is ahead by 4 point(s),White is ahead by 8 point(s),White is ahead by 5 point(s),White is ahead by 6 point(s),D,"White's material = 21. Black's material = 15. Difference = 6, so White is ahead by 6 point(s).",Chess,Piece Values
"White has 4 pawns, 1 knight, 1 bishop, 1 queen. Black has 6 pawns, 2 knights, 1 bishop, 1 rook, 1 queen. Using standard piece values, who has the material advantage and by how many points?",Black is ahead by 13 point(s),Black is ahead by 10 point(s),White is ahead by 13 point(s),White is ahead by 8 point(s),B,"White's material = 19. Black's material = 29. Difference = 10, so Black is ahead by 10 point(s).",Chess,Piece Values
"White has 5 pawns, 2 bishops. Black has 1 bishop, 2 rooks. Using standard piece values, who has the material advantage and by how many points?",White is ahead by 5 point(s),White is ahead by 4 point(s),Black is ahead by 3 point(s),Black is ahead by 2 point(s),D,"White's material = 11. Black's material = 13. Difference = 2, so Black is ahead by 2 point(s).",Chess,Piece Values
"White has no pieces. Black has 4 pawns, 1 bishop, 1 rook, 1 queen. Using standard piece values, who has the material advantage and by how many points?",Black is ahead by 21 point(s),Black is ahead by 22 point(s),Black is ahead by 24 point(s),White is ahead by 24 point(s),A,"White's material = 0. Black's material = 21. Difference = 21, so Black is ahead by 21 point(s).",Chess,Piece Values
Which statement correctly describes the value of a rook?,generally considered to be worth about 5 points,a tactic where one piece attacks two or more enemy pieces simultaneously,"a position where a player has no legal move but their king is not in check, resulting in a draw",a piece that moves in an L-shape: two squares in one direction and then one square perpendicular,A,"By definition, the value of a rook is: generally considered to be worth about 5 points",Chess,Piece Values
"White has 7 pawns, 2 knights, 2 rooks, 1 queen. Black has 5 pawns, 2 knights, 2 bishops, 2 rooks, 1 queen. Using standard piece values, who has the material advantage and by how many points?",Black is ahead by 3 point(s),White is ahead by 6 point(s),Black is ahead by 7 point(s),Black is ahead by 4 point(s),D,"White's material = 32. Black's material = 36. Difference = 4, so Black is ahead by 4 point(s).",Chess,Piece Values
"White has 8 pawns, 1 knight, 1 bishop, 1 rook, 1 queen. Black has 1 pawn, 1 bishop, 2 rooks. Using standard piece values, who has the material advantage and by how many points?",Black is ahead by 11 point(s),White is ahead by 14 point(s),Black is ahead by 17 point(s),White is ahead by 16 point(s),B,"White's material = 28. Black's material = 14. Difference = 14, so White is ahead by 14 point(s).",Chess,Piece Values
"In algebraic chess notation, is the square e2 a light or dark square?",light,depends on the piece,dark,cannot be determined,A,"Square e2: file e (position 5) and rank 2. Since their sum has the parity it does, e2 is a light square.",Chess,Notation
"White has 1 pawn, 2 bishops, 1 rook, 1 queen. Black has 8 pawns, 1 bishop, 1 rook, 1 queen. Using standard piece values, who has the material advantage and by how many points?",Black is ahead by 6 point(s),Black is ahead by 2 point(s),Black is ahead by 4 point(s),White is ahead by 5 point(s),C,"White's material = 21. Black's material = 25. Difference = 4, so Black is ahead by 4 point(s).",Chess,Piece Values
"White has 2 knights, 1 queen. Black has 5 pawns, 1 knight, 1 bishop. Using standard piece values, who has the material advantage and by how many points?",White is ahead by 7 point(s),White is ahead by 4 point(s),White is ahead by 3 point(s),Black is ahead by 5 point(s),B,"White's material = 15. Black's material = 11. Difference = 4, so White is ahead by 4 point(s).",Chess,Piece Values
"Using standard piece values (pawn=1, knight=3, bishop=3, rook=5, queen=9), what is the total material value of: 7 pawns, 2 bishops, 1 rook?",18,17,19,14,A,Total value = 7×1 + 2×3 + 1×5 = 18.,Chess,Piece Values
"White has 5 pawns, 2 knights, 1 bishop, 2 rooks, 1 queen. Black has 4 pawns, 1 knight, 2 bishops. Using standard piece values, who has the material advantage and by how many points?",White is ahead by 20 point(s),White is ahead by 21 point(s),Black is ahead by 21 point(s),White is ahead by 23 point(s),A,"White's material = 33. Black's material = 13. Difference = 20, so White is ahead by 20 point(s).",Chess,Piece Values
"White has 8 pawns, 1 knight, 1 queen. Black has 8 pawns, 2 bishops, 1 rook. Using standard piece values, who has the material advantage and by how many points?",Black is ahead by 4 point(s),White is ahead by 1 point(s),White is ahead by 4 point(s),Black is ahead by 3 point(s),B,"White's material = 20. Black's material = 19. Difference = 1, so White is ahead by 1 point(s).",Chess,Piece Values
"White has 1 bishop, 1 queen. Black has 8 pawns, 2 knights, 1 bishop, 1 rook. Using standard piece values, who has the material advantage and by how many points?",White is ahead by 11 point(s),Black is ahead by 10 point(s),Black is ahead by 13 point(s),Black is ahead by 7 point(s),B,"White's material = 12. Black's material = 22. Difference = 10, so Black is ahead by 10 point(s).",Chess,Piece Values
"White has 7 pawns, 2 knights, 1 rook, 1 queen. Black has 8 pawns, 2 knights, 1 queen. Using standard piece values, who has the material advantage and by how many points?",White is ahead by 2 point(s),White is ahead by 4 point(s),White is ahead by 7 point(s),White is ahead by 6 point(s),B,"White's material = 27. Black's material = 23. Difference = 4, so White is ahead by 4 point(s).",Chess,Piece Values
"White has 2 pawns, 1 knight, 1 bishop, 1 rook, 1 queen. Black has 1 pawn, 2 knights, 1 bishop, 1 rook, 1 queen. Using standard piece values, who has the material advantage and by how many points?",White is ahead by 3 point(s),White is ahead by 4 point(s),White is ahead by 1 point(s),Black is ahead by 2 point(s),D,"White's material = 22. Black's material = 24. Difference = 2, so Black is ahead by 2 point(s).",Chess,Piece Values
"Using standard piece values (pawn=1, knight=3, bishop=3, rook=5, queen=9), what is the total material value of: 7 pawns, 1 bishop, 2 rooks, 1 queen?",27,32,26,29,D,Total value = 7×1 + 1×3 + 2×5 + 1×9 = 29.,Chess,Piece Values
"White has 1 queen. Black has 5 pawns, 1 knight, 1 bishop. Using standard piece values, who has the material advantage and by how many points?",Black is ahead by 2 point(s),Black is ahead by 3 point(s),Black is ahead by 5 point(s),Black is ahead by 1 point(s),A,"White's material = 9. Black's material = 11. Difference = 2, so Black is ahead by 2 point(s).",Chess,Piece Values
"Using standard piece values (pawn=1, knight=3, bishop=3, rook=5, queen=9), what is the total material value of: 1 bishop, 2 rooks?",12,9,16,13,D,Total value = 1×3 + 2×5 = 13.,Chess,Piece Values
"Using standard piece values (pawn=1, knight=3, bishop=3, rook=5, queen=9), what is the total material value of: 5 pawns, 2 knights, 1 bishop, 1 rook, 1 queen?",32,27,28,26,C,Total value = 5×1 + 2×3 + 1×3 + 1×5 + 1×9 = 28.,Chess,Piece Values
"White has 4 pawns, 2 knights, 2 rooks, 1 queen. Black has 1 pawn, 2 knights, 1 bishop. Using standard piece values, who has the material advantage and by how many points?",Black is ahead by 21 point(s),White is ahead by 19 point(s),Black is ahead by 22 point(s),Black is ahead by 16 point(s),B,"White's material = 29. Black's material = 10. Difference = 19, so White is ahead by 19 point(s).",Chess,Piece Values
"White has 7 pawns, 1 bishop, 2 rooks, 1 queen. Black has 7 pawns, 1 bishop, 1 rook, 1 queen. Using standard piece values, who has the material advantage and by how many points?",White is ahead by 6 point(s),Black is ahead by 2 point(s),White is ahead by 5 point(s),White is ahead by 4 point(s),C,"White's material = 29. Black's material = 24. Difference = 5, so White is ahead by 5 point(s).",Chess,Piece Values
"In algebraic chess notation, is the square e3 a light or dark square?",dark,depends on the piece,light,cannot be determined,A,"Square e3: file e (position 5) and rank 3. Since their sum has the parity it does, e3 is a dark square.",Chess,Notation
"Using standard piece values (pawn=1, knight=3, bishop=3, rook=5, queen=9), what is the total material value of: 1 pawn, 2 knights, 1 bishop, 1 queen?",23,22,15,19,D,Total value = 1×1 + 2×3 + 1×3 + 1×9 = 19.,Chess,Piece Values
"White has 4 pawns, 1 knight, 2 bishops, 1 rook. Black has 8 pawns, 2 knights, 1 queen. Using standard piece values, who has the material advantage and by how many points?",White is ahead by 3 point(s),White is ahead by 7 point(s),Black is ahead by 5 point(s),White is ahead by 4 point(s),C,"White's material = 18. Black's material = 23. Difference = 5, so Black is ahead by 5 point(s).",Chess,Piece Values
"White has 2 pawns, 2 knights, 1 queen. Black has 8 pawns, 2 knights, 1 bishop, 2 rooks, 1 queen. Using standard piece values, who has the material advantage and by how many points?",White is ahead by 21 point(s),White is ahead by 18 point(s),Black is ahead by 19 point(s),Black is ahead by 18 point(s),C,"White's material = 17. Black's material = 36. Difference = 19, so Black is ahead by 19 point(s).",Chess,Piece Values
"White has 6 pawns, 2 knights, 2 rooks, 1 queen. Black has 2 pawns, 1 knight, 2 rooks, 1 queen. Using standard piece values, who has the material advantage and by how many points?",Black is ahead by 4 point(s),White is ahead by 10 point(s),Black is ahead by 10 point(s),White is ahead by 7 point(s),D,"White's material = 31. Black's material = 24. Difference = 7, so White is ahead by 7 point(s).",Chess,Piece Values
"White has 4 pawns, 1 knight, 1 rook. Black has 2 pawns, 2 knights, 1 bishop, 1 queen. Using standard piece values, who has the material advantage and by how many points?",Black is ahead by 8 point(s),White is ahead by 9 point(s),Black is ahead by 7 point(s),White is ahead by 6 point(s),A,"White's material = 12. Black's material = 20. Difference = 8, so Black is ahead by 8 point(s).",Chess,Piece Values
"In algebraic chess notation, is the square a8 a light or dark square?",dark,cannot be determined,depends on the piece,light,D,"Square a8: file a (position 1) and rank 8. Since their sum has the parity it does, a8 is a light square.",Chess,Notation
"Fill in the blank: ______ refers to ""an American chess Grandmaster who became World Chess Champion in 1972"".",the value of a pawn,Bobby Fischer,Magnus Carlsen,a discovered attack,B,Bobby Fischer refers to: an American chess Grandmaster who became World Chess Champion in 1972,Chess,Players
"Using standard piece values (pawn=1, knight=3, bishop=3, rook=5, queen=9), what is the total material value of: 4 pawns, 2 bishops?",6,12,11,10,D,Total value = 4×1 + 2×3 = 10.,Chess,Piece Values
"Using standard piece values (pawn=1, knight=3, bishop=3, rook=5, queen=9), what is the total material value of: 1 knight, 1 rook, 1 queen?",15,13,19,17,D,Total value = 1×3 + 1×5 + 1×9 = 17.,Chess,Piece Values
"Using standard piece values (pawn=1, knight=3, bishop=3, rook=5, queen=9), what is the total material value of: 2 knights, 2 rooks, 1 queen?",23,26,25,28,C,Total value = 2×3 + 2×5 + 1×9 = 25.,Chess,Piece Values
"White has 2 pawns, 1 knight, 2 bishops, 1 rook, 1 queen. Black has 7 pawns. Using standard piece values, who has the material advantage and by how many points?",White is ahead by 17 point(s),White is ahead by 21 point(s),White is ahead by 18 point(s),White is ahead by 20 point(s),C,"White's material = 25. Black's material = 7. Difference = 18, so White is ahead by 18 point(s).",Chess,Piece Values
"White has 6 pawns, 1 knight, 1 queen. Black has 3 pawns, 2 knights, 1 bishop, 1 rook, 1 queen. Using standard piece values, who has the material advantage and by how many points?",Black is ahead by 8 point(s),Black is ahead by 7 point(s),White is ahead by 11 point(s),White is ahead by 7 point(s),A,"White's material = 18. Black's material = 26. Difference = 8, so Black is ahead by 8 point(s).",Chess,Piece Values
"White has 8 pawns, 2 knights, 2 bishops, 1 rook, 1 queen. Black has 2 pawns, 1 bishop, 2 rooks. Using standard piece values, who has the material advantage and by how many points?",Black is ahead by 18 point(s),White is ahead by 20 point(s),White is ahead by 19 point(s),White is ahead by 16 point(s),C,"White's material = 34. Black's material = 15. Difference = 19, so White is ahead by 19 point(s).",Chess,Piece Values
"White has 3 pawns, 2 bishops, 1 queen. Black has 6 pawns, 2 knights, 1 bishop, 1 queen. Using standard piece values, who has the material advantage and by how many points?",White is ahead by 5 point(s),Black is ahead by 6 point(s),Black is ahead by 8 point(s),Black is ahead by 3 point(s),B,"White's material = 18. Black's material = 24. Difference = 6, so Black is ahead by 6 point(s).",Chess,Piece Values
"Using standard piece values (pawn=1, knight=3, bishop=3, rook=5, queen=9), what is the total material value of: 5 pawns, 2 knights, 2 bishops?",14,19,17,16,C,Total value = 5×1 + 2×3 + 2×3 = 17.,Chess,Piece Values
"Using standard piece values (pawn=1, knight=3, bishop=3, rook=5, queen=9), what is the total material value of: 8 pawns, 1 bishop, 2 rooks, 1 queen?",30,26,27,33,A,Total value = 8×1 + 1×3 + 2×5 + 1×9 = 30.,Chess,Piece Values
"White has 2 pawns, 2 rooks, 1 queen. Black has 5 pawns, 2 knights, 1 rook, 1 queen. Using standard piece values, who has the material advantage and by how many points?",Black is ahead by 1 point(s),Black is ahead by 7 point(s),Black is ahead by 4 point(s),White is ahead by 5 point(s),C,"White's material = 21. Black's material = 25. Difference = 4, so Black is ahead by 4 point(s).",Chess,Piece Values
"Using standard piece values (pawn=1, knight=3, bishop=3, rook=5, queen=9), what is the total material value of: 3 pawns, 2 rooks, 1 queen?",22,19,18,21,A,Total value = 3×1 + 2×5 + 1×9 = 22.,Chess,Piece Values
"Fill in the blank: ______ refers to ""a piece that can move one square in any direction, but cannot move into check"".",check,the value of a rook,the Queen's Gambit,the king's movement,D,"the king's movement refers to: a piece that can move one square in any direction, but cannot move into check",Chess,Piece Movement
"White has 6 pawns, 2 knights, 1 bishop, 1 rook, 1 queen. Black has 3 pawns, 1 rook. Using standard piece values, who has the material advantage and by how many points?",White is ahead by 22 point(s),Black is ahead by 20 point(s),White is ahead by 21 point(s),White is ahead by 24 point(s),C,"White's material = 29. Black's material = 8. Difference = 21, so White is ahead by 21 point(s).",Chess,Piece Values
"White has 1 bishop, 1 queen. Black has 7 pawns, 2 knights. Using standard piece values, who has the material advantage and by how many points?",Black is ahead by 1 point(s),White is ahead by 3 point(s),Black is ahead by 1 point(s)_1,White is ahead by 1 point(s),A,"White's material = 12. Black's material = 13. Difference = 1, so Black is ahead by 1 point(s).",Chess,Piece Values
"White has 8 pawns, 1 knight, 1 bishop, 2 rooks. Black has 5 pawns, 2 knights, 2 bishops, 2 rooks, 1 queen. Using standard piece values, who has the material advantage and by how many points?",White is ahead by 11 point(s),Black is ahead by 12 point(s),Black is ahead by 14 point(s),Black is ahead by 13 point(s),B,"White's material = 24. Black's material = 36. Difference = 12, so Black is ahead by 12 point(s).",Chess,Piece Values
What is algebraic notation?,an Indian chess Grandmaster who was World Chess Champion from 2007 to 2013,the standard method of recording chess moves using letters (a-h) for files and numbers (1-8) for ranks,"a method for calculating the relative skill levels of chess players, developed by Arpad Elo",a piece that moves diagonally any number of squares,B,algebraic notation is: the standard method of recording chess moves using letters (a-h) for files and numbers (1-8) for ranks,Chess,Notation
"Which term matches this description: ""a tactic where a piece cannot move without exposing a more valuable piece behind it to attack""?",a pin,a skewer,a fork,a discovered attack,A,The description matches a pin: a tactic where a piece cannot move without exposing a more valuable piece behind it to attack,Chess,Tactics
"Which term matches this description: ""the phase of a chess game following the opening, where tactical and strategic battles typically occur""?",the middlegame,a discovered attack,the fifty-move rule,the Queen's Gambit,A,"The description matches the middlegame: the phase of a chess game following the opening, where tactical and strategic battles typically occur",Chess,Game Phases
"Using standard piece values (pawn=1, knight=3, bishop=3, rook=5, queen=9), what is the total material value of: 8 pawns, 1 rook, 1 queen?",18,22,20,19,B,Total value = 8×1 + 1×5 + 1×9 = 22.,Chess,Piece Values
"Using standard piece values (pawn=1, knight=3, bishop=3, rook=5, queen=9), what is the total material value of: 2 knights, 2 bishops, 1 rook, 1 queen?",25,27,30,26,D,Total value = 2×3 + 2×3 + 1×5 + 1×9 = 26.,Chess,Piece Values
"White has 2 pawns, 2 rooks, 1 queen. Black has 1 pawn. Using standard piece values, who has the material advantage and by how many points?",Black is ahead by 18 point(s),Black is ahead by 17 point(s),White is ahead by 20 point(s),Black is ahead by 23 point(s),C,"White's material = 21. Black's material = 1. Difference = 20, so White is ahead by 20 point(s).",Chess,Piece Values
"White has 2 pawns, 2 knights, 1 bishop, 2 rooks. Black has 1 knight, 1 rook, 1 queen. Using standard piece values, who has the material advantage and by how many points?",White is ahead by 4 point(s),White is ahead by 7 point(s),White is ahead by 5 point(s),Black is ahead by 5 point(s),A,"White's material = 21. Black's material = 17. Difference = 4, so White is ahead by 4 point(s).",Chess,Piece Values
"White has 6 pawns, 1 knight, 1 rook, 1 queen. Black has 1 bishop, 1 rook, 1 queen. Using standard piece values, who has the material advantage and by how many points?",White is ahead by 6 point(s),White is ahead by 5 point(s),White is ahead by 3 point(s),Black is ahead by 8 point(s),A,"White's material = 23. Black's material = 17. Difference = 6, so White is ahead by 6 point(s).",Chess,Piece Values
"White has 1 pawn, 2 knights, 1 bishop, 2 rooks. Black has 1 knight, 2 bishops, 2 rooks. Using standard piece values, who has the material advantage and by how many points?",White is ahead by 1 point(s),White is ahead by 3 point(s),Black is ahead by 2 point(s),Black is ahead by 4 point(s),A,"White's material = 20. Black's material = 19. Difference = 1, so White is ahead by 1 point(s).",Chess,Piece Values
What is castling?,"the final phase of a chess game, typically when few pieces remain on the board","generally considered to be worth about 3 points, similar to a knight",a piece that moves diagonally any number of squares,"a special move involving the king and a rook, allowing the king to move two squares toward the rook",D,"castling is: a special move involving the king and a rook, allowing the king to move two squares toward the rook",Chess,Special Moves
"White has 1 pawn, 1 bishop. Black has 3 pawns, 1 knight, 2 rooks. Using standard piece values, who has the material advantage and by how many points?",White is ahead by 14 point(s),Black is ahead by 12 point(s),Black is ahead by 11 point(s),Black is ahead by 13 point(s),B,"White's material = 4. Black's material = 16. Difference = 12, so Black is ahead by 12 point(s).",Chess,Piece Values
"White has 4 pawns, 2 knights, 1 bishop, 1 queen. Black has 2 pawns, 1 knight, 1 bishop. Using standard piece values, who has the material advantage and by how many points?",Black is ahead by 13 point(s),White is ahead by 14 point(s),Black is ahead by 16 point(s),White is ahead by 16 point(s),B,"White's material = 22. Black's material = 8. Difference = 14, so White is ahead by 14 point(s).",Chess,Piece Values
"White has 1 knight, 2 rooks. Black has 8 pawns, 2 bishops, 1 queen. Using standard piece values, who has the material advantage and by how many points?",Black is ahead by 7 point(s),White is ahead by 11 point(s),Black is ahead by 10 point(s),Black is ahead by 11 point(s),C,"White's material = 13. Black's material = 23. Difference = 10, so Black is ahead by 10 point(s).",Chess,Piece Values
"White has 2 pawns, 2 knights, 2 bishops, 1 rook. Black has 2 pawns, 1 knight, 2 rooks. Using standard piece values, who has the material advantage and by how many points?",White is ahead by 2 point(s),White is ahead by 4 point(s),White is ahead by 3 point(s),White is ahead by 7 point(s),B,"White's material = 19. Black's material = 15. Difference = 4, so White is ahead by 4 point(s).",Chess,Piece Values
"White has 1 pawn, 2 bishops, 1 rook, 1 queen. Black has 8 pawns, 1 knight, 1 bishop. Using standard piece values, who has the material advantage and by how many points?",White is ahead by 4 point(s),White is ahead by 7 point(s),Black is ahead by 6 point(s),White is ahead by 6 point(s),B,"White's material = 21. Black's material = 14. Difference = 7, so White is ahead by 7 point(s).",Chess,Piece Values
"White has 7 pawns, 1 bishop, 2 rooks, 1 queen. Black has 2 knights, 2 bishops, 1 rook, 1 queen. Using standard piece values, who has the material advantage and by how many points?",White is ahead by 5 point(s),Black is ahead by 1 point(s),White is ahead by 3 point(s),White is ahead by 1 point(s),C,"White's material = 29. Black's material = 26. Difference = 3, so White is ahead by 3 point(s).",Chess,Piece Values
"Using standard piece values (pawn=1, knight=3, bishop=3, rook=5, queen=9), what is the total material value of: 1 knight, 1 bishop, 1 rook?",11,13,14,9,A,Total value = 1×3 + 1×3 + 1×5 = 11.,Chess,Piece Values
"Using standard piece values (pawn=1, knight=3, bishop=3, rook=5, queen=9), what is the total material value of: 1 pawn, 1 knight, 1 rook?",9,6,13,7,A,Total value = 1×1 + 1×3 + 1×5 = 9.,Chess,Piece Values
"White has 2 pawns, 1 knight, 2 bishops, 1 queen. Black has 7 pawns, 2 knights, 2 rooks. Using standard piece values, who has the material advantage and by how many points?",White is ahead by 6 point(s),Black is ahead by 4 point(s),White is ahead by 5 point(s),Black is ahead by 3 point(s),D,"White's material = 20. Black's material = 23. Difference = 3, so Black is ahead by 3 point(s).",Chess,Piece Values
"Using standard piece values (pawn=1, knight=3, bishop=3, rook=5, queen=9), what is the total material value of: 7 pawns, 2 knights, 1 rook?",19,22,18,20,C,Total value = 7×1 + 2×3 + 1×5 = 18.,Chess,Piece Values
"Using standard piece values (pawn=1, knight=3, bishop=3, rook=5, queen=9), what is the total material value of: 4 pawns, 2 knights, 1 bishop?",12,16,10,13,D,Total value = 4×1 + 2×3 + 1×3 = 13.,Chess,Piece Values
"White has 6 pawns, 1 knight, 2 bishops, 1 queen. Black has 6 pawns, 1 knight, 2 rooks, 1 queen. Using standard piece values, who has the material advantage and by how many points?",Black is ahead by 5 point(s),Black is ahead by 3 point(s),Black is ahead by 4 point(s),White is ahead by 3 point(s),C,"White's material = 24. Black's material = 28. Difference = 4, so Black is ahead by 4 point(s).",Chess,Piece Values
"White has 3 pawns. Black has 8 pawns, 1 bishop, 1 rook, 1 queen. Using standard piece values, who has the material advantage and by how many points?",Black is ahead by 20 point(s),White is ahead by 25 point(s),Black is ahead by 22 point(s),Black is ahead by 19 point(s),C,"White's material = 3. Black's material = 25. Difference = 22, so Black is ahead by 22 point(s).",Chess,Piece Values
"White has 2 pawns, 1 knight, 1 queen. Black has 5 pawns, 2 knights, 1 bishop, 2 rooks, 1 queen. Using standard piece values, who has the material advantage and by how many points?",White is ahead by 21 point(s),Black is ahead by 18 point(s),White is ahead by 22 point(s),Black is ahead by 19 point(s),D,"White's material = 14. Black's material = 33. Difference = 19, so Black is ahead by 19 point(s).",Chess,Piece Values
"White has 2 pawns, 1 bishop, 2 rooks, 1 queen. Black has 4 pawns, 2 knights, 2 bishops, 1 rook. Using standard piece values, who has the material advantage and by how many points?",Black is ahead by 1 point(s),Black is ahead by 5 point(s),White is ahead by 1 point(s),White is ahead by 3 point(s),D,"White's material = 24. Black's material = 21. Difference = 3, so White is ahead by 3 point(s).",Chess,Piece Values
"White has 2 pawns, 2 bishops, 2 rooks, 1 queen. Black has 2 pawns, 2 knights, 2 bishops, 1 rook, 1 queen. Using standard piece values, who has the material advantage and by how many points?",Black is ahead by 1 point(s),White is ahead by 3 point(s),White is ahead by 1 point(s),Black is ahead by 2 point(s),A,"White's material = 27. Black's material = 28. Difference = 1, so Black is ahead by 1 point(s).",Chess,Piece Values
"Which term matches this description: ""the final phase of a chess game, typically when few pieces remain on the board""?",castling,the endgame,a fork,the number of squares on a chessboard,B,"The description matches the endgame: the final phase of a chess game, typically when few pieces remain on the board",Chess,Game Phases
What is threefold repetition?,a situation where a king is under direct attack by an opposing piece,a rule allowing a draw to be claimed if the same position occurs three times with the same player to move,"one of the most popular chess openings, beginning with 1.e4 c5",a piece that moves forward one square (or two on its first move) and captures diagonally,B,threefold repetition is: a rule allowing a draw to be claimed if the same position occurs three times with the same player to move,Chess,Rules
"Using standard piece values (pawn=1, knight=3, bishop=3, rook=5, queen=9), what is the total material value of: 7 pawns, 1 knight, 1 bishop?",15,11,14,13,D,Total value = 7×1 + 1×3 + 1×3 = 13.,Chess,Piece Values
"In algebraic chess notation, is the square b7 a light or dark square?",cannot be determined,light,dark,depends on the piece,B,"Square b7: file b (position 2) and rank 7. Since their sum has the parity it does, b7 is a light square.",Chess,Notation
"Using standard piece values (pawn=1, knight=3, bishop=3, rook=5, queen=9), what is the total material value of: 6 pawns, 1 knight, 2 rooks?",21,16,18,19,D,Total value = 6×1 + 1×3 + 2×5 = 19.,Chess,Piece Values
"Which term matches this description: ""a situation where a player is at a disadvantage because they must make a move, and any move worsens their position""?",a fork,zugzwang,a discovered attack,a skewer,B,"The description matches zugzwang: a situation where a player is at a disadvantage because they must make a move, and any move worsens their position",Chess,Tactics
"White has 8 pawns, 1 queen. Black has 8 pawns, 1 knight, 1 bishop, 2 rooks. Using standard piece values, who has the material advantage and by how many points?",Black is ahead by 4 point(s),Black is ahead by 7 point(s),White is ahead by 10 point(s),Black is ahead by 6 point(s),B,"White's material = 17. Black's material = 24. Difference = 7, so Black is ahead by 7 point(s).",Chess,Piece Values
What is the French Defence?,"the Fédération Internationale des Échecs, the international governing body of chess","the most powerful piece, able to move any number of squares horizontally, vertically, or diagonally",a checkmate delivered by a knight where the king is unable to move because it is surrounded by its own pieces,a chess opening beginning with 1.e4 e6,D,the French Defence is: a chess opening beginning with 1.e4 e6,Chess,Openings
"White has 6 pawns, 1 knight, 1 bishop, 2 rooks, 1 queen. Black has 3 pawns, 1 knight, 2 bishops, 1 queen. Using standard piece values, who has the material advantage and by how many points?",Black is ahead by 8 point(s),Black is ahead by 9 point(s),White is ahead by 10 point(s),White is ahead by 11 point(s),C,"White's material = 31. Black's material = 21. Difference = 10, so White is ahead by 10 point(s).",Chess,Piece Values
"Fill in the blank: ______ refers to ""a situation where a player is at a disadvantage because they must make a move, and any move worsens their position"".",a skewer,zugzwang,a smothered mate,the back rank mate,B,"zugzwang refers to: a situation where a player is at a disadvantage because they must make a move, and any move worsens their position",Chess,Tactics
"White has 3 pawns, 2 bishops, 1 queen. Black has 1 pawn, 2 knights, 2 rooks. Using standard piece values, who has the material advantage and by how many points?",White is ahead by 1 point(s),Black is ahead by 3 point(s),White is ahead by 4 point(s),Black is ahead by 1 point(s),A,"White's material = 18. Black's material = 17. Difference = 1, so White is ahead by 1 point(s).",Chess,Piece Values
"In algebraic chess notation, is the square h3 a light or dark square?",dark,light,cannot be determined,depends on the piece,B,"Square h3: file h (position 8) and rank 3. Since their sum has the parity it does, h3 is a light square.",Chess,Notation
Which statement correctly describes Garry Kasparov?,a classical chess opening beginning with 1.e4 e5 2.Nf3 Nc6 3.Bb5,a situation where a king is under direct attack by an opposing piece,a former World Chess Champion widely regarded as one of the greatest players in chess history,"16 pieces: 8 pawns, 2 rooks, 2 knights, 2 bishops, 1 queen, and 1 king",C,"By definition, Garry Kasparov is: a former World Chess Champion widely regarded as one of the greatest players in chess history",Chess,Players
"White has 4 pawns, 2 knights, 2 bishops, 1 queen. Black has 4 pawns, 2 knights, 1 rook. Using standard piece values, who has the material advantage and by how many points?",White is ahead by 10 point(s),White is ahead by 12 point(s),White is ahead by 7 point(s),Black is ahead by 9 point(s),A,"White's material = 25. Black's material = 15. Difference = 10, so White is ahead by 10 point(s).",Chess,Piece Values
"White has 2 pawns, 2 bishops, 1 queen. Black has 2 pawns, 2 knights, 1 rook. Using standard piece values, who has the material advantage and by how many points?",White is ahead by 4 point(s),White is ahead by 6 point(s),Black is ahead by 1 point(s),Black is ahead by 5 point(s),A,"White's material = 17. Black's material = 13. Difference = 4, so White is ahead by 4 point(s).",Chess,Piece Values
"White has 2 pawns, 2 knights, 2 bishops, 2 rooks. Black has 4 pawns, 2 knights, 2 bishops. Using standard piece values, who has the material advantage and by how many points?",White is ahead by 8 point(s),White is ahead by 7 point(s),White is ahead by 6 point(s),Black is ahead by 5 point(s),A,"White's material = 24. Black's material = 16. Difference = 8, so White is ahead by 8 point(s).",Chess,Piece Values
"White has 8 pawns, 2 bishops, 2 rooks, 1 queen. Black has 8 pawns, 2 knights, 1 bishop, 1 rook. Using standard piece values, who has the material advantage and by how many points?",Black is ahead by 9 point(s),White is ahead by 13 point(s),White is ahead by 8 point(s),White is ahead by 11 point(s),D,"White's material = 33. Black's material = 22. Difference = 11, so White is ahead by 11 point(s).",Chess,Piece Values
"White has 5 pawns, 1 rook. Black has 4 pawns, 1 knight, 2 bishops, 1 queen. Using standard piece values, who has the material advantage and by how many points?",Black is ahead by 12 point(s),White is ahead by 11 point(s),Black is ahead by 15 point(s),White is ahead by 14 point(s),A,"White's material = 10. Black's material = 22. Difference = 12, so Black is ahead by 12 point(s).",Chess,Piece Values
"White has 5 pawns, 2 knights, 2 bishops, 2 rooks. Black has 4 pawns, 1 bishop, 2 rooks. Using standard piece values, who has the material advantage and by how many points?",White is ahead by 7 point(s),White is ahead by 10 point(s),Black is ahead by 9 point(s),Black is ahead by 11 point(s),B,"White's material = 27. Black's material = 17. Difference = 10, so White is ahead by 10 point(s).",Chess,Piece Values
"Using standard piece values (pawn=1, knight=3, bishop=3, rook=5, queen=9), what is the total material value of: 3 pawns, 2 knights, 1 bishop, 2 rooks, 1 queen?",31,30,33,28,A,Total value = 3×1 + 2×3 + 1×3 + 2×5 + 1×9 = 31.,Chess,Piece Values
"Using standard piece values (pawn=1, knight=3, bishop=3, rook=5, queen=9), what is the total material value of: 7 pawns, 1 knight, 2 bishops, 2 rooks, 1 queen?",39,32,35,36,C,Total value = 7×1 + 1×3 + 2×3 + 2×5 + 1×9 = 35.,Chess,Piece Values
"White has 1 pawn, 2 knights, 2 bishops, 2 rooks, 1 queen. Black has 1 pawn, 2 knights, 2 bishops, 1 queen. Using standard piece values, who has the material advantage and by how many points?",White is ahead by 10 point(s),Black is ahead by 9 point(s),White is ahead by 8 point(s),White is ahead by 7 point(s),A,"White's material = 32. Black's material = 22. Difference = 10, so White is ahead by 10 point(s).",Chess,Piece Values
"Which term matches this description: ""a chess opening where White offers a pawn to gain central control, beginning with 1.d4 d5 2.c4""?",the number of squares on a chessboard,an International Master (IM),the Queen's Gambit,the pawn's movement,C,"The description matches the Queen's Gambit: a chess opening where White offers a pawn to gain central control, beginning with 1.d4 d5 2.c4",Chess,Openings
"White has 6 pawns, 1 knight, 1 bishop, 1 rook. Black has 3 pawns, 1 knight, 1 bishop, 1 rook, 1 queen. Using standard piece values, who has the material advantage and by how many points?",White is ahead by 4 point(s),Black is ahead by 6 point(s),Black is ahead by 7 point(s),Black is ahead by 8 point(s),B,"White's material = 17. Black's material = 23. Difference = 6, so Black is ahead by 6 point(s).",Chess,Piece Values
"Using standard piece values (pawn=1, knight=3, bishop=3, rook=5, queen=9), what is the total material value of: 3 pawns, 2 knights, 1 bishop, 1 queen?",24,25,22,21,D,Total value = 3×1 + 2×3 + 1×3 + 1×9 = 21.,Chess,Piece Values
"White has 2 rooks, 1 queen. Black has 2 pawns, 1 knight, 2 bishops. Using standard piece values, who has the material advantage and by how many points?",Black is ahead by 6 point(s),White is ahead by 5 point(s),White is ahead by 8 point(s),White is ahead by 11 point(s),C,"White's material = 19. Black's material = 11. Difference = 8, so White is ahead by 8 point(s).",Chess,Piece Values
"Using standard piece values (pawn=1, knight=3, bishop=3, rook=5, queen=9), what is the total material value of: 1 pawn, 1 knight, 2 bishops, 1 rook, 1 queen?",28,26,24,21,C,Total value = 1×1 + 1×3 + 2×3 + 1×5 + 1×9 = 24.,Chess,Piece Values
"White has 5 pawns, 2 knights, 1 queen. Black has 2 knights, 2 rooks. Using standard piece values, who has the material advantage and by how many points?",White is ahead by 2 point(s),White is ahead by 5 point(s),White is ahead by 4 point(s),White is ahead by 3 point(s),C,"White's material = 20. Black's material = 16. Difference = 4, so White is ahead by 4 point(s).",Chess,Piece Values
"Using standard piece values (pawn=1, knight=3, bishop=3, rook=5, queen=9), what is the total material value of: 3 pawns, 1 knight, 1 bishop, 2 rooks?",17,16,21,19,D,Total value = 3×1 + 1×3 + 1×3 + 2×5 = 19.,Chess,Piece Values
"White has 2 pawns, 2 bishops, 2 rooks, 1 queen. Black has 2 knights, 2 bishops, 2 rooks, 1 queen. Using standard piece values, who has the material advantage and by how many points?",Black is ahead by 3 point(s),Black is ahead by 7 point(s),Black is ahead by 6 point(s),Black is ahead by 4 point(s),D,"White's material = 27. Black's material = 31. Difference = 4, so Black is ahead by 4 point(s).",Chess,Piece Values
"Which term matches this description: ""a chess opening where Black allows White to build a big pawn centre before challenging it, beginning with 1.d4 Nf6 2.c4 g6""?",the opening phase of a game,algebraic notation,the number of squares on a chessboard,the King's Indian Defence,D,"The description matches the King's Indian Defence: a chess opening where Black allows White to build a big pawn centre before challenging it, beginning with 1.d4 Nf6 2.c4 g6",Chess,Openings
"White has 2 pawns, 2 rooks. Black has 2 knights, 2 bishops, 1 rook. Using standard piece values, who has the material advantage and by how many points?",White is ahead by 6 point(s),Black is ahead by 5 point(s),Black is ahead by 6 point(s),White is ahead by 8 point(s),B,"White's material = 12. Black's material = 17. Difference = 5, so Black is ahead by 5 point(s).",Chess,Piece Values
"In algebraic chess notation, is the square f3 a light or dark square?",depends on the piece,light,dark,cannot be determined,B,"Square f3: file f (position 6) and rank 3. Since their sum has the parity it does, f3 is a light square.",Chess,Notation
"White has 2 pawns, 2 knights, 1 bishop, 1 queen. Black has 2 pawns, 2 knights, 1 bishop, 2 rooks, 1 queen. Using standard piece values, who has the material advantage and by how many points?",Black is ahead by 7 point(s),Black is ahead by 9 point(s),Black is ahead by 10 point(s),White is ahead by 9 point(s),C,"White's material = 20. Black's material = 30. Difference = 10, so Black is ahead by 10 point(s).",Chess,Piece Values
"White has 7 pawns, 2 rooks, 1 queen. Black has 5 pawns, 2 knights, 2 rooks, 1 queen. Using standard piece values, who has the material advantage and by how many points?",Black is ahead by 6 point(s),Black is ahead by 5 point(s),White is ahead by 6 point(s),Black is ahead by 4 point(s),D,"White's material = 26. Black's material = 30. Difference = 4, so Black is ahead by 4 point(s).",Chess,Piece Values
Which statement correctly describes the Elo rating system?,a piece that moves in an L-shape: two squares in one direction and then one square perpendicular,"a method for calculating the relative skill levels of chess players, developed by Arpad Elo","the phase of a chess game following the opening, where tactical and strategic battles typically occur",an American chess Grandmaster who became World Chess Champion in 1972,B,"By definition, the Elo rating system is: a method for calculating the relative skill levels of chess players, developed by Arpad Elo",Chess,Rating System
"White has 6 pawns, 2 knights, 1 bishop, 1 rook. Black has 1 pawn, 2 knights, 2 bishops, 1 rook, 1 queen. Using standard piece values, who has the material advantage and by how many points?",Black is ahead by 4 point(s),Black is ahead by 7 point(s),Black is ahead by 5 point(s),White is ahead by 9 point(s),B,"White's material = 20. Black's material = 27. Difference = 7, so Black is ahead by 7 point(s).",Chess,Piece Values
"Fill in the blank: ______ refers to ""a chess opening where Black allows White to build a big pawn centre before challenging it, beginning with 1.d4 Nf6 2.c4 g6"".",the King's Indian Defence,the value of a rook,the knight's movement,the opening phase of a game,A,"the King's Indian Defence refers to: a chess opening where Black allows White to build a big pawn centre before challenging it, beginning with 1.d4 Nf6 2.c4 g6",Chess,Openings
"White has 2 pawns, 1 knight, 1 rook. Black has 5 pawns, 1 knight, 2 rooks. Using standard piece values, who has the material advantage and by how many points?",White is ahead by 9 point(s),Black is ahead by 11 point(s),Black is ahead by 6 point(s),Black is ahead by 8 point(s),D,"White's material = 10. Black's material = 18. Difference = 8, so Black is ahead by 8 point(s).",Chess,Piece Values
"Using standard piece values (pawn=1, knight=3, bishop=3, rook=5, queen=9), what is the total material value of: 7 pawns, 2 knights, 1 bishop?",19,14,16,13,C,Total value = 7×1 + 2×3 + 1×3 = 16.,Chess,Piece Values
"White has 7 pawns, 1 knight, 2 bishops, 1 rook. Black has 6 pawns, 2 knights, 2 bishops, 1 rook, 1 queen. Using standard piece values, who has the material advantage and by how many points?",Black is ahead by 14 point(s),White is ahead by 14 point(s),Black is ahead by 10 point(s),Black is ahead by 11 point(s),D,"White's material = 21. Black's material = 32. Difference = 11, so Black is ahead by 11 point(s).",Chess,Piece Values
"Using standard piece values (pawn=1, knight=3, bishop=3, rook=5, queen=9), what is the total material value of: 6 pawns, 1 bishop, 1 rook, 1 queen?",27,23,25,24,B,Total value = 6×1 + 1×3 + 1×5 + 1×9 = 23.,Chess,Piece Values
"White has 5 pawns, 2 knights, 2 rooks. Black has 6 pawns, 1 knight, 2 rooks. Using standard piece values, who has the material advantage and by how many points?",Black is ahead by 3 point(s),Black is ahead by 5 point(s),White is ahead by 2 point(s),White is ahead by 5 point(s),C,"White's material = 21. Black's material = 19. Difference = 2, so White is ahead by 2 point(s).",Chess,Piece Values
"White has 6 pawns, 1 knight, 2 bishops. Black has 8 pawns, 2 bishops, 1 rook. Using standard piece values, who has the material advantage and by how many points?",White is ahead by 3 point(s),Black is ahead by 4 point(s),White is ahead by 2 point(s),White is ahead by 6 point(s),B,"White's material = 15. Black's material = 19. Difference = 4, so Black is ahead by 4 point(s).",Chess,Piece Values
"Using standard piece values (pawn=1, knight=3, bishop=3, rook=5, queen=9), what is the total material value of: 5 pawns, 2 knights, 1 queen?",16,17,22,20,D,Total value = 5×1 + 2×3 + 1×9 = 20.,Chess,Piece Values
"White has 1 knight, 2 bishops, 1 rook. Black has 2 knights, 2 rooks, 1 queen. Using standard piece values, who has the material advantage and by how many points?",Black is ahead by 11 point(s),Black is ahead by 14 point(s),White is ahead by 10 point(s),White is ahead by 14 point(s),A,"White's material = 14. Black's material = 25. Difference = 11, so Black is ahead by 11 point(s).",Chess,Piece Values
"White has 7 pawns, 1 rook. Black has 5 pawns, 1 knight, 2 bishops, 1 queen. Using standard piece values, who has the material advantage and by how many points?",White is ahead by 8 point(s),Black is ahead by 11 point(s),White is ahead by 9 point(s),White is ahead by 14 point(s),B,"White's material = 12. Black's material = 23. Difference = 11, so Black is ahead by 11 point(s).",Chess,Piece Values
"White has 4 pawns, 2 knights, 1 bishop, 1 rook, 1 queen. Black has 4 pawns, 1 bishop, 2 rooks. Using standard piece values, who has the material advantage and by how many points?",Black is ahead by 8 point(s),White is ahead by 9 point(s),White is ahead by 12 point(s),White is ahead by 10 point(s),D,"White's material = 27. Black's material = 17. Difference = 10, so White is ahead by 10 point(s).",Chess,Piece Values
"White has 1 pawn, 1 knight, 2 bishops, 1 rook. Black has 7 pawns, 2 knights, 1 queen. Using standard piece values, who has the material advantage and by how many points?",White is ahead by 9 point(s),White is ahead by 10 point(s),Black is ahead by 7 point(s),White is ahead by 5 point(s),C,"White's material = 15. Black's material = 22. Difference = 7, so Black is ahead by 7 point(s).",Chess,Piece Values
"White has 1 pawn, 1 queen. Black has 7 pawns, 1 rook. Using standard piece values, who has the material advantage and by how many points?",White is ahead by 4 point(s),Black is ahead by 3 point(s),Black is ahead by 4 point(s),Black is ahead by 2 point(s),D,"White's material = 10. Black's material = 12. Difference = 2, so Black is ahead by 2 point(s).",Chess,Piece Values
"White has 8 pawns, 2 knights, 2 bishops, 1 rook. Black has 5 pawns, 2 bishops, 1 queen. Using standard piece values, who has the material advantage and by how many points?",Black is ahead by 2 point(s),Black is ahead by 3 point(s),White is ahead by 5 point(s),Black is ahead by 7 point(s),C,"White's material = 25. Black's material = 20. Difference = 5, so White is ahead by 5 point(s).",Chess,Piece Values
"White has 4 pawns, 1 knight, 1 rook, 1 queen. Black has 1 rook. Using standard piece values, who has the material advantage and by how many points?",Black is ahead by 18 point(s),White is ahead by 16 point(s),Black is ahead by 14 point(s),White is ahead by 18 point(s),B,"White's material = 21. Black's material = 5. Difference = 16, so White is ahead by 16 point(s).",Chess,Piece Values
"Using standard piece values (pawn=1, knight=3, bishop=3, rook=5, queen=9), what is the total material value of: 5 pawns, 1 rook, 1 queen?",22,19,20,16,B,Total value = 5×1 + 1×5 + 1×9 = 19.,Chess,Piece Values
"Using standard piece values (pawn=1, knight=3, bishop=3, rook=5, queen=9), what is the total material value of: 3 pawns, 1 knight, 2 bishops, 1 rook?",15,19,13,17,D,Total value = 3×1 + 1×3 + 2×3 + 1×5 = 17.,Chess,Piece Values
"White has 2 pawns, 2 knights, 2 bishops, 2 rooks, 1 queen. Black has 4 pawns, 2 bishops, 1 rook. Using standard piece values, who has the material advantage and by how many points?",White is ahead by 20 point(s),White is ahead by 16 point(s),White is ahead by 18 point(s),White is ahead by 15 point(s),C,"White's material = 33. Black's material = 15. Difference = 18, so White is ahead by 18 point(s).",Chess,Piece Values
"Using standard piece values (pawn=1, knight=3, bishop=3, rook=5, queen=9), what is the total material value of: 1 knight, 1 bishop, 1 queen?",15,14,13,18,A,Total value = 1×3 + 1×3 + 1×9 = 15.,Chess,Piece Values
"Using standard piece values (pawn=1, knight=3, bishop=3, rook=5, queen=9), what is the total material value of: 1 pawn, 2 knights, 1 bishop?",12,10,6,13,B,Total value = 1×1 + 2×3 + 1×3 = 10.,Chess,Piece Values
"Fill in the blank: ______ refers to ""the Fédération Internationale des Échecs, the international governing body of chess"".",the number of pieces each player starts with,the FIDE,pawn promotion,the king's movement,B,"the FIDE refers to: the Fédération Internationale des Échecs, the international governing body of chess",Chess,Organisations
"Which term matches this description: ""the highest title a chess player can attain, awarded by FIDE""?",the middlegame,stalemate,a skewer,a Grandmaster (GM),D,"The description matches a Grandmaster (GM): the highest title a chess player can attain, awarded by FIDE",Chess,Titles
"Fill in the blank: ______ refers to ""the initial stage of a chess game focused on piece development and controlling the centre"".",the opening phase of a game,the Elo rating system,the rook's movement,a fork,A,the opening phase of a game refers to: the initial stage of a chess game focused on piece development and controlling the centre,Chess,Game Phases
"White has 2 bishops, 2 rooks. Black has 2 pawns. Using standard piece values, who has the material advantage and by how many points?",White is ahead by 16 point(s),Black is ahead by 12 point(s),White is ahead by 14 point(s),White is ahead by 13 point(s),C,"White's material = 16. Black's material = 2. Difference = 14, so White is ahead by 14 point(s).",Chess,Piece Values
"White has 1 knight, 1 bishop, 1 rook, 1 queen. Black has 7 pawns, 2 knights, 2 bishops, 1 rook, 1 queen. Using standard piece values, who has the material advantage and by how many points?",White is ahead by 14 point(s),Black is ahead by 13 point(s),Black is ahead by 14 point(s),White is ahead by 10 point(s),B,"White's material = 20. Black's material = 33. Difference = 13, so Black is ahead by 13 point(s).",Chess,Piece Values
"Using standard piece values (pawn=1, knight=3, bishop=3, rook=5, queen=9), what is the total material value of: 7 pawns, 1 queen?",12,16,14,20,B,Total value = 7×1 + 1×9 = 16.,Chess,Piece Values
"White has 4 pawns, 2 knights, 2 bishops, 2 rooks. Black has 4 pawns, 2 knights, 1 queen. Using standard piece values, who has the material advantage and by how many points?",White is ahead by 7 point(s),White is ahead by 9 point(s),White is ahead by 5 point(s),Black is ahead by 6 point(s),A,"White's material = 26. Black's material = 19. Difference = 7, so White is ahead by 7 point(s).",Chess,Piece Values
"Using standard piece values (pawn=1, knight=3, bishop=3, rook=5, queen=9), what is the total material value of: 4 pawns, 2 knights, 1 rook?",15,18,11,16,A,Total value = 4×1 + 2×3 + 1×5 = 15.,Chess,Piece Values
"Which term matches this description: ""an American chess Grandmaster who became World Chess Champion in 1972""?",the Italian Game,Bobby Fischer,the number of pieces each player starts with,an International Master (IM),B,The description matches Bobby Fischer: an American chess Grandmaster who became World Chess Champion in 1972,Chess,Players
"White has 3 pawns, 2 knights, 2 bishops, 1 rook, 1 queen. Black has 2 pawns, 2 bishops, 2 rooks, 1 queen. Using standard piece values, who has the material advantage and by how many points?",Black is ahead by 5 point(s),White is ahead by 3 point(s),White is ahead by 2 point(s),Black is ahead by 1 point(s),C,"White's material = 29. Black's material = 27. Difference = 2, so White is ahead by 2 point(s).",Chess,Piece Values
"Which term matches this description: ""16 pieces: 8 pawns, 2 rooks, 2 knights, 2 bishops, 1 queen, and 1 king""?",a skewer,the Ruy López opening,the number of pieces each player starts with,a fork,C,"The description matches the number of pieces each player starts with: 16 pieces: 8 pawns, 2 rooks, 2 knights, 2 bishops, 1 queen, and 1 king",Chess,Board Basics
Which statement correctly describes the fifty-move rule?,"16 pieces: 8 pawns, 2 rooks, 2 knights, 2 bishops, 1 queen, and 1 king","a tactic similar to a pin, where a valuable piece is attacked and forced to move, exposing a less valuable piece behind it","64 squares, arranged in an 8x8 grid",a rule stating that a player can claim a draw if no capture or pawn move has occurred in the last fifty moves,D,"By definition, the fifty-move rule is: a rule stating that a player can claim a draw if no capture or pawn move has occurred in the last fifty moves",Chess,Rules
"White has 1 knight, 1 bishop, 1 rook. Black has 5 pawns, 1 knight. Using standard piece values, who has the material advantage and by how many points?",White is ahead by 1 point(s),White is ahead by 4 point(s),Black is ahead by 5 point(s),White is ahead by 3 point(s),D,"White's material = 11. Black's material = 8. Difference = 3, so White is ahead by 3 point(s).",Chess,Piece Values
"White has 5 pawns, 2 knights, 2 bishops, 1 queen. Black has 2 pawns, 2 knights, 2 bishops, 1 rook, 1 queen. Using standard piece values, who has the material advantage and by how many points?",Black is ahead by 2 point(s),White is ahead by 3 point(s),White is ahead by 1 point(s),Black is ahead by 5 point(s),A,"White's material = 26. Black's material = 28. Difference = 2, so Black is ahead by 2 point(s).",Chess,Piece Values
"White has 4 pawns, 1 knight, 1 rook. Black has 2 pawns, 1 knight, 1 bishop, 1 rook, 1 queen. Using standard piece values, who has the material advantage and by how many points?",White is ahead by 11 point(s),Black is ahead by 10 point(s),White is ahead by 12 point(s),Black is ahead by 12 point(s),B,"White's material = 12. Black's material = 22. Difference = 10, so Black is ahead by 10 point(s).",Chess,Piece Values
"White has 3 pawns, 1 bishop, 2 rooks. Black has 4 pawns, 2 rooks, 1 queen. Using standard piece values, who has the material advantage and by how many points?",Black is ahead by 5 point(s),White is ahead by 5 point(s),Black is ahead by 9 point(s),Black is ahead by 7 point(s),D,"White's material = 16. Black's material = 23. Difference = 7, so Black is ahead by 7 point(s).",Chess,Piece Values
"White has 2 pawns, 2 knights, 2 bishops, 1 rook. Black has 8 pawns, 2 knights, 1 bishop, 1 queen. Using standard piece values, who has the material advantage and by how many points?",Black is ahead by 7 point(s),White is ahead by 10 point(s),Black is ahead by 9 point(s),White is ahead by 5 point(s),A,"White's material = 19. Black's material = 26. Difference = 7, so Black is ahead by 7 point(s).",Chess,Piece Values
"White has 1 rook. Black has 2 knights, 1 bishop. Using standard piece values, who has the material advantage and by how many points?",Black is ahead by 4 point(s),Black is ahead by 5 point(s),Black is ahead by 2 point(s),Black is ahead by 6 point(s),A,"White's material = 5. Black's material = 9. Difference = 4, so Black is ahead by 4 point(s).",Chess,Piece Values
"Using standard piece values (pawn=1, knight=3, bishop=3, rook=5, queen=9), what is the total material value of: 5 pawns, 1 knight, 2 bishops, 2 rooks, 1 queen?",37,30,33,31,C,Total value = 5×1 + 1×3 + 2×3 + 2×5 + 1×9 = 33.,Chess,Piece Values
"Using standard piece values (pawn=1, knight=3, bishop=3, rook=5, queen=9), what is the total material value of: 2 pawns, 2 knights, 1 rook?",14,13,15,12,B,Total value = 2×1 + 2×3 + 1×5 = 13.,Chess,Piece Values
"In algebraic chess notation, is the square e5 a light or dark square?",light,depends on the piece,dark,cannot be determined,C,"Square e5: file e (position 5) and rank 5. Since their sum has the parity it does, e5 is a dark square.",Chess,Notation
"Using standard piece values (pawn=1, knight=3, bishop=3, rook=5, queen=9), what is the total material value of: 5 pawns, 2 knights, 2 rooks?",21,20,22,19,A,Total value = 5×1 + 2×3 + 2×5 = 21.,Chess,Piece Values
"White has 1 knight, 2 bishops, 1 rook, 1 queen. Black has 4 pawns, 2 knights. Using standard piece values, who has the material advantage and by how many points?",White is ahead by 13 point(s),Black is ahead by 16 point(s),White is ahead by 16 point(s),White is ahead by 11 point(s),A,"White's material = 23. Black's material = 10. Difference = 13, so White is ahead by 13 point(s).",Chess,Piece Values
"Using standard piece values (pawn=1, knight=3, bishop=3, rook=5, queen=9), what is the total material value of: 4 pawns, 2 knights, 1 queen?",19,16,15,22,A,Total value = 4×1 + 2×3 + 1×9 = 19.,Chess,Piece Values
"Using standard piece values (pawn=1, knight=3, bishop=3, rook=5, queen=9), what is the total material value of: 3 pawns, 2 bishops?",8,5,7,9,D,Total value = 3×1 + 2×3 = 9.,Chess,Piece Values
"Using standard piece values (pawn=1, knight=3, bishop=3, rook=5, queen=9), what is the total material value of: 7 pawns, 1 knight, 2 bishops?",18,13,16,15,C,Total value = 7×1 + 1×3 + 2×3 = 16.,Chess,Piece Values
"Using standard piece values (pawn=1, knight=3, bishop=3, rook=5, queen=9), what is the total material value of: 8 pawns, 1 bishop, 1 queen?",20,23,22,21,A,Total value = 8×1 + 1×3 + 1×9 = 20.,Chess,Piece Values
"White has 3 pawns, 2 knights, 2 bishops. Black has 6 pawns, 1 rook. Using standard piece values, who has the material advantage and by how many points?",Black is ahead by 2 point(s),Black is ahead by 1 point(s),White is ahead by 7 point(s),White is ahead by 4 point(s),D,"White's material = 15. Black's material = 11. Difference = 4, so White is ahead by 4 point(s).",Chess,Piece Values
"Using standard piece values (pawn=1, knight=3, bishop=3, rook=5, queen=9), what is the total material value of: 1 bishop?",3,0,2,5,A,Total value = 1×3 = 3.,Chess,Piece Values
"White has 1 knight, 1 bishop. Black has 6 pawns, 2 knights. Using standard piece values, who has the material advantage and by how many points?",Black is ahead by 7 point(s),Black is ahead by 3 point(s),Black is ahead by 4 point(s),Black is ahead by 6 point(s),D,"White's material = 6. Black's material = 12. Difference = 6, so Black is ahead by 6 point(s).",Chess,Piece Values
"White has 1 bishop, 1 rook. Black has 4 pawns, 2 knights, 1 bishop, 2 rooks. Using standard piece values, who has the material advantage and by how many points?",White is ahead by 16 point(s),Black is ahead by 12 point(s),Black is ahead by 17 point(s),Black is ahead by 15 point(s),D,"White's material = 8. Black's material = 23. Difference = 15, so Black is ahead by 15 point(s).",Chess,Piece Values
"White has 3 pawns, 2 knights, 1 rook. Black has 2 pawns, 1 rook, 1 queen. Using standard piece values, who has the material advantage and by how many points?",Black is ahead by 4 point(s),White is ahead by 1 point(s),Black is ahead by 2 point(s),White is ahead by 4 point(s),C,"White's material = 14. Black's material = 16. Difference = 2, so Black is ahead by 2 point(s).",Chess,Piece Values
"Using standard piece values (pawn=1, knight=3, bishop=3, rook=5, queen=9), what is the total material value of: 3 pawns, 2 knights, 2 rooks, 1 queen?",29,27,24,28,D,Total value = 3×1 + 2×3 + 2×5 + 1×9 = 28.,Chess,Piece Values
Which statement correctly describes the value of a pawn?,"the most powerful piece, able to move any number of squares horizontally, vertically, or diagonally","the base unit of value in chess, generally counted as 1 point","64 squares, arranged in an 8x8 grid",an American chess Grandmaster who became World Chess Champion in 1972,B,"By definition, the value of a pawn is: the base unit of value in chess, generally counted as 1 point",Chess,Piece Values
"White has 2 knights, 1 bishop, 1 rook, 1 queen. Black has 8 pawns, 2 knights, 2 bishops, 1 rook, 1 queen. Using standard piece values, who has the material advantage and by how many points?",Black is ahead by 12 point(s),White is ahead by 12 point(s),White is ahead by 13 point(s),Black is ahead by 11 point(s),D,"White's material = 23. Black's material = 34. Difference = 11, so Black is ahead by 11 point(s).",Chess,Piece Values
"White has 7 pawns, 2 knights, 2 bishops, 1 queen. Black has 1 pawn, 2 rooks, 1 queen. Using standard piece values, who has the material advantage and by how many points?",Black is ahead by 10 point(s),White is ahead by 8 point(s),White is ahead by 11 point(s),White is ahead by 7 point(s),B,"White's material = 28. Black's material = 20. Difference = 8, so White is ahead by 8 point(s).",Chess,Piece Values
"Using standard piece values (pawn=1, knight=3, bishop=3, rook=5, queen=9), what is the total material value of: 7 pawns, 1 knight, 2 rooks?",20,19,17,18,A,Total value = 7×1 + 1×3 + 2×5 = 20.,Chess,Piece Values
"White has 6 pawns, 1 knight, 1 bishop, 2 rooks. Black has 7 pawns, 1 knight, 1 bishop, 1 rook, 1 queen. Using standard piece values, who has the material advantage and by how many points?",Black is ahead by 6 point(s),Black is ahead by 3 point(s),White is ahead by 2 point(s),Black is ahead by 5 point(s),D,"White's material = 22. Black's material = 27. Difference = 5, so Black is ahead by 5 point(s).",Chess,Piece Values
"Fill in the blank: ______ refers to ""a rule allowing a draw to be claimed if the same position occurs three times with the same player to move"".",zugzwang,a skewer,the Elo rating system,threefold repetition,D,threefold repetition refers to: a rule allowing a draw to be claimed if the same position occurs three times with the same player to move,Chess,Rules
"White has 6 pawns, 1 bishop. Black has 5 pawns, 2 bishops, 1 rook. Using standard piece values, who has the material advantage and by how many points?",Black is ahead by 7 point(s),White is ahead by 9 point(s),Black is ahead by 8 point(s),Black is ahead by 4 point(s),A,"White's material = 9. Black's material = 16. Difference = 7, so Black is ahead by 7 point(s).",Chess,Piece Values
What is the value of a knight?,"64 squares, arranged in an 8x8 grid","the highest title a chess player can attain, awarded by FIDE",a piece that moves diagonally any number of squares,generally considered to be worth about 3 points,D,the value of a knight is: generally considered to be worth about 3 points,Chess,Piece Values
Which statement correctly describes the rook's movement?,a piece that moves horizontally or vertically any number of squares,"generally considered to be worth about 3 points, similar to a knight",the initial stage of a chess game focused on piece development and controlling the centre,"the base unit of value in chess, generally counted as 1 point",A,"By definition, the rook's movement is: a piece that moves horizontally or vertically any number of squares",Chess,Piece Movement
"Using standard piece values (pawn=1, knight=3, bishop=3, rook=5, queen=9), what is the total material value of: 2 knights, 2 bishops?",11,16,12,9,C,Total value = 2×3 + 2×3 = 12.,Chess,Piece Values
"White has 2 knights, 1 bishop, 1 rook. Black has 8 pawns, 1 bishop, 1 rook. Using standard piece values, who has the material advantage and by how many points?",Black is ahead by 2 point(s),White is ahead by 1 point(s),Black is ahead by 4 point(s),White is ahead by 3 point(s),A,"White's material = 14. Black's material = 16. Difference = 2, so Black is ahead by 2 point(s).",Chess,Piece Values
"White has 8 pawns, 2 bishops, 1 rook, 1 queen. Black has 1 pawn, 2 knights, 2 bishops, 1 rook, 1 queen. Using standard piece values, who has the material advantage and by how many points?",Black is ahead by 2 point(s),White is ahead by 4 point(s),Black is ahead by 4 point(s),White is ahead by 1 point(s),D,"White's material = 28. Black's material = 27. Difference = 1, so White is ahead by 1 point(s).",Chess,Piece Values
"White has 1 pawn, 1 rook. Black has 4 pawns, 1 knight, 1 bishop, 1 queen. Using standard piece values, who has the material advantage and by how many points?",Black is ahead by 13 point(s),Black is ahead by 10 point(s),Black is ahead by 12 point(s),Black is ahead by 15 point(s),A,"White's material = 6. Black's material = 19. Difference = 13, so Black is ahead by 13 point(s).",Chess,Piece Values
"White has 6 pawns, 2 bishops, 1 rook. Black has 8 pawns, 1 knight, 1 bishop, 1 queen. Using standard piece values, who has the material advantage and by how many points?",White is ahead by 5 point(s),Black is ahead by 5 point(s),Black is ahead by 6 point(s),White is ahead by 9 point(s),C,"White's material = 17. Black's material = 23. Difference = 6, so Black is ahead by 6 point(s).",Chess,Piece Values
"Fill in the blank: ______ refers to ""a Soviet/Russian chess Grandmaster who was World Chess Champion in the 1970s and 1980s"".",the opening phase of a game,the number of pieces each player starts with,Anatoly Karpov,Magnus Carlsen,C,Anatoly Karpov refers to: a Soviet/Russian chess Grandmaster who was World Chess Champion in the 1970s and 1980s,Chess,Players
"Fill in the blank: ______ refers to ""a checkmate delivered along a player's first rank, often because their own pawns block the king's escape"".",zugzwang,a fork,the back rank mate,a pin,C,"the back rank mate refers to: a checkmate delivered along a player's first rank, often because their own pawns block the king's escape",Chess,Tactics
"White has 5 pawns, 2 knights, 1 bishop. Black has 7 pawns, 2 knights, 2 bishops, 2 rooks, 1 queen. Using standard piece values, who has the material advantage and by how many points?",Black is ahead by 25 point(s),Black is ahead by 24 point(s),Black is ahead by 22 point(s),White is ahead by 25 point(s),B,"White's material = 14. Black's material = 38. Difference = 24, so Black is ahead by 24 point(s).",Chess,Piece Values
"Using standard piece values (pawn=1, knight=3, bishop=3, rook=5, queen=9), what is the total material value of: 4 pawns, 2 knights, 1 bishop, 1 queen?",22,20,23,21,A,Total value = 4×1 + 2×3 + 1×3 + 1×9 = 22.,Chess,Piece Values
"White has 3 pawns, 1 bishop, 1 queen. Black has 1 knight, 2 rooks, 1 queen. Using standard piece values, who has the material advantage and by how many points?",White is ahead by 4 point(s),Black is ahead by 10 point(s),Black is ahead by 5 point(s),Black is ahead by 7 point(s),D,"White's material = 15. Black's material = 22. Difference = 7, so Black is ahead by 7 point(s).",Chess,Piece Values
"White has 8 pawns, 1 knight, 2 rooks, 1 queen. Black has 1 pawn, 1 bishop, 2 rooks, 1 queen. Using standard piece values, who has the material advantage and by how many points?",Black is ahead by 4 point(s),Black is ahead by 5 point(s),White is ahead by 5 point(s),White is ahead by 7 point(s),D,"White's material = 30. Black's material = 23. Difference = 7, so White is ahead by 7 point(s).",Chess,Piece Values
"White has 1 pawn, 1 knight, 2 rooks, 1 queen. Black has 1 pawn, 2 knights, 1 bishop, 1 rook. Using standard piece values, who has the material advantage and by how many points?",White is ahead by 5 point(s),White is ahead by 10 point(s),White is ahead by 8 point(s),White is ahead by 6 point(s),C,"White's material = 23. Black's material = 15. Difference = 8, so White is ahead by 8 point(s).",Chess,Piece Values
"White has 5 pawns, 1 knight. Black has 4 pawns, 1 knight, 2 bishops. Using standard piece values, who has the material advantage and by how many points?",Black is ahead by 3 point(s),Black is ahead by 4 point(s),White is ahead by 3 point(s),Black is ahead by 5 point(s),D,"White's material = 8. Black's material = 13. Difference = 5, so Black is ahead by 5 point(s).",Chess,Piece Values
"Using standard piece values (pawn=1, knight=3, bishop=3, rook=5, queen=9), what is the total material value of: 6 pawns, 2 bishops, 1 rook?",17,13,20,15,A,Total value = 6×1 + 2×3 + 1×5 = 17.,Chess,Piece Values
"White has 4 pawns, 2 knights, 2 bishops, 1 rook, 1 queen. Black has 6 pawns, 2 bishops. Using standard piece values, who has the material advantage and by how many points?",Black is ahead by 16 point(s),Black is ahead by 20 point(s),White is ahead by 18 point(s),White is ahead by 16 point(s),C,"White's material = 30. Black's material = 12. Difference = 18, so White is ahead by 18 point(s).",Chess,Piece Values
"White has 2 knights, 1 bishop, 2 rooks. Black has 5 pawns, 2 knights, 1 rook. Using standard piece values, who has the material advantage and by how many points?",White is ahead by 6 point(s),White is ahead by 3 point(s),Black is ahead by 6 point(s),White is ahead by 1 point(s),B,"White's material = 19. Black's material = 16. Difference = 3, so White is ahead by 3 point(s).",Chess,Piece Values
"Using standard piece values (pawn=1, knight=3, bishop=3, rook=5, queen=9), what is the total material value of: 4 pawns, 1 knight, 1 bishop, 1 rook, 1 queen?",26,24,21,20,B,Total value = 4×1 + 1×3 + 1×3 + 1×5 + 1×9 = 24.,Chess,Piece Values
"In algebraic chess notation, is the square g7 a light or dark square?",dark,light,depends on the piece,cannot be determined,A,"Square g7: file g (position 7) and rank 7. Since their sum has the parity it does, g7 is a dark square.",Chess,Notation
"White has 2 pawns, 2 knights, 1 bishop, 2 rooks. Black has 1 pawn, 1 knight, 2 bishops, 1 rook, 1 queen. Using standard piece values, who has the material advantage and by how many points?",White is ahead by 6 point(s),White is ahead by 1 point(s),Black is ahead by 5 point(s),Black is ahead by 3 point(s),D,"White's material = 21. Black's material = 24. Difference = 3, so Black is ahead by 3 point(s).",Chess,Piece Values
"White has 4 pawns, 2 bishops, 2 rooks. Black has 1 knight, 2 bishops, 1 queen. Using standard piece values, who has the material advantage and by how many points?",White is ahead by 2 point(s),Black is ahead by 1 point(s),Black is ahead by 3 point(s),White is ahead by 4 point(s),A,"White's material = 20. Black's material = 18. Difference = 2, so White is ahead by 2 point(s).",Chess,Piece Values
"White has 8 pawns, 2 bishops, 1 queen. Black has 4 pawns, 1 bishop, 1 queen. Using standard piece values, who has the material advantage and by how many points?",White is ahead by 7 point(s),White is ahead by 6 point(s),White is ahead by 9 point(s),Black is ahead by 5 point(s),A,"White's material = 23. Black's material = 16. Difference = 7, so White is ahead by 7 point(s).",Chess,Piece Values
"Using standard piece values (pawn=1, knight=3, bishop=3, rook=5, queen=9), what is the total material value of: 1 pawn, 2 knights, 1 rook, 1 queen?",21,22,18,19,A,Total value = 1×1 + 2×3 + 1×5 + 1×9 = 21.,Chess,Piece Values
"White has 1 pawn, 2 rooks. Black has 5 pawns, 1 rook. Using standard piece values, who has the material advantage and by how many points?",Black is ahead by 1 point(s),White is ahead by 3 point(s),Black is ahead by 2 point(s),White is ahead by 1 point(s),D,"White's material = 11. Black's material = 10. Difference = 1, so White is ahead by 1 point(s).",Chess,Piece Values
"White has 4 pawns, 1 knight, 1 bishop, 1 rook, 1 queen. Black has 1 pawn, 2 knights, 1 bishop, 2 rooks. Using standard piece values, who has the material advantage and by how many points?",Black is ahead by 3 point(s),Black is ahead by 5 point(s),White is ahead by 3 point(s),White is ahead by 4 point(s),D,"White's material = 24. Black's material = 20. Difference = 4, so White is ahead by 4 point(s).",Chess,Piece Values
"White has 2 pawns, 1 knight, 1 bishop, 2 rooks, 1 queen. Black has 2 pawns, 1 bishop, 2 rooks. Using standard piece values, who has the material advantage and by how many points?",White is ahead by 12 point(s),White is ahead by 13 point(s),White is ahead by 14 point(s),Black is ahead by 9 point(s),A,"White's material = 27. Black's material = 15. Difference = 12, so White is ahead by 12 point(s).",Chess,Piece Values
"White has 2 pawns, 2 knights, 2 rooks. Black has 4 pawns, 1 bishop, 1 rook. Using standard piece values, who has the material advantage and by how many points?",White is ahead by 8 point(s),Black is ahead by 5 point(s),Black is ahead by 8 point(s),White is ahead by 6 point(s),D,"White's material = 18. Black's material = 12. Difference = 6, so White is ahead by 6 point(s).",Chess,Piece Values
"Using standard piece values (pawn=1, knight=3, bishop=3, rook=5, queen=9), what is the total material value of: 7 pawns, 1 knight, 1 bishop, 1 rook?",14,19,17,18,D,Total value = 7×1 + 1×3 + 1×3 + 1×5 = 18.,Chess,Piece Values
"White has 5 pawns, 2 knights, 2 bishops, 1 rook, 1 queen. Black has 4 pawns, 2 bishops, 2 rooks. Using standard piece values, who has the material advantage and by how many points?",White is ahead by 11 point(s),White is ahead by 12 point(s),White is ahead by 9 point(s),White is ahead by 8 point(s),A,"White's material = 31. Black's material = 20. Difference = 11, so White is ahead by 11 point(s).",Chess,Piece Values
"White has 3 pawns, 2 knights, 1 bishop. Black has 4 pawns, 1 knight, 1 rook, 1 queen. Using standard piece values, who has the material advantage and by how many points?",White is ahead by 6 point(s),Black is ahead by 11 point(s),Black is ahead by 9 point(s),Black is ahead by 8 point(s),C,"White's material = 12. Black's material = 21. Difference = 9, so Black is ahead by 9 point(s).",Chess,Piece Values
"White has 3 pawns, 1 bishop, 1 queen. Black has 3 pawns, 2 knights, 2 rooks, 1 queen. Using standard piece values, who has the material advantage and by how many points?",Black is ahead by 16 point(s),Black is ahead by 13 point(s),White is ahead by 14 point(s),White is ahead by 10 point(s),B,"White's material = 15. Black's material = 28. Difference = 13, so Black is ahead by 13 point(s).",Chess,Piece Values
"White has 8 pawns, 1 knight, 2 bishops, 2 rooks. Black has 3 pawns, 2 knights, 2 bishops, 2 rooks, 1 queen. Using standard piece values, who has the material advantage and by how many points?",White is ahead by 10 point(s),Black is ahead by 9 point(s),Black is ahead by 7 point(s),Black is ahead by 8 point(s),C,"White's material = 27. Black's material = 34. Difference = 7, so Black is ahead by 7 point(s).",Chess,Piece Values
"Using standard piece values (pawn=1, knight=3, bishop=3, rook=5, queen=9), what is the total material value of: 3 pawns, 1 bishop, 1 queen?",15,19,12,13,A,Total value = 3×1 + 1×3 + 1×9 = 15.,Chess,Piece Values
"Which term matches this description: ""one of the most popular chess openings, beginning with 1.e4 c5""?",the fifty-move rule,the Sicilian Defence,the Queen's Gambit,the value of a knight,B,"The description matches the Sicilian Defence: one of the most popular chess openings, beginning with 1.e4 c5",Chess,Openings
"Using standard piece values (pawn=1, knight=3, bishop=3, rook=5, queen=9), what is the total material value of: 2 pawns, 2 bishops, 1 rook?",16,13,10,15,B,Total value = 2×1 + 2×3 + 1×5 = 13.,Chess,Piece Values
"Using standard piece values (pawn=1, knight=3, bishop=3, rook=5, queen=9), what is the total material value of: 1 pawn, 2 knights, 1 bishop, 1 rook, 1 queen?",20,24,23,21,B,Total value = 1×1 + 2×3 + 1×3 + 1×5 + 1×9 = 24.,Chess,Piece Values
"Using standard piece values (pawn=1, knight=3, bishop=3, rook=5, queen=9), what is the total material value of: 1 knight, 2 bishops, 1 queen?",21,22,18,14,C,Total value = 1×3 + 2×3 + 1×9 = 18.,Chess,Piece Values
"White has 1 bishop, 1 queen. Black has 1 pawn, 2 knights, 1 bishop, 1 rook, 1 queen. Using standard piece values, who has the material advantage and by how many points?",Black is ahead by 12 point(s),Black is ahead by 9 point(s),White is ahead by 10 point(s),White is ahead by 15 point(s),A,"White's material = 12. Black's material = 24. Difference = 12, so Black is ahead by 12 point(s).",Chess,Piece Values
What is the fifty-move rule?,a rule stating that a player can claim a draw if no capture or pawn move has occurred in the last fifty moves,the initial stage of a chess game focused on piece development and controlling the centre,"the highest title a chess player can attain, awarded by FIDE",generally considered to be worth about 3 points,A,the fifty-move rule is: a rule stating that a player can claim a draw if no capture or pawn move has occurred in the last fifty moves,Chess,Rules
"Which term matches this description: ""a classical chess opening beginning with 1.e4 e5 2.Nf3 Nc6 3.Bb5""?",the knight's movement,a smothered mate,the Ruy López opening,an International Master (IM),C,The description matches the Ruy López opening: a classical chess opening beginning with 1.e4 e5 2.Nf3 Nc6 3.Bb5,Chess,Openings
What is the queen's movement?,"the most powerful piece, able to move any number of squares horizontally, vertically, or diagonally","the rule allowing a pawn that reaches the farthest rank to be promoted to any other piece, usually a queen",a checkmate delivered by a knight where the king is unable to move because it is surrounded by its own pieces,a rule stating that a player can claim a draw if no capture or pawn move has occurred in the last fifty moves,A,"the queen's movement is: the most powerful piece, able to move any number of squares horizontally, vertically, or diagonally",Chess,Piece Movement
"White has 7 pawns, 1 knight, 2 bishops, 2 rooks. Black has 2 bishops, 1 rook. Using standard piece values, who has the material advantage and by how many points?",Black is ahead by 14 point(s),White is ahead by 14 point(s),Black is ahead by 16 point(s),White is ahead by 15 point(s),D,"White's material = 26. Black's material = 11. Difference = 15, so White is ahead by 15 point(s).",Chess,Piece Values
"Which term matches this description: ""a piece that moves in an L-shape: two squares in one direction and then one square perpendicular""?",castling,the knight's movement,the opening phase of a game,the King's Indian Defence,B,The description matches the knight's movement: a piece that moves in an L-shape: two squares in one direction and then one square perpendicular,Chess,Piece Movement
"Using standard piece values (pawn=1, knight=3, bishop=3, rook=5, queen=9), what is the total material value of: 1 knight, 1 queen?",12,13,14,10,A,Total value = 1×3 + 1×9 = 12.,Chess,Piece Values
What is the Italian Game?,a chess opening beginning with 1.e4 e5 2.Nf3 Nc6 3.Bc4,"the rule allowing a pawn that reaches the farthest rank to be promoted to any other piece, usually a queen",a classical chess opening beginning with 1.e4 e5 2.Nf3 Nc6 3.Bb5,a chess opening beginning with 1.e4 e6,A,the Italian Game is: a chess opening beginning with 1.e4 e5 2.Nf3 Nc6 3.Bc4,Chess,Openings
"White has 2 pawns, 2 knights, 2 bishops, 2 rooks, 1 queen. Black has 7 pawns, 1 knight, 2 bishops, 2 rooks, 1 queen. Using standard piece values, who has the material advantage and by how many points?",Black is ahead by 2 point(s),Black is ahead by 5 point(s),White is ahead by 1 point(s),Black is ahead by 1 point(s),A,"White's material = 33. Black's material = 35. Difference = 2, so Black is ahead by 2 point(s).",Chess,Piece Values
"White has no pieces. Black has 7 pawns, 1 knight, 1 rook. Using standard piece values, who has the material advantage and by how many points?",Black is ahead by 17 point(s),Black is ahead by 15 point(s),White is ahead by 16 point(s),Black is ahead by 12 point(s),B,"White's material = 0. Black's material = 15. Difference = 15, so Black is ahead by 15 point(s).",Chess,Piece Values
"Using standard piece values (pawn=1, knight=3, bishop=3, rook=5, queen=9), what is the total material value of: 7 pawns, 2 knights, 2 bishops, 1 rook, 1 queen?",31,35,33,30,C,Total value = 7×1 + 2×3 + 2×3 + 1×5 + 1×9 = 33.,Chess,Piece Values
"White has 2 pawns, 2 knights, 1 bishop, 1 rook. Black has 6 pawns, 1 knight, 1 rook. Using standard piece values, who has the material advantage and by how many points?",White is ahead by 3 point(s),Black is ahead by 3 point(s),White is ahead by 2 point(s),Black is ahead by 1 point(s),C,"White's material = 16. Black's material = 14. Difference = 2, so White is ahead by 2 point(s).",Chess,Piece Values
Which statement correctly describes Anatoly Karpov?,a Soviet/Russian chess Grandmaster who was World Chess Champion in the 1970s and 1980s,a former World Chess Champion widely regarded as one of the greatest players in chess history,the standard method of recording chess moves using letters (a-h) for files and numbers (1-8) for ranks,"16 pieces: 8 pawns, 2 rooks, 2 knights, 2 bishops, 1 queen, and 1 king",A,"By definition, Anatoly Karpov is: a Soviet/Russian chess Grandmaster who was World Chess Champion in the 1970s and 1980s",Chess,Players
"Using standard piece values (pawn=1, knight=3, bishop=3, rook=5, queen=9), what is the total material value of: 8 pawns, 2 bishops, 1 queen?",19,23,25,21,B,Total value = 8×1 + 2×3 + 1×9 = 23.,Chess,Piece Values
"White has 8 pawns, 1 knight, 2 bishops. Black has 2 pawns, 2 bishops, 1 rook, 1 queen. Using standard piece values, who has the material advantage and by how many points?",White is ahead by 7 point(s),Black is ahead by 5 point(s),White is ahead by 4 point(s),Black is ahead by 6 point(s),B,"White's material = 17. Black's material = 22. Difference = 5, so Black is ahead by 5 point(s).",Chess,Piece Values
"White has 6 pawns, 1 knight, 2 bishops, 2 rooks. Black has 7 pawns, 2 knights, 2 bishops. Using standard piece values, who has the material advantage and by how many points?",White is ahead by 7 point(s),White is ahead by 9 point(s),White is ahead by 6 point(s),White is ahead by 8 point(s),C,"White's material = 25. Black's material = 19. Difference = 6, so White is ahead by 6 point(s).",Chess,Piece Values
"White has 7 pawns, 2 knights, 2 rooks, 1 queen. Black has 6 pawns, 1 knight, 1 bishop. Using standard piece values, who has the material advantage and by how many points?",White is ahead by 18 point(s),Black is ahead by 23 point(s),Black is ahead by 18 point(s),White is ahead by 20 point(s),D,"White's material = 32. Black's material = 12. Difference = 20, so White is ahead by 20 point(s).",Chess,Piece Values
"White has 8 pawns, 1 knight, 1 bishop, 1 rook, 1 queen. Black has 1 knight, 1 bishop, 1 rook. Using standard piece values, who has the material advantage and by how many points?",White is ahead by 16 point(s),White is ahead by 17 point(s),Black is ahead by 19 point(s),White is ahead by 14 point(s),B,"White's material = 28. Black's material = 11. Difference = 17, so White is ahead by 17 point(s).",Chess,Piece Values
"Using standard piece values (pawn=1, knight=3, bishop=3, rook=5, queen=9), what is the total material value of: 3 pawns, 1 knight, 2 bishops, 2 rooks?",24,21,25,22,D,Total value = 3×1 + 1×3 + 2×3 + 2×5 = 22.,Chess,Piece Values
"White has 1 bishop, 2 rooks, 1 queen. Black has 6 pawns, 1 knight, 1 bishop. Using standard piece values, who has the material advantage and by how many points?",White is ahead by 10 point(s),Black is ahead by 8 point(s),White is ahead by 8 point(s),Black is ahead by 9 point(s),A,"White's material = 22. Black's material = 12. Difference = 10, so White is ahead by 10 point(s).",Chess,Piece Values
"Using standard piece values (pawn=1, knight=3, bishop=3, rook=5, queen=9), what is the total material value of: 5 pawns, 2 knights, 1 bishop, 1 rook?",15,18,23,19,D,Total value = 5×1 + 2×3 + 1×3 + 1×5 = 19.,Chess,Piece Values
Which statement correctly describes threefold repetition?,a piece that moves horizontally or vertically any number of squares,a rule allowing a draw to be claimed if the same position occurs three times with the same player to move,the initial stage of a chess game focused on piece development and controlling the centre,"generally considered to be worth about 3 points, similar to a knight",B,"By definition, threefold repetition is: a rule allowing a draw to be claimed if the same position occurs three times with the same player to move",Chess,Rules
"Using standard piece values (pawn=1, knight=3, bishop=3, rook=5, queen=9), what is the total material value of: 5 pawns, 1 knight, 1 bishop, 1 rook?",19,17,16,15,C,Total value = 5×1 + 1×3 + 1×3 + 1×5 = 16.,Chess,Piece Values
"White has 2 pawns, 2 rooks. Black has 3 pawns, 1 knight, 2 bishops, 2 rooks, 1 queen. Using standard piece values, who has the material advantage and by how many points?",Black is ahead by 18 point(s),Black is ahead by 19 point(s),Black is ahead by 22 point(s),White is ahead by 20 point(s),B,"White's material = 12. Black's material = 31. Difference = 19, so Black is ahead by 19 point(s).",Chess,Piece Values
"White has 2 knights, 1 bishop, 1 rook, 1 queen. Black has 2 knights. Using standard piece values, who has the material advantage and by how many points?",White is ahead by 17 point(s),White is ahead by 14 point(s),Black is ahead by 14 point(s),White is ahead by 15 point(s),A,"White's material = 23. Black's material = 6. Difference = 17, so White is ahead by 17 point(s).",Chess,Piece Values
"White has 1 pawn, 2 bishops, 1 queen. Black has 3 pawns, 2 bishops. Using standard piece values, who has the material advantage and by how many points?",Black is ahead by 5 point(s),Black is ahead by 4 point(s),White is ahead by 9 point(s),White is ahead by 7 point(s),D,"White's material = 16. Black's material = 9. Difference = 7, so White is ahead by 7 point(s).",Chess,Piece Values
"Using standard piece values (pawn=1, knight=3, bishop=3, rook=5, queen=9), what is the total material value of: 7 pawns, 2 knights, 1 bishop, 2 rooks?",26,27,23,25,A,Total value = 7×1 + 2×3 + 1×3 + 2×5 = 26.,Chess,Piece Values
"White has 1 bishop, 1 queen. Black has 6 pawns, 1 knight, 2 bishops, 1 rook, 1 queen. Using standard piece values, who has the material advantage and by how many points?",Black is ahead by 15 point(s),Black is ahead by 17 point(s),Black is ahead by 18 point(s),White is ahead by 16 point(s),B,"White's material = 12. Black's material = 29. Difference = 17, so Black is ahead by 17 point(s).",Chess,Piece Values
"White has 4 pawns, 2 knights, 1 rook. Black has 7 pawns, 1 knight, 1 bishop. Using standard piece values, who has the material advantage and by how many points?",White is ahead by 4 point(s),Black is ahead by 1 point(s),White is ahead by 3 point(s),White is ahead by 2 point(s),D,"White's material = 15. Black's material = 13. Difference = 2, so White is ahead by 2 point(s).",Chess,Piece Values
"Which term matches this description: ""a Soviet/Russian chess Grandmaster who was World Chess Champion in the 1970s and 1980s""?",an International Master (IM),the value of a pawn,a skewer,Anatoly Karpov,D,The description matches Anatoly Karpov: a Soviet/Russian chess Grandmaster who was World Chess Champion in the 1970s and 1980s,Chess,Players
"Using standard piece values (pawn=1, knight=3, bishop=3, rook=5, queen=9), what is the total material value of: 1 pawn, 2 bishops, 1 rook, 1 queen?",24,17,22,21,D,Total value = 1×1 + 2×3 + 1×5 + 1×9 = 21.,Chess,Piece Values
"White has 1 pawn, 1 knight. Black has 1 knight, 2 rooks. Using standard piece values, who has the material advantage and by how many points?",Black is ahead by 6 point(s),Black is ahead by 9 point(s),White is ahead by 12 point(s),White is ahead by 11 point(s),B,"White's material = 4. Black's material = 13. Difference = 9, so Black is ahead by 9 point(s).",Chess,Piece Values
"Which term matches this description: ""the Fédération Internationale des Échecs, the international governing body of chess""?",the opening phase of a game,the FIDE,the Italian Game,the Elo rating system,B,"The description matches the FIDE: the Fédération Internationale des Échecs, the international governing body of chess",Chess,Organisations
"White has 2 pawns, 2 knights, 2 bishops. Black has 4 pawns, 1 queen. Using standard piece values, who has the material advantage and by how many points?",White is ahead by 2 point(s),White is ahead by 4 point(s),Black is ahead by 1 point(s),White is ahead by 1 point(s),D,"White's material = 14. Black's material = 13. Difference = 1, so White is ahead by 1 point(s).",Chess,Piece Values
"White has 3 pawns, 1 knight, 1 bishop, 1 queen. Black has 2 pawns, 1 bishop, 1 queen. Using standard piece values, who has the material advantage and by how many points?",White is ahead by 2 point(s),White is ahead by 4 point(s),Black is ahead by 1 point(s),White is ahead by 1 point(s),B,"White's material = 18. Black's material = 14. Difference = 4, so White is ahead by 4 point(s).",Chess,Piece Values
"Fill in the blank: ______ refers to ""a tactic similar to a pin, where a valuable piece is attacked and forced to move, exposing a less valuable piece behind it"".",a skewer,a pin,a smothered mate,zugzwang,A,"a skewer refers to: a tactic similar to a pin, where a valuable piece is attacked and forced to move, exposing a less valuable piece behind it",Chess,Tactics
What is the Elo rating system?,generally considered to be worth about 3 points,"a position where a player has no legal move but their king is not in check, resulting in a draw","the rule allowing a pawn that reaches the farthest rank to be promoted to any other piece, usually a queen","a method for calculating the relative skill levels of chess players, developed by Arpad Elo",D,"the Elo rating system is: a method for calculating the relative skill levels of chess players, developed by Arpad Elo",Chess,Rating System
"White has 7 pawns, 1 knight, 1 bishop, 2 rooks. Black has 4 pawns, 1 knight, 2 bishops. Using standard piece values, who has the material advantage and by how many points?",White is ahead by 7 point(s),Black is ahead by 13 point(s),White is ahead by 11 point(s),White is ahead by 10 point(s),D,"White's material = 23. Black's material = 13. Difference = 10, so White is ahead by 10 point(s).",Chess,Piece Values
"Using standard piece values (pawn=1, knight=3, bishop=3, rook=5, queen=9), what is the total material value of: 1 pawn, 1 bishop, 1 queen?",9,17,10,13,D,Total value = 1×1 + 1×3 + 1×9 = 13.,Chess,Piece Values
"White has 2 pawns, 2 knights, 1 bishop, 2 rooks. Black has 8 pawns, 1 knight, 2 bishops, 1 queen. Using standard piece values, who has the material advantage and by how many points?",Black is ahead by 7 point(s),Black is ahead by 5 point(s),White is ahead by 8 point(s),Black is ahead by 8 point(s),B,"White's material = 21. Black's material = 26. Difference = 5, so Black is ahead by 5 point(s).",Chess,Piece Values
"White has 1 knight, 2 rooks. Black has 5 pawns, 1 knight. Using standard piece values, who has the material advantage and by how many points?",Black is ahead by 8 point(s),White is ahead by 3 point(s),White is ahead by 5 point(s),White is ahead by 2 point(s),C,"White's material = 13. Black's material = 8. Difference = 5, so White is ahead by 5 point(s).",Chess,Piece Values
"Using standard piece values (pawn=1, knight=3, bishop=3, rook=5, queen=9), what is the total material value of: 5 pawns, 1 bishop, 1 rook?",13,17,10,14,A,Total value = 5×1 + 1×3 + 1×5 = 13.,Chess,Piece Values
"White has 2 pawns, 1 knight, 1 rook. Black has 5 pawns, 1 knight, 1 rook. Using standard piece values, who has the material advantage and by how many points?",Black is ahead by 3 point(s),White is ahead by 1 point(s),White is ahead by 2 point(s),White is ahead by 5 point(s),A,"White's material = 10. Black's material = 13. Difference = 3, so Black is ahead by 3 point(s).",Chess,Piece Values
"Using standard piece values (pawn=1, knight=3, bishop=3, rook=5, queen=9), what is the total material value of: 8 pawns, 1 knight, 1 bishop?",12,14,16,18,B,Total value = 8×1 + 1×3 + 1×3 = 14.,Chess,Piece Values
"White has 1 pawn, 1 knight, 1 bishop, 1 queen. Black has 2 pawns, 2 knights, 2 bishops, 1 rook. Using standard piece values, who has the material advantage and by how many points?",Black is ahead by 5 point(s),Black is ahead by 4 point(s),White is ahead by 1 point(s),Black is ahead by 3 point(s),D,"White's material = 16. Black's material = 19. Difference = 3, so Black is ahead by 3 point(s).",Chess,Piece Values
"White has 8 pawns, 2 knights. Black has 5 pawns, 2 knights, 1 bishop, 1 rook. Using standard piece values, who has the material advantage and by how many points?",White is ahead by 3 point(s),Black is ahead by 5 point(s),White is ahead by 7 point(s),White is ahead by 4 point(s),B,"White's material = 14. Black's material = 19. Difference = 5, so Black is ahead by 5 point(s).",Chess,Piece Values
"Using standard piece values (pawn=1, knight=3, bishop=3, rook=5, queen=9), what is the total material value of: 3 pawns?",5,0,1,3,D,Total value = 3×1 = 3.,Chess,Piece Values
"White has 3 pawns, 2 knights, 2 bishops, 1 rook. Black has 1 knight, 2 bishops, 1 queen. Using standard piece values, who has the material advantage and by how many points?",White is ahead by 2 point(s),Black is ahead by 1 point(s),Black is ahead by 3 point(s),Black is ahead by 4 point(s),A,"White's material = 20. Black's material = 18. Difference = 2, so White is ahead by 2 point(s).",Chess,Piece Values
"White has 3 pawns, 2 knights. Black has 2 rooks. Using standard piece values, who has the material advantage and by how many points?",Black is ahead by 1 point(s),White is ahead by 4 point(s),White is ahead by 1 point(s),White is ahead by 2 point(s),A,"White's material = 9. Black's material = 10. Difference = 1, so Black is ahead by 1 point(s).",Chess,Piece Values
"White has 1 knight, 2 rooks. Black has 8 pawns, 1 bishop. Using standard piece values, who has the material advantage and by how many points?",White is ahead by 1 point(s),Black is ahead by 1 point(s),White is ahead by 3 point(s),White is ahead by 2 point(s),D,"White's material = 13. Black's material = 11. Difference = 2, so White is ahead by 2 point(s).",Chess,Piece Values
"White has 3 pawns, 1 knight, 2 rooks. Black has 2 knights, 1 bishop. Using standard piece values, who has the material advantage and by how many points?",White is ahead by 7 point(s),Black is ahead by 6 point(s),Black is ahead by 9 point(s),White is ahead by 5 point(s),A,"White's material = 16. Black's material = 9. Difference = 7, so White is ahead by 7 point(s).",Chess,Piece Values
"White has 3 pawns, 2 knights, 1 bishop. Black has 5 pawns, 2 knights, 2 bishops. Using standard piece values, who has the material advantage and by how many points?",Black is ahead by 2 point(s),Black is ahead by 7 point(s),Black is ahead by 5 point(s),White is ahead by 8 point(s),C,"White's material = 12. Black's material = 17. Difference = 5, so Black is ahead by 5 point(s).",Chess,Piece Values
"Using standard piece values (pawn=1, knight=3, bishop=3, rook=5, queen=9), what is the total material value of: 1 pawn, 1 rook?",8,9,5,6,D,Total value = 1×1 + 1×5 = 6.,Chess,Piece Values
"Which term matches this description: ""generally considered to be worth about 5 points""?",Magnus Carlsen,the Elo rating system,threefold repetition,the value of a rook,D,The description matches the value of a rook: generally considered to be worth about 5 points,Chess,Piece Values
"In algebraic chess notation, is the square g2 a light or dark square?",dark,cannot be determined,light,depends on the piece,C,"Square g2: file g (position 7) and rank 2. Since their sum has the parity it does, g2 is a light square.",Chess,Notation
"Using standard piece values (pawn=1, knight=3, bishop=3, rook=5, queen=9), what is the total material value of: 7 pawns, 1 knight?",6,12,10,8,C,Total value = 7×1 + 1×3 = 10.,Chess,Piece Values
"Using standard piece values (pawn=1, knight=3, bishop=3, rook=5, queen=9), what is the total material value of: 2 pawns, 2 knights, 1 queen?",17,21,14,20,A,Total value = 2×1 + 2×3 + 1×9 = 17.,Chess,Piece Values
"Using standard piece values (pawn=1, knight=3, bishop=3, rook=5, queen=9), what is the total material value of: 7 pawns, 2 knights, 1 bishop, 1 rook?",17,24,21,23,C,Total value = 7×1 + 2×3 + 1×3 + 1×5 = 21.,Chess,Piece Values
"Using standard piece values (pawn=1, knight=3, bishop=3, rook=5, queen=9), what is the total material value of: 3 pawns, 2 bishops, 2 rooks, 1 queen?",31,29,28,25,C,Total value = 3×1 + 2×3 + 2×5 + 1×9 = 28.,Chess,Piece Values
"White has 4 pawns, 2 bishops, 2 rooks. Black has 8 pawns, 2 knights, 1 bishop, 1 rook, 1 queen. Using standard piece values, who has the material advantage and by how many points?",Black is ahead by 13 point(s),Black is ahead by 11 point(s),White is ahead by 8 point(s),Black is ahead by 12 point(s),B,"White's material = 20. Black's material = 31. Difference = 11, so Black is ahead by 11 point(s).",Chess,Piece Values
"White has 4 pawns, 1 knight, 1 bishop, 1 queen. Black has 2 bishops, 1 rook, 1 queen. Using standard piece values, who has the material advantage and by how many points?",Black is ahead by 1 point(s),Black is ahead by 4 point(s),White is ahead by 1 point(s),Black is ahead by 2 point(s),A,"White's material = 19. Black's material = 20. Difference = 1, so Black is ahead by 1 point(s).",Chess,Piece Values
"White has 4 pawns, 1 knight, 2 bishops, 2 rooks. Black has 3 pawns, 1 knight. Using standard piece values, who has the material advantage and by how many points?",White is ahead by 17 point(s),Black is ahead by 19 point(s),Black is ahead by 16 point(s),Black is ahead by 14 point(s),A,"White's material = 23. Black's material = 6. Difference = 17, so White is ahead by 17 point(s).",Chess,Piece Values
"White has 1 pawn, 1 knight, 2 bishops, 1 queen. Black has 7 pawns, 2 knights, 1 bishop, 2 rooks. Using standard piece values, who has the material advantage and by how many points?",Black is ahead by 7 point(s),White is ahead by 4 point(s),Black is ahead by 6 point(s),White is ahead by 10 point(s),A,"White's material = 19. Black's material = 26. Difference = 7, so Black is ahead by 7 point(s).",Chess,Piece Values
"White has 6 pawns, 1 rook. Black has 5 pawns, 2 knights, 1 bishop, 2 rooks, 1 queen. Using standard piece values, who has the material advantage and by how many points?",White is ahead by 21 point(s),Black is ahead by 22 point(s),Black is ahead by 21 point(s),Black is ahead by 20 point(s),B,"White's material = 11. Black's material = 33. Difference = 22, so Black is ahead by 22 point(s).",Chess,Piece Values
"White has 3 pawns, 2 bishops, 1 rook, 1 queen. Black has 3 pawns, 2 bishops. Using standard piece values, who has the material advantage and by how many points?",White is ahead by 14 point(s),White is ahead by 11 point(s),Black is ahead by 12 point(s),White is ahead by 16 point(s),A,"White's material = 23. Black's material = 9. Difference = 14, so White is ahead by 14 point(s).",Chess,Piece Values
"White has 1 pawn, 2 knights, 2 rooks. Black has 2 pawns, 1 knight, 1 rook, 1 queen. Using standard piece values, who has the material advantage and by how many points?",White is ahead by 1 point(s),Black is ahead by 2 point(s),Black is ahead by 1 point(s),White is ahead by 3 point(s),B,"White's material = 17. Black's material = 19. Difference = 2, so Black is ahead by 2 point(s).",Chess,Piece Values
"White has 8 pawns, 1 bishop, 1 queen. Black has 5 pawns, 1 knight, 1 queen. Using standard piece values, who has the material advantage and by how many points?",White is ahead by 3 point(s),Black is ahead by 1 point(s),White is ahead by 5 point(s),White is ahead by 2 point(s),A,"White's material = 20. Black's material = 17. Difference = 3, so White is ahead by 3 point(s).",Chess,Piece Values
"Using standard piece values (pawn=1, knight=3, bishop=3, rook=5, queen=9), what is the total material value of: 3 pawns, 2 bishops, 2 rooks?",19,17,18,23,A,Total value = 3×1 + 2×3 + 2×5 = 19.,Chess,Piece Values
"White has 1 pawn, 1 knight, 2 rooks, 1 queen. Black has 6 pawns, 2 knights. Using standard piece values, who has the material advantage and by how many points?",White is ahead by 8 point(s),Black is ahead by 9 point(s),White is ahead by 11 point(s),Black is ahead by 8 point(s),C,"White's material = 23. Black's material = 12. Difference = 11, so White is ahead by 11 point(s).",Chess,Piece Values
"Using standard piece values (pawn=1, knight=3, bishop=3, rook=5, queen=9), what is the total material value of: 3 pawns, 1 knight, 1 bishop, 1 rook?",14,10,17,18,A,Total value = 3×1 + 1×3 + 1×3 + 1×5 = 14.,Chess,Piece Values
"Which term matches this description: ""the initial stage of a chess game focused on piece development and controlling the centre""?",the value of a pawn,the opening phase of a game,an International Master (IM),threefold repetition,B,The description matches the opening phase of a game: the initial stage of a chess game focused on piece development and controlling the centre,Chess,Game Phases
Which statement correctly describes a discovered attack?,"a tactic similar to a pin, where a valuable piece is attacked and forced to move, exposing a less valuable piece behind it",a checkmate delivered by a knight where the king is unable to move because it is surrounded by its own pieces,a tactic where one piece attacks two or more enemy pieces simultaneously,a tactic where moving one piece reveals an attack from another piece behind it,D,"By definition, a discovered attack is: a tactic where moving one piece reveals an attack from another piece behind it",Chess,Tactics
"Using standard piece values (pawn=1, knight=3, bishop=3, rook=5, queen=9), what is the total material value of: 1 pawn, 1 bishop, 2 rooks, 1 queen?",24,23,20,19,B,Total value = 1×1 + 1×3 + 2×5 + 1×9 = 23.,Chess,Piece Values
"White has 1 pawn, 1 queen. Black has 2 knights, 2 bishops, 2 rooks. Using standard piece values, who has the material advantage and by how many points?",Black is ahead by 12 point(s),Black is ahead by 11 point(s),White is ahead by 13 point(s),Black is ahead by 14 point(s),A,"White's material = 10. Black's material = 22. Difference = 12, so Black is ahead by 12 point(s).",Chess,Piece Values
"White has 1 pawn, 1 knight, 1 rook. Black has 7 pawns, 1 knight, 1 bishop, 1 queen. Using standard piece values, who has the material advantage and by how many points?",Black is ahead by 15 point(s),White is ahead by 10 point(s),White is ahead by 11 point(s),Black is ahead by 13 point(s),D,"White's material = 9. Black's material = 22. Difference = 13, so Black is ahead by 13 point(s).",Chess,Piece Values
"In algebraic chess notation, is the square d3 a light or dark square?",light,depends on the piece,dark,cannot be determined,A,"Square d3: file d (position 4) and rank 3. Since their sum has the parity it does, d3 is a light square.",Chess,Notation
"In algebraic chess notation, is the square b3 a light or dark square?",cannot be determined,dark,depends on the piece,light,D,"Square b3: file b (position 2) and rank 3. Since their sum has the parity it does, b3 is a light square.",Chess,Notation
"Using standard piece values (pawn=1, knight=3, bishop=3, rook=5, queen=9), what is the total material value of: 4 pawns, 1 bishop, 2 rooks, 1 queen?",22,25,26,24,C,Total value = 4×1 + 1×3 + 2×5 + 1×9 = 26.,Chess,Piece Values
"White has 1 knight, 2 bishops, 1 queen. Black has 2 pawns, 2 knights, 1 queen. Using standard piece values, who has the material advantage and by how many points?",White is ahead by 1 point(s),Black is ahead by 1 point(s),Black is ahead by 4 point(s),Black is ahead by 3 point(s),A,"White's material = 18. Black's material = 17. Difference = 1, so White is ahead by 1 point(s).",Chess,Piece Values
"White has 2 pawns, 2 knights, 2 bishops. Black has 1 pawn, 2 rooks, 1 queen. Using standard piece values, who has the material advantage and by how many points?",White is ahead by 9 point(s),Black is ahead by 6 point(s),Black is ahead by 9 point(s),Black is ahead by 4 point(s),B,"White's material = 14. Black's material = 20. Difference = 6, so Black is ahead by 6 point(s).",Chess,Piece Values
"Using standard piece values (pawn=1, knight=3, bishop=3, rook=5, queen=9), what is the total material value of: 1 knight, 2 bishops, 1 rook?",14,11,17,12,A,Total value = 1×3 + 2×3 + 1×5 = 14.,Chess,Piece Values
"White has 7 pawns, 2 bishops, 1 rook, 1 queen. Black has 1 pawn, 1 rook. Using standard piece values, who has the material advantage and by how many points?",White is ahead by 21 point(s),White is ahead by 22 point(s),Black is ahead by 22 point(s),White is ahead by 18 point(s),A,"White's material = 27. Black's material = 6. Difference = 21, so White is ahead by 21 point(s).",Chess,Piece Values
"Using standard piece values (pawn=1, knight=3, bishop=3, rook=5, queen=9), what is the total material value of: 2 pawns, 2 bishops, 2 rooks?",22,19,14,18,D,Total value = 2×1 + 2×3 + 2×5 = 18.,Chess,Piece Values
"White has 7 pawns, 1 knight, 2 bishops. Black has 8 pawns, 1 knight, 2 rooks. Using standard piece values, who has the material advantage and by how many points?",Black is ahead by 2 point(s),Black is ahead by 5 point(s),White is ahead by 3 point(s),Black is ahead by 7 point(s),B,"White's material = 16. Black's material = 21. Difference = 5, so Black is ahead by 5 point(s).",Chess,Piece Values
"White has 5 pawns, 2 knights, 2 rooks. Black has 7 pawns, 2 knights, 2 bishops, 1 rook. Using standard piece values, who has the material advantage and by how many points?",Black is ahead by 2 point(s),White is ahead by 6 point(s),Black is ahead by 3 point(s),Black is ahead by 1 point(s),C,"White's material = 21. Black's material = 24. Difference = 3, so Black is ahead by 3 point(s).",Chess,Piece Values
"White has 2 pawns, 1 bishop, 2 rooks, 1 queen. Black has 6 pawns, 2 knights, 2 bishops, 2 rooks, 1 queen. Using standard piece values, who has the material advantage and by how many points?",White is ahead by 14 point(s),White is ahead by 15 point(s),White is ahead by 11 point(s),Black is ahead by 13 point(s),D,"White's material = 24. Black's material = 37. Difference = 13, so Black is ahead by 13 point(s).",Chess,Piece Values
What is the number of pieces each player starts with?,a chess opening beginning with 1.e4 e6,"16 pieces: 8 pawns, 2 rooks, 2 knights, 2 bishops, 1 queen, and 1 king",a special pawn capture that can occur when a pawn moves two squares from its starting position and lands beside an opposing pawn,the standard method of recording chess moves using letters (a-h) for files and numbers (1-8) for ranks,B,"the number of pieces each player starts with is: 16 pieces: 8 pawns, 2 rooks, 2 knights, 2 bishops, 1 queen, and 1 king",Chess,Board Basics
"Using standard piece values (pawn=1, knight=3, bishop=3, rook=5, queen=9), what is the total material value of: 1 knight, 2 rooks?",16,11,13,17,C,Total value = 1×3 + 2×5 = 13.,Chess,Piece Values
"Using standard piece values (pawn=1, knight=3, bishop=3, rook=5, queen=9), what is the total material value of: 1 pawn, 2 knights, 2 bishops, 2 rooks, 1 queen?",34,30,32,36,C,Total value = 1×1 + 2×3 + 2×3 + 2×5 + 1×9 = 32.,Chess,Piece Values
"White has 3 pawns, 2 rooks. Black has 6 pawns, 2 knights, 1 bishop, 1 rook, 1 queen. Using standard piece values, who has the material advantage and by how many points?",Black is ahead by 16 point(s),Black is ahead by 13 point(s),White is ahead by 17 point(s),Black is ahead by 15 point(s),A,"White's material = 13. Black's material = 29. Difference = 16, so Black is ahead by 16 point(s).",Chess,Piece Values
"Fill in the blank: ______ refers to ""the highest title a chess player can attain, awarded by FIDE"".",the middlegame,castling,the knight's movement,a Grandmaster (GM),D,"a Grandmaster (GM) refers to: the highest title a chess player can attain, awarded by FIDE",Chess,Titles
Which statement correctly describes stalemate?,"a position where a player has no legal move but their king is not in check, resulting in a draw",a special pawn capture that can occur when a pawn moves two squares from its starting position and lands beside an opposing pawn,"generally considered to be worth about 3 points, similar to a knight",a tactic where one piece attacks two or more enemy pieces simultaneously,A,"By definition, stalemate is: a position where a player has no legal move but their king is not in check, resulting in a draw",Chess,Rules
"White has 2 pawns, 1 rook. Black has 3 pawns, 2 knights, 1 rook. Using standard piece values, who has the material advantage and by how many points?",Black is ahead by 4 point(s),Black is ahead by 7 point(s),Black is ahead by 5 point(s),Black is ahead by 9 point(s),B,"White's material = 7. Black's material = 14. Difference = 7, so Black is ahead by 7 point(s).",Chess,Piece Values
"White has 2 pawns, 2 bishops, 1 queen. Black has 6 pawns, 1 bishop, 2 rooks, 1 queen. Using standard piece values, who has the material advantage and by how many points?",White is ahead by 14 point(s),Black is ahead by 11 point(s),White is ahead by 9 point(s),White is ahead by 12 point(s),B,"White's material = 17. Black's material = 28. Difference = 11, so Black is ahead by 11 point(s).",Chess,Piece Values
"Fill in the blank: ______ refers to ""the most powerful piece, able to move any number of squares horizontally, vertically, or diagonally"".",zugzwang,the value of a rook,Viswanathan Anand,the queen's movement,D,"the queen's movement refers to: the most powerful piece, able to move any number of squares horizontally, vertically, or diagonally",Chess,Piece Movement
"White has 4 pawns, 1 knight, 1 bishop, 2 rooks. Black has 1 pawn, 1 knight, 2 rooks, 1 queen. Using standard piece values, who has the material advantage and by how many points?",Black is ahead by 6 point(s),White is ahead by 5 point(s),White is ahead by 1 point(s),Black is ahead by 3 point(s),D,"White's material = 20. Black's material = 23. Difference = 3, so Black is ahead by 3 point(s).",Chess,Piece Values
"White has 4 pawns, 1 bishop, 2 rooks, 1 queen. Black has 5 pawns, 2 bishops, 1 queen. Using standard piece values, who has the material advantage and by how many points?",White is ahead by 9 point(s),White is ahead by 8 point(s),Black is ahead by 8 point(s),White is ahead by 6 point(s),D,"White's material = 26. Black's material = 20. Difference = 6, so White is ahead by 6 point(s).",Chess,Piece Values
"White has 8 pawns, 1 bishop. Black has 4 pawns, 1 rook. Using standard piece values, who has the material advantage and by how many points?",White is ahead by 1 point(s),White is ahead by 3 point(s),White is ahead by 2 point(s),White is ahead by 5 point(s),C,"White's material = 11. Black's material = 9. Difference = 2, so White is ahead by 2 point(s).",Chess,Piece Values
"White has 6 pawns, 2 bishops, 2 rooks. Black has 2 pawns, 1 bishop. Using standard piece values, who has the material advantage and by how many points?",Black is ahead by 15 point(s),Black is ahead by 14 point(s),White is ahead by 20 point(s),White is ahead by 17 point(s),D,"White's material = 22. Black's material = 5. Difference = 17, so White is ahead by 17 point(s).",Chess,Piece Values
"White has 6 pawns, 1 knight, 2 rooks. Black has 6 pawns, 1 knight, 2 bishops, 1 queen. Using standard piece values, who has the material advantage and by how many points?",White is ahead by 7 point(s),White is ahead by 6 point(s),White is ahead by 2 point(s),Black is ahead by 5 point(s),D,"White's material = 19. Black's material = 24. Difference = 5, so Black is ahead by 5 point(s).",Chess,Piece Values
"White has 4 pawns, 2 bishops, 1 rook, 1 queen. Black has 8 pawns, 1 bishop, 1 rook, 1 queen. Using standard piece values, who has the material advantage and by how many points?",White is ahead by 1 point(s),Black is ahead by 2 point(s),Black is ahead by 1 point(s),White is ahead by 2 point(s),C,"White's material = 24. Black's material = 25. Difference = 1, so Black is ahead by 1 point(s).",Chess,Piece Values
"White has 7 pawns, 2 knights, 2 bishops. Black has 8 pawns, 1 rook, 1 queen. Using standard piece values, who has the material advantage and by how many points?",Black is ahead by 2 point(s),White is ahead by 2 point(s),White is ahead by 1 point(s),Black is ahead by 3 point(s),D,"White's material = 19. Black's material = 22. Difference = 3, so Black is ahead by 3 point(s).",Chess,Piece Values
"Using standard piece values (pawn=1, knight=3, bishop=3, rook=5, queen=9), what is the total material value of: 4 pawns, 2 knights, 1 bishop, 1 rook, 1 queen?",27,31,23,29,A,Total value = 4×1 + 2×3 + 1×3 + 1×5 + 1×9 = 27.,Chess,Piece Values
"Using standard piece values (pawn=1, knight=3, bishop=3, rook=5, queen=9), what is the total material value of: 3 pawns, 1 knight, 1 bishop, 1 queen?",18,17,20,19,A,Total value = 3×1 + 1×3 + 1×3 + 1×9 = 18.,Chess,Piece Values
What is the bishop's movement?,"a special move involving the king and a rook, allowing the king to move two squares toward the rook",a piece that moves diagonally any number of squares,"a chess opening where White offers a pawn to gain central control, beginning with 1.d4 d5 2.c4","a piece that can move one square in any direction, but cannot move into check",B,the bishop's movement is: a piece that moves diagonally any number of squares,Chess,Piece Movement
"White has 3 pawns, 2 knights, 1 bishop, 1 rook, 1 queen. Black has 1 pawn, 2 knights, 2 bishops, 1 rook, 1 queen. Using standard piece values, who has the material advantage and by how many points?",Black is ahead by 1 point(s),Black is ahead by 2 point(s),White is ahead by 4 point(s),White is ahead by 1 point(s),A,"White's material = 26. Black's material = 27. Difference = 1, so Black is ahead by 1 point(s).",Chess,Piece Values
"White has 3 pawns, 2 bishops, 1 rook, 1 queen. Black has 4 pawns, 1 bishop. Using standard piece values, who has the material advantage and by how many points?",Black is ahead by 15 point(s),Black is ahead by 13 point(s),White is ahead by 16 point(s),White is ahead by 17 point(s),C,"White's material = 23. Black's material = 7. Difference = 16, so White is ahead by 16 point(s).",Chess,Piece Values
"Which term matches this description: ""a piece that moves diagonally any number of squares""?",Magnus Carlsen,a pin,the bishop's movement,the queen's movement,C,The description matches the bishop's movement: a piece that moves diagonally any number of squares,Chess,Piece Movement
"Using standard piece values (pawn=1, knight=3, bishop=3, rook=5, queen=9), what is the total material value of: 4 pawns, 2 bishops, 1 queen?",23,18,19,22,C,Total value = 4×1 + 2×3 + 1×9 = 19.,Chess,Piece Values
"White has 1 pawn, 1 rook, 1 queen. Black has 6 pawns, 2 knights, 2 bishops, 1 rook, 1 queen. Using standard piece values, who has the material advantage and by how many points?",White is ahead by 20 point(s),Black is ahead by 14 point(s),Black is ahead by 18 point(s),Black is ahead by 17 point(s),D,"White's material = 15. Black's material = 32. Difference = 17, so Black is ahead by 17 point(s).",Chess,Piece Values
"Using standard piece values (pawn=1, knight=3, bishop=3, rook=5, queen=9), what is the total material value of: 8 pawns, 1 knight, 1 rook, 1 queen?",21,25,24,29,B,Total value = 8×1 + 1×3 + 1×5 + 1×9 = 25.,Chess,Piece Values
"White has 4 pawns, 1 knight, 1 bishop. Black has 3 pawns, 1 knight, 2 bishops, 1 rook. Using standard piece values, who has the material advantage and by how many points?",Black is ahead by 6 point(s),Black is ahead by 5 point(s),Black is ahead by 7 point(s),White is ahead by 4 point(s),C,"White's material = 10. Black's material = 17. Difference = 7, so Black is ahead by 7 point(s).",Chess,Piece Values
"In algebraic chess notation, is the square c6 a light or dark square?",dark,depends on the piece,cannot be determined,light,D,"Square c6: file c (position 3) and rank 6. Since their sum has the parity it does, c6 is a light square.",Chess,Notation
"White has 8 pawns, 2 knights, 1 bishop, 1 queen. Black has 4 pawns, 1 rook, 1 queen. Using standard piece values, who has the material advantage and by how many points?",Black is ahead by 5 point(s),White is ahead by 8 point(s),Black is ahead by 6 point(s),White is ahead by 10 point(s),B,"White's material = 26. Black's material = 18. Difference = 8, so White is ahead by 8 point(s).",Chess,Piece Values
"White has 1 pawn, 2 knights, 2 bishops, 1 rook, 1 queen. Black has 1 pawn, 1 knight, 2 bishops, 2 rooks, 1 queen. Using standard piece values, who has the material advantage and by how many points?",White is ahead by 4 point(s),White is ahead by 3 point(s),Black is ahead by 2 point(s),Black is ahead by 5 point(s),C,"White's material = 27. Black's material = 29. Difference = 2, so Black is ahead by 2 point(s).",Chess,Piece Values
"Using standard piece values (pawn=1, knight=3, bishop=3, rook=5, queen=9), what is the total material value of: 1 pawn, 2 knights, 2 bishops, 1 rook?",17,18,19,16,B,Total value = 1×1 + 2×3 + 2×3 + 1×5 = 18.,Chess,Piece Values
"White has 4 pawns, 1 bishop, 1 rook, 1 queen. Black has 7 pawns, 1 knight, 1 bishop, 1 rook, 1 queen. Using standard piece values, who has the material advantage and by how many points?",Black is ahead by 8 point(s),Black is ahead by 6 point(s),White is ahead by 9 point(s),Black is ahead by 4 point(s),B,"White's material = 21. Black's material = 27. Difference = 6, so Black is ahead by 6 point(s).",Chess,Piece Values
"White has 1 pawn, 1 knight, 1 bishop. Black has 2 pawns, 1 bishop, 1 queen. Using standard piece values, who has the material advantage and by how many points?",White is ahead by 6 point(s),White is ahead by 4 point(s),Black is ahead by 8 point(s),Black is ahead by 7 point(s),D,"White's material = 7. Black's material = 14. Difference = 7, so Black is ahead by 7 point(s).",Chess,Piece Values
"Which term matches this description: ""a rule allowing a draw to be claimed if the same position occurs three times with the same player to move""?",threefold repetition,the bishop's movement,the Elo rating system,the endgame,A,The description matches threefold repetition: a rule allowing a draw to be claimed if the same position occurs three times with the same player to move,Chess,Rules
"White has 7 pawns, 2 rooks, 1 queen. Black has 6 pawns, 2 bishops. Using standard piece values, who has the material advantage and by how many points?",White is ahead by 17 point(s),Black is ahead by 17 point(s),White is ahead by 14 point(s),Black is ahead by 11 point(s),C,"White's material = 26. Black's material = 12. Difference = 14, so White is ahead by 14 point(s).",Chess,Piece Values
"Using standard piece values (pawn=1, knight=3, bishop=3, rook=5, queen=9), what is the total material value of: 3 pawns, 1 knight, 2 bishops, 1 rook, 1 queen?",26,22,23,30,A,Total value = 3×1 + 1×3 + 2×3 + 1×5 + 1×9 = 26.,Chess,Piece Values
"White has 2 pawns, 1 knight, 2 rooks. Black has 8 pawns, 2 knights, 2 bishops. Using standard piece values, who has the material advantage and by how many points?",Black is ahead by 3 point(s),Black is ahead by 5 point(s),White is ahead by 2 point(s),White is ahead by 8 point(s),B,"White's material = 15. Black's material = 20. Difference = 5, so Black is ahead by 5 point(s).",Chess,Piece Values
Which statement correctly describes Viswanathan Anand?,generally considered to be worth about 5 points,an Indian chess Grandmaster who was World Chess Champion from 2007 to 2013,"a chess opening where Black allows White to build a big pawn centre before challenging it, beginning with 1.d4 Nf6 2.c4 g6","a method for calculating the relative skill levels of chess players, developed by Arpad Elo",B,"By definition, Viswanathan Anand is: an Indian chess Grandmaster who was World Chess Champion from 2007 to 2013",Chess,Players
"Using standard piece values (pawn=1, knight=3, bishop=3, rook=5, queen=9), what is the total material value of: 1 bishop, 1 rook?",6,9,8,12,C,Total value = 1×3 + 1×5 = 8.,Chess,Piece Values
"White has 3 pawns, 2 knights, 1 bishop, 1 rook, 1 queen. Black has 1 knight, 2 bishops, 2 rooks. Using standard piece values, who has the material advantage and by how many points?",Black is ahead by 10 point(s),Black is ahead by 8 point(s),White is ahead by 7 point(s),Black is ahead by 6 point(s),C,"White's material = 26. Black's material = 19. Difference = 7, so White is ahead by 7 point(s).",Chess,Piece Values
"White has 4 pawns, 2 rooks, 1 queen. Black has 5 pawns, 1 knight. Using standard piece values, who has the material advantage and by how many points?",White is ahead by 17 point(s),Black is ahead by 18 point(s),White is ahead by 15 point(s),White is ahead by 12 point(s),C,"White's material = 23. Black's material = 8. Difference = 15, so White is ahead by 15 point(s).",Chess,Piece Values
"Using standard piece values (pawn=1, knight=3, bishop=3, rook=5, queen=9), what is the total material value of: 6 pawns, 1 knight, 1 bishop, 1 rook?",13,20,16,17,D,Total value = 6×1 + 1×3 + 1×3 + 1×5 = 17.,Chess,Piece Values
"White has 4 pawns, 1 knight, 2 bishops, 2 rooks, 1 queen. Black has 2 knights, 2 rooks. Using standard piece values, who has the material advantage and by how many points?",White is ahead by 16 point(s),White is ahead by 13 point(s),White is ahead by 19 point(s),White is ahead by 17 point(s),A,"White's material = 32. Black's material = 16. Difference = 16, so White is ahead by 16 point(s).",Chess,Piece Values
"White has 1 pawn, 1 knight, 1 queen. Black has 6 pawns, 1 knight, 1 bishop, 2 rooks, 1 queen. Using standard piece values, who has the material advantage and by how many points?",White is ahead by 16 point(s),Black is ahead by 15 point(s),White is ahead by 15 point(s),Black is ahead by 18 point(s),D,"White's material = 13. Black's material = 31. Difference = 18, so Black is ahead by 18 point(s).",Chess,Piece Values
"White has 1 knight, 2 bishops, 1 rook, 1 queen. Black has 5 pawns, 2 bishops, 1 queen. Using standard piece values, who has the material advantage and by how many points?",White is ahead by 3 point(s),Black is ahead by 1 point(s),White is ahead by 1 point(s),Black is ahead by 5 point(s),A,"White's material = 23. Black's material = 20. Difference = 3, so White is ahead by 3 point(s).",Chess,Piece Values
"Using standard piece values (pawn=1, knight=3, bishop=3, rook=5, queen=9), what is the total material value of: 6 pawns, 1 queen?",15,12,18,13,A,Total value = 6×1 + 1×9 = 15.,Chess,Piece Values
"Fill in the blank: ______ refers to ""generally considered to be worth about 3 points, similar to a knight"".",the Elo rating system,the opening phase of a game,the value of a bishop,the fifty-move rule,C,"the value of a bishop refers to: generally considered to be worth about 3 points, similar to a knight",Chess,Piece Values
"Using standard piece values (pawn=1, knight=3, bishop=3, rook=5, queen=9), what is the total material value of: 3 pawns, 2 knights, 2 bishops?",12,14,15,18,C,Total value = 3×1 + 2×3 + 2×3 = 15.,Chess,Piece Values
"White has 3 pawns, 2 knights, 2 rooks, 1 queen. Black has 1 pawn, 2 bishops, 2 rooks. Using standard piece values, who has the material advantage and by how many points?",White is ahead by 14 point(s),Black is ahead by 12 point(s),White is ahead by 13 point(s),White is ahead by 11 point(s),D,"White's material = 28. Black's material = 17. Difference = 11, so White is ahead by 11 point(s).",Chess,Piece Values
"White has 8 pawns, 1 knight, 2 bishops, 1 rook, 1 queen. Black has 1 bishop, 2 rooks, 1 queen. Using standard piece values, who has the material advantage and by how many points?",White is ahead by 8 point(s),White is ahead by 9 point(s),Black is ahead by 12 point(s),Black is ahead by 8 point(s),B,"White's material = 31. Black's material = 22. Difference = 9, so White is ahead by 9 point(s).",Chess,Piece Values
"White has 5 pawns, 1 bishop, 1 queen. Black has 4 pawns, 1 bishop. Using standard piece values, who has the material advantage and by how many points?",White is ahead by 9 point(s),White is ahead by 13 point(s),White is ahead by 11 point(s),White is ahead by 10 point(s),D,"White's material = 17. Black's material = 7. Difference = 10, so White is ahead by 10 point(s).",Chess,Piece Values
Which statement correctly describes an International Master (IM)?,"a special move involving the king and a rook, allowing the king to move two squares toward the rook","a chess title awarded by FIDE, ranking below Grandmaster","the highest title a chess player can attain, awarded by FIDE","a chess opening where White offers a pawn to gain central control, beginning with 1.d4 d5 2.c4",B,"By definition, an International Master (IM) is: a chess title awarded by FIDE, ranking below Grandmaster",Chess,Titles
"White has 7 pawns, 2 knights, 1 bishop, 2 rooks, 1 queen. Black has 2 knights, 1 bishop, 2 rooks, 1 queen. Using standard piece values, who has the material advantage and by how many points?",Black is ahead by 8 point(s),White is ahead by 6 point(s),White is ahead by 7 point(s),Black is ahead by 6 point(s),C,"White's material = 35. Black's material = 28. Difference = 7, so White is ahead by 7 point(s).",Chess,Piece Values
"White has 4 pawns, 2 knights, 1 queen. Black has 8 pawns, 2 rooks. Using standard piece values, who has the material advantage and by how many points?",White is ahead by 4 point(s),White is ahead by 1 point(s),Black is ahead by 3 point(s),Black is ahead by 1 point(s),B,"White's material = 19. Black's material = 18. Difference = 1, so White is ahead by 1 point(s).",Chess,Piece Values
"Using standard piece values (pawn=1, knight=3, bishop=3, rook=5, queen=9), what is the total material value of: 1 pawn, 2 knights, 2 bishops, 2 rooks?",27,26,21,23,D,Total value = 1×1 + 2×3 + 2×3 + 2×5 = 23.,Chess,Piece Values
What is check?,a piece that moves diagonally any number of squares,"a situation where a player is at a disadvantage because they must make a move, and any move worsens their position","the highest title a chess player can attain, awarded by FIDE",a situation where a king is under direct attack by an opposing piece,D,check is: a situation where a king is under direct attack by an opposing piece,Chess,Rules
"Using standard piece values (pawn=1, knight=3, bishop=3, rook=5, queen=9), what is the total material value of: 8 pawns, 2 knights, 2 bishops, 1 rook?",29,21,27,25,D,Total value = 8×1 + 2×3 + 2×3 + 1×5 = 25.,Chess,Piece Values
"Using standard piece values (pawn=1, knight=3, bishop=3, rook=5, queen=9), what is the total material value of: 1 pawn, 1 knight, 1 bishop, 2 rooks?",13,20,15,17,D,Total value = 1×1 + 1×3 + 1×3 + 2×5 = 17.,Chess,Piece Values
"White has 4 pawns, 1 knight, 1 rook, 1 queen. Black has 1 pawn, 1 bishop, 2 rooks, 1 queen. Using standard piece values, who has the material advantage and by how many points?",White is ahead by 1 point(s),Black is ahead by 1 point(s),Black is ahead by 2 point(s),White is ahead by 3 point(s),C,"White's material = 21. Black's material = 23. Difference = 2, so Black is ahead by 2 point(s).",Chess,Piece Values
"In algebraic chess notation, is the square h5 a light or dark square?",dark,cannot be determined,light,depends on the piece,C,"Square h5: file h (position 8) and rank 5. Since their sum has the parity it does, h5 is a light square.",Chess,Notation
What is the knight's movement?,a Soviet/Russian chess Grandmaster who was World Chess Champion in the 1970s and 1980s,a piece that moves in an L-shape: two squares in one direction and then one square perpendicular,"the phase of a chess game following the opening, where tactical and strategic battles typically occur","generally considered to be worth about 9 points, the most powerful piece on the board",B,the knight's movement is: a piece that moves in an L-shape: two squares in one direction and then one square perpendicular,Chess,Piece Movement
"White has 3 pawns, 2 knights, 1 queen. Black has 2 pawns, 1 bishop, 2 rooks, 1 queen. Using standard piece values, who has the material advantage and by how many points?",White is ahead by 4 point(s),White is ahead by 7 point(s),Black is ahead by 4 point(s),Black is ahead by 6 point(s),D,"White's material = 18. Black's material = 24. Difference = 6, so Black is ahead by 6 point(s).",Chess,Piece Values
Which statement correctly describes the bishop's movement?,generally considered to be worth about 5 points,"the Fédération Internationale des Échecs, the international governing body of chess",a piece that moves diagonally any number of squares,a tactic where moving one piece reveals an attack from another piece behind it,C,"By definition, the bishop's movement is: a piece that moves diagonally any number of squares",Chess,Piece Movement
"Using standard piece values (pawn=1, knight=3, bishop=3, rook=5, queen=9), what is the total material value of: 4 pawns, 1 knight, 1 bishop, 2 rooks?",20,23,16,21,A,Total value = 4×1 + 1×3 + 1×3 + 2×5 = 20.,Chess,Piece Values
"White has 2 pawns, 1 knight, 1 bishop, 1 rook. Black has 2 pawns, 2 knights. Using standard piece values, who has the material advantage and by how many points?",White is ahead by 5 point(s),Black is ahead by 2 point(s),Black is ahead by 3 point(s),White is ahead by 6 point(s),A,"White's material = 13. Black's material = 8. Difference = 5, so White is ahead by 5 point(s).",Chess,Piece Values
"Using standard piece values (pawn=1, knight=3, bishop=3, rook=5, queen=9), what is the total material value of: 1 pawn, 1 knight?",4,5,0,6,A,Total value = 1×1 + 1×3 = 4.,Chess,Piece Values
"Using standard piece values (pawn=1, knight=3, bishop=3, rook=5, queen=9), what is the total material value of: 6 pawns, 1 knight, 1 bishop, 1 rook, 1 queen?",26,27,30,23,A,Total value = 6×1 + 1×3 + 1×3 + 1×5 + 1×9 = 26.,Chess,Piece Values
"White has 8 pawns, 1 knight, 1 queen. Black has 4 pawns, 2 knights, 2 bishops, 2 rooks, 1 queen. Using standard piece values, who has the material advantage and by how many points?",White is ahead by 16 point(s),Black is ahead by 16 point(s),Black is ahead by 15 point(s),Black is ahead by 17 point(s),C,"White's material = 20. Black's material = 35. Difference = 15, so Black is ahead by 15 point(s).",Chess,Piece Values
"White has 1 pawn, 2 knights, 2 bishops, 1 rook, 1 queen. Black has 1 knight, 1 rook, 1 queen. Using standard piece values, who has the material advantage and by how many points?",White is ahead by 10 point(s),White is ahead by 8 point(s),Black is ahead by 13 point(s),Black is ahead by 7 point(s),A,"White's material = 27. Black's material = 17. Difference = 10, so White is ahead by 10 point(s).",Chess,Piece Values
"White has 6 pawns, 1 knight, 1 bishop, 1 rook, 1 queen. Black has 1 pawn, 2 knights. Using standard piece values, who has the material advantage and by how many points?",White is ahead by 19 point(s),Black is ahead by 17 point(s),White is ahead by 20 point(s),Black is ahead by 16 point(s),A,"White's material = 26. Black's material = 7. Difference = 19, so White is ahead by 19 point(s).",Chess,Piece Values
"In algebraic chess notation, is the square e6 a light or dark square?",depends on the piece,dark,light,cannot be determined,C,"Square e6: file e (position 5) and rank 6. Since their sum has the parity it does, e6 is a light square.",Chess,Notation
Which statement correctly describes the king's movement?,"a piece that can move one square in any direction, but cannot move into check","the most powerful piece, able to move any number of squares horizontally, vertically, or diagonally","a position where a king is in check and there is no legal move to escape it, ending the game","a situation where a player is at a disadvantage because they must make a move, and any move worsens their position",A,"By definition, the king's movement is: a piece that can move one square in any direction, but cannot move into check",Chess,Piece Movement
"White has 4 pawns, 2 knights, 2 rooks, 1 queen. Black has 8 pawns, 1 rook. Using standard piece values, who has the material advantage and by how many points?",Black is ahead by 13 point(s),White is ahead by 16 point(s),White is ahead by 15 point(s),Black is ahead by 17 point(s),B,"White's material = 29. Black's material = 13. Difference = 16, so White is ahead by 16 point(s).",Chess,Piece Values
"White has 4 pawns, 1 knight, 1 queen. Black has 2 pawns, 1 knight, 1 bishop, 2 rooks, 1 queen. Using standard piece values, who has the material advantage and by how many points?",Black is ahead by 11 point(s),White is ahead by 12 point(s),White is ahead by 13 point(s),White is ahead by 10 point(s),A,"White's material = 16. Black's material = 27. Difference = 11, so Black is ahead by 11 point(s).",Chess,Piece Values
"White has 8 pawns, 1 knight, 2 bishops, 2 rooks. Black has 5 pawns, 1 knight, 2 bishops, 1 rook. Using standard piece values, who has the material advantage and by how many points?",White is ahead by 8 point(s),Black is ahead by 11 point(s),White is ahead by 7 point(s),White is ahead by 10 point(s),A,"White's material = 27. Black's material = 19. Difference = 8, so White is ahead by 8 point(s).",Chess,Piece Values
"Using standard piece values (pawn=1, knight=3, bishop=3, rook=5, queen=9), what is the total material value of: 3 pawns, 1 knight, 2 rooks, 1 queen?",25,21,29,24,A,Total value = 3×1 + 1×3 + 2×5 + 1×9 = 25.,Chess,Piece Values
"Using standard piece values (pawn=1, knight=3, bishop=3, rook=5, queen=9), what is the total material value of: 7 pawns, 2 knights, 1 rook, 1 queen?",23,27,29,30,B,Total value = 7×1 + 2×3 + 1×5 + 1×9 = 27.,Chess,Piece Values
"Using standard piece values (pawn=1, knight=3, bishop=3, rook=5, queen=9), what is the total material value of: 4 pawns, 1 rook?",9,5,7,8,A,Total value = 4×1 + 1×5 = 9.,Chess,Piece Values
"Using standard piece values (pawn=1, knight=3, bishop=3, rook=5, queen=9), what is the total material value of: 3 pawns, 2 rooks?",17,15,9,13,D,Total value = 3×1 + 2×5 = 13.,Chess,Piece Values
"Using standard piece values (pawn=1, knight=3, bishop=3, rook=5, queen=9), what is the total material value of: 5 pawns, 1 knight, 2 rooks, 1 queen?",27,30,24,26,A,Total value = 5×1 + 1×3 + 2×5 + 1×9 = 27.,Chess,Piece Values
"Using standard piece values (pawn=1, knight=3, bishop=3, rook=5, queen=9), what is the total material value of: 2 knights, 1 bishop, 1 queen?",20,18,22,16,B,Total value = 2×3 + 1×3 + 1×9 = 18.,Chess,Piece Values
"White has 8 pawns, 1 rook, 1 queen. Black has 7 pawns, 1 knight, 2 bishops, 2 rooks. Using standard piece values, who has the material advantage and by how many points?",Black is ahead by 4 point(s),Black is ahead by 3 point(s),Black is ahead by 6 point(s),Black is ahead by 7 point(s),A,"White's material = 22. Black's material = 26. Difference = 4, so Black is ahead by 4 point(s).",Chess,Piece Values
"White has 4 pawns, 1 bishop, 1 queen. Black has 6 pawns, 1 knight, 1 queen. Using standard piece values, who has the material advantage and by how many points?",Black is ahead by 3 point(s),Black is ahead by 5 point(s),Black is ahead by 2 point(s),Black is ahead by 1 point(s),C,"White's material = 16. Black's material = 18. Difference = 2, so Black is ahead by 2 point(s).",Chess,Piece Values
"Using standard piece values (pawn=1, knight=3, bishop=3, rook=5, queen=9), what is the total material value of: 5 pawns, 2 rooks?",12,18,15,14,C,Total value = 5×1 + 2×5 = 15.,Chess,Piece Values
Which statement correctly describes the French Defence?,a situation where a king is under direct attack by an opposing piece,a chess opening beginning with 1.e4 e6,"a position where a king is in check and there is no legal move to escape it, ending the game",a special pawn capture that can occur when a pawn moves two squares from its starting position and lands beside an opposing pawn,B,"By definition, the French Defence is: a chess opening beginning with 1.e4 e6",Chess,Openings
Which statement correctly describes castling?,a situation where a king is under direct attack by an opposing piece,"a special move involving the king and a rook, allowing the king to move two squares toward the rook",a rule allowing a draw to be claimed if the same position occurs three times with the same player to move,"the final phase of a chess game, typically when few pieces remain on the board",B,"By definition, castling is: a special move involving the king and a rook, allowing the king to move two squares toward the rook",Chess,Special Moves
"White has 2 pawns, 2 knights, 1 bishop, 1 rook, 1 queen. Black has 5 pawns, 2 bishops, 1 queen. Using standard piece values, who has the material advantage and by how many points?",Black is ahead by 2 point(s),Black is ahead by 6 point(s),White is ahead by 4 point(s),White is ahead by 5 point(s),D,"White's material = 25. Black's material = 20. Difference = 5, so White is ahead by 5 point(s).",Chess,Piece Values
"White has 4 pawns, 2 knights, 2 bishops, 1 rook. Black has 1 pawn, 2 knights, 2 rooks, 1 queen. Using standard piece values, who has the material advantage and by how many points?",Black is ahead by 5 point(s),White is ahead by 2 point(s),White is ahead by 8 point(s),Black is ahead by 7 point(s),A,"White's material = 21. Black's material = 26. Difference = 5, so Black is ahead by 5 point(s).",Chess,Piece Values
"White has 3 pawns, 1 knight, 2 bishops, 1 rook. Black has 6 pawns, 1 knight, 2 rooks, 1 queen. Using standard piece values, who has the material advantage and by how many points?",White is ahead by 12 point(s),White is ahead by 8 point(s),Black is ahead by 11 point(s),White is ahead by 14 point(s),C,"White's material = 17. Black's material = 28. Difference = 11, so Black is ahead by 11 point(s).",Chess,Piece Values
