Question,Option A,Option B,Option C,Option D,Correct Answer,Solution,Category,Subcategory
A shopkeeper buys an item for ₹665 and sells it at a 50% loss. What is the selling price?,333,353,253,283,A,Loss amount = 50% of 665 = ₹332. Selling price = 665 - 332 = ₹333.,Aptitude,Profit and Loss
Is 531 divisible by 3?,No,Only sometimes,Cannot say,Yes,D,"531 ÷ 3 leaves remainder 0, so the answer is Yes.",Aptitude,Divisibility
A quantity of 422 is decreased by 40%. What is the new value?,248,253,273,238,B,"40% of 422 = 169. Since it decreased, new value = 422 - 169 = 253.",Aptitude,Percentage
"Find the average of these numbers: 100, 51, 96, 90, 83.",86,83,84,79,C,"Sum = 420, Count = 5, Average = 420/5 = 84.",Aptitude,Averages
Is 856 divisible by 3?,No,Yes,Cannot say,Only sometimes,A,"856 ÷ 3 leaves remainder 1, so the answer is No.",Aptitude,Divisibility
A vehicle covers 249 km at a speed of 83 km/h. How long does it take?,6,2,3,5,C,Distance = Speed × Time = 83 × 3 = 249 km. So the answer is 3 hours.,Aptitude,Time and Distance
Find the Simple Interest on ₹16097 at 4% per annum for 1 years.,644,844,944,544,A,SI = (P × R × T)/100 = (16097 × 4 × 1)/100 = ₹644.,Aptitude,Simple Interest
"Two numbers are in the ratio 12:11. If their sum is 184, find the larger number.",99,96,81,101,B,Total parts = 12+11 = 23. Each part = 184/23 = 8. Larger number = 12 × 8 = 96.,Aptitude,Ratios
A quantity of 141 is increased by 15%. What is the new value?,167,152,177,162,D,"15% of 141 = 21. Since it increased, new value = 141 + 21 = 162.",Aptitude,Percentage
A quantity of 230 is decreased by 12%. What is the new value?,182,192,202,197,C,"12% of 230 = 28. Since it decreased, new value = 230 - 28 = 202.",Aptitude,Percentage
A quantity of 449 is decreased by 15%. What is the new value?,397,382,372,362,B,"15% of 449 = 67. Since it decreased, new value = 449 - 67 = 382.",Aptitude,Percentage
What is the HCF (Highest Common Factor) of 41 and 75?,5,1,2,3,B,"HCF(41,75) = 1.",Aptitude,LCM and HCF
Find the Compound Interest on ₹16359 at 10% per annum for 2 years (compounded annually).,3435,3415,3535,3285,A,Amount = P(1+R/100)^T = 16359(1+10/100)^2 ≈ ₹19794. CI = Amount − P = ₹3435.,Aptitude,Compound Interest
"A can complete a piece of work in 9 days and B can complete it in 11 days. Working together, how many days will they take (rounded to 2 decimal places)?",4.45,3.45,4.95,5.45,C,Combined rate = 1/9 + 1/11. Time together = (9×11)/(9+11) = 4.95 days.,Aptitude,Time and Work
What is the LCM (Least Common Multiple) of 16 and 5?,82,79,80,81,C,"LCM(16,5) = (16×5)/HCF(16,5) = 80.",Aptitude,LCM and HCF
A vehicle travels at 26 km/h for 8 hours. What distance does it cover?,205,210,213,208,D,Distance = Speed × Time = 26 × 8 = 208 km. So the answer is 208 km.,Aptitude,Time and Distance
Find the Simple Interest on ₹2362 at 9% per annum for 6 years.,1075,1375,1225,1275,D,SI = (P × R × T)/100 = (2362 × 9 × 6)/100 = ₹1275.,Aptitude,Simple Interest
"Two numbers are in the ratio 10:8. If their sum is 252, find the larger number.",140,135,143,125,A,Total parts = 10+8 = 18. Each part = 252/18 = 14. Larger number = 10 × 14 = 140.,Aptitude,Ratios
Find the Simple Interest on ₹30942 at 5% per annum for 1 years.,1747,1547,1347,1847,B,SI = (P × R × T)/100 = (30942 × 5 × 1)/100 = ₹1547.,Aptitude,Simple Interest
A quantity of 506 is decreased by 30%. What is the new value?,354,334,369,359,A,"30% of 506 = 152. Since it decreased, new value = 506 - 152 = 354.",Aptitude,Percentage
A quantity of 894 is increased by 30%. What is the new value?,1172,1167,1142,1162,D,"30% of 894 = 268. Since it increased, new value = 894 + 268 = 1162.",Aptitude,Percentage
Find the Simple Interest on ₹16214 at 12% per annum for 4 years.,7733,7483,7783,7583,C,SI = (P × R × T)/100 = (16214 × 12 × 4)/100 = ₹7783.,Aptitude,Simple Interest
"Find the average of these numbers: 58, 38, 39, 41.",44,47,43,45,A,"Sum = 176, Count = 4, Average = 176/4 = 44.",Aptitude,Averages
Find the Simple Interest on ₹20283 at 10% per annum for 2 years.,4057,3957,4157,3757,A,SI = (P × R × T)/100 = (20283 × 10 × 2)/100 = ₹4057.,Aptitude,Simple Interest
Is 481 divisible by 4?,No,Cannot say,Yes,Only sometimes,A,"481 ÷ 4 leaves remainder 1, so the answer is No.",Aptitude,Divisibility
Find the Simple Interest on ₹40890 at 10% per annum for 6 years.,24584,24434,24734,24534,D,SI = (P × R × T)/100 = (40890 × 10 × 6)/100 = ₹24534.,Aptitude,Simple Interest
A shopkeeper buys an item for ₹283 and sells it at a 30% profit. What is the selling price?,368,288,398,318,A,Profit amount = 30% of 283 = ₹85. Selling price = 283 + 85 = ₹368.,Aptitude,Profit and Loss
Find the Simple Interest on ₹31386 at 5% per annum for 3 years.,4608,4408,4708,4908,C,SI = (P × R × T)/100 = (31386 × 5 × 3)/100 = ₹4708.,Aptitude,Simple Interest
Is 505 divisible by 2?,Cannot say,Yes,No,Only sometimes,C,"505 ÷ 2 leaves remainder 1, so the answer is No.",Aptitude,Divisibility
A shopkeeper buys an item for ₹874 and sells it at a 40% profit. What is the selling price?,1194,1254,1174,1224,D,Profit amount = 40% of 874 = ₹350. Selling price = 874 + 350 = ₹1224.,Aptitude,Profit and Loss
"A can complete a piece of work in 13 days and B can complete it in 10 days. Working together, how many days will they take (rounded to 2 decimal places)?",7.65,4.15,5.65,6.15,C,Combined rate = 1/13 + 1/10. Time together = (13×10)/(13+10) = 5.65 days.,Aptitude,Time and Work
A vehicle covers 80 km at a speed of 20 km/h. How long does it take?,4,7,6,9,A,Distance = Speed × Time = 20 × 4 = 80 km. So the answer is 4 hours.,Aptitude,Time and Distance
What is the LCM (Least Common Multiple) of 23 and 8?,188,183,182,184,D,"LCM(23,8) = (23×8)/HCF(23,8) = 184.",Aptitude,LCM and HCF
Find the Simple Interest on ₹19706 at 12% per annum for 3 years.,7394,7094,7044,7294,B,SI = (P × R × T)/100 = (19706 × 12 × 3)/100 = ₹7094.,Aptitude,Simple Interest
A quantity of 469 is decreased by 50%. What is the new value?,255,235,215,220,B,"50% of 469 = 234. Since it decreased, new value = 469 - 234 = 235.",Aptitude,Percentage
A shopkeeper buys an item for ₹962 and sells it at a 20% loss. What is the selling price?,770,690,720,800,A,Loss amount = 20% of 962 = ₹192. Selling price = 962 - 192 = ₹770.,Aptitude,Profit and Loss
Find the Compound Interest on ₹5283 at 10% per annum for 2 years (compounded annually).,1089,1159,1109,1129,C,Amount = P(1+R/100)^T = 5283(1+10/100)^2 ≈ ₹6392. CI = Amount − P = ₹1109.,Aptitude,Compound Interest
"A can complete a piece of work in 6 days and B can complete it in 19 days. Working together, how many days will they take (rounded to 2 decimal places)?",3.06,5.06,6.56,4.56,D,Combined rate = 1/6 + 1/19. Time together = (6×19)/(6+19) = 4.56 days.,Aptitude,Time and Work
Find the Simple Interest on ₹39954 at 6% per annum for 6 years.,14083,14433,14383,14333,C,SI = (P × R × T)/100 = (39954 × 6 × 6)/100 = ₹14383.,Aptitude,Simple Interest
Find the Simple Interest on ₹36012 at 6% per annum for 4 years.,8543,8643,8343,8443,B,SI = (P × R × T)/100 = (36012 × 6 × 4)/100 = ₹8643.,Aptitude,Simple Interest
"Find the average of these numbers: 91, 76, 69, 68.",73,74,71,76,D,"Sum = 304, Count = 4, Average = 304/4 = 76.",Aptitude,Averages
A shopkeeper buys an item for ₹3135 and sells it at a 25% profit. What is the selling price?,3919,3899,3999,3869,A,Profit amount = 25% of 3135 = ₹784. Selling price = 3135 + 784 = ₹3919.,Aptitude,Profit and Loss
"Find the average of these numbers: 89, 46, 82, 14, 37, 30, 21, 33.",44,49,39,47,A,"Sum = 352, Count = 8, Average = 352/8 = 44.",Aptitude,Averages
Find the Simple Interest on ₹18600 at 10% per annum for 6 years.,11210,11160,10960,11060,B,SI = (P × R × T)/100 = (18600 × 10 × 6)/100 = ₹11160.,Aptitude,Simple Interest
"A can complete a piece of work in 6 days and B can complete it in 17 days. Working together, how many days will they take (rounded to 2 decimal places)?",3.93,4.43,6.43,5.43,B,Combined rate = 1/6 + 1/17. Time together = (6×17)/(6+17) = 4.43 days.,Aptitude,Time and Work
A quantity of 51 is decreased by 10%. What is the new value?,66,61,41,46,D,"10% of 51 = 5. Since it decreased, new value = 51 - 5 = 46.",Aptitude,Percentage
A shopkeeper buys an item for ₹475 and sells it at a 5% profit. What is the selling price?,549,449,499,529,C,Profit amount = 5% of 475 = ₹24. Selling price = 475 + 24 = ₹499.,Aptitude,Profit and Loss
Find the Simple Interest on ₹22360 at 6% per annum for 2 years.,2683,2983,2633,2383,A,SI = (P × R × T)/100 = (22360 × 6 × 2)/100 = ₹2683.,Aptitude,Simple Interest
Find the Simple Interest on ₹39019 at 9% per annum for 4 years.,14097,14047,14147,14247,B,SI = (P × R × T)/100 = (39019 × 9 × 4)/100 = ₹14047.,Aptitude,Simple Interest
What is the LCM (Least Common Multiple) of 9 and 10?,93,90,89,94,B,"LCM(9,10) = (9×10)/HCF(9,10) = 90.",Aptitude,LCM and HCF
What is the HCF (Highest Common Factor) of 10 and 96?,2,3,6,1,A,"HCF(10,96) = 2.",Aptitude,LCM and HCF
A shopkeeper buys an item for ₹1906 and sells it at a 50% loss. What is the selling price?,953,933,983,973,A,Loss amount = 50% of 1906 = ₹953. Selling price = 1906 - 953 = ₹953.,Aptitude,Profit and Loss
"Two numbers are in the ratio 7:10. If their sum is 340, find the larger number.",190,200,195,210,B,Total parts = 7+10 = 17. Each part = 340/17 = 20. Larger number = 10 × 20 = 200.,Aptitude,Ratios
"A can complete a piece of work in 4 days and B can complete it in 10 days. Working together, how many days will they take (rounded to 2 decimal places)?",2.36,2.86,1.36,4.86,B,Combined rate = 1/4 + 1/10. Time together = (4×10)/(4+10) = 2.86 days.,Aptitude,Time and Work
A shopkeeper buys an item for ₹2585 and sells it at a 40% loss. What is the selling price?,1581,1601,1571,1551,D,Loss amount = 40% of 2585 = ₹1034. Selling price = 2585 - 1034 = ₹1551.,Aptitude,Profit and Loss
A shopkeeper buys an item for ₹1817 and sells it at a 10% loss. What is the selling price?,1615,1655,1635,1555,C,Loss amount = 10% of 1817 = ₹182. Selling price = 1817 - 182 = ₹1635.,Aptitude,Profit and Loss
Find the Compound Interest on ₹10472 at 5% per annum for 2 years (compounded annually).,1223,1123,923,1073,D,Amount = P(1+R/100)^T = 10472(1+5/100)^2 ≈ ₹11545. CI = Amount − P = ₹1073.,Aptitude,Compound Interest
A shopkeeper buys an item for ₹4108 and sells it at a 25% loss. What is the selling price?,3031,3061,3161,3081,D,Loss amount = 25% of 4108 = ₹1027. Selling price = 4108 - 1027 = ₹3081.,Aptitude,Profit and Loss
A quantity of 253 is decreased by 5%. What is the new value?,250,240,245,260,B,"5% of 253 = 13. Since it decreased, new value = 253 - 13 = 240.",Aptitude,Percentage
Find the Simple Interest on ₹35369 at 8% per annum for 3 years.,8189,8489,8389,8439,B,SI = (P × R × T)/100 = (35369 × 8 × 3)/100 = ₹8489.,Aptitude,Simple Interest
A shopkeeper buys an item for ₹2868 and sells it at a 30% loss. What is the selling price?,2028,1988,2038,2008,D,Loss amount = 30% of 2868 = ₹860. Selling price = 2868 - 860 = ₹2008.,Aptitude,Profit and Loss
"Find the average of these numbers: 63, 49, 10, 30.",36,41,38,40,C,"Sum = 152, Count = 4, Average = 152/4 = 38.",Aptitude,Averages
"Two numbers are in the ratio 3:12. If their sum is 105, find the larger number.",79,84,94,81,B,Total parts = 3+12 = 15. Each part = 105/15 = 7. Larger number = 12 × 7 = 84.,Aptitude,Ratios
"Find the average of these numbers: 19, 64, 43.",43,37,42,41,C,"Sum = 126, Count = 3, Average = 126/3 = 42.",Aptitude,Averages
Find the Simple Interest on ₹16110 at 9% per annum for 5 years.,7450,7050,6950,7250,D,SI = (P × R × T)/100 = (16110 × 9 × 5)/100 = ₹7250.,Aptitude,Simple Interest
What is the LCM (Least Common Multiple) of 20 and 11?,222,220,224,219,B,"LCM(20,11) = (20×11)/HCF(20,11) = 220.",Aptitude,LCM and HCF
A shopkeeper buys an item for ₹2638 and sells it at a 25% loss. What is the selling price?,1898,1978,2028,1948,B,Loss amount = 25% of 2638 = ₹660. Selling price = 2638 - 660 = ₹1978.,Aptitude,Profit and Loss
A shopkeeper buys an item for ₹2623 and sells it at a 15% loss. What is the selling price?,2260,2180,2250,2230,D,Loss amount = 15% of 2623 = ₹393. Selling price = 2623 - 393 = ₹2230.,Aptitude,Profit and Loss
A shopkeeper buys an item for ₹3199 and sells it at a 30% loss. What is the selling price?,2269,2219,2239,2289,C,Loss amount = 30% of 3199 = ₹960. Selling price = 3199 - 960 = ₹2239.,Aptitude,Profit and Loss
A shopkeeper buys an item for ₹1305 and sells it at a 30% profit. What is the selling price?,1697,1677,1647,1747,A,Profit amount = 30% of 1305 = ₹392. Selling price = 1305 + 392 = ₹1697.,Aptitude,Profit and Loss
"Two numbers are in the ratio 10:11. If their sum is 126, find the larger number.",56,51,71,66,D,Total parts = 10+11 = 21. Each part = 126/21 = 6. Larger number = 11 × 6 = 66.,Aptitude,Ratios
Find the Simple Interest on ₹36249 at 5% per annum for 4 years.,7250,7150,7450,7300,A,SI = (P × R × T)/100 = (36249 × 5 × 4)/100 = ₹7250.,Aptitude,Simple Interest
Find the Simple Interest on ₹11942 at 8% per annum for 5 years.,4777,4477,4577,4677,A,SI = (P × R × T)/100 = (11942 × 8 × 5)/100 = ₹4777.,Aptitude,Simple Interest
What is the HCF (Highest Common Factor) of 20 and 21?,-3.0,1,3,5,B,"HCF(20,21) = 1.",Aptitude,LCM and HCF
A vehicle travels at 84 km/h for 9 hours. What distance does it cover?,756,761,751,754,A,Distance = Speed × Time = 84 × 9 = 756 km. So the answer is 756 km.,Aptitude,Time and Distance
Find the Simple Interest on ₹35597 at 10% per annum for 4 years.,14289,14339,14139,14239,D,SI = (P × R × T)/100 = (35597 × 10 × 4)/100 = ₹14239.,Aptitude,Simple Interest
A quantity of 198 is increased by 30%. What is the new value?,262,257,252,267,B,"30% of 198 = 59. Since it increased, new value = 198 + 59 = 257.",Aptitude,Percentage
Find the Simple Interest on ₹28622 at 8% per annum for 3 years.,6969,6669,6569,6869,D,SI = (P × R × T)/100 = (28622 × 8 × 3)/100 = ₹6869.,Aptitude,Simple Interest
Find the Compound Interest on ₹13166 at 5% per annum for 3 years (compounded annually).,2075,2225,2055,2025,A,Amount = P(1+R/100)^T = 13166(1+5/100)^3 ≈ ₹15241. CI = Amount − P = ₹2075.,Aptitude,Compound Interest
A shopkeeper buys an item for ₹2331 and sells it at a 10% profit. What is the selling price?,2484,2564,2594,2514,B,Profit amount = 10% of 2331 = ₹233. Selling price = 2331 + 233 = ₹2564.,Aptitude,Profit and Loss
What is the LCM (Least Common Multiple) of 17 and 5?,85,86,88,84,A,"LCM(17,5) = (17×5)/HCF(17,5) = 85.",Aptitude,LCM and HCF
Find the Compound Interest on ₹7643 at 5% per annum for 2 years (compounded annually).,633,883,803,783,D,Amount = P(1+R/100)^T = 7643(1+5/100)^2 ≈ ₹8426. CI = Amount − P = ₹783.,Aptitude,Compound Interest
A quantity of 241 is increased by 15%. What is the new value?,272,267,277,262,C,"15% of 241 = 36. Since it increased, new value = 241 + 36 = 277.",Aptitude,Percentage
A quantity of 98 is increased by 25%. What is the new value?,117,132,102,122,D,"25% of 98 = 24. Since it increased, new value = 98 + 24 = 122.",Aptitude,Percentage
A quantity of 261 is increased by 40%. What is the new value?,380,360,365,350,C,"40% of 261 = 104. Since it increased, new value = 261 + 104 = 365.",Aptitude,Percentage
What is the LCM (Least Common Multiple) of 9 and 30?,93,88,89,90,D,"LCM(9,30) = (9×30)/HCF(9,30) = 90.",Aptitude,LCM and HCF
Find the Compound Interest on ₹18868 at 5% per annum for 3 years (compounded annually).,2994,2974,2954,3074,B,Amount = P(1+R/100)^T = 18868(1+5/100)^3 ≈ ₹21842. CI = Amount − P = ₹2974.,Aptitude,Compound Interest
A quantity of 750 is decreased by 10%. What is the new value?,660,685,675,665,C,"10% of 750 = 75. Since it decreased, new value = 750 - 75 = 675.",Aptitude,Percentage
Is 389 divisible by 4?,Cannot say,Only sometimes,No,Yes,C,"389 ÷ 4 leaves remainder 1, so the answer is No.",Aptitude,Divisibility
"Two numbers are in the ratio 7:3. If their sum is 150, find the larger number.",95,105,100,108,B,Total parts = 7+3 = 10. Each part = 150/10 = 15. Larger number = 7 × 15 = 105.,Aptitude,Ratios
A vehicle travels at 54 km/h for 5 hours. What distance does it cover?,265,268,270,272,C,Distance = Speed × Time = 54 × 5 = 270 km. So the answer is 270 km.,Aptitude,Time and Distance
A shopkeeper buys an item for ₹3838 and sells it at a 30% loss. What is the selling price?,2687,2717,2767,2737,A,Loss amount = 30% of 3838 = ₹1151. Selling price = 3838 - 1151 = ₹2687.,Aptitude,Profit and Loss
"A can complete a piece of work in 13 days and B can complete it in 13 days. Working together, how many days will they take (rounded to 2 decimal places)?",8.50,5.50,8.00,6.50,D,Combined rate = 1/13 + 1/13. Time together = (13×13)/(13+13) = 6.50 days.,Aptitude,Time and Work
Find the Compound Interest on ₹11488 at 10% per annum for 3 years (compounded annually).,3903,3803,3703,3753,B,Amount = P(1+R/100)^T = 11488(1+10/100)^3 ≈ ₹15291. CI = Amount − P = ₹3803.,Aptitude,Compound Interest
A quantity of 721 is increased by 12%. What is the new value?,808,798,803,793,A,"12% of 721 = 87. Since it increased, new value = 721 + 87 = 808.",Aptitude,Percentage
"Find the average of these numbers: 61, 74, 15, 97, 68.",63,66,65,60,A,"Sum = 315, Count = 5, Average = 315/5 = 63.",Aptitude,Averages
A quantity of 343 is increased by 50%. What is the new value?,515,510,530,495,A,"50% of 343 = 172. Since it increased, new value = 343 + 172 = 515.",Aptitude,Percentage
A quantity of 88 is increased by 20%. What is the new value?,96,101,106,126,C,"20% of 88 = 18. Since it increased, new value = 88 + 18 = 106.",Aptitude,Percentage
Is 336 divisible by 4?,Yes,No,Only sometimes,Cannot say,A,"336 ÷ 4 leaves remainder 0, so the answer is Yes.",Aptitude,Divisibility
"Two numbers are in the ratio 9:5. If their sum is 140, find the larger number.",85,100,105,90,D,Total parts = 9+5 = 14. Each part = 140/14 = 10. Larger number = 9 × 10 = 90.,Aptitude,Ratios
A vehicle covers 148 km at a speed of 37 km/h. How long does it take?,9,4,5,6,B,Distance = Speed × Time = 37 × 4 = 148 km. So the answer is 4 hours.,Aptitude,Time and Distance
"Two numbers are in the ratio 6:12. If their sum is 324, find the larger number.",216,219,231,211,A,Total parts = 6+12 = 18. Each part = 324/18 = 18. Larger number = 12 × 18 = 216.,Aptitude,Ratios
Is 71 divisible by 11?,Cannot say,No,Only sometimes,Yes,B,"71 ÷ 11 leaves remainder 5, so the answer is No.",Aptitude,Divisibility
Find the Simple Interest on ₹23547 at 12% per annum for 2 years.,5701,5451,5651,5951,C,SI = (P × R × T)/100 = (23547 × 12 × 2)/100 = ₹5651.,Aptitude,Simple Interest
What is the LCM (Least Common Multiple) of 26 and 8?,100,106,105,104,D,"LCM(26,8) = (26×8)/HCF(26,8) = 104.",Aptitude,LCM and HCF
A vehicle covers 560 km at a speed of 56 km/h. How long does it take?,13,7,11,10,D,Distance = Speed × Time = 56 × 10 = 560 km. So the answer is 10 hours.,Aptitude,Time and Distance
"A can complete a piece of work in 19 days and B can complete it in 15 days. Working together, how many days will they take (rounded to 2 decimal places)?",8.38,6.88,10.38,7.38,A,Combined rate = 1/19 + 1/15. Time together = (19×15)/(19+15) = 8.38 days.,Aptitude,Time and Work
"A can complete a piece of work in 7 days and B can complete it in 11 days. Working together, how many days will they take (rounded to 2 decimal places)?",4.28,4.78,2.28,3.78,A,Combined rate = 1/7 + 1/11. Time together = (7×11)/(7+11) = 4.28 days.,Aptitude,Time and Work
A quantity of 701 is increased by 20%. What is the new value?,826,846,841,861,C,"20% of 701 = 140. Since it increased, new value = 701 + 140 = 841.",Aptitude,Percentage
A fair six-sided die is rolled once. What is the probability of getting an odd number?,1/3,5/6,1/2,1/13,C,"Favourable outcomes = 3, Total outcomes = 6. Probability = 3/6 = 1/2 (in simplest form).",Aptitude,Probability
A vehicle travels at 42 km/h for 5 hours. What distance does it cover?,208,213,210,212,C,Distance = Speed × Time = 42 × 5 = 210 km. So the answer is 210 km.,Aptitude,Time and Distance
Find the Simple Interest on ₹27541 at 6% per annum for 4 years.,6660,6410,6310,6610,D,SI = (P × R × T)/100 = (27541 × 6 × 4)/100 = ₹6610.,Aptitude,Simple Interest
What is the HCF (Highest Common Factor) of 36 and 73?,5,4.0,3,1,D,"HCF(36,73) = 1.",Aptitude,LCM and HCF
Find the Simple Interest on ₹36436 at 6% per annum for 4 years.,8795,8945,8645,8745,D,SI = (P × R × T)/100 = (36436 × 6 × 4)/100 = ₹8745.,Aptitude,Simple Interest
Find the Compound Interest on ₹17169 at 5% per annum for 3 years (compounded annually).,2726,2856,2686,2706,D,Amount = P(1+R/100)^T = 17169(1+5/100)^3 ≈ ₹19875. CI = Amount − P = ₹2706.,Aptitude,Compound Interest
A shopkeeper buys an item for ₹2573 and sells it at a 20% profit. What is the selling price?,3008,3138,3088,3108,C,Profit amount = 20% of 2573 = ₹515. Selling price = 2573 + 515 = ₹3088.,Aptitude,Profit and Loss
"Two numbers are in the ratio 9:6. If their sum is 90, find the larger number.",49,51,54,57,C,Total parts = 9+6 = 15. Each part = 90/15 = 6. Larger number = 9 × 6 = 54.,Aptitude,Ratios
A shopkeeper buys an item for ₹1516 and sells it at a 10% loss. What is the selling price?,1364,1384,1414,1314,A,Loss amount = 10% of 1516 = ₹152. Selling price = 1516 - 152 = ₹1364.,Aptitude,Profit and Loss
"A can complete a piece of work in 5 days and B can complete it in 17 days. Working together, how many days will they take (rounded to 2 decimal places)?",4.86,3.86,2.86,2.36,B,Combined rate = 1/5 + 1/17. Time together = (5×17)/(5+17) = 3.86 days.,Aptitude,Time and Work
A quantity of 728 is decreased by 5%. What is the new value?,682,687,707,692,D,"5% of 728 = 36. Since it decreased, new value = 728 - 36 = 692.",Aptitude,Percentage
A quantity of 851 is increased by 20%. What is the new value?,1031,1016,1011,1021,D,"20% of 851 = 170. Since it increased, new value = 851 + 170 = 1021.",Aptitude,Percentage
A shopkeeper buys an item for ₹1894 and sells it at a 10% loss. What is the selling price?,1785,1725,1705,1625,C,Loss amount = 10% of 1894 = ₹189. Selling price = 1894 - 189 = ₹1705.,Aptitude,Profit and Loss
A vehicle covers 23 km in 1 hours. What is its speed?,20,28,22,23,D,Distance = Speed × Time = 23 × 1 = 23 km. So the answer is 23 km/h.,Aptitude,Time and Distance
Find the Simple Interest on ₹36759 at 6% per annum for 4 years.,8622,8822,9022,9122,B,SI = (P × R × T)/100 = (36759 × 6 × 4)/100 = ₹8822.,Aptitude,Simple Interest
A vehicle travels at 95 km/h for 7 hours. What distance does it cover?,665,664,666,670,A,Distance = Speed × Time = 95 × 7 = 665 km. So the answer is 665 km.,Aptitude,Time and Distance
A quantity of 338 is decreased by 12%. What is the new value?,277,297,312,302,B,"12% of 338 = 41. Since it decreased, new value = 338 - 41 = 297.",Aptitude,Percentage
A vehicle covers 138 km in 3 hours. What is its speed?,51,44,46,41,C,Distance = Speed × Time = 46 × 3 = 138 km. So the answer is 46 km/h.,Aptitude,Time and Distance
"A can complete a piece of work in 20 days and B can complete it in 7 days. Working together, how many days will they take (rounded to 2 decimal places)?",5.19,4.19,5.69,7.19,A,Combined rate = 1/20 + 1/7. Time together = (20×7)/(20+7) = 5.19 days.,Aptitude,Time and Work
Is 716 divisible by 5?,Cannot say,No,Only sometimes,Yes,B,"716 ÷ 5 leaves remainder 1, so the answer is No.",Aptitude,Divisibility
Is 559 divisible by 3?,Yes,Cannot say,Only sometimes,No,D,"559 ÷ 3 leaves remainder 1, so the answer is No.",Aptitude,Divisibility
Find the Compound Interest on ₹3012 at 20% per annum for 3 years (compounded annually).,2043,2213,2343,2193,D,Amount = P(1+R/100)^T = 3012(1+20/100)^3 ≈ ₹5205. CI = Amount − P = ₹2193.,Aptitude,Compound Interest
"Find the average of these numbers: 68, 84, 49, 86, 58, 58, 45.",66,67,63,64,D,"Sum = 448, Count = 7, Average = 448/7 = 64.",Aptitude,Averages
"Two numbers are in the ratio 12:8. If their sum is 260, find the larger number.",159,166,141,156,D,Total parts = 12+8 = 20. Each part = 260/20 = 13. Larger number = 12 × 13 = 156.,Aptitude,Ratios
A vehicle covers 96 km at a speed of 32 km/h. How long does it take?,1,3,6,8,B,Distance = Speed × Time = 32 × 3 = 96 km. So the answer is 3 hours.,Aptitude,Time and Distance
A vehicle covers 438 km in 6 hours. What is its speed?,71,73,70,74,B,Distance = Speed × Time = 73 × 6 = 438 km. So the answer is 73 km/h.,Aptitude,Time and Distance
A shopkeeper buys an item for ₹981 and sells it at a 25% loss. What is the selling price?,716,736,766,706,B,Loss amount = 25% of 981 = ₹245. Selling price = 981 - 245 = ₹736.,Aptitude,Profit and Loss
"Find the average of these numbers: 76, 57, 78, 16, 10, 75.",49,57,52,54,C,"Sum = 312, Count = 6, Average = 312/6 = 52.",Aptitude,Averages
Find the Compound Interest on ₹16165 at 20% per annum for 3 years (compounded annually).,11768,11918,11748,11818,A,Amount = P(1+R/100)^T = 16165(1+20/100)^3 ≈ ₹27933. CI = Amount − P = ₹11768.,Aptitude,Compound Interest
"Two numbers are in the ratio 7:4. If their sum is 198, find the larger number.",121,126,136,116,B,Total parts = 7+4 = 11. Each part = 198/11 = 18. Larger number = 7 × 18 = 126.,Aptitude,Ratios
A card is drawn from a well-shuffled standard deck of 52 cards. What is the probability of drawing a red card?,1/2,11/26,29/52,21/52,A,"Favourable outcomes = 26, Total outcomes = 52. Probability = 26/52 = 1/2 (in simplest form).",Aptitude,Probability
Find the Compound Interest on ₹6842 at 5% per annum for 2 years (compounded annually).,851,751,721,701,D,Amount = P(1+R/100)^T = 6842(1+5/100)^2 ≈ ₹7543. CI = Amount − P = ₹701.,Aptitude,Compound Interest
"Two numbers are in the ratio 4:5. If their sum is 63, find the larger number.",50,20,35,30,C,Total parts = 4+5 = 9. Each part = 63/9 = 7. Larger number = 5 × 7 = 35.,Aptitude,Ratios
Find the Compound Interest on ₹5452 at 5% per annum for 2 years (compounded annually).,579,539,609,559,D,Amount = P(1+R/100)^T = 5452(1+5/100)^2 ≈ ₹6011. CI = Amount − P = ₹559.,Aptitude,Compound Interest
What is the HCF (Highest Common Factor) of 44 and 58?,6,5,2,3,C,"HCF(44,58) = 2.",Aptitude,LCM and HCF
Find the Simple Interest on ₹9568 at 5% per annum for 6 years.,2920,2870,3170,2670,B,SI = (P × R × T)/100 = (9568 × 5 × 6)/100 = ₹2870.,Aptitude,Simple Interest
"A can complete a piece of work in 13 days and B can complete it in 4 days. Working together, how many days will they take (rounded to 2 decimal places)?",3.06,4.56,3.56,1.06,A,Combined rate = 1/13 + 1/4. Time together = (13×4)/(13+4) = 3.06 days.,Aptitude,Time and Work
A quantity of 136 is increased by 10%. What is the new value?,135,130,150,140,C,"10% of 136 = 14. Since it increased, new value = 136 + 14 = 150.",Aptitude,Percentage
"Two numbers are in the ratio 2:9. If their sum is 77, find the larger number.",78,68,60,63,D,Total parts = 2+9 = 11. Each part = 77/11 = 7. Larger number = 9 × 7 = 63.,Aptitude,Ratios
Find the Simple Interest on ₹39642 at 5% per annum for 4 years.,8228,7928,7878,7728,B,SI = (P × R × T)/100 = (39642 × 5 × 4)/100 = ₹7928.,Aptitude,Simple Interest
"Two numbers are in the ratio 2:10. If their sum is 192, find the larger number.",160,175,165,157,A,Total parts = 2+10 = 12. Each part = 192/12 = 16. Larger number = 10 × 16 = 160.,Aptitude,Ratios
Find the Simple Interest on ₹23896 at 12% per annum for 1 years.,3068,2868,3168,2668,B,SI = (P × R × T)/100 = (23896 × 12 × 1)/100 = ₹2868.,Aptitude,Simple Interest
"Find the average of these numbers: 85, 86, 96.",84,90,92,89,D,"Sum = 267, Count = 3, Average = 267/3 = 89.",Aptitude,Averages
Find the Compound Interest on ₹8378 at 10% per annum for 3 years (compounded annually).,2823,2793,2753,2773,D,Amount = P(1+R/100)^T = 8378(1+10/100)^3 ≈ ₹11151. CI = Amount − P = ₹2773.,Aptitude,Compound Interest
Find the Simple Interest on ₹33740 at 8% per annum for 2 years.,5698,5398,5598,5098,B,SI = (P × R × T)/100 = (33740 × 8 × 2)/100 = ₹5398.,Aptitude,Simple Interest
What is the HCF (Highest Common Factor) of 79 and 28?,-3.0,1,2,3,B,"HCF(79,28) = 1.",Aptitude,LCM and HCF
A shopkeeper buys an item for ₹661 and sells it at a 25% profit. What is the selling price?,846,856,826,906,C,Profit amount = 25% of 661 = ₹165. Selling price = 661 + 165 = ₹826.,Aptitude,Profit and Loss
A shopkeeper buys an item for ₹3611 and sells it at a 15% loss. What is the selling price?,3019,3069,3119,2989,B,Loss amount = 15% of 3611 = ₹542. Selling price = 3611 - 542 = ₹3069.,Aptitude,Profit and Loss
A shopkeeper buys an item for ₹2024 and sells it at a 20% loss. What is the selling price?,1599,1619,1669,1649,B,Loss amount = 20% of 2024 = ₹405. Selling price = 2024 - 405 = ₹1619.,Aptitude,Profit and Loss
A shopkeeper buys an item for ₹1878 and sells it at a 10% profit. What is the selling price?,1986,2066,2146,2116,B,Profit amount = 10% of 1878 = ₹188. Selling price = 1878 + 188 = ₹2066.,Aptitude,Profit and Loss
Find the Compound Interest on ₹12402 at 20% per annum for 2 years (compounded annually).,5457,5437,5307,5407,A,Amount = P(1+R/100)^T = 12402(1+20/100)^2 ≈ ₹17859. CI = Amount − P = ₹5457.,Aptitude,Compound Interest
"A can complete a piece of work in 10 days and B can complete it in 11 days. Working together, how many days will they take (rounded to 2 decimal places)?",4.74,6.24,6.74,5.24,D,Combined rate = 1/10 + 1/11. Time together = (10×11)/(10+11) = 5.24 days.,Aptitude,Time and Work
"Find the average of these numbers: 23, 42, 76.",45,47,52,48,B,"Sum = 141, Count = 3, Average = 141/3 = 47.",Aptitude,Averages
Find the Compound Interest on ₹7166 at 5% per annum for 2 years (compounded annually).,735,685,635,585,A,Amount = P(1+R/100)^T = 7166(1+5/100)^2 ≈ ₹7901. CI = Amount − P = ₹735.,Aptitude,Compound Interest
A vehicle covers 236 km at a speed of 59 km/h. How long does it take?,5,1,4,2,C,Distance = Speed × Time = 59 × 4 = 236 km. So the answer is 4 hours.,Aptitude,Time and Distance
What is the LCM (Least Common Multiple) of 16 and 11?,172,180,176,177,C,"LCM(16,11) = (16×11)/HCF(16,11) = 176.",Aptitude,LCM and HCF
Find the Simple Interest on ₹33752 at 7% per annum for 4 years.,9451,9751,9401,9251,A,SI = (P × R × T)/100 = (33752 × 7 × 4)/100 = ₹9451.,Aptitude,Simple Interest
A vehicle travels at 67 km/h for 9 hours. What distance does it cover?,601,606,604,603,D,Distance = Speed × Time = 67 × 9 = 603 km. So the answer is 603 km.,Aptitude,Time and Distance
A quantity of 891 is decreased by 50%. What is the new value?,445,460,430,435,A,"50% of 891 = 446. Since it decreased, new value = 891 - 446 = 445.",Aptitude,Percentage
Find the Simple Interest on ₹39624 at 8% per annum for 6 years.,19020,19120,18920,19220,A,SI = (P × R × T)/100 = (39624 × 8 × 6)/100 = ₹19020.,Aptitude,Simple Interest
"Find the average of these numbers: 62, 42, 34.",48,46,47,44,B,"Sum = 138, Count = 3, Average = 138/3 = 46.",Aptitude,Averages
What is the LCM (Least Common Multiple) of 9 and 29?,263,262,261,265,C,"LCM(9,29) = (9×29)/HCF(9,29) = 261.",Aptitude,LCM and HCF
A quantity of 318 is increased by 30%. What is the new value?,398,408,423,413,D,"30% of 318 = 95. Since it increased, new value = 318 + 95 = 413.",Aptitude,Percentage
"A can complete a piece of work in 11 days and B can complete it in 5 days. Working together, how many days will they take (rounded to 2 decimal places)?",3.44,3.94,5.44,4.44,A,Combined rate = 1/11 + 1/5. Time together = (11×5)/(11+5) = 3.44 days.,Aptitude,Time and Work
A shopkeeper buys an item for ₹4236 and sells it at a 25% profit. What is the selling price?,5295,5265,5375,5325,A,Profit amount = 25% of 4236 = ₹1059. Selling price = 4236 + 1059 = ₹5295.,Aptitude,Profit and Loss
Is 660 divisible by 5?,Yes,No,Only sometimes,Cannot say,A,"660 ÷ 5 leaves remainder 0, so the answer is Yes.",Aptitude,Divisibility
A quantity of 73 is increased by 20%. What is the new value?,108,83,93,88,D,"20% of 73 = 15. Since it increased, new value = 73 + 15 = 88.",Aptitude,Percentage
A vehicle covers 162 km in 2 hours. What is its speed?,81,79,86,76,A,Distance = Speed × Time = 81 × 2 = 162 km. So the answer is 81 km/h.,Aptitude,Time and Distance
Find the Compound Interest on ₹11397 at 5% per annum for 2 years (compounded annually).,1188,1148,1168,1018,C,Amount = P(1+R/100)^T = 11397(1+5/100)^2 ≈ ₹12565. CI = Amount − P = ₹1168.,Aptitude,Compound Interest
Find the Simple Interest on ₹47683 at 12% per annum for 5 years.,28560,28610,28310,28510,B,SI = (P × R × T)/100 = (47683 × 12 × 5)/100 = ₹28610.,Aptitude,Simple Interest
Find the Compound Interest on ₹4969 at 10% per annum for 3 years (compounded annually).,1595,1545,1495,1645,D,Amount = P(1+R/100)^T = 4969(1+10/100)^3 ≈ ₹6614. CI = Amount − P = ₹1645.,Aptitude,Compound Interest
A shopkeeper buys an item for ₹1527 and sells it at a 10% loss. What is the selling price?,1324,1424,1374,1344,C,Loss amount = 10% of 1527 = ₹153. Selling price = 1527 - 153 = ₹1374.,Aptitude,Profit and Loss
"Find the average of these numbers: 73, 38, 36.",49,47,52,48,A,"Sum = 147, Count = 3, Average = 147/3 = 49.",Aptitude,Averages
A quantity of 312 is decreased by 20%. What is the new value?,270,250,230,240,B,"20% of 312 = 62. Since it decreased, new value = 312 - 62 = 250.",Aptitude,Percentage
Find the Simple Interest on ₹34587 at 12% per annum for 5 years.,20752,20652,20802,20852,A,SI = (P × R × T)/100 = (34587 × 12 × 5)/100 = ₹20752.,Aptitude,Simple Interest
A quantity of 614 is increased by 5%. What is the new value?,645,660,650,625,A,"5% of 614 = 31. Since it increased, new value = 614 + 31 = 645.",Aptitude,Percentage
A shopkeeper buys an item for ₹3028 and sells it at a 20% profit. What is the selling price?,3634,3654,3604,3664,A,Profit amount = 20% of 3028 = ₹606. Selling price = 3028 + 606 = ₹3634.,Aptitude,Profit and Loss
A shopkeeper buys an item for ₹3634 and sells it at a 5% profit. What is the selling price?,3766,3896,3816,3796,C,Profit amount = 5% of 3634 = ₹182. Selling price = 3634 + 182 = ₹3816.,Aptitude,Profit and Loss
A vehicle covers 324 km in 4 hours. What is its speed?,86,81,79,82,B,Distance = Speed × Time = 81 × 4 = 324 km. So the answer is 81 km/h.,Aptitude,Time and Distance
Find the Simple Interest on ₹14314 at 7% per annum for 4 years.,4208,4008,3708,3908,B,SI = (P × R × T)/100 = (14314 × 7 × 4)/100 = ₹4008.,Aptitude,Simple Interest
What is the HCF (Highest Common Factor) of 11 and 65?,5,3,1,4,C,"HCF(11,65) = 1.",Aptitude,LCM and HCF
"Two numbers are in the ratio 3:7. If their sum is 150, find the larger number.",102,110,105,90,C,Total parts = 3+7 = 10. Each part = 150/10 = 15. Larger number = 7 × 15 = 105.,Aptitude,Ratios
Find the Simple Interest on ₹42449 at 10% per annum for 5 years.,20924,21174,21224,21124,C,SI = (P × R × T)/100 = (42449 × 10 × 5)/100 = ₹21224.,Aptitude,Simple Interest
Find the Simple Interest on ₹33711 at 5% per annum for 6 years.,10413,9813,10113,10213,C,SI = (P × R × T)/100 = (33711 × 5 × 6)/100 = ₹10113.,Aptitude,Simple Interest
A vehicle covers 873 km in 9 hours. What is its speed?,95,92,97,99,C,Distance = Speed × Time = 97 × 9 = 873 km. So the answer is 97 km/h.,Aptitude,Time and Distance
A quantity of 371 is increased by 15%. What is the new value?,442,432,427,437,C,"15% of 371 = 56. Since it increased, new value = 371 + 56 = 427.",Aptitude,Percentage
"A can complete a piece of work in 6 days and B can complete it in 16 days. Working together, how many days will they take (rounded to 2 decimal places)?",3.36,3.86,6.36,4.36,D,Combined rate = 1/6 + 1/16. Time together = (6×16)/(6+16) = 4.36 days.,Aptitude,Time and Work
Find the Compound Interest on ₹14915 at 10% per annum for 2 years (compounded annually).,3112,3152,3132,3182,C,Amount = P(1+R/100)^T = 14915(1+10/100)^2 ≈ ₹18047. CI = Amount − P = ₹3132.,Aptitude,Compound Interest
A quantity of 525 is increased by 15%. What is the new value?,599,619,589,604,D,"15% of 525 = 79. Since it increased, new value = 525 + 79 = 604.",Aptitude,Percentage
A shopkeeper buys an item for ₹3221 and sells it at a 40% profit. What is the selling price?,4459,4489,4529,4509,D,Profit amount = 40% of 3221 = ₹1288. Selling price = 3221 + 1288 = ₹4509.,Aptitude,Profit and Loss
"A can complete a piece of work in 11 days and B can complete it in 4 days. Working together, how many days will they take (rounded to 2 decimal places)?",1.43,0.93,2.93,4.93,C,Combined rate = 1/11 + 1/4. Time together = (11×4)/(11+4) = 2.93 days.,Aptitude,Time and Work
"A can complete a piece of work in 16 days and B can complete it in 13 days. Working together, how many days will they take (rounded to 2 decimal places)?",7.17,5.17,8.67,6.67,A,Combined rate = 1/16 + 1/13. Time together = (16×13)/(16+13) = 7.17 days.,Aptitude,Time and Work
What is the HCF (Highest Common Factor) of 94 and 65?,2,4,1,5,C,"HCF(94,65) = 1.",Aptitude,LCM and HCF
"A can complete a piece of work in 17 days and B can complete it in 5 days. Working together, how many days will they take (rounded to 2 decimal places)?",2.36,3.86,4.86,3.36,B,Combined rate = 1/17 + 1/5. Time together = (17×5)/(17+5) = 3.86 days.,Aptitude,Time and Work
A shopkeeper buys an item for ₹4223 and sells it at a 40% profit. What is the selling price?,5962,5992,5882,5912,D,Profit amount = 40% of 4223 = ₹1689. Selling price = 4223 + 1689 = ₹5912.,Aptitude,Profit and Loss
A quantity of 631 is decreased by 50%. What is the new value?,315,330,295,320,A,"50% of 631 = 316. Since it decreased, new value = 631 - 316 = 315.",Aptitude,Percentage
Find the Simple Interest on ₹12527 at 4% per annum for 6 years.,3006,3056,3106,3206,A,SI = (P × R × T)/100 = (12527 × 4 × 6)/100 = ₹3006.,Aptitude,Simple Interest
What is the LCM (Least Common Multiple) of 14 and 17?,236,234,238,241,C,"LCM(14,17) = (14×17)/HCF(14,17) = 238.",Aptitude,LCM and HCF
"A can complete a piece of work in 5 days and B can complete it in 12 days. Working together, how many days will they take (rounded to 2 decimal places)?",1.53,5.03,2.03,3.53,D,Combined rate = 1/5 + 1/12. Time together = (5×12)/(5+12) = 3.53 days.,Aptitude,Time and Work
A shopkeeper buys an item for ₹469 and sells it at a 15% loss. What is the selling price?,429,399,479,349,B,Loss amount = 15% of 469 = ₹70. Selling price = 469 - 70 = ₹399.,Aptitude,Profit and Loss
"A can complete a piece of work in 15 days and B can complete it in 10 days. Working together, how many days will they take (rounded to 2 decimal places)?",6.00,8.00,6.50,7.50,A,Combined rate = 1/15 + 1/10. Time together = (15×10)/(15+10) = 6.00 days.,Aptitude,Time and Work
"Two numbers are in the ratio 11:7. If their sum is 288, find the larger number.",176,166,181,173,A,Total parts = 11+7 = 18. Each part = 288/18 = 16. Larger number = 11 × 16 = 176.,Aptitude,Ratios
"A can complete a piece of work in 14 days and B can complete it in 12 days. Working together, how many days will they take (rounded to 2 decimal places)?",6.96,7.96,4.96,6.46,D,Combined rate = 1/14 + 1/12. Time together = (14×12)/(14+12) = 6.46 days.,Aptitude,Time and Work
Find the Simple Interest on ₹42660 at 9% per annum for 6 years.,23236,22936,23036,23086,C,SI = (P × R × T)/100 = (42660 × 9 × 6)/100 = ₹23036.,Aptitude,Simple Interest
Find the Simple Interest on ₹10785 at 12% per annum for 3 years.,3583,4083,3883,3833,C,SI = (P × R × T)/100 = (10785 × 12 × 3)/100 = ₹3883.,Aptitude,Simple Interest
A quantity of 671 is decreased by 12%. What is the new value?,570,595,590,605,C,"12% of 671 = 81. Since it decreased, new value = 671 - 81 = 590.",Aptitude,Percentage
A quantity of 67 is decreased by 50%. What is the new value?,33,13,28,48,A,"50% of 67 = 34. Since it decreased, new value = 67 - 34 = 33.",Aptitude,Percentage
Is 86 divisible by 9?,No,Cannot say,Yes,Only sometimes,A,"86 ÷ 9 leaves remainder 5, so the answer is No.",Aptitude,Divisibility
A vehicle travels at 101 km/h for 10 hours. What distance does it cover?,1012,1011,1015,1010,D,Distance = Speed × Time = 101 × 10 = 1010 km. So the answer is 1010 km.,Aptitude,Time and Distance
A quantity of 646 is decreased by 40%. What is the new value?,388,403,408,398,A,"40% of 646 = 258. Since it decreased, new value = 646 - 258 = 388.",Aptitude,Percentage
A quantity of 728 is decreased by 10%. What is the new value?,675,655,640,670,B,"10% of 728 = 73. Since it decreased, new value = 728 - 73 = 655.",Aptitude,Percentage
Find the Compound Interest on ₹14619 at 5% per annum for 3 years (compounded annually).,2404,2354,2284,2304,D,Amount = P(1+R/100)^T = 14619(1+5/100)^3 ≈ ₹16923. CI = Amount − P = ₹2304.,Aptitude,Compound Interest
"Find the average of these numbers: 52, 66, 29, 98, 76, 15, 77.",57,58,59,54,C,"Sum = 413, Count = 7, Average = 413/7 = 59.",Aptitude,Averages
A quantity of 566 is decreased by 50%. What is the new value?,303,263,283,278,C,"50% of 566 = 283. Since it decreased, new value = 566 - 283 = 283.",Aptitude,Percentage
"Find the average of these numbers: 88, 45, 65.",66,68,69,65,A,"Sum = 198, Count = 3, Average = 198/3 = 66.",Aptitude,Averages
A quantity of 444 is decreased by 10%. What is the new value?,380,415,400,385,C,"10% of 444 = 44. Since it decreased, new value = 444 - 44 = 400.",Aptitude,Percentage
A shopkeeper buys an item for ₹211 and sells it at a 25% profit. What is the selling price?,314,184,264,284,C,Profit amount = 25% of 211 = ₹53. Selling price = 211 + 53 = ₹264.,Aptitude,Profit and Loss
A vehicle travels at 56 km/h for 3 hours. What distance does it cover?,171,168,167,165,B,Distance = Speed × Time = 56 × 3 = 168 km. So the answer is 168 km.,Aptitude,Time and Distance
"Find the average of these numbers: 21, 67, 59, 50, 60, 49.",51,52,50,54,A,"Sum = 306, Count = 6, Average = 306/6 = 51.",Aptitude,Averages
A fair six-sided die is rolled once. What is the probability of getting a number greater than 4?,3/4,1/4,1/6,1/3,D,"Favourable outcomes = 2, Total outcomes = 6. Probability = 2/6 = 1/3 (in simplest form).",Aptitude,Probability
A shopkeeper buys an item for ₹4200 and sells it at a 40% loss. What is the selling price?,2550,2520,2490,2570,B,Loss amount = 40% of 4200 = ₹1680. Selling price = 4200 - 1680 = ₹2520.,Aptitude,Profit and Loss
A quantity of 545 is decreased by 50%. What is the new value?,263,293,288,273,D,"50% of 545 = 272. Since it decreased, new value = 545 - 272 = 273.",Aptitude,Percentage
A quantity of 292 is decreased by 30%. What is the new value?,204,184,209,194,A,"30% of 292 = 88. Since it decreased, new value = 292 - 88 = 204.",Aptitude,Percentage
A fair coin is tossed once. What is the probability of getting heads?,1/3,2/3,1/2,1/12,C,"Favourable outcomes = 1, Total outcomes = 2. Probability = 1/2 = 1/2 (in simplest form).",Aptitude,Probability
"A can complete a piece of work in 19 days and B can complete it in 19 days. Working together, how many days will they take (rounded to 2 decimal places)?",10.50,7.50,9.50,8.00,C,Combined rate = 1/19 + 1/19. Time together = (19×19)/(19+19) = 9.50 days.,Aptitude,Time and Work
What is the LCM (Least Common Multiple) of 29 and 15?,432,437,435,431,C,"LCM(29,15) = (29×15)/HCF(29,15) = 435.",Aptitude,LCM and HCF
A quantity of 431 is increased by 10%. What is the new value?,474,494,479,484,A,"10% of 431 = 43. Since it increased, new value = 431 + 43 = 474.",Aptitude,Percentage
"Find the average of these numbers: 81, 99, 33.",66,71,74,68,B,"Sum = 213, Count = 3, Average = 213/3 = 71.",Aptitude,Averages
Find the Compound Interest on ₹16778 at 10% per annum for 3 years (compounded annually).,5534,5604,5454,5554,D,Amount = P(1+R/100)^T = 16778(1+10/100)^3 ≈ ₹22332. CI = Amount − P = ₹5554.,Aptitude,Compound Interest
A vehicle covers 707 km in 7 hours. What is its speed?,101,102,98,106,A,Distance = Speed × Time = 101 × 7 = 707 km. So the answer is 101 km/h.,Aptitude,Time and Distance
"Find the average of these numbers: 74, 90, 19, 20, 7.",37,43,42,41,C,"Sum = 210, Count = 5, Average = 210/5 = 42.",Aptitude,Averages
"Two numbers are in the ratio 7:12. If their sum is 361, find the larger number.",213,218,225,228,D,Total parts = 7+12 = 19. Each part = 361/19 = 19. Larger number = 12 × 19 = 228.,Aptitude,Ratios
A vehicle travels at 116 km/h for 3 hours. What distance does it cover?,353,348,351,345,B,Distance = Speed × Time = 116 × 3 = 348 km. So the answer is 348 km.,Aptitude,Time and Distance
A vehicle covers 153 km at a speed of 51 km/h. How long does it take?,2,5,3,6,C,Distance = Speed × Time = 51 × 3 = 153 km. So the answer is 3 hours.,Aptitude,Time and Distance
What is the HCF (Highest Common Factor) of 56 and 68?,1,8,4,2,C,"HCF(56,68) = 4.",Aptitude,LCM and HCF
Find the Compound Interest on ₹12205 at 5% per annum for 2 years (compounded annually).,1301,1251,1201,1351,B,Amount = P(1+R/100)^T = 12205(1+5/100)^2 ≈ ₹13456. CI = Amount − P = ₹1251.,Aptitude,Compound Interest
"Find the average of these numbers: 80, 86, 28, 45, 61.",63,55,58,60,D,"Sum = 300, Count = 5, Average = 300/5 = 60.",Aptitude,Averages
"A can complete a piece of work in 5 days and B can complete it in 19 days. Working together, how many days will they take (rounded to 2 decimal places)?",3.46,4.96,3.96,2.96,C,Combined rate = 1/5 + 1/19. Time together = (5×19)/(5+19) = 3.96 days.,Aptitude,Time and Work
A vehicle covers 225 km at a speed of 45 km/h. How long does it take?,6,4,5,2,C,Distance = Speed × Time = 45 × 5 = 225 km. So the answer is 5 hours.,Aptitude,Time and Distance
A quantity of 812 is decreased by 30%. What is the new value?,578,583,553,568,D,"30% of 812 = 244. Since it decreased, new value = 812 - 244 = 568.",Aptitude,Percentage
Find the Simple Interest on ₹37620 at 8% per annum for 1 years.,2810,3060,2710,3010,D,SI = (P × R × T)/100 = (37620 × 8 × 1)/100 = ₹3010.,Aptitude,Simple Interest
"Find the average of these numbers: 51, 54, 92, 16, 65, 11, 82.",53,56,48,58,A,"Sum = 371, Count = 7, Average = 371/7 = 53.",Aptitude,Averages
Find the Compound Interest on ₹10039 at 10% per annum for 2 years (compounded annually).,1958,2128,2108,2208,C,Amount = P(1+R/100)^T = 10039(1+10/100)^2 ≈ ₹12147. CI = Amount − P = ₹2108.,Aptitude,Compound Interest
A vehicle covers 630 km in 6 hours. What is its speed?,105,110,108,107,A,Distance = Speed × Time = 105 × 6 = 630 km. So the answer is 105 km/h.,Aptitude,Time and Distance
"Two numbers are in the ratio 12:10. If their sum is 242, find the larger number.",132,147,135,117,A,Total parts = 12+10 = 22. Each part = 242/22 = 11. Larger number = 12 × 11 = 132.,Aptitude,Ratios
"Find the average of these numbers: 66, 55, 26.",50,49,46,47,B,"Sum = 147, Count = 3, Average = 147/3 = 49.",Aptitude,Averages
A shopkeeper buys an item for ₹219 and sells it at a 20% loss. What is the selling price?,255,95,125,175,D,Loss amount = 20% of 219 = ₹44. Selling price = 219 - 44 = ₹175.,Aptitude,Profit and Loss
"Two numbers are in the ratio 4:10. If their sum is 126, find the larger number.",95,90,80,75,B,Total parts = 4+10 = 14. Each part = 126/14 = 9. Larger number = 10 × 9 = 90.,Aptitude,Ratios
Find the Compound Interest on ₹10321 at 20% per annum for 3 years (compounded annually).,7364,7514,7494,7664,B,Amount = P(1+R/100)^T = 10321(1+20/100)^3 ≈ ₹17835. CI = Amount − P = ₹7514.,Aptitude,Compound Interest
Find the Simple Interest on ₹39051 at 9% per annum for 4 years.,14058,14258,13758,13958,A,SI = (P × R × T)/100 = (39051 × 9 × 4)/100 = ₹14058.,Aptitude,Simple Interest
Find the Compound Interest on ₹14804 at 10% per annum for 2 years (compounded annually).,3089,3159,3109,3059,C,Amount = P(1+R/100)^T = 14804(1+10/100)^2 ≈ ₹17913. CI = Amount − P = ₹3109.,Aptitude,Compound Interest
Is 81 divisible by 10?,Only sometimes,Yes,Cannot say,No,D,"81 ÷ 10 leaves remainder 1, so the answer is No.",Aptitude,Divisibility
Find the Simple Interest on ₹32169 at 7% per annum for 1 years.,2152,2252,2452,2052,B,SI = (P × R × T)/100 = (32169 × 7 × 1)/100 = ₹2252.,Aptitude,Simple Interest
A shopkeeper buys an item for ₹4159 and sells it at a 25% profit. What is the selling price?,5219,5169,5199,5119,C,Profit amount = 25% of 4159 = ₹1040. Selling price = 4159 + 1040 = ₹5199.,Aptitude,Profit and Loss
What is the LCM (Least Common Multiple) of 6 and 18?,20,17,16,18,D,"LCM(6,18) = (6×18)/HCF(6,18) = 18.",Aptitude,LCM and HCF
"A can complete a piece of work in 15 days and B can complete it in 14 days. Working together, how many days will they take (rounded to 2 decimal places)?",9.24,7.74,5.24,7.24,D,Combined rate = 1/15 + 1/14. Time together = (15×14)/(15+14) = 7.24 days.,Aptitude,Time and Work
A quantity of 774 is decreased by 30%. What is the new value?,522,557,542,547,C,"30% of 774 = 232. Since it decreased, new value = 774 - 232 = 542.",Aptitude,Percentage
A vehicle covers 98 km in 2 hours. What is its speed?,49,48,46,54,A,Distance = Speed × Time = 49 × 2 = 98 km. So the answer is 49 km/h.,Aptitude,Time and Distance
A vehicle travels at 91 km/h for 10 hours. What distance does it cover?,910,908,905,911,A,Distance = Speed × Time = 91 × 10 = 910 km. So the answer is 910 km.,Aptitude,Time and Distance
A shopkeeper buys an item for ₹4728 and sells it at a 10% loss. What is the selling price?,4275,4285,4205,4255,D,Loss amount = 10% of 4728 = ₹473. Selling price = 4728 - 473 = ₹4255.,Aptitude,Profit and Loss
A quantity of 832 is increased by 25%. What is the new value?,1050,1030,1020,1040,D,"25% of 832 = 208. Since it increased, new value = 832 + 208 = 1040.",Aptitude,Percentage
Is 758 divisible by 11?,No,Yes,Cannot say,Only sometimes,A,"758 ÷ 11 leaves remainder 10, so the answer is No.",Aptitude,Divisibility
A shopkeeper buys an item for ₹4688 and sells it at a 15% loss. What is the selling price?,4005,4015,3985,3955,C,Loss amount = 15% of 4688 = ₹703. Selling price = 4688 - 703 = ₹3985.,Aptitude,Profit and Loss
"Find the average of these numbers: 98, 52, 86, 95, 58, 65, 87, 19.",65,67,70,73,C,"Sum = 560, Count = 8, Average = 560/8 = 70.",Aptitude,Averages
A shopkeeper buys an item for ₹3047 and sells it at a 50% loss. What is the selling price?,1473,1603,1523,1503,C,Loss amount = 50% of 3047 = ₹1524. Selling price = 3047 - 1524 = ₹1523.,Aptitude,Profit and Loss
"Two numbers are in the ratio 5:2. If their sum is 35, find the larger number.",25,30,15,10,A,Total parts = 5+2 = 7. Each part = 35/7 = 5. Larger number = 5 × 5 = 25.,Aptitude,Ratios
What is the LCM (Least Common Multiple) of 2 and 16?,12,16,18,15,B,"LCM(2,16) = (2×16)/HCF(2,16) = 16.",Aptitude,LCM and HCF
A shopkeeper buys an item for ₹3777 and sells it at a 20% loss. What is the selling price?,3042,3022,3072,3052,B,Loss amount = 20% of 3777 = ₹755. Selling price = 3777 - 755 = ₹3022.,Aptitude,Profit and Loss
A shopkeeper buys an item for ₹4588 and sells it at a 25% profit. What is the selling price?,5735,5685,5705,5655,A,Profit amount = 25% of 4588 = ₹1147. Selling price = 4588 + 1147 = ₹5735.,Aptitude,Profit and Loss
Find the Compound Interest on ₹5755 at 10% per annum for 3 years (compounded annually).,2005,1955,2055,1905,D,Amount = P(1+R/100)^T = 5755(1+10/100)^3 ≈ ₹7660. CI = Amount − P = ₹1905.,Aptitude,Compound Interest
"A can complete a piece of work in 7 days and B can complete it in 20 days. Working together, how many days will they take (rounded to 2 decimal places)?",5.19,3.19,4.69,7.19,A,Combined rate = 1/7 + 1/20. Time together = (7×20)/(7+20) = 5.19 days.,Aptitude,Time and Work
A quantity of 454 is increased by 15%. What is the new value?,542,517,502,522,D,"15% of 454 = 68. Since it increased, new value = 454 + 68 = 522.",Aptitude,Percentage
"Two numbers are in the ratio 3:8. If their sum is 121, find the larger number.",103,85,88,98,C,Total parts = 3+8 = 11. Each part = 121/11 = 11. Larger number = 8 × 11 = 88.,Aptitude,Ratios
Find the Simple Interest on ₹42863 at 8% per annum for 6 years.,20374,20874,20574,20624,C,SI = (P × R × T)/100 = (42863 × 8 × 6)/100 = ₹20574.,Aptitude,Simple Interest
A shopkeeper buys an item for ₹219 and sells it at a 20% profit. What is the selling price?,213,343,263,293,C,Profit amount = 20% of 219 = ₹44. Selling price = 219 + 44 = ₹263.,Aptitude,Profit and Loss
Find the Simple Interest on ₹47697 at 9% per annum for 6 years.,25856,25756,25956,25706,B,SI = (P × R × T)/100 = (47697 × 9 × 6)/100 = ₹25756.,Aptitude,Simple Interest
A vehicle covers 760 km in 10 hours. What is its speed?,76,81,74,71,A,Distance = Speed × Time = 76 × 10 = 760 km. So the answer is 76 km/h.,Aptitude,Time and Distance
"Two numbers are in the ratio 6:11. If their sum is 136, find the larger number.",93,78,88,98,C,Total parts = 6+11 = 17. Each part = 136/17 = 8. Larger number = 11 × 8 = 88.,Aptitude,Ratios
A vehicle travels at 67 km/h for 6 hours. What distance does it cover?,404,402,405,401,B,Distance = Speed × Time = 67 × 6 = 402 km. So the answer is 402 km.,Aptitude,Time and Distance
A quantity of 168 is decreased by 25%. What is the new value?,146,126,121,136,B,"25% of 168 = 42. Since it decreased, new value = 168 - 42 = 126.",Aptitude,Percentage
Find the Compound Interest on ₹5228 at 5% per annum for 2 years (compounded annually).,556,586,536,516,C,Amount = P(1+R/100)^T = 5228(1+5/100)^2 ≈ ₹5764. CI = Amount − P = ₹536.,Aptitude,Compound Interest
A vehicle travels at 51 km/h for 1 hours. What distance does it cover?,49,51,48,56,B,Distance = Speed × Time = 51 × 1 = 51 km. So the answer is 51 km.,Aptitude,Time and Distance
"Two numbers are in the ratio 6:7. If their sum is 78, find the larger number.",27,42,52,57,B,Total parts = 6+7 = 13. Each part = 78/13 = 6. Larger number = 7 × 6 = 42.,Aptitude,Ratios
"Find the average of these numbers: 79, 51, 100, 15, 30, 39, 92.",58,61,56,53,A,"Sum = 406, Count = 7, Average = 406/7 = 58.",Aptitude,Averages
A quantity of 165 is decreased by 40%. What is the new value?,79,119,99,84,C,"40% of 165 = 66. Since it decreased, new value = 165 - 66 = 99.",Aptitude,Percentage
A quantity of 477 is decreased by 25%. What is the new value?,348,358,343,368,B,"25% of 477 = 119. Since it decreased, new value = 477 - 119 = 358.",Aptitude,Percentage
"Two numbers are in the ratio 8:6. If their sum is 238, find the larger number.",139,146,136,133,C,Total parts = 8+6 = 14. Each part = 238/14 = 17. Larger number = 8 × 17 = 136.,Aptitude,Ratios
A shopkeeper buys an item for ₹3976 and sells it at a 30% profit. What is the selling price?,5169,5089,5219,5249,A,Profit amount = 30% of 3976 = ₹1193. Selling price = 3976 + 1193 = ₹5169.,Aptitude,Profit and Loss
Find the Simple Interest on ₹28070 at 9% per annum for 4 years.,10105,10305,10405,10205,A,SI = (P × R × T)/100 = (28070 × 9 × 4)/100 = ₹10105.,Aptitude,Simple Interest
"Find the average of these numbers: 39, 89, 73, 36, 74, 31.",57,60,59,54,A,"Sum = 342, Count = 6, Average = 342/6 = 57.",Aptitude,Averages
A vehicle travels at 87 km/h for 5 hours. What distance does it cover?,435,436,432,434,A,Distance = Speed × Time = 87 × 5 = 435 km. So the answer is 435 km.,Aptitude,Time and Distance
"Find the average of these numbers: 85, 64, 91.",81,79,82,80,D,"Sum = 240, Count = 3, Average = 240/3 = 80.",Aptitude,Averages
"Find the average of these numbers: 68, 12, 57, 60, 14, 28, 20.",32,42,37,39,C,"Sum = 259, Count = 7, Average = 259/7 = 37.",Aptitude,Averages
A shopkeeper buys an item for ₹4573 and sells it at a 20% loss. What is the selling price?,3628,3688,3658,3738,C,Loss amount = 20% of 4573 = ₹915. Selling price = 4573 - 915 = ₹3658.,Aptitude,Profit and Loss
A vehicle covers 82 km in 1 hours. What is its speed?,87,83,79,82,D,Distance = Speed × Time = 82 × 1 = 82 km. So the answer is 82 km/h.,Aptitude,Time and Distance
A shopkeeper buys an item for ₹1128 and sells it at a 20% profit. What is the selling price?,1354,1384,1274,1304,A,Profit amount = 20% of 1128 = ₹226. Selling price = 1128 + 226 = ₹1354.,Aptitude,Profit and Loss
Find the Simple Interest on ₹28344 at 7% per annum for 5 years.,9620,9720,9920,9870,C,SI = (P × R × T)/100 = (28344 × 7 × 5)/100 = ₹9920.,Aptitude,Simple Interest
A shopkeeper buys an item for ₹1871 and sells it at a 40% profit. What is the selling price?,2599,2669,2619,2539,C,Profit amount = 40% of 1871 = ₹748. Selling price = 1871 + 748 = ₹2619.,Aptitude,Profit and Loss
A vehicle covers 115 km in 5 hours. What is its speed?,28,26,22,23,D,Distance = Speed × Time = 23 × 5 = 115 km. So the answer is 23 km/h.,Aptitude,Time and Distance
A vehicle covers 660 km in 6 hours. What is its speed?,110,105,113,108,A,Distance = Speed × Time = 110 × 6 = 660 km. So the answer is 110 km/h.,Aptitude,Time and Distance
Find the Compound Interest on ₹15120 at 5% per annum for 2 years (compounded annually).,1570,1550,1450,1700,B,Amount = P(1+R/100)^T = 15120(1+5/100)^2 ≈ ₹16670. CI = Amount − P = ₹1550.,Aptitude,Compound Interest
What is the LCM (Least Common Multiple) of 30 and 16?,238,241,240,239,C,"LCM(30,16) = (30×16)/HCF(30,16) = 240.",Aptitude,LCM and HCF
A shopkeeper buys an item for ₹1552 and sells it at a 15% profit. What is the selling price?,1785,1755,1705,1805,A,Profit amount = 15% of 1552 = ₹233. Selling price = 1552 + 233 = ₹1785.,Aptitude,Profit and Loss
A shopkeeper buys an item for ₹1133 and sells it at a 15% profit. What is the selling price?,1303,1253,1353,1323,A,Profit amount = 15% of 1133 = ₹170. Selling price = 1133 + 170 = ₹1303.,Aptitude,Profit and Loss
What is the LCM (Least Common Multiple) of 7 and 21?,21,22,25,17,A,"LCM(7,21) = (7×21)/HCF(7,21) = 21.",Aptitude,LCM and HCF
A quantity of 351 is decreased by 40%. What is the new value?,191,226,221,211,D,"40% of 351 = 140. Since it decreased, new value = 351 - 140 = 211.",Aptitude,Percentage
Find the Compound Interest on ₹13676 at 20% per annum for 3 years (compounded annually).,9956,9806,10056,10006,A,Amount = P(1+R/100)^T = 13676(1+20/100)^3 ≈ ₹23632. CI = Amount − P = ₹9956.,Aptitude,Compound Interest
Find the Compound Interest on ₹9485 at 20% per annum for 3 years (compounded annually).,6905,7055,6885,6755,A,Amount = P(1+R/100)^T = 9485(1+20/100)^3 ≈ ₹16390. CI = Amount − P = ₹6905.,Aptitude,Compound Interest
"Find the average of these numbers: 40, 64, 64, 35, 55, 76, 65, 65.",58,60,57,55,A,"Sum = 464, Count = 8, Average = 464/8 = 58.",Aptitude,Averages
A vehicle covers 304 km at a speed of 38 km/h. How long does it take?,11,5,13,8,D,Distance = Speed × Time = 38 × 8 = 304 km. So the answer is 8 hours.,Aptitude,Time and Distance
What is the HCF (Highest Common Factor) of 37 and 88?,5,1,2,3,B,"HCF(37,88) = 1.",Aptitude,LCM and HCF
"Find the average of these numbers: 19, 42, 47.",34,41,39,36,D,"Sum = 108, Count = 3, Average = 108/3 = 36.",Aptitude,Averages
Find the Simple Interest on ₹21311 at 8% per annum for 1 years.,1905,1705,1605,1405,B,SI = (P × R × T)/100 = (21311 × 8 × 1)/100 = ₹1705.,Aptitude,Simple Interest
A shopkeeper buys an item for ₹4998 and sells it at a 40% loss. What is the selling price?,3019,3029,2999,3049,C,Loss amount = 40% of 4998 = ₹1999. Selling price = 4998 - 1999 = ₹2999.,Aptitude,Profit and Loss
"Find the average of these numbers: 21, 73, 97, 96, 43.",66,63,69,71,A,"Sum = 330, Count = 5, Average = 330/5 = 66.",Aptitude,Averages
A quantity of 659 is increased by 5%. What is the new value?,687,712,677,692,D,"5% of 659 = 33. Since it increased, new value = 659 + 33 = 692.",Aptitude,Percentage
A vehicle covers 498 km in 6 hours. What is its speed?,81,83,82,80,B,Distance = Speed × Time = 83 × 6 = 498 km. So the answer is 83 km/h.,Aptitude,Time and Distance
Find the Compound Interest on ₹2427 at 10% per annum for 2 years (compounded annually).,510,610,490,560,A,Amount = P(1+R/100)^T = 2427(1+10/100)^2 ≈ ₹2937. CI = Amount − P = ₹510.,Aptitude,Compound Interest
"A can complete a piece of work in 7 days and B can complete it in 14 days. Working together, how many days will they take (rounded to 2 decimal places)?",4.17,2.67,6.17,4.67,D,Combined rate = 1/7 + 1/14. Time together = (7×14)/(7+14) = 4.67 days.,Aptitude,Time and Work
What is the HCF (Highest Common Factor) of 59 and 77?,2,4,3,1,D,"HCF(59,77) = 1.",Aptitude,LCM and HCF
A quantity of 710 is increased by 12%. What is the new value?,780,810,795,800,C,"12% of 710 = 85. Since it increased, new value = 710 + 85 = 795.",Aptitude,Percentage
Find the Compound Interest on ₹8049 at 5% per annum for 3 years (compounded annually).,1249,1269,1319,1419,B,Amount = P(1+R/100)^T = 8049(1+5/100)^3 ≈ ₹9318. CI = Amount − P = ₹1269.,Aptitude,Compound Interest
Find the Simple Interest on ₹35466 at 8% per annum for 5 years.,14186,14236,14136,14286,A,SI = (P × R × T)/100 = (35466 × 8 × 5)/100 = ₹14186.,Aptitude,Simple Interest
Find the Simple Interest on ₹46309 at 10% per annum for 1 years.,4931,4531,4431,4631,D,SI = (P × R × T)/100 = (46309 × 10 × 1)/100 = ₹4631.,Aptitude,Simple Interest
What is the LCM (Least Common Multiple) of 10 and 17?,170,174,169,167,A,"LCM(10,17) = (10×17)/HCF(10,17) = 170.",Aptitude,LCM and HCF
A shopkeeper buys an item for ₹2958 and sells it at a 20% loss. What is the selling price?,2366,2386,2336,2346,A,Loss amount = 20% of 2958 = ₹592. Selling price = 2958 - 592 = ₹2366.,Aptitude,Profit and Loss
"Find the average of these numbers: 96, 24, 57, 61, 51, 83.",59,65,61,62,D,"Sum = 372, Count = 6, Average = 372/6 = 62.",Aptitude,Averages
A quantity of 82 is decreased by 30%. What is the new value?,57,37,52,72,A,"30% of 82 = 25. Since it decreased, new value = 82 - 25 = 57.",Aptitude,Percentage
"Find the average of these numbers: 48, 11, 90, 89, 44, 41, 56, 29.",54,51,48,52,B,"Sum = 408, Count = 8, Average = 408/8 = 51.",Aptitude,Averages
Is 715 divisible by 5?,Cannot say,Only sometimes,Yes,No,C,"715 ÷ 5 leaves remainder 0, so the answer is Yes.",Aptitude,Divisibility
"A can complete a piece of work in 18 days and B can complete it in 17 days. Working together, how many days will they take (rounded to 2 decimal places)?",9.74,8.74,6.74,9.24,B,Combined rate = 1/18 + 1/17. Time together = (18×17)/(18+17) = 8.74 days.,Aptitude,Time and Work
Find the Compound Interest on ₹10471 at 5% per annum for 2 years (compounded annually).,1123,1173,1093,1073,D,Amount = P(1+R/100)^T = 10471(1+5/100)^2 ≈ ₹11544. CI = Amount − P = ₹1073.,Aptitude,Compound Interest
"A can complete a piece of work in 20 days and B can complete it in 17 days. Working together, how many days will they take (rounded to 2 decimal places)?",7.69,7.19,10.69,9.19,D,Combined rate = 1/20 + 1/17. Time together = (20×17)/(20+17) = 9.19 days.,Aptitude,Time and Work
A quantity of 587 is increased by 40%. What is the new value?,817,802,822,832,C,"40% of 587 = 235. Since it increased, new value = 587 + 235 = 822.",Aptitude,Percentage
"Two numbers are in the ratio 3:7. If their sum is 100, find the larger number.",80,60,70,67,C,Total parts = 3+7 = 10. Each part = 100/10 = 10. Larger number = 7 × 10 = 70.,Aptitude,Ratios
What is the LCM (Least Common Multiple) of 15 and 27?,131,132,138,135,D,"LCM(15,27) = (15×27)/HCF(15,27) = 135.",Aptitude,LCM and HCF
"Two numbers are in the ratio 10:11. If their sum is 147, find the larger number.",74,72,77,62,C,Total parts = 10+11 = 21. Each part = 147/21 = 7. Larger number = 11 × 7 = 77.,Aptitude,Ratios
A shopkeeper buys an item for ₹4564 and sells it at a 50% profit. What is the selling price?,6796,6826,6816,6846,D,Profit amount = 50% of 4564 = ₹2282. Selling price = 4564 + 2282 = ₹6846.,Aptitude,Profit and Loss
What is the HCF (Highest Common Factor) of 89 and 59?,1,5,2,3,A,"HCF(89,59) = 1.",Aptitude,LCM and HCF
A shopkeeper buys an item for ₹969 and sells it at a 50% profit. What is the selling price?,1433,1503,1453,1373,C,Profit amount = 50% of 969 = ₹484. Selling price = 969 + 484 = ₹1453.,Aptitude,Profit and Loss
"Find the average of these numbers: 58, 81, 77.",70,69,67,72,D,"Sum = 216, Count = 3, Average = 216/3 = 72.",Aptitude,Averages
A shopkeeper buys an item for ₹462 and sells it at a 25% profit. What is the selling price?,578,598,658,608,A,Profit amount = 25% of 462 = ₹116. Selling price = 462 + 116 = ₹578.,Aptitude,Profit and Loss
Find the Simple Interest on ₹11296 at 8% per annum for 6 years.,5622,5222,5422,5372,C,SI = (P × R × T)/100 = (11296 × 8 × 6)/100 = ₹5422.,Aptitude,Simple Interest
A vehicle travels at 89 km/h for 6 hours. What distance does it cover?,535,536,532,534,D,Distance = Speed × Time = 89 × 6 = 534 km. So the answer is 534 km.,Aptitude,Time and Distance
"Two numbers are in the ratio 2:8. If their sum is 190, find the larger number.",147,162,155,152,D,Total parts = 2+8 = 10. Each part = 190/10 = 19. Larger number = 8 × 19 = 152.,Aptitude,Ratios
Find the Simple Interest on ₹22213 at 8% per annum for 1 years.,1977,1777,1477,1827,B,SI = (P × R × T)/100 = (22213 × 8 × 1)/100 = ₹1777.,Aptitude,Simple Interest
A shopkeeper buys an item for ₹263 and sells it at a 25% profit. What is the selling price?,379,279,329,309,C,Profit amount = 25% of 263 = ₹66. Selling price = 263 + 66 = ₹329.,Aptitude,Profit and Loss
A shopkeeper buys an item for ₹3251 and sells it at a 50% profit. What is the selling price?,4877,4927,4957,4827,A,Profit amount = 50% of 3251 = ₹1626. Selling price = 3251 + 1626 = ₹4877.,Aptitude,Profit and Loss
A quantity of 784 is increased by 50%. What is the new value?,1166,1176,1181,1186,B,"50% of 784 = 392. Since it increased, new value = 784 + 392 = 1176.",Aptitude,Percentage
What is the LCM (Least Common Multiple) of 7 and 19?,133,136,132,131,A,"LCM(7,19) = (7×19)/HCF(7,19) = 133.",Aptitude,LCM and HCF
A shopkeeper buys an item for ₹655 and sells it at a 15% loss. What is the selling price?,637,477,557,507,C,Loss amount = 15% of 655 = ₹98. Selling price = 655 - 98 = ₹557.,Aptitude,Profit and Loss
Find the Simple Interest on ₹15292 at 6% per annum for 3 years.,2453,2553,2803,2753,D,SI = (P × R × T)/100 = (15292 × 6 × 3)/100 = ₹2753.,Aptitude,Simple Interest
What is the HCF (Highest Common Factor) of 37 and 87?,5,7.0,1,2,C,"HCF(37,87) = 1.",Aptitude,LCM and HCF
"A can complete a piece of work in 13 days and B can complete it in 20 days. Working together, how many days will they take (rounded to 2 decimal places)?",7.88,8.38,5.88,9.38,A,Combined rate = 1/13 + 1/20. Time together = (13×20)/(13+20) = 7.88 days.,Aptitude,Time and Work
A vehicle covers 280 km in 8 hours. What is its speed?,34,37,30,35,D,Distance = Speed × Time = 35 × 8 = 280 km. So the answer is 35 km/h.,Aptitude,Time and Distance
A quantity of 649 is increased by 15%. What is the new value?,741,746,751,736,B,"15% of 649 = 97. Since it increased, new value = 649 + 97 = 746.",Aptitude,Percentage
"Two numbers are in the ratio 7:8. If their sum is 60, find the larger number.",29,32,17,47,B,Total parts = 7+8 = 15. Each part = 60/15 = 4. Larger number = 8 × 4 = 32.,Aptitude,Ratios
A shopkeeper buys an item for ₹3551 and sells it at a 50% profit. What is the selling price?,5297,5247,5327,5277,C,Profit amount = 50% of 3551 = ₹1776. Selling price = 3551 + 1776 = ₹5327.,Aptitude,Profit and Loss
"Find the average of these numbers: 82, 70, 69, 12, 97.",71,61,66,67,C,"Sum = 330, Count = 5, Average = 330/5 = 66.",Aptitude,Averages
A shopkeeper buys an item for ₹2706 and sells it at a 5% loss. What is the selling price?,2591,2521,2571,2651,C,Loss amount = 5% of 2706 = ₹135. Selling price = 2706 - 135 = ₹2571.,Aptitude,Profit and Loss
"Find the average of these numbers: 29, 32, 17.",26,28,31,23,A,"Sum = 78, Count = 3, Average = 78/3 = 26.",Aptitude,Averages
A shopkeeper buys an item for ₹4399 and sells it at a 30% loss. What is the selling price?,2999,3159,3049,3079,D,Loss amount = 30% of 4399 = ₹1320. Selling price = 4399 - 1320 = ₹3079.,Aptitude,Profit and Loss
Find the Compound Interest on ₹15057 at 10% per annum for 3 years (compounded annually).,5084,4984,4834,4934,B,Amount = P(1+R/100)^T = 15057(1+10/100)^3 ≈ ₹20041. CI = Amount − P = ₹4984.,Aptitude,Compound Interest
"Two numbers are in the ratio 4:3. If their sum is 56, find the larger number.",32,42,37,35,A,Total parts = 4+3 = 7. Each part = 56/7 = 8. Larger number = 4 × 8 = 32.,Aptitude,Ratios
"Two numbers are in the ratio 9:7. If their sum is 320, find the larger number.",177,165,170,180,D,Total parts = 9+7 = 16. Each part = 320/16 = 20. Larger number = 9 × 20 = 180.,Aptitude,Ratios
Find the Compound Interest on ₹18575 at 10% per annum for 3 years (compounded annually).,6248,6128,6198,6148,D,Amount = P(1+R/100)^T = 18575(1+10/100)^3 ≈ ₹24723. CI = Amount − P = ₹6148.,Aptitude,Compound Interest
A vehicle covers 672 km in 6 hours. What is its speed?,110,113,114,112,D,Distance = Speed × Time = 112 × 6 = 672 km. So the answer is 112 km/h.,Aptitude,Time and Distance
What is the HCF (Highest Common Factor) of 48 and 93?,7,3,4,5,B,"HCF(48,93) = 3.",Aptitude,LCM and HCF
A shopkeeper buys an item for ₹3619 and sells it at a 10% loss. What is the selling price?,3177,3257,3337,3227,B,Loss amount = 10% of 3619 = ₹362. Selling price = 3619 - 362 = ₹3257.,Aptitude,Profit and Loss
"Two numbers are in the ratio 2:6. If their sum is 40, find the larger number.",25,45,15,30,D,Total parts = 2+6 = 8. Each part = 40/8 = 5. Larger number = 6 × 5 = 30.,Aptitude,Ratios
"Find the average of these numbers: 57, 47, 34, 49, 19, 31, 35, 64.",43,39,37,42,D,"Sum = 336, Count = 8, Average = 336/8 = 42.",Aptitude,Averages
What is the HCF (Highest Common Factor) of 24 and 95?,4,1,5,2,B,"HCF(24,95) = 1.",Aptitude,LCM and HCF
Find the Compound Interest on ₹3112 at 10% per annum for 2 years (compounded annually).,604,754,654,634,C,Amount = P(1+R/100)^T = 3112(1+10/100)^2 ≈ ₹3766. CI = Amount − P = ₹654.,Aptitude,Compound Interest
What is the HCF (Highest Common Factor) of 66 and 39?,7,10.0,3,6,C,"HCF(66,39) = 3.",Aptitude,LCM and HCF
Find the Simple Interest on ₹5483 at 4% per annum for 1 years.,219,169,419,519,A,SI = (P × R × T)/100 = (5483 × 4 × 1)/100 = ₹219.,Aptitude,Simple Interest
Find the Compound Interest on ₹16754 at 5% per annum for 2 years (compounded annually).,1717,1697,1767,1737,A,Amount = P(1+R/100)^T = 16754(1+5/100)^2 ≈ ₹18471. CI = Amount − P = ₹1717.,Aptitude,Compound Interest
A shopkeeper buys an item for ₹3404 and sells it at a 50% profit. What is the selling price?,5086,5076,5106,5126,C,Profit amount = 50% of 3404 = ₹1702. Selling price = 3404 + 1702 = ₹5106.,Aptitude,Profit and Loss
Find the Compound Interest on ₹9263 at 10% per annum for 2 years (compounded annually).,2045,1925,1895,1945,D,Amount = P(1+R/100)^T = 9263(1+10/100)^2 ≈ ₹11208. CI = Amount − P = ₹1945.,Aptitude,Compound Interest
"Two numbers are in the ratio 4:12. If their sum is 256, find the larger number.",177,202,192,182,C,Total parts = 4+12 = 16. Each part = 256/16 = 16. Larger number = 12 × 16 = 192.,Aptitude,Ratios
"Find the average of these numbers: 16, 66, 99, 26, 33, 12.",42,41,39,37,A,"Sum = 252, Count = 6, Average = 252/6 = 42.",Aptitude,Averages
Is 158 divisible by 2?,Cannot say,No,Only sometimes,Yes,D,"158 ÷ 2 leaves remainder 0, so the answer is Yes.",Aptitude,Divisibility
A quantity of 547 is increased by 50%. What is the new value?,801,831,811,821,D,"50% of 547 = 274. Since it increased, new value = 547 + 274 = 821.",Aptitude,Percentage
"Find the average of these numbers: 36, 75, 16, 63, 70.",50,52,54,53,B,"Sum = 260, Count = 5, Average = 260/5 = 52.",Aptitude,Averages
Find the Simple Interest on ₹49969 at 12% per annum for 1 years.,6196,5796,6096,5996,D,SI = (P × R × T)/100 = (49969 × 12 × 1)/100 = ₹5996.,Aptitude,Simple Interest
A vehicle covers 384 km in 8 hours. What is its speed?,47,50,48,43,C,Distance = Speed × Time = 48 × 8 = 384 km. So the answer is 48 km/h.,Aptitude,Time and Distance
A quantity of 289 is decreased by 12%. What is the new value?,249,254,234,264,B,"12% of 289 = 35. Since it decreased, new value = 289 - 35 = 254.",Aptitude,Percentage
Is 578 divisible by 5?,Cannot say,Only sometimes,Yes,No,D,"578 ÷ 5 leaves remainder 3, so the answer is No.",Aptitude,Divisibility
"Two numbers are in the ratio 8:2. If their sum is 140, find the larger number.",117,112,115,107,B,Total parts = 8+2 = 10. Each part = 140/10 = 14. Larger number = 8 × 14 = 112.,Aptitude,Ratios
A quantity of 509 is increased by 50%. What is the new value?,763,758,768,778,A,"50% of 509 = 254. Since it increased, new value = 509 + 254 = 763.",Aptitude,Percentage
Find the Simple Interest on ₹46845 at 8% per annum for 1 years.,4048,3948,3748,3698,C,SI = (P × R × T)/100 = (46845 × 8 × 1)/100 = ₹3748.,Aptitude,Simple Interest
"Find the average of these numbers: 60, 65, 72, 52, 63, 36.",61,56,58,63,C,"Sum = 348, Count = 6, Average = 348/6 = 58.",Aptitude,Averages
A shopkeeper buys an item for ₹3316 and sells it at a 50% profit. What is the selling price?,5024,4944,4974,4894,C,Profit amount = 50% of 3316 = ₹1658. Selling price = 3316 + 1658 = ₹4974.,Aptitude,Profit and Loss
A shopkeeper buys an item for ₹2986 and sells it at a 20% loss. What is the selling price?,2419,2469,2339,2389,D,Loss amount = 20% of 2986 = ₹597. Selling price = 2986 - 597 = ₹2389.,Aptitude,Profit and Loss
A quantity of 293 is decreased by 30%. What is the new value?,225,210,205,190,C,"30% of 293 = 88. Since it decreased, new value = 293 - 88 = 205.",Aptitude,Percentage
"Two numbers are in the ratio 12:8. If their sum is 100, find the larger number.",75,50,60,65,C,Total parts = 12+8 = 20. Each part = 100/20 = 5. Larger number = 12 × 5 = 60.,Aptitude,Ratios
"A can complete a piece of work in 19 days and B can complete it in 13 days. Working together, how many days will they take (rounded to 2 decimal places)?",5.72,8.22,7.72,6.22,C,Combined rate = 1/19 + 1/13. Time together = (19×13)/(19+13) = 7.72 days.,Aptitude,Time and Work
"Two numbers are in the ratio 11:5. If their sum is 96, find the larger number.",81,71,66,61,C,Total parts = 11+5 = 16. Each part = 96/16 = 6. Larger number = 11 × 6 = 66.,Aptitude,Ratios
What is the LCM (Least Common Multiple) of 6 and 29?,177,174,172,173,B,"LCM(6,29) = (6×29)/HCF(6,29) = 174.",Aptitude,LCM and HCF
A quantity of 653 is decreased by 20%. What is the new value?,532,512,537,522,D,"20% of 653 = 131. Since it decreased, new value = 653 - 131 = 522.",Aptitude,Percentage
A shopkeeper buys an item for ₹1222 and sells it at a 5% loss. What is the selling price?,1161,1181,1141,1191,A,Loss amount = 5% of 1222 = ₹61. Selling price = 1222 - 61 = ₹1161.,Aptitude,Profit and Loss
A quantity of 740 is decreased by 12%. What is the new value?,636,661,651,666,C,"12% of 740 = 89. Since it decreased, new value = 740 - 89 = 651.",Aptitude,Percentage
A shopkeeper buys an item for ₹3495 and sells it at a 40% profit. What is the selling price?,4943,4893,4913,4813,B,Profit amount = 40% of 3495 = ₹1398. Selling price = 3495 + 1398 = ₹4893.,Aptitude,Profit and Loss
"A can complete a piece of work in 16 days and B can complete it in 17 days. Working together, how many days will they take (rounded to 2 decimal places)?",8.24,9.74,10.24,8.74,A,Combined rate = 1/16 + 1/17. Time together = (16×17)/(16+17) = 8.24 days.,Aptitude,Time and Work
"A can complete a piece of work in 5 days and B can complete it in 7 days. Working together, how many days will they take (rounded to 2 decimal places)?",4.42,2.92,0.92,3.92,B,Combined rate = 1/5 + 1/7. Time together = (5×7)/(5+7) = 2.92 days.,Aptitude,Time and Work
"A can complete a piece of work in 14 days and B can complete it in 11 days. Working together, how many days will they take (rounded to 2 decimal places)?",7.16,6.16,7.66,6.66,B,Combined rate = 1/14 + 1/11. Time together = (14×11)/(14+11) = 6.16 days.,Aptitude,Time and Work
Find the Compound Interest on ₹16541 at 5% per annum for 3 years (compounded annually).,2627,2607,2457,2587,B,Amount = P(1+R/100)^T = 16541(1+5/100)^3 ≈ ₹19148. CI = Amount − P = ₹2607.,Aptitude,Compound Interest
"Two numbers are in the ratio 9:5. If their sum is 42, find the larger number.",30,22,27,24,C,Total parts = 9+5 = 14. Each part = 42/14 = 3. Larger number = 9 × 3 = 27.,Aptitude,Ratios
"Two numbers are in the ratio 2:5. If their sum is 105, find the larger number.",60,65,80,75,D,Total parts = 2+5 = 7. Each part = 105/7 = 15. Larger number = 5 × 15 = 75.,Aptitude,Ratios
Find the Simple Interest on ₹49937 at 7% per annum for 1 years.,3296,3546,3496,3446,C,SI = (P × R × T)/100 = (49937 × 7 × 1)/100 = ₹3496.,Aptitude,Simple Interest
Find the Compound Interest on ₹5211 at 10% per annum for 3 years (compounded annually).,1825,1745,1725,1775,C,Amount = P(1+R/100)^T = 5211(1+10/100)^3 ≈ ₹6936. CI = Amount − P = ₹1725.,Aptitude,Compound Interest
Find the Compound Interest on ₹9657 at 20% per annum for 2 years (compounded annually).,4149,4269,4249,4229,C,Amount = P(1+R/100)^T = 9657(1+20/100)^2 ≈ ₹13906. CI = Amount − P = ₹4249.,Aptitude,Compound Interest
What is the LCM (Least Common Multiple) of 26 and 10?,127,128,131,130,D,"LCM(26,10) = (26×10)/HCF(26,10) = 130.",Aptitude,LCM and HCF
"Two numbers are in the ratio 4:12. If their sum is 320, find the larger number.",245,230,240,243,C,Total parts = 4+12 = 16. Each part = 320/16 = 20. Larger number = 12 × 20 = 240.,Aptitude,Ratios
"A can complete a piece of work in 19 days and B can complete it in 8 days. Working together, how many days will they take (rounded to 2 decimal places)?",4.63,5.63,5.13,3.63,B,Combined rate = 1/19 + 1/8. Time together = (19×8)/(19+8) = 5.63 days.,Aptitude,Time and Work
Find the Compound Interest on ₹10383 at 20% per annum for 2 years (compounded annually).,4469,4589,4669,4569,D,Amount = P(1+R/100)^T = 10383(1+20/100)^2 ≈ ₹14952. CI = Amount − P = ₹4569.,Aptitude,Compound Interest
"Find the average of these numbers: 82, 91, 23, 57, 98, 27, 19, 35.",54,49,59,57,A,"Sum = 432, Count = 8, Average = 432/8 = 54.",Aptitude,Averages
A shopkeeper buys an item for ₹4281 and sells it at a 40% loss. What is the selling price?,2589,2569,2539,2519,B,Loss amount = 40% of 4281 = ₹1712. Selling price = 4281 - 1712 = ₹2569.,Aptitude,Profit and Loss
A quantity of 487 is increased by 12%. What is the new value?,540,545,565,525,B,"12% of 487 = 58. Since it increased, new value = 487 + 58 = 545.",Aptitude,Percentage
"Two numbers are in the ratio 2:12. If their sum is 56, find the larger number.",43,53,51,48,D,Total parts = 2+12 = 14. Each part = 56/14 = 4. Larger number = 12 × 4 = 48.,Aptitude,Ratios
"Two numbers are in the ratio 10:7. If their sum is 340, find the larger number.",215,190,200,205,C,Total parts = 10+7 = 17. Each part = 340/17 = 20. Larger number = 10 × 20 = 200.,Aptitude,Ratios
A quantity of 288 is increased by 40%. What is the new value?,403,423,388,418,A,"40% of 288 = 115. Since it increased, new value = 288 + 115 = 403.",Aptitude,Percentage
A quantity of 356 is increased by 10%. What is the new value?,392,407,412,377,A,"10% of 356 = 36. Since it increased, new value = 356 + 36 = 392.",Aptitude,Percentage
A vehicle covers 522 km in 9 hours. What is its speed?,60,58,63,61,B,Distance = Speed × Time = 58 × 9 = 522 km. So the answer is 58 km/h.,Aptitude,Time and Distance
"Find the average of these numbers: 11, 82, 77, 74, 25, 13, 89.",53,51,48,50,A,"Sum = 371, Count = 7, Average = 371/7 = 53.",Aptitude,Averages
What is the LCM (Least Common Multiple) of 15 and 19?,284,289,285,286,C,"LCM(15,19) = (15×19)/HCF(15,19) = 285.",Aptitude,LCM and HCF
"Find the average of these numbers: 31, 93, 49, 75.",57,63,62,65,C,"Sum = 248, Count = 4, Average = 248/4 = 62.",Aptitude,Averages
A quantity of 624 is decreased by 12%. What is the new value?,564,544,554,549,D,"12% of 624 = 75. Since it decreased, new value = 624 - 75 = 549.",Aptitude,Percentage
Find the Simple Interest on ₹40112 at 6% per annum for 4 years.,9927,9727,9427,9627,D,SI = (P × R × T)/100 = (40112 × 6 × 4)/100 = ₹9627.,Aptitude,Simple Interest
A fair six-sided die is rolled once. What is the probability of getting a number less than 3?,3/4,1/3,1/6,5/6,B,"Favourable outcomes = 2, Total outcomes = 6. Probability = 2/6 = 1/3 (in simplest form).",Aptitude,Probability
Find the Compound Interest on ₹6403 at 10% per annum for 3 years (compounded annually).,2169,2139,2119,2099,C,Amount = P(1+R/100)^T = 6403(1+10/100)^3 ≈ ₹8522. CI = Amount − P = ₹2119.,Aptitude,Compound Interest
Find the Simple Interest on ₹35030 at 5% per annum for 4 years.,6956,6806,6706,7006,D,SI = (P × R × T)/100 = (35030 × 5 × 4)/100 = ₹7006.,Aptitude,Simple Interest
"Two numbers are in the ratio 12:4. If their sum is 272, find the larger number.",204,219,189,207,A,Total parts = 12+4 = 16. Each part = 272/16 = 17. Larger number = 12 × 17 = 204.,Aptitude,Ratios
Find the Compound Interest on ₹16935 at 5% per annum for 2 years (compounded annually).,1716,1686,1836,1736,D,Amount = P(1+R/100)^T = 16935(1+5/100)^2 ≈ ₹18671. CI = Amount − P = ₹1736.,Aptitude,Compound Interest
A shopkeeper buys an item for ₹366 and sells it at a 5% loss. What is the selling price?,428,318,348,398,C,Loss amount = 5% of 366 = ₹18. Selling price = 366 - 18 = ₹348.,Aptitude,Profit and Loss
A vehicle covers 308 km at a speed of 77 km/h. How long does it take?,2,5,4,9,C,Distance = Speed × Time = 77 × 4 = 308 km. So the answer is 4 hours.,Aptitude,Time and Distance
What is the HCF (Highest Common Factor) of 59 and 17?,1,4.0,3,2,A,"HCF(59,17) = 1.",Aptitude,LCM and HCF
"Two numbers are in the ratio 3:4. If their sum is 77, find the larger number.",44,39,29,41,A,Total parts = 3+4 = 7. Each part = 77/7 = 11. Larger number = 4 × 11 = 44.,Aptitude,Ratios
What is the LCM (Least Common Multiple) of 19 and 20?,379,377,380,384,C,"LCM(19,20) = (19×20)/HCF(19,20) = 380.",Aptitude,LCM and HCF
"Two numbers are in the ratio 11:9. If their sum is 400, find the larger number.",220,210,235,225,A,Total parts = 11+9 = 20. Each part = 400/20 = 20. Larger number = 11 × 20 = 220.,Aptitude,Ratios
"A can complete a piece of work in 19 days and B can complete it in 18 days. Working together, how many days will they take (rounded to 2 decimal places)?",7.24,9.74,7.74,9.24,D,Combined rate = 1/19 + 1/18. Time together = (19×18)/(19+18) = 9.24 days.,Aptitude,Time and Work
A vehicle travels at 26 km/h for 10 hours. What distance does it cover?,263,260,259,258,B,Distance = Speed × Time = 26 × 10 = 260 km. So the answer is 260 km.,Aptitude,Time and Distance
A quantity of 851 is increased by 10%. What is the new value?,936,941,931,916,A,"10% of 851 = 85. Since it increased, new value = 851 + 85 = 936.",Aptitude,Percentage
"A can complete a piece of work in 20 days and B can complete it in 19 days. Working together, how many days will they take (rounded to 2 decimal places)?",8.24,8.74,9.74,11.24,C,Combined rate = 1/20 + 1/19. Time together = (20×19)/(20+19) = 9.74 days.,Aptitude,Time and Work
Find the Simple Interest on ₹5544 at 8% per annum for 3 years.,1131,1231,1031,1331,D,SI = (P × R × T)/100 = (5544 × 8 × 3)/100 = ₹1331.,Aptitude,Simple Interest
Find the Simple Interest on ₹43065 at 6% per annum for 3 years.,7852,7452,7952,7752,D,SI = (P × R × T)/100 = (43065 × 6 × 3)/100 = ₹7752.,Aptitude,Simple Interest
Find the Simple Interest on ₹9934 at 4% per annum for 2 years.,1095,595,495,795,D,SI = (P × R × T)/100 = (9934 × 4 × 2)/100 = ₹795.,Aptitude,Simple Interest
"Find the average of these numbers: 28, 74, 99, 47, 19, 35, 48.",49,52,45,50,D,"Sum = 350, Count = 7, Average = 350/7 = 50.",Aptitude,Averages
What is the HCF (Highest Common Factor) of 46 and 87?,4,1,3,2,B,"HCF(46,87) = 1.",Aptitude,LCM and HCF
A shopkeeper buys an item for ₹4468 and sells it at a 50% loss. What is the selling price?,2154,2234,2214,2204,B,Loss amount = 50% of 4468 = ₹2234. Selling price = 4468 - 2234 = ₹2234.,Aptitude,Profit and Loss
A quantity of 723 is decreased by 30%. What is the new value?,491,511,526,506,D,"30% of 723 = 217. Since it decreased, new value = 723 - 217 = 506.",Aptitude,Percentage
A shopkeeper buys an item for ₹1041 and sells it at a 20% profit. What is the selling price?,1219,1249,1279,1199,B,Profit amount = 20% of 1041 = ₹208. Selling price = 1041 + 208 = ₹1249.,Aptitude,Profit and Loss
"Find the average of these numbers: 51, 22, 46, 78, 58.",54,50,48,51,D,"Sum = 255, Count = 5, Average = 255/5 = 51.",Aptitude,Averages
"Find the average of these numbers: 21, 75, 51.",49,52,48,51,A,"Sum = 147, Count = 3, Average = 147/3 = 49.",Aptitude,Averages
Is 38 divisible by 5?,Only sometimes,Yes,Cannot say,No,D,"38 ÷ 5 leaves remainder 3, so the answer is No.",Aptitude,Divisibility
"Find the average of these numbers: 94, 60, 30, 36.",60,53,55,50,C,"Sum = 220, Count = 4, Average = 220/4 = 55.",Aptitude,Averages
Find the Compound Interest on ₹1060 at 10% per annum for 3 years (compounded annually).,351,371,301,401,A,Amount = P(1+R/100)^T = 1060(1+10/100)^3 ≈ ₹1411. CI = Amount − P = ₹351.,Aptitude,Compound Interest
Find the Simple Interest on ₹8362 at 5% per annum for 1 years.,418,318,218,518,A,SI = (P × R × T)/100 = (8362 × 5 × 1)/100 = ₹418.,Aptitude,Simple Interest
Find the Compound Interest on ₹12066 at 5% per annum for 3 years (compounded annually).,1882,2002,1902,1802,C,Amount = P(1+R/100)^T = 12066(1+5/100)^3 ≈ ₹13968. CI = Amount − P = ₹1902.,Aptitude,Compound Interest
Find the Simple Interest on ₹4842 at 9% per annum for 5 years.,2079,2229,2279,2179,D,SI = (P × R × T)/100 = (4842 × 9 × 5)/100 = ₹2179.,Aptitude,Simple Interest
A shopkeeper buys an item for ₹631 and sells it at a 20% loss. What is the selling price?,585,505,425,535,B,Loss amount = 20% of 631 = ₹126. Selling price = 631 - 126 = ₹505.,Aptitude,Profit and Loss
Is 62 divisible by 11?,Cannot say,Only sometimes,No,Yes,C,"62 ÷ 11 leaves remainder 7, so the answer is No.",Aptitude,Divisibility
A card is drawn from a well-shuffled standard deck of 52 cards. What is the probability of drawing a king?,9/52,5/52,1/13,2/13,C,"Favourable outcomes = 4, Total outcomes = 52. Probability = 4/52 = 1/13 (in simplest form).",Aptitude,Probability
"Two numbers are in the ratio 9:3. If their sum is 48, find the larger number.",33,21,36,31,C,Total parts = 9+3 = 12. Each part = 48/12 = 4. Larger number = 9 × 4 = 36.,Aptitude,Ratios
"Two numbers are in the ratio 2:12. If their sum is 238, find the larger number.",214,204,207,209,B,Total parts = 2+12 = 14. Each part = 238/14 = 17. Larger number = 12 × 17 = 204.,Aptitude,Ratios
"Two numbers are in the ratio 11:6. If their sum is 340, find the larger number.",230,223,220,217,C,Total parts = 11+6 = 17. Each part = 340/17 = 20. Larger number = 11 × 20 = 220.,Aptitude,Ratios
A quantity of 475 is increased by 20%. What is the new value?,585,555,570,560,C,"20% of 475 = 95. Since it increased, new value = 475 + 95 = 570.",Aptitude,Percentage
"Find the average of these numbers: 92, 82, 16, 59, 79, 76, 74, 74.",70,68,64,69,D,"Sum = 552, Count = 8, Average = 552/8 = 69.",Aptitude,Averages
"Two numbers are in the ratio 10:5. If their sum is 255, find the larger number.",170,155,180,167,A,Total parts = 10+5 = 15. Each part = 255/15 = 17. Larger number = 10 × 17 = 170.,Aptitude,Ratios
A vehicle covers 686 km at a speed of 98 km/h. How long does it take?,2,10,7,12,C,Distance = Speed × Time = 98 × 7 = 686 km. So the answer is 7 hours.,Aptitude,Time and Distance
A quantity of 826 is decreased by 5%. What is the new value?,785,780,770,765,A,"5% of 826 = 41. Since it decreased, new value = 826 - 41 = 785.",Aptitude,Percentage
A shopkeeper buys an item for ₹825 and sells it at a 20% loss. What is the selling price?,610,660,640,630,B,Loss amount = 20% of 825 = ₹165. Selling price = 825 - 165 = ₹660.,Aptitude,Profit and Loss
A vehicle covers 679 km at a speed of 97 km/h. How long does it take?,5,2,7,4,C,Distance = Speed × Time = 97 × 7 = 679 km. So the answer is 7 hours.,Aptitude,Time and Distance
"Two numbers are in the ratio 8:9. If their sum is 102, find the larger number.",57,44,69,54,D,Total parts = 8+9 = 17. Each part = 102/17 = 6. Larger number = 9 × 6 = 54.,Aptitude,Ratios
"Find the average of these numbers: 23, 66, 22.",32,36,39,37,D,"Sum = 111, Count = 3, Average = 111/3 = 37.",Aptitude,Averages
"Two numbers are in the ratio 7:6. If their sum is 117, find the larger number.",78,63,48,66,B,Total parts = 7+6 = 13. Each part = 117/13 = 9. Larger number = 7 × 9 = 63.,Aptitude,Ratios
Find the Simple Interest on ₹22132 at 5% per annum for 1 years.,1307,907,1407,1107,D,SI = (P × R × T)/100 = (22132 × 5 × 1)/100 = ₹1107.,Aptitude,Simple Interest
"Two numbers are in the ratio 6:11. If their sum is 238, find the larger number.",159,157,144,154,D,Total parts = 6+11 = 17. Each part = 238/17 = 14. Larger number = 11 × 14 = 154.,Aptitude,Ratios
What is the LCM (Least Common Multiple) of 28 and 15?,421,423,422,420,D,"LCM(28,15) = (28×15)/HCF(28,15) = 420.",Aptitude,LCM and HCF
Find the Simple Interest on ₹16984 at 10% per annum for 4 years.,6694,6994,6794,6844,C,SI = (P × R × T)/100 = (16984 × 10 × 4)/100 = ₹6794.,Aptitude,Simple Interest
A vehicle covers 660 km at a speed of 66 km/h. How long does it take?,15,7,13,10,D,Distance = Speed × Time = 66 × 10 = 660 km. So the answer is 10 hours.,Aptitude,Time and Distance
"Find the average of these numbers: 11, 100, 28, 9.",32,34,36,37,D,"Sum = 148, Count = 4, Average = 148/4 = 37.",Aptitude,Averages
"Find the average of these numbers: 19, 30, 10, 80, 29, 69, 90, 81.",49,50,46,51,D,"Sum = 408, Count = 8, Average = 408/8 = 51.",Aptitude,Averages
"A can complete a piece of work in 9 days and B can complete it in 14 days. Working together, how many days will they take (rounded to 2 decimal places)?",5.48,3.98,6.48,3.48,A,Combined rate = 1/9 + 1/14. Time together = (9×14)/(9+14) = 5.48 days.,Aptitude,Time and Work
"Find the average of these numbers: 55, 51, 86, 29, 55, 60.",56,53,54,58,A,"Sum = 336, Count = 6, Average = 336/6 = 56.",Aptitude,Averages
"Find the average of these numbers: 90, 79, 63, 36, 97, 42, 39, 90.",70,67,64,72,B,"Sum = 536, Count = 8, Average = 536/8 = 67.",Aptitude,Averages
A vehicle covers 20 km in 1 hours. What is its speed?,23,25,19,20,D,Distance = Speed × Time = 20 × 1 = 20 km. So the answer is 20 km/h.,Aptitude,Time and Distance
Find the Simple Interest on ₹35824 at 9% per annum for 5 years.,16421,16071,16021,16121,D,SI = (P × R × T)/100 = (35824 × 9 × 5)/100 = ₹16121.,Aptitude,Simple Interest
A shopkeeper buys an item for ₹2075 and sells it at a 15% profit. What is the selling price?,2386,2336,2406,2416,A,Profit amount = 15% of 2075 = ₹311. Selling price = 2075 + 311 = ₹2386.,Aptitude,Profit and Loss
A vehicle covers 236 km in 2 hours. What is its speed?,118,116,121,119,A,Distance = Speed × Time = 118 × 2 = 236 km. So the answer is 118 km/h.,Aptitude,Time and Distance
Find the Simple Interest on ₹26481 at 9% per annum for 2 years.,4967,4567,4767,4867,C,SI = (P × R × T)/100 = (26481 × 9 × 2)/100 = ₹4767.,Aptitude,Simple Interest
Is 90 divisible by 10?,Only sometimes,Cannot say,No,Yes,D,"90 ÷ 10 leaves remainder 0, so the answer is Yes.",Aptitude,Divisibility
A quantity of 501 is increased by 40%. What is the new value?,691,686,716,701,D,"40% of 501 = 200. Since it increased, new value = 501 + 200 = 701.",Aptitude,Percentage
"A can complete a piece of work in 18 days and B can complete it in 14 days. Working together, how many days will they take (rounded to 2 decimal places)?",7.38,9.88,9.38,7.88,D,Combined rate = 1/18 + 1/14. Time together = (18×14)/(18+14) = 7.88 days.,Aptitude,Time and Work
What is the LCM (Least Common Multiple) of 16 and 23?,365,371,364,368,D,"LCM(16,23) = (16×23)/HCF(16,23) = 368.",Aptitude,LCM and HCF
Find the Compound Interest on ₹5808 at 20% per annum for 2 years (compounded annually).,2706,2556,2406,2456,B,Amount = P(1+R/100)^T = 5808(1+20/100)^2 ≈ ₹8364. CI = Amount − P = ₹2556.,Aptitude,Compound Interest
"Two numbers are in the ratio 7:9. If their sum is 176, find the larger number.",99,114,94,102,A,Total parts = 7+9 = 16. Each part = 176/16 = 11. Larger number = 9 × 11 = 99.,Aptitude,Ratios
Find the Simple Interest on ₹41989 at 9% per annum for 5 years.,18895,19195,18795,18945,A,SI = (P × R × T)/100 = (41989 × 9 × 5)/100 = ₹18895.,Aptitude,Simple Interest
What is the HCF (Highest Common Factor) of 21 and 29?,3,5,1,2,C,"HCF(21,29) = 1.",Aptitude,LCM and HCF
What is the LCM (Least Common Multiple) of 7 and 9?,60,61,62,63,D,"LCM(7,9) = (7×9)/HCF(7,9) = 63.",Aptitude,LCM and HCF
"Find the average of these numbers: 83, 11, 51, 52, 88, 29, 71.",50,58,55,53,C,"Sum = 385, Count = 7, Average = 385/7 = 55.",Aptitude,Averages
"A can complete a piece of work in 14 days and B can complete it in 5 days. Working together, how many days will they take (rounded to 2 decimal places)?",3.18,1.68,3.68,4.18,C,Combined rate = 1/14 + 1/5. Time together = (14×5)/(14+5) = 3.68 days.,Aptitude,Time and Work
Find the Compound Interest on ₹16328 at 20% per annum for 3 years (compounded annually).,11787,11737,12037,11887,D,Amount = P(1+R/100)^T = 16328(1+20/100)^3 ≈ ₹28215. CI = Amount − P = ₹11887.,Aptitude,Compound Interest
"Find the average of these numbers: 21, 31, 86.",47,46,51,45,B,"Sum = 138, Count = 3, Average = 138/3 = 46.",Aptitude,Averages
A vehicle covers 115 km at a speed of 23 km/h. How long does it take?,5,3,7,6,A,Distance = Speed × Time = 23 × 5 = 115 km. So the answer is 5 hours.,Aptitude,Time and Distance
A vehicle covers 420 km at a speed of 84 km/h. How long does it take?,4,2,8,5,D,Distance = Speed × Time = 84 × 5 = 420 km. So the answer is 5 hours.,Aptitude,Time and Distance
What is the HCF (Highest Common Factor) of 5 and 60?,3,6,2,5,D,"HCF(5,60) = 5.",Aptitude,LCM and HCF
A quantity of 400 is decreased by 40%. What is the new value?,245,220,240,255,C,"40% of 400 = 160. Since it decreased, new value = 400 - 160 = 240.",Aptitude,Percentage
A vehicle travels at 39 km/h for 4 hours. What distance does it cover?,155,154,153,156,D,Distance = Speed × Time = 39 × 4 = 156 km. So the answer is 156 km.,Aptitude,Time and Distance
A vehicle covers 318 km at a speed of 53 km/h. How long does it take?,5,3,6,11,C,Distance = Speed × Time = 53 × 6 = 318 km. So the answer is 6 hours.,Aptitude,Time and Distance
"Find the average of these numbers: 46, 14, 69, 15, 32, 46.",32,37,42,35,B,"Sum = 222, Count = 6, Average = 222/6 = 37.",Aptitude,Averages
A quantity of 107 is increased by 10%. What is the new value?,133,103,118,113,C,"10% of 107 = 11. Since it increased, new value = 107 + 11 = 118.",Aptitude,Percentage
Is 23 divisible by 4?,Cannot say,No,Only sometimes,Yes,B,"23 ÷ 4 leaves remainder 3, so the answer is No.",Aptitude,Divisibility
A quantity of 75 is increased by 40%. What is the new value?,105,85,115,120,A,"40% of 75 = 30. Since it increased, new value = 75 + 30 = 105.",Aptitude,Percentage
"Two numbers are in the ratio 4:11. If their sum is 135, find the larger number.",114,102,99,96,C,Total parts = 4+11 = 15. Each part = 135/15 = 9. Larger number = 11 × 9 = 99.,Aptitude,Ratios
"Find the average of these numbers: 89, 36, 26, 47, 81, 17, 19.",45,48,47,50,A,"Sum = 315, Count = 7, Average = 315/7 = 45.",Aptitude,Averages
Find the Compound Interest on ₹5029 at 20% per annum for 3 years (compounded annually).,3641,3761,3611,3661,D,Amount = P(1+R/100)^T = 5029(1+20/100)^3 ≈ ₹8690. CI = Amount − P = ₹3661.,Aptitude,Compound Interest
A shopkeeper buys an item for ₹3457 and sells it at a 25% profit. What is the selling price?,4321,4401,4271,4341,A,Profit amount = 25% of 3457 = ₹864. Selling price = 3457 + 864 = ₹4321.,Aptitude,Profit and Loss
Find the Compound Interest on ₹19003 at 5% per annum for 2 years (compounded annually).,1998,1848,1948,2048,C,Amount = P(1+R/100)^T = 19003(1+5/100)^2 ≈ ₹20951. CI = Amount − P = ₹1948.,Aptitude,Compound Interest
A quantity of 251 is increased by 10%. What is the new value?,276,281,261,266,A,"10% of 251 = 25. Since it increased, new value = 251 + 25 = 276.",Aptitude,Percentage
A vehicle covers 186 km in 3 hours. What is its speed?,61,62,63,60,B,Distance = Speed × Time = 62 × 3 = 186 km. So the answer is 62 km/h.,Aptitude,Time and Distance
"Find the average of these numbers: 97, 74, 18, 91.",75,70,72,65,B,"Sum = 280, Count = 4, Average = 280/4 = 70.",Aptitude,Averages
A quantity of 278 is decreased by 10%. What is the new value?,255,250,235,260,B,"10% of 278 = 28. Since it decreased, new value = 278 - 28 = 250.",Aptitude,Percentage
Find the Compound Interest on ₹4288 at 5% per annum for 2 years (compounded annually).,440,540,340,290,A,Amount = P(1+R/100)^T = 4288(1+5/100)^2 ≈ ₹4728. CI = Amount − P = ₹440.,Aptitude,Compound Interest
A shopkeeper buys an item for ₹1796 and sells it at a 50% profit. What is the selling price?,2744,2674,2774,2694,D,Profit amount = 50% of 1796 = ₹898. Selling price = 1796 + 898 = ₹2694.,Aptitude,Profit and Loss
"Find the average of these numbers: 10, 41, 60.",36,37,35,32,B,"Sum = 111, Count = 3, Average = 111/3 = 37.",Aptitude,Averages
"Two numbers are in the ratio 5:2. If their sum is 70, find the larger number.",50,65,40,35,A,Total parts = 5+2 = 7. Each part = 70/7 = 10. Larger number = 5 × 10 = 50.,Aptitude,Ratios
Is 926 divisible by 6?,Yes,Only sometimes,No,Cannot say,C,"926 ÷ 6 leaves remainder 2, so the answer is No.",Aptitude,Divisibility
What is the LCM (Least Common Multiple) of 10 and 29?,293,287,290,291,C,"LCM(10,29) = (10×29)/HCF(10,29) = 290.",Aptitude,LCM and HCF
A quantity of 345 is decreased by 20%. What is the new value?,271,296,266,276,D,"20% of 345 = 69. Since it decreased, new value = 345 - 69 = 276.",Aptitude,Percentage
Is 831 divisible by 6?,Yes,Cannot say,No,Only sometimes,C,"831 ÷ 6 leaves remainder 3, so the answer is No.",Aptitude,Divisibility
What is the HCF (Highest Common Factor) of 9 and 23?,3,12.0,5,1,D,"HCF(9,23) = 1.",Aptitude,LCM and HCF
Find the Simple Interest on ₹45865 at 8% per annum for 6 years.,22315,21915,22215,22015,D,SI = (P × R × T)/100 = (45865 × 8 × 6)/100 = ₹22015.,Aptitude,Simple Interest
"Find the average of these numbers: 12, 25, 62.",33,36,34,35,A,"Sum = 99, Count = 3, Average = 99/3 = 33.",Aptitude,Averages
Find the Simple Interest on ₹11601 at 8% per annum for 3 years.,2884,2984,2834,2784,D,SI = (P × R × T)/100 = (11601 × 8 × 3)/100 = ₹2784.,Aptitude,Simple Interest
Find the Compound Interest on ₹4178 at 20% per annum for 3 years (compounded annually).,3042,3022,2892,2942,A,Amount = P(1+R/100)^T = 4178(1+20/100)^3 ≈ ₹7220. CI = Amount − P = ₹3042.,Aptitude,Compound Interest
A shopkeeper buys an item for ₹786 and sells it at a 10% loss. What is the selling price?,687,757,707,727,C,Loss amount = 10% of 786 = ₹79. Selling price = 786 - 79 = ₹707.,Aptitude,Profit and Loss
"A can complete a piece of work in 6 days and B can complete it in 6 days. Working together, how many days will they take (rounded to 2 decimal places)?",5.00,3.00,1.50,1.00,B,Combined rate = 1/6 + 1/6. Time together = (6×6)/(6+6) = 3.00 days.,Aptitude,Time and Work
"Two numbers are in the ratio 10:8. If their sum is 324, find the larger number.",175,190,180,170,C,Total parts = 10+8 = 18. Each part = 324/18 = 18. Larger number = 10 × 18 = 180.,Aptitude,Ratios
Find the Compound Interest on ₹8635 at 10% per annum for 2 years (compounded annually).,1863,1813,1793,1663,B,Amount = P(1+R/100)^T = 8635(1+10/100)^2 ≈ ₹10448. CI = Amount − P = ₹1813.,Aptitude,Compound Interest
Find the Simple Interest on ₹2529 at 10% per annum for 4 years.,1062,912,1112,1012,D,SI = (P × R × T)/100 = (2529 × 10 × 4)/100 = ₹1012.,Aptitude,Simple Interest
What is the HCF (Highest Common Factor) of 75 and 56?,3,5,1,4,C,"HCF(75,56) = 1.",Aptitude,LCM and HCF
"Find the average of these numbers: 65, 15, 20, 22, 98, 49, 67, 40.",47,49,44,42,A,"Sum = 376, Count = 8, Average = 376/8 = 47.",Aptitude,Averages
Find the Compound Interest on ₹6350 at 10% per annum for 3 years (compounded annually).,2202,2102,2052,2252,B,Amount = P(1+R/100)^T = 6350(1+10/100)^3 ≈ ₹8452. CI = Amount − P = ₹2102.,Aptitude,Compound Interest
Find the Simple Interest on ₹26858 at 7% per annum for 3 years.,5690,5640,5590,5340,B,SI = (P × R × T)/100 = (26858 × 7 × 3)/100 = ₹5640.,Aptitude,Simple Interest
Find the Compound Interest on ₹6986 at 20% per annum for 2 years (compounded annually).,3074,2974,3094,3124,A,Amount = P(1+R/100)^T = 6986(1+20/100)^2 ≈ ₹10060. CI = Amount − P = ₹3074.,Aptitude,Compound Interest
A quantity of 402 is decreased by 5%. What is the new value?,382,402,362,367,A,"5% of 402 = 20. Since it decreased, new value = 402 - 20 = 382.",Aptitude,Percentage
A vehicle travels at 29 km/h for 3 hours. What distance does it cover?,87,89,82,85,A,Distance = Speed × Time = 29 × 3 = 87 km. So the answer is 87 km.,Aptitude,Time and Distance
Find the Compound Interest on ₹19377 at 20% per annum for 3 years (compounded annually).,14126,14256,14106,14006,C,Amount = P(1+R/100)^T = 19377(1+20/100)^3 ≈ ₹33483. CI = Amount − P = ₹14106.,Aptitude,Compound Interest
A quantity of 714 is increased by 12%. What is the new value?,785,790,800,810,C,"12% of 714 = 86. Since it increased, new value = 714 + 86 = 800.",Aptitude,Percentage
"A can complete a piece of work in 15 days and B can complete it in 11 days. Working together, how many days will they take (rounded to 2 decimal places)?",4.85,6.35,8.35,4.35,B,Combined rate = 1/15 + 1/11. Time together = (15×11)/(15+11) = 6.35 days.,Aptitude,Time and Work
What is the LCM (Least Common Multiple) of 27 and 7?,186,189,188,190,B,"LCM(27,7) = (27×7)/HCF(27,7) = 189.",Aptitude,LCM and HCF
Find the Compound Interest on ₹9987 at 20% per annum for 3 years (compounded annually).,7291,7221,7271,7121,C,Amount = P(1+R/100)^T = 9987(1+20/100)^3 ≈ ₹17258. CI = Amount − P = ₹7271.,Aptitude,Compound Interest
"A can complete a piece of work in 10 days and B can complete it in 12 days. Working together, how many days will they take (rounded to 2 decimal places)?",4.95,6.45,5.45,7.45,C,Combined rate = 1/10 + 1/12. Time together = (10×12)/(10+12) = 5.45 days.,Aptitude,Time and Work
"Find the average of these numbers: 99, 26, 38, 85.",62,63,59,65,A,"Sum = 248, Count = 4, Average = 248/4 = 62.",Aptitude,Averages
Is 813 divisible by 5?,Cannot say,Yes,Only sometimes,No,D,"813 ÷ 5 leaves remainder 3, so the answer is No.",Aptitude,Divisibility
"A can complete a piece of work in 18 days and B can complete it in 4 days. Working together, how many days will they take (rounded to 2 decimal places)?",5.27,2.77,2.27,3.27,D,Combined rate = 1/18 + 1/4. Time together = (18×4)/(18+4) = 3.27 days.,Aptitude,Time and Work
Find the Compound Interest on ₹13647 at 20% per annum for 3 years (compounded annually).,9935,9985,9915,10085,A,Amount = P(1+R/100)^T = 13647(1+20/100)^3 ≈ ₹23582. CI = Amount − P = ₹9935.,Aptitude,Compound Interest
A quantity of 584 is decreased by 20%. What is the new value?,477,452,467,447,C,"20% of 584 = 117. Since it decreased, new value = 584 - 117 = 467.",Aptitude,Percentage
"Two numbers are in the ratio 6:2. If their sum is 136, find the larger number.",102,117,92,105,A,Total parts = 6+2 = 8. Each part = 136/8 = 17. Larger number = 6 × 17 = 102.,Aptitude,Ratios
What is the LCM (Least Common Multiple) of 11 and 10?,107,108,109,110,D,"LCM(11,10) = (11×10)/HCF(11,10) = 110.",Aptitude,LCM and HCF
"A can complete a piece of work in 9 days and B can complete it in 17 days. Working together, how many days will they take (rounded to 2 decimal places)?",5.38,7.88,5.88,4.88,C,Combined rate = 1/9 + 1/17. Time together = (9×17)/(9+17) = 5.88 days.,Aptitude,Time and Work
A vehicle travels at 61 km/h for 2 hours. What distance does it cover?,122,125,120,121,A,Distance = Speed × Time = 61 × 2 = 122 km. So the answer is 122 km.,Aptitude,Time and Distance
"Find the average of these numbers: 62, 59, 24, 37, 70, 78, 96, 86.",66,65,64,69,C,"Sum = 512, Count = 8, Average = 512/8 = 64.",Aptitude,Averages
A quantity of 141 is increased by 25%. What is the new value?,161,171,176,191,C,"25% of 141 = 35. Since it increased, new value = 141 + 35 = 176.",Aptitude,Percentage
"Two numbers are in the ratio 2:10. If their sum is 216, find the larger number.",180,183,165,185,A,Total parts = 2+10 = 12. Each part = 216/12 = 18. Larger number = 10 × 18 = 180.,Aptitude,Ratios
A vehicle covers 252 km at a speed of 42 km/h. How long does it take?,9,6,7,8,B,Distance = Speed × Time = 42 × 6 = 252 km. So the answer is 6 hours.,Aptitude,Time and Distance
A shopkeeper buys an item for ₹4635 and sells it at a 30% profit. What is the selling price?,6025,6045,6075,6105,A,Profit amount = 30% of 4635 = ₹1390. Selling price = 4635 + 1390 = ₹6025.,Aptitude,Profit and Loss
Find the Compound Interest on ₹7974 at 10% per annum for 3 years (compounded annually).,2639,2619,2689,2659,A,Amount = P(1+R/100)^T = 7974(1+10/100)^3 ≈ ₹10613. CI = Amount − P = ₹2639.,Aptitude,Compound Interest
Is 112 divisible by 4?,Yes,Only sometimes,No,Cannot say,A,"112 ÷ 4 leaves remainder 0, so the answer is Yes.",Aptitude,Divisibility
Find the Compound Interest on ₹2776 at 10% per annum for 3 years (compounded annually).,919,869,939,769,A,Amount = P(1+R/100)^T = 2776(1+10/100)^3 ≈ ₹3695. CI = Amount − P = ₹919.,Aptitude,Compound Interest
Find the Simple Interest on ₹41236 at 5% per annum for 2 years.,4024,4124,4224,3924,B,SI = (P × R × T)/100 = (41236 × 5 × 2)/100 = ₹4124.,Aptitude,Simple Interest
What is the HCF (Highest Common Factor) of 7 and 51?,1,2,3,4,A,"HCF(7,51) = 1.",Aptitude,LCM and HCF
A vehicle covers 216 km in 8 hours. What is its speed?,24,27,30,25,B,Distance = Speed × Time = 27 × 8 = 216 km. So the answer is 27 km/h.,Aptitude,Time and Distance
A quantity of 109 is decreased by 25%. What is the new value?,97,82,67,72,B,"25% of 109 = 27. Since it decreased, new value = 109 - 27 = 82.",Aptitude,Percentage
"A can complete a piece of work in 6 days and B can complete it in 5 days. Working together, how many days will they take (rounded to 2 decimal places)?",3.73,2.73,4.23,1.73,B,Combined rate = 1/6 + 1/5. Time together = (6×5)/(6+5) = 2.73 days.,Aptitude,Time and Work
A vehicle covers 648 km in 9 hours. What is its speed?,72,73,69,67,A,Distance = Speed × Time = 72 × 9 = 648 km. So the answer is 72 km/h.,Aptitude,Time and Distance
A quantity of 164 is increased by 30%. What is the new value?,198,218,203,213,D,"30% of 164 = 49. Since it increased, new value = 164 + 49 = 213.",Aptitude,Percentage
A vehicle covers 85 km in 1 hours. What is its speed?,90,88,87,85,D,Distance = Speed × Time = 85 × 1 = 85 km. So the answer is 85 km/h.,Aptitude,Time and Distance
"Find the average of these numbers: 78, 22, 10, 94, 51.",51,56,52,46,A,"Sum = 255, Count = 5, Average = 255/5 = 51.",Aptitude,Averages
"A can complete a piece of work in 17 days and B can complete it in 10 days. Working together, how many days will they take (rounded to 2 decimal places)?",5.30,6.30,7.30,4.80,B,Combined rate = 1/17 + 1/10. Time together = (17×10)/(17+10) = 6.30 days.,Aptitude,Time and Work
"Two numbers are in the ratio 10:12. If their sum is 66, find the larger number.",46,21,26,36,D,Total parts = 10+12 = 22. Each part = 66/22 = 3. Larger number = 12 × 3 = 36.,Aptitude,Ratios
A shopkeeper buys an item for ₹1757 and sells it at a 10% loss. What is the selling price?,1631,1581,1561,1601,B,Loss amount = 10% of 1757 = ₹176. Selling price = 1757 - 176 = ₹1581.,Aptitude,Profit and Loss
A quantity of 78 is increased by 5%. What is the new value?,92,82,87,67,B,"5% of 78 = 4. Since it increased, new value = 78 + 4 = 82.",Aptitude,Percentage
A quantity of 557 is increased by 40%. What is the new value?,780,800,795,785,A,"40% of 557 = 223. Since it increased, new value = 557 + 223 = 780.",Aptitude,Percentage
"A can complete a piece of work in 19 days and B can complete it in 6 days. Working together, how many days will they take (rounded to 2 decimal places)?",5.56,4.56,3.06,6.06,B,Combined rate = 1/19 + 1/6. Time together = (19×6)/(19+6) = 4.56 days.,Aptitude,Time and Work
Is 958 divisible by 5?,Cannot say,Yes,Only sometimes,No,D,"958 ÷ 5 leaves remainder 3, so the answer is No.",Aptitude,Divisibility
Find the Compound Interest on ₹5605 at 10% per annum for 3 years (compounded annually).,1875,1805,1855,1905,C,Amount = P(1+R/100)^T = 5605(1+10/100)^3 ≈ ₹7460. CI = Amount − P = ₹1855.,Aptitude,Compound Interest
Find the Compound Interest on ₹13568 at 5% per annum for 2 years (compounded annually).,1341,1441,1411,1391,D,Amount = P(1+R/100)^T = 13568(1+5/100)^2 ≈ ₹14959. CI = Amount − P = ₹1391.,Aptitude,Compound Interest
"A can complete a piece of work in 18 days and B can complete it in 11 days. Working together, how many days will they take (rounded to 2 decimal places)?",6.33,4.83,6.83,7.83,C,Combined rate = 1/18 + 1/11. Time together = (18×11)/(18+11) = 6.83 days.,Aptitude,Time and Work
Find the Compound Interest on ₹13824 at 5% per annum for 3 years (compounded annually).,2159,2199,2179,2279,C,Amount = P(1+R/100)^T = 13824(1+5/100)^3 ≈ ₹16003. CI = Amount − P = ₹2179.,Aptitude,Compound Interest
"Find the average of these numbers: 60, 84, 31, 51, 91, 38, 67, 82.",68,63,58,66,B,"Sum = 504, Count = 8, Average = 504/8 = 63.",Aptitude,Averages
Find the Simple Interest on ₹48103 at 7% per annum for 1 years.,3167,3367,3667,3317,B,SI = (P × R × T)/100 = (48103 × 7 × 1)/100 = ₹3367.,Aptitude,Simple Interest
A quantity of 390 is decreased by 5%. What is the new value?,375,360,370,350,C,"5% of 390 = 20. Since it decreased, new value = 390 - 20 = 370.",Aptitude,Percentage
Find the Simple Interest on ₹48708 at 8% per annum for 3 years.,11490,11890,11640,11690,D,SI = (P × R × T)/100 = (48708 × 8 × 3)/100 = ₹11690.,Aptitude,Simple Interest
"Two numbers are in the ratio 8:2. If their sum is 40, find the larger number.",32,22,17,37,A,Total parts = 8+2 = 10. Each part = 40/10 = 4. Larger number = 8 × 4 = 32.,Aptitude,Ratios
What is the HCF (Highest Common Factor) of 64 and 45?,-7.0,7.0,1,34.0,C,"HCF(64,45) = 1.",Aptitude,LCM and HCF
"Find the average of these numbers: 18, 70, 92.",57,60,65,55,B,"Sum = 180, Count = 3, Average = 180/3 = 60.",Aptitude,Averages
"Two numbers are in the ratio 10:6. If their sum is 96, find the larger number.",75,60,57,50,B,Total parts = 10+6 = 16. Each part = 96/16 = 6. Larger number = 10 × 6 = 60.,Aptitude,Ratios
"Find the average of these numbers: 41, 36, 73.",50,45,49,53,A,"Sum = 150, Count = 3, Average = 150/3 = 50.",Aptitude,Averages
Find the Compound Interest on ₹3246 at 5% per annum for 2 years (compounded annually).,383,433,333,183,C,Amount = P(1+R/100)^T = 3246(1+5/100)^2 ≈ ₹3579. CI = Amount − P = ₹333.,Aptitude,Compound Interest
"Two numbers are in the ratio 8:7. If their sum is 285, find the larger number.",149,152,142,147,B,Total parts = 8+7 = 15. Each part = 285/15 = 19. Larger number = 8 × 19 = 152.,Aptitude,Ratios
Is 699 divisible by 10?,Only sometimes,No,Yes,Cannot say,B,"699 ÷ 10 leaves remainder 9, so the answer is No.",Aptitude,Divisibility
Find the Simple Interest on ₹2457 at 10% per annum for 4 years.,933,983,683,1283,B,SI = (P × R × T)/100 = (2457 × 10 × 4)/100 = ₹983.,Aptitude,Simple Interest
A shopkeeper buys an item for ₹2426 and sells it at a 30% loss. What is the selling price?,1618,1698,1678,1668,B,Loss amount = 30% of 2426 = ₹728. Selling price = 2426 - 728 = ₹1698.,Aptitude,Profit and Loss
What is the HCF (Highest Common Factor) of 22 and 92?,5,3,1,2,D,"HCF(22,92) = 2.",Aptitude,LCM and HCF
A vehicle covers 776 km at a speed of 97 km/h. How long does it take?,8,5,6,13,A,Distance = Speed × Time = 97 × 8 = 776 km. So the answer is 8 hours.,Aptitude,Time and Distance
Find the Simple Interest on ₹23138 at 12% per annum for 6 years.,16359,16609,16559,16659,D,SI = (P × R × T)/100 = (23138 × 12 × 6)/100 = ₹16659.,Aptitude,Simple Interest
Find the Simple Interest on ₹15142 at 5% per annum for 2 years.,1464,1314,1514,1614,C,SI = (P × R × T)/100 = (15142 × 5 × 2)/100 = ₹1514.,Aptitude,Simple Interest
A quantity of 68 is decreased by 5%. What is the new value?,70,85,65,75,C,"5% of 68 = 3. Since it decreased, new value = 68 - 3 = 65.",Aptitude,Percentage
"Two numbers are in the ratio 10:5. If their sum is 240, find the larger number.",160,165,175,163,A,Total parts = 10+5 = 15. Each part = 240/15 = 16. Larger number = 10 × 16 = 160.,Aptitude,Ratios
"A can complete a piece of work in 8 days and B can complete it in 20 days. Working together, how many days will they take (rounded to 2 decimal places)?",5.71,7.21,4.21,6.71,A,Combined rate = 1/8 + 1/20. Time together = (8×20)/(8+20) = 5.71 days.,Aptitude,Time and Work
"Find the average of these numbers: 34, 58, 58, 48, 83, 13.",49,54,47,52,A,"Sum = 294, Count = 6, Average = 294/6 = 49.",Aptitude,Averages
"Two numbers are in the ratio 7:9. If their sum is 64, find the larger number.",36,51,41,26,A,Total parts = 7+9 = 16. Each part = 64/16 = 4. Larger number = 9 × 4 = 36.,Aptitude,Ratios
A quantity of 75 is decreased by 12%. What is the new value?,71,46,51,66,D,"12% of 75 = 9. Since it decreased, new value = 75 - 9 = 66.",Aptitude,Percentage
A shopkeeper buys an item for ₹1652 and sells it at a 25% loss. What is the selling price?,1259,1159,1239,1219,C,Loss amount = 25% of 1652 = ₹413. Selling price = 1652 - 413 = ₹1239.,Aptitude,Profit and Loss
"A can complete a piece of work in 6 days and B can complete it in 10 days. Working together, how many days will they take (rounded to 2 decimal places)?",1.75,3.75,2.75,5.75,B,Combined rate = 1/6 + 1/10. Time together = (6×10)/(6+10) = 3.75 days.,Aptitude,Time and Work
Find the Compound Interest on ₹13717 at 10% per annum for 2 years (compounded annually).,2881,2781,3031,2731,A,Amount = P(1+R/100)^T = 13717(1+10/100)^2 ≈ ₹16598. CI = Amount − P = ₹2881.,Aptitude,Compound Interest
Find the Compound Interest on ₹2231 at 5% per annum for 3 years (compounded annually).,332,202,252,352,D,Amount = P(1+R/100)^T = 2231(1+5/100)^3 ≈ ₹2583. CI = Amount − P = ₹352.,Aptitude,Compound Interest
A quantity of 805 is decreased by 15%. What is the new value?,684,679,704,674,A,"15% of 805 = 121. Since it decreased, new value = 805 - 121 = 684.",Aptitude,Percentage
A shopkeeper buys an item for ₹635 and sells it at a 20% loss. What is the selling price?,488,558,508,588,C,Loss amount = 20% of 635 = ₹127. Selling price = 635 - 127 = ₹508.,Aptitude,Profit and Loss
Find the Simple Interest on ₹25522 at 7% per annum for 5 years.,8933,8633,9133,8833,A,SI = (P × R × T)/100 = (25522 × 7 × 5)/100 = ₹8933.,Aptitude,Simple Interest
"Find the average of these numbers: 73, 82, 35, 59, 11, 33, 67, 80.",50,52,54,55,D,"Sum = 440, Count = 8, Average = 440/8 = 55.",Aptitude,Averages
Find the Compound Interest on ₹7904 at 10% per annum for 3 years (compounded annually).,2466,2566,2616,2596,C,Amount = P(1+R/100)^T = 7904(1+10/100)^3 ≈ ₹10520. CI = Amount − P = ₹2616.,Aptitude,Compound Interest
Is 633 divisible by 11?,No,Yes,Only sometimes,Cannot say,A,"633 ÷ 11 leaves remainder 6, so the answer is No.",Aptitude,Divisibility
What is the LCM (Least Common Multiple) of 19 and 27?,515,513,511,517,B,"LCM(19,27) = (19×27)/HCF(19,27) = 513.",Aptitude,LCM and HCF
"A can complete a piece of work in 14 days and B can complete it in 6 days. Working together, how many days will they take (rounded to 2 decimal places)?",5.70,4.70,2.70,4.20,D,Combined rate = 1/14 + 1/6. Time together = (14×6)/(14+6) = 4.20 days.,Aptitude,Time and Work
"Two numbers are in the ratio 10:4. If their sum is 252, find the larger number.",170,175,177,180,D,Total parts = 10+4 = 14. Each part = 252/14 = 18. Larger number = 10 × 18 = 180.,Aptitude,Ratios
A quantity of 124 is increased by 12%. What is the new value?,144,134,154,139,D,"12% of 124 = 15. Since it increased, new value = 124 + 15 = 139.",Aptitude,Percentage
"Find the average of these numbers: 12, 86, 98, 43, 88, 45.",62,67,61,64,A,"Sum = 372, Count = 6, Average = 372/6 = 62.",Aptitude,Averages
A quantity of 685 is increased by 40%. What is the new value?,939,964,959,944,C,"40% of 685 = 274. Since it increased, new value = 685 + 274 = 959.",Aptitude,Percentage
A vehicle covers 402 km in 6 hours. What is its speed?,70,67,65,68,B,Distance = Speed × Time = 67 × 6 = 402 km. So the answer is 67 km/h.,Aptitude,Time and Distance
What is the HCF (Highest Common Factor) of 14 and 11?,5,3,2,1,D,"HCF(14,11) = 1.",Aptitude,LCM and HCF
Find the Compound Interest on ₹18718 at 10% per annum for 3 years (compounded annually).,6296,6196,6216,6096,B,Amount = P(1+R/100)^T = 18718(1+10/100)^3 ≈ ₹24914. CI = Amount − P = ₹6196.,Aptitude,Compound Interest
"Find the average of these numbers: 53, 59, 71, 56, 93, 64.",68,71,66,67,C,"Sum = 396, Count = 6, Average = 396/6 = 66.",Aptitude,Averages
"A can complete a piece of work in 8 days and B can complete it in 5 days. Working together, how many days will they take (rounded to 2 decimal places)?",3.08,2.08,3.58,1.58,A,Combined rate = 1/8 + 1/5. Time together = (8×5)/(8+5) = 3.08 days.,Aptitude,Time and Work
A vehicle covers 282 km in 6 hours. What is its speed?,46,48,44,47,D,Distance = Speed × Time = 47 × 6 = 282 km. So the answer is 47 km/h.,Aptitude,Time and Distance
"Find the average of these numbers: 22, 77, 52, 39, 78, 26.",50,49,46,52,B,"Sum = 294, Count = 6, Average = 294/6 = 49.",Aptitude,Averages
A shopkeeper buys an item for ₹2210 and sells it at a 10% loss. What is the selling price?,2039,2009,1989,1909,C,Loss amount = 10% of 2210 = ₹221. Selling price = 2210 - 221 = ₹1989.,Aptitude,Profit and Loss
Is 182 divisible by 11?,No,Only sometimes,Yes,Cannot say,A,"182 ÷ 11 leaves remainder 6, so the answer is No.",Aptitude,Divisibility
A shopkeeper buys an item for ₹3010 and sells it at a 50% profit. What is the selling price?,4515,4485,4465,4495,A,Profit amount = 50% of 3010 = ₹1505. Selling price = 3010 + 1505 = ₹4515.,Aptitude,Profit and Loss
"Two numbers are in the ratio 10:5. If their sum is 225, find the larger number.",150,160,153,155,A,Total parts = 10+5 = 15. Each part = 225/15 = 15. Larger number = 10 × 15 = 150.,Aptitude,Ratios
A quantity of 625 is decreased by 10%. What is the new value?,583,563,568,553,B,"10% of 625 = 62. Since it decreased, new value = 625 - 62 = 563.",Aptitude,Percentage
A quantity of 266 is increased by 30%. What is the new value?,336,346,356,351,B,"30% of 266 = 80. Since it increased, new value = 266 + 80 = 346.",Aptitude,Percentage
Find the Simple Interest on ₹39644 at 5% per annum for 3 years.,6047,5947,6247,5897,B,SI = (P × R × T)/100 = (39644 × 5 × 3)/100 = ₹5947.,Aptitude,Simple Interest
A shopkeeper buys an item for ₹3819 and sells it at a 5% loss. What is the selling price?,3708,3628,3548,3678,B,Loss amount = 5% of 3819 = ₹191. Selling price = 3819 - 191 = ₹3628.,Aptitude,Profit and Loss
Find the Compound Interest on ₹13133 at 5% per annum for 3 years (compounded annually).,2170,2090,1970,2070,D,Amount = P(1+R/100)^T = 13133(1+5/100)^3 ≈ ₹15203. CI = Amount − P = ₹2070.,Aptitude,Compound Interest
Is 991 divisible by 11?,Cannot say,Yes,No,Only sometimes,C,"991 ÷ 11 leaves remainder 1, so the answer is No.",Aptitude,Divisibility
Find the Compound Interest on ₹6301 at 20% per annum for 3 years (compounded annually).,4567,4587,4607,4687,B,Amount = P(1+R/100)^T = 6301(1+20/100)^3 ≈ ₹10888. CI = Amount − P = ₹4587.,Aptitude,Compound Interest
"A can complete a piece of work in 15 days and B can complete it in 4 days. Working together, how many days will they take (rounded to 2 decimal places)?",3.16,4.16,4.66,2.66,A,Combined rate = 1/15 + 1/4. Time together = (15×4)/(15+4) = 3.16 days.,Aptitude,Time and Work
Find the Simple Interest on ₹2782 at 9% per annum for 6 years.,1402,1452,1502,1552,C,SI = (P × R × T)/100 = (2782 × 9 × 6)/100 = ₹1502.,Aptitude,Simple Interest
What is the HCF (Highest Common Factor) of 38 and 49?,4,5,1,2,C,"HCF(38,49) = 1.",Aptitude,LCM and HCF
"A can complete a piece of work in 9 days and B can complete it in 19 days. Working together, how many days will they take (rounded to 2 decimal places)?",6.61,4.11,6.11,5.61,C,Combined rate = 1/9 + 1/19. Time together = (9×19)/(9+19) = 6.11 days.,Aptitude,Time and Work
A shopkeeper buys an item for ₹100 and sells it at a 50% loss. What is the selling price?,130,70,50,80,C,Loss amount = 50% of 100 = ₹50. Selling price = 100 - 50 = ₹50.,Aptitude,Profit and Loss
Is 739 divisible by 6?,Yes,Cannot say,Only sometimes,No,D,"739 ÷ 6 leaves remainder 1, so the answer is No.",Aptitude,Divisibility
A vehicle travels at 92 km/h for 9 hours. What distance does it cover?,830,833,825,828,D,Distance = Speed × Time = 92 × 9 = 828 km. So the answer is 828 km.,Aptitude,Time and Distance
A quantity of 452 is decreased by 25%. What is the new value?,359,344,339,334,C,"25% of 452 = 113. Since it decreased, new value = 452 - 113 = 339.",Aptitude,Percentage
"Find the average of these numbers: 59, 80, 68, 60, 48, 82, 30.",56,64,61,58,C,"Sum = 427, Count = 7, Average = 427/7 = 61.",Aptitude,Averages
A quantity of 451 is increased by 12%. What is the new value?,505,495,490,485,A,"12% of 451 = 54. Since it increased, new value = 451 + 54 = 505.",Aptitude,Percentage
"A can complete a piece of work in 17 days and B can complete it in 16 days. Working together, how many days will they take (rounded to 2 decimal places)?",8.24,6.74,9.74,7.24,A,Combined rate = 1/17 + 1/16. Time together = (17×16)/(17+16) = 8.24 days.,Aptitude,Time and Work
A quantity of 882 is decreased by 15%. What is the new value?,755,750,735,760,B,"15% of 882 = 132. Since it decreased, new value = 882 - 132 = 750.",Aptitude,Percentage
A shopkeeper buys an item for ₹4472 and sells it at a 30% loss. What is the selling price?,3210,3050,3130,3160,C,Loss amount = 30% of 4472 = ₹1342. Selling price = 4472 - 1342 = ₹3130.,Aptitude,Profit and Loss
A quantity of 486 is increased by 20%. What is the new value?,583,563,598,588,A,"20% of 486 = 97. Since it increased, new value = 486 + 97 = 583.",Aptitude,Percentage
A shopkeeper buys an item for ₹2442 and sells it at a 30% loss. What is the selling price?,1789,1759,1709,1689,C,Loss amount = 30% of 2442 = ₹733. Selling price = 2442 - 733 = ₹1709.,Aptitude,Profit and Loss
"A can complete a piece of work in 5 days and B can complete it in 11 days. Working together, how many days will they take (rounded to 2 decimal places)?",4.44,3.94,3.44,4.94,C,Combined rate = 1/5 + 1/11. Time together = (5×11)/(5+11) = 3.44 days.,Aptitude,Time and Work
"A can complete a piece of work in 17 days and B can complete it in 18 days. Working together, how many days will they take (rounded to 2 decimal places)?",7.24,9.24,8.24,8.74,D,Combined rate = 1/17 + 1/18. Time together = (17×18)/(17+18) = 8.74 days.,Aptitude,Time and Work
A vehicle travels at 114 km/h for 6 hours. What distance does it cover?,687,684,685,681,B,Distance = Speed × Time = 114 × 6 = 684 km. So the answer is 684 km.,Aptitude,Time and Distance
A shopkeeper buys an item for ₹692 and sells it at a 25% profit. What is the selling price?,835,895,945,865,D,Profit amount = 25% of 692 = ₹173. Selling price = 692 + 173 = ₹865.,Aptitude,Profit and Loss
"Find the average of these numbers: 26, 36, 39, 32, 59, 93, 87, 76.",61,53,59,56,D,"Sum = 448, Count = 8, Average = 448/8 = 56.",Aptitude,Averages
A vehicle covers 612 km in 6 hours. What is its speed?,100,107,101,102,D,Distance = Speed × Time = 102 × 6 = 612 km. So the answer is 102 km/h.,Aptitude,Time and Distance
A shopkeeper buys an item for ₹1680 and sells it at a 10% profit. What is the selling price?,1848,1868,1768,1798,A,Profit amount = 10% of 1680 = ₹168. Selling price = 1680 + 168 = ₹1848.,Aptitude,Profit and Loss
Find the Simple Interest on ₹47893 at 10% per annum for 4 years.,19057,19457,19207,19157,D,SI = (P × R × T)/100 = (47893 × 10 × 4)/100 = ₹19157.,Aptitude,Simple Interest
A vehicle covers 300 km at a speed of 50 km/h. How long does it take?,6,3,9,7,A,Distance = Speed × Time = 50 × 6 = 300 km. So the answer is 6 hours.,Aptitude,Time and Distance
What is the HCF (Highest Common Factor) of 28 and 11?,1,3,5,2,A,"HCF(28,11) = 1.",Aptitude,LCM and HCF
A vehicle travels at 116 km/h for 8 hours. What distance does it cover?,923,929,927,928,D,Distance = Speed × Time = 116 × 8 = 928 km. So the answer is 928 km.,Aptitude,Time and Distance
Find the Simple Interest on ₹30615 at 7% per annum for 4 years.,8772,8472,8572,8672,C,SI = (P × R × T)/100 = (30615 × 7 × 4)/100 = ₹8572.,Aptitude,Simple Interest
A quantity of 348 is increased by 40%. What is the new value?,467,502,487,482,C,"40% of 348 = 139. Since it increased, new value = 348 + 139 = 487.",Aptitude,Percentage
A vehicle travels at 85 km/h for 10 hours. What distance does it cover?,852,853,847,850,D,Distance = Speed × Time = 85 × 10 = 850 km. So the answer is 850 km.,Aptitude,Time and Distance
A shopkeeper buys an item for ₹1043 and sells it at a 10% loss. What is the selling price?,909,959,939,969,C,Loss amount = 10% of 1043 = ₹104. Selling price = 1043 - 104 = ₹939.,Aptitude,Profit and Loss
Find the Compound Interest on ₹12027 at 10% per annum for 3 years (compounded annually).,4131,3961,3981,3831,C,Amount = P(1+R/100)^T = 12027(1+10/100)^3 ≈ ₹16008. CI = Amount − P = ₹3981.,Aptitude,Compound Interest
Find the Compound Interest on ₹14624 at 20% per annum for 2 years (compounded annually).,6385,6415,6285,6435,D,Amount = P(1+R/100)^T = 14624(1+20/100)^2 ≈ ₹21059. CI = Amount − P = ₹6435.,Aptitude,Compound Interest
What is the HCF (Highest Common Factor) of 28 and 100?,6,1,4,2,C,"HCF(28,100) = 4.",Aptitude,LCM and HCF
A vehicle covers 560 km in 8 hours. What is its speed?,73,70,75,71,B,Distance = Speed × Time = 70 × 8 = 560 km. So the answer is 70 km/h.,Aptitude,Time and Distance
A shopkeeper buys an item for ₹754 and sells it at a 40% loss. What is the selling price?,452,532,432,472,A,Loss amount = 40% of 754 = ₹302. Selling price = 754 - 302 = ₹452.,Aptitude,Profit and Loss
"Two numbers are in the ratio 9:5. If their sum is 126, find the larger number.",76,86,78,81,D,Total parts = 9+5 = 14. Each part = 126/14 = 9. Larger number = 9 × 9 = 81.,Aptitude,Ratios
A quantity of 479 is increased by 10%. What is the new value?,547,507,527,517,C,"10% of 479 = 48. Since it increased, new value = 479 + 48 = 527.",Aptitude,Percentage
A quantity of 440 is decreased by 40%. What is the new value?,259,264,284,274,B,"40% of 440 = 176. Since it decreased, new value = 440 - 176 = 264.",Aptitude,Percentage
Is 78 divisible by 3?,Cannot say,Only sometimes,No,Yes,D,"78 ÷ 3 leaves remainder 0, so the answer is Yes.",Aptitude,Divisibility
What is the LCM (Least Common Multiple) of 10 and 25?,52,51,46,50,D,"LCM(10,25) = (10×25)/HCF(10,25) = 50.",Aptitude,LCM and HCF
"Find the average of these numbers: 14, 39, 11, 46, 75, 36, 31.",39,34,36,37,C,"Sum = 252, Count = 7, Average = 252/7 = 36.",Aptitude,Averages
Find the Compound Interest on ₹6844 at 5% per annum for 3 years (compounded annually).,1099,1079,1029,979,B,Amount = P(1+R/100)^T = 6844(1+5/100)^3 ≈ ₹7923. CI = Amount − P = ₹1079.,Aptitude,Compound Interest
"A can complete a piece of work in 16 days and B can complete it in 4 days. Working together, how many days will they take (rounded to 2 decimal places)?",1.70,4.70,3.20,5.20,C,Combined rate = 1/16 + 1/4. Time together = (16×4)/(16+4) = 3.20 days.,Aptitude,Time and Work
What is the HCF (Highest Common Factor) of 5 and 41?,3,2,4,1,D,"HCF(5,41) = 1.",Aptitude,LCM and HCF
"Find the average of these numbers: 30, 43, 98, 94, 17, 74, 50, 74.",61,57,60,59,C,"Sum = 480, Count = 8, Average = 480/8 = 60.",Aptitude,Averages
A quantity of 296 is increased by 10%. What is the new value?,306,326,321,311,B,"10% of 296 = 30. Since it increased, new value = 296 + 30 = 326.",Aptitude,Percentage
Find the Compound Interest on ₹6667 at 5% per annum for 2 years (compounded annually).,783,683,583,633,B,Amount = P(1+R/100)^T = 6667(1+5/100)^2 ≈ ₹7350. CI = Amount − P = ₹683.,Aptitude,Compound Interest
A quantity of 270 is decreased by 10%. What is the new value?,248,238,263,243,D,"10% of 270 = 27. Since it decreased, new value = 270 - 27 = 243.",Aptitude,Percentage
"Find the average of these numbers: 41, 25, 57, 46, 78, 36, 66, 35.",48,53,43,50,A,"Sum = 384, Count = 8, Average = 384/8 = 48.",Aptitude,Averages
"Find the average of these numbers: 12, 97, 65, 22.",49,50,52,44,A,"Sum = 196, Count = 4, Average = 196/4 = 49.",Aptitude,Averages
Find the Simple Interest on ₹16984 at 4% per annum for 3 years.,2038,1738,2088,2338,A,SI = (P × R × T)/100 = (16984 × 4 × 3)/100 = ₹2038.,Aptitude,Simple Interest
"A can complete a piece of work in 12 days and B can complete it in 11 days. Working together, how many days will they take (rounded to 2 decimal places)?",3.74,5.24,6.74,5.74,D,Combined rate = 1/12 + 1/11. Time together = (12×11)/(12+11) = 5.74 days.,Aptitude,Time and Work
"Find the average of these numbers: 15, 72, 48, 15, 77, 86, 51.",53,57,50,52,D,"Sum = 364, Count = 7, Average = 364/7 = 52.",Aptitude,Averages
"Two numbers are in the ratio 8:10. If their sum is 252, find the larger number.",140,135,125,137,A,Total parts = 8+10 = 18. Each part = 252/18 = 14. Larger number = 10 × 14 = 140.,Aptitude,Ratios
A vehicle covers 312 km in 6 hours. What is its speed?,52,51,54,49,A,Distance = Speed × Time = 52 × 6 = 312 km. So the answer is 52 km/h.,Aptitude,Time and Distance
"Two numbers are in the ratio 7:8. If their sum is 240, find the larger number.",133,128,138,118,B,Total parts = 7+8 = 15. Each part = 240/15 = 16. Larger number = 8 × 16 = 128.,Aptitude,Ratios
A vehicle travels at 79 km/h for 9 hours. What distance does it cover?,706,711,713,712,B,Distance = Speed × Time = 79 × 9 = 711 km. So the answer is 711 km.,Aptitude,Time and Distance
"Two numbers are in the ratio 2:3. If their sum is 80, find the larger number.",48,38,51,43,A,Total parts = 2+3 = 5. Each part = 80/5 = 16. Larger number = 3 × 16 = 48.,Aptitude,Ratios
A quantity of 781 is increased by 40%. What is the new value?,1098,1078,1113,1093,D,"40% of 781 = 312. Since it increased, new value = 781 + 312 = 1093.",Aptitude,Percentage
"A can complete a piece of work in 4 days and B can complete it in 16 days. Working together, how many days will they take (rounded to 2 decimal places)?",3.70,3.20,4.20,5.20,B,Combined rate = 1/4 + 1/16. Time together = (4×16)/(4+16) = 3.20 days.,Aptitude,Time and Work
"Find the average of these numbers: 42, 62, 95, 49.",62,67,60,59,A,"Sum = 248, Count = 4, Average = 248/4 = 62.",Aptitude,Averages
"Two numbers are in the ratio 8:7. If their sum is 255, find the larger number.",139,136,141,133,B,Total parts = 8+7 = 15. Each part = 255/15 = 17. Larger number = 8 × 17 = 136.,Aptitude,Ratios
A vehicle covers 228 km at a speed of 38 km/h. How long does it take?,1,8,6,4,C,Distance = Speed × Time = 38 × 6 = 228 km. So the answer is 6 hours.,Aptitude,Time and Distance
A vehicle covers 166 km in 2 hours. What is its speed?,85,83,81,88,B,Distance = Speed × Time = 83 × 2 = 166 km. So the answer is 83 km/h.,Aptitude,Time and Distance
"A can complete a piece of work in 5 days and B can complete it in 14 days. Working together, how many days will they take (rounded to 2 decimal places)?",4.18,4.68,3.68,2.18,C,Combined rate = 1/5 + 1/14. Time together = (5×14)/(5+14) = 3.68 days.,Aptitude,Time and Work
Is 292 divisible by 10?,Only sometimes,Yes,No,Cannot say,C,"292 ÷ 10 leaves remainder 2, so the answer is No.",Aptitude,Divisibility
Find the Compound Interest on ₹16932 at 20% per annum for 2 years (compounded annually).,7600,7470,7450,7400,C,Amount = P(1+R/100)^T = 16932(1+20/100)^2 ≈ ₹24382. CI = Amount − P = ₹7450.,Aptitude,Compound Interest
"Two numbers are in the ratio 3:4. If their sum is 126, find the larger number.",57,62,87,72,D,Total parts = 3+4 = 7. Each part = 126/7 = 18. Larger number = 4 × 18 = 72.,Aptitude,Ratios
"Two numbers are in the ratio 6:5. If their sum is 198, find the larger number.",108,93,113,98,A,Total parts = 6+5 = 11. Each part = 198/11 = 18. Larger number = 6 × 18 = 108.,Aptitude,Ratios
"Two numbers are in the ratio 5:3. If their sum is 144, find the larger number.",75,85,95,90,D,Total parts = 5+3 = 8. Each part = 144/8 = 18. Larger number = 5 × 18 = 90.,Aptitude,Ratios
"A can complete a piece of work in 14 days and B can complete it in 7 days. Working together, how many days will they take (rounded to 2 decimal places)?",4.67,6.67,5.17,4.17,A,Combined rate = 1/14 + 1/7. Time together = (14×7)/(14+7) = 4.67 days.,Aptitude,Time and Work
"A can complete a piece of work in 12 days and B can complete it in 20 days. Working together, how many days will they take (rounded to 2 decimal places)?",7.50,8.00,7.00,5.50,A,Combined rate = 1/12 + 1/20. Time together = (12×20)/(12+20) = 7.50 days.,Aptitude,Time and Work
"Two numbers are in the ratio 12:6. If their sum is 252, find the larger number.",153,183,168,178,C,Total parts = 12+6 = 18. Each part = 252/18 = 14. Larger number = 12 × 14 = 168.,Aptitude,Ratios
A shopkeeper buys an item for ₹4967 and sells it at a 40% profit. What is the selling price?,6934,6874,6954,7034,C,Profit amount = 40% of 4967 = ₹1987. Selling price = 4967 + 1987 = ₹6954.,Aptitude,Profit and Loss
Find the Compound Interest on ₹2673 at 5% per annum for 3 years (compounded annually).,571,521,271,421,D,Amount = P(1+R/100)^T = 2673(1+5/100)^3 ≈ ₹3094. CI = Amount − P = ₹421.,Aptitude,Compound Interest
Find the Compound Interest on ₹9964 at 20% per annum for 3 years (compounded annually).,7274,7304,7254,7404,C,Amount = P(1+R/100)^T = 9964(1+20/100)^3 ≈ ₹17218. CI = Amount − P = ₹7254.,Aptitude,Compound Interest
Find the Simple Interest on ₹5621 at 4% per annum for 4 years.,1099,899,599,949,B,SI = (P × R × T)/100 = (5621 × 4 × 4)/100 = ₹899.,Aptitude,Simple Interest
Find the Simple Interest on ₹1391 at 8% per annum for 5 years.,556,656,506,856,A,SI = (P × R × T)/100 = (1391 × 8 × 5)/100 = ₹556.,Aptitude,Simple Interest
"A can complete a piece of work in 4 days and B can complete it in 15 days. Working together, how many days will they take (rounded to 2 decimal places)?",3.16,4.66,1.16,2.66,A,Combined rate = 1/4 + 1/15. Time together = (4×15)/(4+15) = 3.16 days.,Aptitude,Time and Work
Find the Simple Interest on ₹38701 at 9% per annum for 3 years.,10349,10649,10449,10549,C,SI = (P × R × T)/100 = (38701 × 9 × 3)/100 = ₹10449.,Aptitude,Simple Interest
Find the Compound Interest on ₹13486 at 5% per annum for 2 years (compounded annually).,1532,1482,1232,1382,D,Amount = P(1+R/100)^T = 13486(1+5/100)^2 ≈ ₹14868. CI = Amount − P = ₹1382.,Aptitude,Compound Interest
Find the Simple Interest on ₹42494 at 7% per annum for 5 years.,14823,14673,14873,14773,C,SI = (P × R × T)/100 = (42494 × 7 × 5)/100 = ₹14873.,Aptitude,Simple Interest
"Find the average of these numbers: 34, 99, 50, 98, 86, 86, 44.",72,74,71,69,C,"Sum = 497, Count = 7, Average = 497/7 = 71.",Aptitude,Averages
"A can complete a piece of work in 11 days and B can complete it in 17 days. Working together, how many days will they take (rounded to 2 decimal places)?",6.68,6.18,5.18,8.18,A,Combined rate = 1/11 + 1/17. Time together = (11×17)/(11+17) = 6.68 days.,Aptitude,Time and Work
Find the Compound Interest on ₹19746 at 20% per annum for 3 years (compounded annually).,14525,14375,14475,14355,B,Amount = P(1+R/100)^T = 19746(1+20/100)^3 ≈ ₹34121. CI = Amount − P = ₹14375.,Aptitude,Compound Interest
Find the Compound Interest on ₹8885 at 5% per annum for 2 years (compounded annually).,1011,811,911,931,C,Amount = P(1+R/100)^T = 8885(1+5/100)^2 ≈ ₹9796. CI = Amount − P = ₹911.,Aptitude,Compound Interest
Find the Simple Interest on ₹49562 at 5% per annum for 6 years.,14869,14669,14769,14969,A,SI = (P × R × T)/100 = (49562 × 5 × 6)/100 = ₹14869.,Aptitude,Simple Interest
Find the Simple Interest on ₹47819 at 6% per annum for 4 years.,11477,11427,11377,11677,A,SI = (P × R × T)/100 = (47819 × 6 × 4)/100 = ₹11477.,Aptitude,Simple Interest
Find the Simple Interest on ₹44460 at 4% per annum for 5 years.,8592,8892,8842,8792,B,SI = (P × R × T)/100 = (44460 × 4 × 5)/100 = ₹8892.,Aptitude,Simple Interest
"Two numbers are in the ratio 10:6. If their sum is 144, find the larger number.",75,90,95,93,B,Total parts = 10+6 = 16. Each part = 144/16 = 9. Larger number = 10 × 9 = 90.,Aptitude,Ratios
A vehicle covers 660 km at a speed of 110 km/h. How long does it take?,7,4,9,6,D,Distance = Speed × Time = 110 × 6 = 660 km. So the answer is 6 hours.,Aptitude,Time and Distance
A quantity of 784 is increased by 5%. What is the new value?,828,823,818,808,B,"5% of 784 = 39. Since it increased, new value = 784 + 39 = 823.",Aptitude,Percentage
"Find the average of these numbers: 99, 91, 33, 36, 83, 42.",65,63,64,62,C,"Sum = 384, Count = 6, Average = 384/6 = 64.",Aptitude,Averages
A quantity of 107 is increased by 40%. What is the new value?,150,165,145,130,A,"40% of 107 = 43. Since it increased, new value = 107 + 43 = 150.",Aptitude,Percentage
"Two numbers are in the ratio 8:9. If their sum is 170, find the larger number.",100,90,87,75,B,Total parts = 8+9 = 17. Each part = 170/17 = 10. Larger number = 9 × 10 = 90.,Aptitude,Ratios
What is the HCF (Highest Common Factor) of 39 and 57?,3,6,4,1,A,"HCF(39,57) = 3.",Aptitude,LCM and HCF
A shopkeeper buys an item for ₹2697 and sells it at a 50% loss. What is the selling price?,1299,1379,1349,1319,C,Loss amount = 50% of 2697 = ₹1348. Selling price = 2697 - 1348 = ₹1349.,Aptitude,Profit and Loss
A vehicle travels at 43 km/h for 9 hours. What distance does it cover?,387,392,386,390,A,Distance = Speed × Time = 43 × 9 = 387 km. So the answer is 387 km.,Aptitude,Time and Distance
What is the HCF (Highest Common Factor) of 6 and 20?,2,6,3,5,A,"HCF(6,20) = 2.",Aptitude,LCM and HCF
A shopkeeper buys an item for ₹2868 and sells it at a 10% profit. What is the selling price?,3135,3175,3205,3155,D,Profit amount = 10% of 2868 = ₹287. Selling price = 2868 + 287 = ₹3155.,Aptitude,Profit and Loss
A shopkeeper buys an item for ₹661 and sells it at a 40% profit. What is the selling price?,955,875,845,925,D,Profit amount = 40% of 661 = ₹264. Selling price = 661 + 264 = ₹925.,Aptitude,Profit and Loss
Find the Compound Interest on ₹4381 at 5% per annum for 2 years (compounded annually).,429,549,599,449,D,Amount = P(1+R/100)^T = 4381(1+5/100)^2 ≈ ₹4830. CI = Amount − P = ₹449.,Aptitude,Compound Interest
"Find the average of these numbers: 12, 75, 72, 23, 48.",48,43,46,41,C,"Sum = 230, Count = 5, Average = 230/5 = 46.",Aptitude,Averages
"Two numbers are in the ratio 10:7. If their sum is 68, find the larger number.",45,40,50,25,B,Total parts = 10+7 = 17. Each part = 68/17 = 4. Larger number = 10 × 4 = 40.,Aptitude,Ratios
"Find the average of these numbers: 19, 20, 31, 38.",25,28,27,22,C,"Sum = 108, Count = 4, Average = 108/4 = 27.",Aptitude,Averages
A vehicle travels at 118 km/h for 6 hours. What distance does it cover?,705,708,713,703,B,Distance = Speed × Time = 118 × 6 = 708 km. So the answer is 708 km.,Aptitude,Time and Distance
"Find the average of these numbers: 28, 77, 84.",63,65,64,60,A,"Sum = 189, Count = 3, Average = 189/3 = 63.",Aptitude,Averages
Find the Simple Interest on ₹12477 at 7% per annum for 5 years.,4567,4367,4267,4467,B,SI = (P × R × T)/100 = (12477 × 7 × 5)/100 = ₹4367.,Aptitude,Simple Interest
A quantity of 581 is increased by 10%. What is the new value?,659,654,639,624,C,"10% of 581 = 58. Since it increased, new value = 581 + 58 = 639.",Aptitude,Percentage
Find the Simple Interest on ₹9690 at 6% per annum for 2 years.,1463,1163,1063,1213,B,SI = (P × R × T)/100 = (9690 × 6 × 2)/100 = ₹1163.,Aptitude,Simple Interest
Find the Simple Interest on ₹29617 at 7% per annum for 5 years.,10416,10366,10466,10666,B,SI = (P × R × T)/100 = (29617 × 7 × 5)/100 = ₹10366.,Aptitude,Simple Interest
A vehicle covers 315 km at a speed of 45 km/h. How long does it take?,2,12,7,8,C,Distance = Speed × Time = 45 × 7 = 315 km. So the answer is 7 hours.,Aptitude,Time and Distance
A shopkeeper buys an item for ₹1688 and sells it at a 15% profit. What is the selling price?,1941,2021,1911,1971,A,Profit amount = 15% of 1688 = ₹253. Selling price = 1688 + 253 = ₹1941.,Aptitude,Profit and Loss
"A can complete a piece of work in 9 days and B can complete it in 7 days. Working together, how many days will they take (rounded to 2 decimal places)?",3.94,5.94,2.94,4.44,A,Combined rate = 1/9 + 1/7. Time together = (9×7)/(9+7) = 3.94 days.,Aptitude,Time and Work
Find the Compound Interest on ₹16825 at 10% per annum for 3 years (compounded annually).,5589,5419,5569,5719,C,Amount = P(1+R/100)^T = 16825(1+10/100)^3 ≈ ₹22394. CI = Amount − P = ₹5569.,Aptitude,Compound Interest
What is the LCM (Least Common Multiple) of 21 and 26?,547,549,546,543,C,"LCM(21,26) = (21×26)/HCF(21,26) = 546.",Aptitude,LCM and HCF
"A can complete a piece of work in 16 days and B can complete it in 8 days. Working together, how many days will they take (rounded to 2 decimal places)?",6.83,3.33,6.33,5.33,D,Combined rate = 1/16 + 1/8. Time together = (16×8)/(16+8) = 5.33 days.,Aptitude,Time and Work
"A can complete a piece of work in 12 days and B can complete it in 18 days. Working together, how many days will they take (rounded to 2 decimal places)?",8.20,7.20,6.20,6.70,B,Combined rate = 1/12 + 1/18. Time together = (12×18)/(12+18) = 7.20 days.,Aptitude,Time and Work
"Two numbers are in the ratio 9:6. If their sum is 225, find the larger number.",132,138,135,125,C,Total parts = 9+6 = 15. Each part = 225/15 = 15. Larger number = 9 × 15 = 135.,Aptitude,Ratios
A vehicle covers 658 km at a speed of 94 km/h. How long does it take?,5,6,7,4,C,Distance = Speed × Time = 94 × 7 = 658 km. So the answer is 7 hours.,Aptitude,Time and Distance
A quantity of 783 is increased by 50%. What is the new value?,1190,1195,1175,1185,C,"50% of 783 = 392. Since it increased, new value = 783 + 392 = 1175.",Aptitude,Percentage
"A can complete a piece of work in 10 days and B can complete it in 13 days. Working together, how many days will they take (rounded to 2 decimal places)?",6.15,5.15,5.65,4.65,C,Combined rate = 1/10 + 1/13. Time together = (10×13)/(10+13) = 5.65 days.,Aptitude,Time and Work
"Two numbers are in the ratio 6:12. If their sum is 342, find the larger number.",223,231,228,213,C,Total parts = 6+12 = 18. Each part = 342/18 = 19. Larger number = 12 × 19 = 228.,Aptitude,Ratios
"A can complete a piece of work in 17 days and B can complete it in 14 days. Working together, how many days will they take (rounded to 2 decimal places)?",8.68,6.68,9.68,7.68,D,Combined rate = 1/17 + 1/14. Time together = (17×14)/(17+14) = 7.68 days.,Aptitude,Time and Work
A shopkeeper buys an item for ₹2597 and sells it at a 40% loss. What is the selling price?,1558,1608,1638,1578,A,Loss amount = 40% of 2597 = ₹1039. Selling price = 2597 - 1039 = ₹1558.,Aptitude,Profit and Loss
Find the Simple Interest on ₹6280 at 8% per annum for 3 years.,1507,1707,1457,1407,A,SI = (P × R × T)/100 = (6280 × 8 × 3)/100 = ₹1507.,Aptitude,Simple Interest
Find the Compound Interest on ₹3643 at 20% per annum for 3 years (compounded annually).,2802,2702,2652,2552,C,Amount = P(1+R/100)^T = 3643(1+20/100)^3 ≈ ₹6295. CI = Amount − P = ₹2652.,Aptitude,Compound Interest
A quantity of 71 is decreased by 5%. What is the new value?,82,67,47,87,B,"5% of 71 = 4. Since it decreased, new value = 71 - 4 = 67.",Aptitude,Percentage
Find the Simple Interest on ₹11705 at 10% per annum for 4 years.,4632,4882,4682,4982,C,SI = (P × R × T)/100 = (11705 × 10 × 4)/100 = ₹4682.,Aptitude,Simple Interest
"A can complete a piece of work in 5 days and B can complete it in 16 days. Working together, how many days will they take (rounded to 2 decimal places)?",1.81,3.81,5.81,4.31,B,Combined rate = 1/5 + 1/16. Time together = (5×16)/(5+16) = 3.81 days.,Aptitude,Time and Work
"Find the average of these numbers: 15, 42, 27, 79, 94, 21, 58.",48,43,53,46,A,"Sum = 336, Count = 7, Average = 336/7 = 48.",Aptitude,Averages
What is the LCM (Least Common Multiple) of 3 and 25?,75,79,71,72,A,"LCM(3,25) = (3×25)/HCF(3,25) = 75.",Aptitude,LCM and HCF
"Find the average of these numbers: 14, 51, 55, 45, 36, 91, 10, 42.",40,42,43,46,C,"Sum = 344, Count = 8, Average = 344/8 = 43.",Aptitude,Averages
"A can complete a piece of work in 19 days and B can complete it in 16 days. Working together, how many days will they take (rounded to 2 decimal places)?",9.19,8.69,8.19,10.69,B,Combined rate = 1/19 + 1/16. Time together = (19×16)/(19+16) = 8.69 days.,Aptitude,Time and Work
"Two numbers are in the ratio 10:4. If their sum is 238, find the larger number.",155,160,167,170,D,Total parts = 10+4 = 14. Each part = 238/14 = 17. Larger number = 10 × 17 = 170.,Aptitude,Ratios
"A can complete a piece of work in 18 days and B can complete it in 7 days. Working together, how many days will they take (rounded to 2 decimal places)?",6.04,7.04,4.04,5.04,D,Combined rate = 1/18 + 1/7. Time together = (18×7)/(18+7) = 5.04 days.,Aptitude,Time and Work
"A can complete a piece of work in 18 days and B can complete it in 5 days. Working together, how many days will they take (rounded to 2 decimal places)?",4.91,2.41,1.91,3.91,D,Combined rate = 1/18 + 1/5. Time together = (18×5)/(18+5) = 3.91 days.,Aptitude,Time and Work
A vehicle covers 495 km at a speed of 55 km/h. How long does it take?,4,12,14,9,D,Distance = Speed × Time = 55 × 9 = 495 km. So the answer is 9 hours.,Aptitude,Time and Distance
"Two numbers are in the ratio 5:6. If their sum is 55, find the larger number.",40,30,20,35,B,Total parts = 5+6 = 11. Each part = 55/11 = 5. Larger number = 6 × 5 = 30.,Aptitude,Ratios
"Two numbers are in the ratio 7:8. If their sum is 165, find the larger number.",85,103,88,78,C,Total parts = 7+8 = 15. Each part = 165/15 = 11. Larger number = 8 × 11 = 88.,Aptitude,Ratios
Find the Compound Interest on ₹1505 at 20% per annum for 2 years (compounded annually).,662,762,712,642,A,Amount = P(1+R/100)^T = 1505(1+20/100)^2 ≈ ₹2167. CI = Amount − P = ₹662.,Aptitude,Compound Interest
"Two numbers are in the ratio 9:11. If their sum is 260, find the larger number.",128,146,143,148,C,Total parts = 9+11 = 20. Each part = 260/20 = 13. Larger number = 11 × 13 = 143.,Aptitude,Ratios
"Find the average of these numbers: 85, 60, 43, 77, 74, 96, 69.",70,72,74,69,B,"Sum = 504, Count = 7, Average = 504/7 = 72.",Aptitude,Averages
A quantity of 386 is increased by 50%. What is the new value?,579,589,599,574,A,"50% of 386 = 193. Since it increased, new value = 386 + 193 = 579.",Aptitude,Percentage
"Two numbers are in the ratio 12:3. If their sum is 90, find the larger number.",75,72,82,77,B,Total parts = 12+3 = 15. Each part = 90/15 = 6. Larger number = 12 × 6 = 72.,Aptitude,Ratios
A vehicle covers 155 km at a speed of 31 km/h. How long does it take?,8,7,5,4,C,Distance = Speed × Time = 31 × 5 = 155 km. So the answer is 5 hours.,Aptitude,Time and Distance
Find the Simple Interest on ₹33054 at 5% per annum for 4 years.,6411,6811,6611,6311,C,SI = (P × R × T)/100 = (33054 × 5 × 4)/100 = ₹6611.,Aptitude,Simple Interest
A vehicle covers 60 km in 1 hours. What is its speed?,59,55,63,60,D,Distance = Speed × Time = 60 × 1 = 60 km. So the answer is 60 km/h.,Aptitude,Time and Distance
A vehicle travels at 28 km/h for 1 hours. What distance does it cover?,26,28,27,30,B,Distance = Speed × Time = 28 × 1 = 28 km. So the answer is 28 km.,Aptitude,Time and Distance
Find the Simple Interest on ₹18362 at 4% per annum for 4 years.,2838,2738,3238,2938,D,SI = (P × R × T)/100 = (18362 × 4 × 4)/100 = ₹2938.,Aptitude,Simple Interest
"A can complete a piece of work in 17 days and B can complete it in 6 days. Working together, how many days will they take (rounded to 2 decimal places)?",5.93,2.93,2.43,4.43,D,Combined rate = 1/17 + 1/6. Time together = (17×6)/(17+6) = 4.43 days.,Aptitude,Time and Work
Find the Simple Interest on ₹47464 at 9% per annum for 4 years.,16787,17287,17037,17087,D,SI = (P × R × T)/100 = (47464 × 9 × 4)/100 = ₹17087.,Aptitude,Simple Interest
Find the Compound Interest on ₹15844 at 10% per annum for 2 years (compounded annually).,3377,3177,3307,3327,D,Amount = P(1+R/100)^T = 15844(1+10/100)^2 ≈ ₹19171. CI = Amount − P = ₹3327.,Aptitude,Compound Interest
"Two numbers are in the ratio 5:4. If their sum is 162, find the larger number.",93,75,80,90,D,Total parts = 5+4 = 9. Each part = 162/9 = 18. Larger number = 5 × 18 = 90.,Aptitude,Ratios
A quantity of 208 is decreased by 12%. What is the new value?,183,188,203,193,A,"12% of 208 = 25. Since it decreased, new value = 208 - 25 = 183.",Aptitude,Percentage
Find the Compound Interest on ₹15194 at 10% per annum for 3 years (compounded annually).,5009,5079,4879,5029,D,Amount = P(1+R/100)^T = 15194(1+10/100)^3 ≈ ₹20223. CI = Amount − P = ₹5029.,Aptitude,Compound Interest
"Two numbers are in the ratio 10:9. If their sum is 361, find the larger number.",200,195,193,190,D,Total parts = 10+9 = 19. Each part = 361/19 = 19. Larger number = 10 × 19 = 190.,Aptitude,Ratios
A quantity of 877 is decreased by 50%. What is the new value?,439,429,454,459,A,"50% of 877 = 438. Since it decreased, new value = 877 - 438 = 439.",Aptitude,Percentage
A quantity of 657 is increased by 50%. What is the new value?,1005,985,980,1000,B,"50% of 657 = 328. Since it increased, new value = 657 + 328 = 985.",Aptitude,Percentage
Find the Compound Interest on ₹18010 at 5% per annum for 3 years (compounded annually).,2819,2839,2789,2939,B,Amount = P(1+R/100)^T = 18010(1+5/100)^3 ≈ ₹20849. CI = Amount − P = ₹2839.,Aptitude,Compound Interest
"Find the average of these numbers: 28, 47, 78, 27, 88, 26.",44,49,52,50,B,"Sum = 294, Count = 6, Average = 294/6 = 49.",Aptitude,Averages
"Two numbers are in the ratio 8:5. If their sum is 156, find the larger number.",81,111,96,101,C,Total parts = 8+5 = 13. Each part = 156/13 = 12. Larger number = 8 × 12 = 96.,Aptitude,Ratios
"Two numbers are in the ratio 3:2. If their sum is 90, find the larger number.",57,39,54,64,C,Total parts = 3+2 = 5. Each part = 90/5 = 18. Larger number = 3 × 18 = 54.,Aptitude,Ratios
"Find the average of these numbers: 47, 86, 11, 47, 72, 73, 14.",48,50,49,47,B,"Sum = 350, Count = 7, Average = 350/7 = 50.",Aptitude,Averages
Find the Compound Interest on ₹10104 at 20% per annum for 2 years (compounded annually).,4396,4496,4446,4296,C,Amount = P(1+R/100)^T = 10104(1+20/100)^2 ≈ ₹14550. CI = Amount − P = ₹4446.,Aptitude,Compound Interest
A vehicle covers 60 km at a speed of 60 km/h. How long does it take?,3,2,1,6,C,Distance = Speed × Time = 60 × 1 = 60 km. So the answer is 1 hours.,Aptitude,Time and Distance
"Two numbers are in the ratio 3:5. If their sum is 64, find the larger number.",55,37,40,50,C,Total parts = 3+5 = 8. Each part = 64/8 = 8. Larger number = 5 × 8 = 40.,Aptitude,Ratios
"Find the average of these numbers: 70, 79, 20, 22, 52, 9.",47,42,41,44,B,"Sum = 252, Count = 6, Average = 252/6 = 42.",Aptitude,Averages
A quantity of 418 is decreased by 50%. What is the new value?,229,189,209,199,C,"50% of 418 = 209. Since it decreased, new value = 418 - 209 = 209.",Aptitude,Percentage
"Two numbers are in the ratio 10:11. If their sum is 168, find the larger number.",91,88,78,103,B,Total parts = 10+11 = 21. Each part = 168/21 = 8. Larger number = 11 × 8 = 88.,Aptitude,Ratios
"Find the average of these numbers: 90, 54, 10, 64, 26, 81, 11.",47,48,43,49,B,"Sum = 336, Count = 7, Average = 336/7 = 48.",Aptitude,Averages
A shopkeeper buys an item for ₹669 and sells it at a 10% loss. What is the selling price?,602,682,522,652,A,Loss amount = 10% of 669 = ₹67. Selling price = 669 - 67 = ₹602.,Aptitude,Profit and Loss
"Two numbers are in the ratio 12:4. If their sum is 256, find the larger number.",187,177,192,197,C,Total parts = 12+4 = 16. Each part = 256/16 = 16. Larger number = 12 × 16 = 192.,Aptitude,Ratios
What is the HCF (Highest Common Factor) of 25 and 65?,9,1,5,4,C,"HCF(25,65) = 5.",Aptitude,LCM and HCF
A vehicle covers 65 km in 1 hours. What is its speed?,64,68,65,67,C,Distance = Speed × Time = 65 × 1 = 65 km. So the answer is 65 km/h.,Aptitude,Time and Distance
A shopkeeper buys an item for ₹3520 and sells it at a 50% profit. What is the selling price?,5280,5250,5310,5360,A,Profit amount = 50% of 3520 = ₹1760. Selling price = 3520 + 1760 = ₹5280.,Aptitude,Profit and Loss
A vehicle covers 148 km at a speed of 74 km/h. How long does it take?,-9.0,1,7,2,D,Distance = Speed × Time = 74 × 2 = 148 km. So the answer is 2 hours.,Aptitude,Time and Distance
Find the Simple Interest on ₹14595 at 7% per annum for 4 years.,3987,4137,4387,4087,D,SI = (P × R × T)/100 = (14595 × 7 × 4)/100 = ₹4087.,Aptitude,Simple Interest
"Find the average of these numbers: 90, 82, 14.",60,62,65,67,B,"Sum = 186, Count = 3, Average = 186/3 = 62.",Aptitude,Averages
"A can complete a piece of work in 5 days and B can complete it in 9 days. Working together, how many days will they take (rounded to 2 decimal places)?",1.71,3.71,3.21,2.21,C,Combined rate = 1/5 + 1/9. Time together = (5×9)/(5+9) = 3.21 days.,Aptitude,Time and Work
Find the Compound Interest on ₹9614 at 5% per annum for 2 years (compounded annually).,965,985,885,1135,B,Amount = P(1+R/100)^T = 9614(1+5/100)^2 ≈ ₹10599. CI = Amount − P = ₹985.,Aptitude,Compound Interest
"Find the average of these numbers: 13, 57, 14.",26,28,31,30,B,"Sum = 84, Count = 3, Average = 84/3 = 28.",Aptitude,Averages
"A can complete a piece of work in 17 days and B can complete it in 7 days. Working together, how many days will they take (rounded to 2 decimal places)?",5.96,5.46,6.46,4.96,D,Combined rate = 1/17 + 1/7. Time together = (17×7)/(17+7) = 4.96 days.,Aptitude,Time and Work
A vehicle covers 672 km at a speed of 84 km/h. How long does it take?,5,10,9,8,D,Distance = Speed × Time = 84 × 8 = 672 km. So the answer is 8 hours.,Aptitude,Time and Distance
"Find the average of these numbers: 44, 99, 86, 46, 73, 66.",69,67,66,71,A,"Sum = 414, Count = 6, Average = 414/6 = 69.",Aptitude,Averages
Find the Compound Interest on ₹9792 at 20% per annum for 2 years (compounded annually).,4328,4288,4308,4358,C,Amount = P(1+R/100)^T = 9792(1+20/100)^2 ≈ ₹14100. CI = Amount − P = ₹4308.,Aptitude,Compound Interest
"Find the average of these numbers: 69, 38, 86, 45, 12.",55,51,50,52,C,"Sum = 250, Count = 5, Average = 250/5 = 50.",Aptitude,Averages
Find the Simple Interest on ₹9894 at 7% per annum for 6 years.,4155,4355,4455,4055,A,SI = (P × R × T)/100 = (9894 × 7 × 6)/100 = ₹4155.,Aptitude,Simple Interest
A quantity of 882 is increased by 12%. What is the new value?,993,983,988,1008,C,"12% of 882 = 106. Since it increased, new value = 882 + 106 = 988.",Aptitude,Percentage
What is the LCM (Least Common Multiple) of 2 and 3?,2,6,9,4,B,"LCM(2,3) = (2×3)/HCF(2,3) = 6.",Aptitude,LCM and HCF
Find the Compound Interest on ₹10758 at 10% per annum for 2 years (compounded annually).,2309,2109,2259,2239,C,Amount = P(1+R/100)^T = 10758(1+10/100)^2 ≈ ₹13017. CI = Amount − P = ₹2259.,Aptitude,Compound Interest
Find the Compound Interest on ₹6190 at 10% per annum for 2 years (compounded annually).,1250,1320,1300,1400,C,Amount = P(1+R/100)^T = 6190(1+10/100)^2 ≈ ₹7490. CI = Amount − P = ₹1300.,Aptitude,Compound Interest
Is 921 divisible by 3?,Yes,Only sometimes,Cannot say,No,A,"921 ÷ 3 leaves remainder 0, so the answer is Yes.",Aptitude,Divisibility
"Two numbers are in the ratio 5:2. If their sum is 133, find the larger number.",105,85,90,95,D,Total parts = 5+2 = 7. Each part = 133/7 = 19. Larger number = 5 × 19 = 95.,Aptitude,Ratios
A vehicle covers 710 km in 10 hours. What is its speed?,68,71,69,70,B,Distance = Speed × Time = 71 × 10 = 710 km. So the answer is 71 km/h.,Aptitude,Time and Distance
"A can complete a piece of work in 4 days and B can complete it in 11 days. Working together, how many days will they take (rounded to 2 decimal places)?",3.93,2.43,4.43,2.93,D,Combined rate = 1/4 + 1/11. Time together = (4×11)/(4+11) = 2.93 days.,Aptitude,Time and Work
Find the Simple Interest on ₹41474 at 7% per annum for 3 years.,8910,8760,8810,8710,D,SI = (P × R × T)/100 = (41474 × 7 × 3)/100 = ₹8710.,Aptitude,Simple Interest
Find the Compound Interest on ₹8011 at 20% per annum for 3 years (compounded annually).,5852,5932,5832,5682,C,Amount = P(1+R/100)^T = 8011(1+20/100)^3 ≈ ₹13843. CI = Amount − P = ₹5832.,Aptitude,Compound Interest
A vehicle covers 375 km in 5 hours. What is its speed?,73,80,72,75,D,Distance = Speed × Time = 75 × 5 = 375 km. So the answer is 75 km/h.,Aptitude,Time and Distance
"Two numbers are in the ratio 4:10. If their sum is 224, find the larger number.",175,160,163,150,B,Total parts = 4+10 = 14. Each part = 224/14 = 16. Larger number = 10 × 16 = 160.,Aptitude,Ratios
A shopkeeper buys an item for ₹1427 and sells it at a 10% profit. What is the selling price?,1570,1620,1490,1600,A,Profit amount = 10% of 1427 = ₹143. Selling price = 1427 + 143 = ₹1570.,Aptitude,Profit and Loss
Find the Compound Interest on ₹5615 at 5% per annum for 3 years (compounded annually).,905,935,885,865,C,Amount = P(1+R/100)^T = 5615(1+5/100)^3 ≈ ₹6500. CI = Amount − P = ₹885.,Aptitude,Compound Interest
A vehicle covers 279 km at a speed of 31 km/h. How long does it take?,4,9,14,6,B,Distance = Speed × Time = 31 × 9 = 279 km. So the answer is 9 hours.,Aptitude,Time and Distance
"Find the average of these numbers: 23, 92, 37, 94, 54.",60,58,62,63,A,"Sum = 300, Count = 5, Average = 300/5 = 60.",Aptitude,Averages
"Two numbers are in the ratio 5:10. If their sum is 105, find the larger number.",67,60,70,75,C,Total parts = 5+10 = 15. Each part = 105/15 = 7. Larger number = 10 × 7 = 70.,Aptitude,Ratios
Is 553 divisible by 6?,Yes,Cannot say,Only sometimes,No,D,"553 ÷ 6 leaves remainder 1, so the answer is No.",Aptitude,Divisibility
A shopkeeper buys an item for ₹3798 and sells it at a 5% loss. What is the selling price?,3628,3528,3658,3608,D,Loss amount = 5% of 3798 = ₹190. Selling price = 3798 - 190 = ₹3608.,Aptitude,Profit and Loss
"Two numbers are in the ratio 4:10. If their sum is 112, find the larger number.",75,85,95,80,D,Total parts = 4+10 = 14. Each part = 112/14 = 8. Larger number = 10 × 8 = 80.,Aptitude,Ratios
Find the Simple Interest on ₹26076 at 7% per annum for 5 years.,8927,9077,9127,9327,C,SI = (P × R × T)/100 = (26076 × 7 × 5)/100 = ₹9127.,Aptitude,Simple Interest
"Two numbers are in the ratio 6:11. If their sum is 153, find the larger number.",94,99,96,102,B,Total parts = 6+11 = 17. Each part = 153/17 = 9. Larger number = 11 × 9 = 99.,Aptitude,Ratios
A vehicle covers 350 km in 5 hours. What is its speed?,69,67,70,65,C,Distance = Speed × Time = 70 × 5 = 350 km. So the answer is 70 km/h.,Aptitude,Time and Distance
"Find the average of these numbers: 40, 13, 19, 29, 40, 75.",33,31,36,38,C,"Sum = 216, Count = 6, Average = 216/6 = 36.",Aptitude,Averages
What is the LCM (Least Common Multiple) of 25 and 14?,350,353,349,351,A,"LCM(25,14) = (25×14)/HCF(25,14) = 350.",Aptitude,LCM and HCF
A card is drawn from a well-shuffled standard deck of 52 cards. What is the probability of drawing a spade?,11/52,9/26,1/4,5/26,C,"Favourable outcomes = 13, Total outcomes = 52. Probability = 13/52 = 1/4 (in simplest form).",Aptitude,Probability
A shopkeeper buys an item for ₹2956 and sells it at a 20% loss. What is the selling price?,2365,2285,2415,2315,A,Loss amount = 20% of 2956 = ₹591. Selling price = 2956 - 591 = ₹2365.,Aptitude,Profit and Loss
A quantity of 253 is decreased by 12%. What is the new value?,213,238,223,218,C,"12% of 253 = 30. Since it decreased, new value = 253 - 30 = 223.",Aptitude,Percentage
A vehicle covers 56 km at a speed of 56 km/h. How long does it take?,1,4,3,6,A,Distance = Speed × Time = 56 × 1 = 56 km. So the answer is 1 hours.,Aptitude,Time and Distance
A quantity of 645 is decreased by 5%. What is the new value?,603,628,608,613,D,"5% of 645 = 32. Since it decreased, new value = 645 - 32 = 613.",Aptitude,Percentage
A fair six-sided die is rolled once. What is the probability of getting the number 6?,1/4,1/6,2/3,5/6,B,"Favourable outcomes = 1, Total outcomes = 6. Probability = 1/6 = 1/6 (in simplest form).",Aptitude,Probability
A vehicle covers 212 km at a speed of 106 km/h. How long does it take?,4,5,1,2,D,Distance = Speed × Time = 106 × 2 = 212 km. So the answer is 2 hours.,Aptitude,Time and Distance
What is the HCF (Highest Common Factor) of 79 and 58?,4,2,1,5,C,"HCF(79,58) = 1.",Aptitude,LCM and HCF
A shopkeeper buys an item for ₹2477 and sells it at a 20% profit. What is the selling price?,2972,2892,3052,2922,A,Profit amount = 20% of 2477 = ₹495. Selling price = 2477 + 495 = ₹2972.,Aptitude,Profit and Loss
A quantity of 223 is increased by 30%. What is the new value?,305,285,290,300,C,"30% of 223 = 67. Since it increased, new value = 223 + 67 = 290.",Aptitude,Percentage
"A can complete a piece of work in 5 days and B can complete it in 5 days. Working together, how many days will they take (rounded to 2 decimal places)?",4.50,3.00,2.50,3.50,C,Combined rate = 1/5 + 1/5. Time together = (5×5)/(5+5) = 2.50 days.,Aptitude,Time and Work
"Two numbers are in the ratio 3:2. If their sum is 85, find the larger number.",51,56,41,36,A,Total parts = 3+2 = 5. Each part = 85/5 = 17. Larger number = 3 × 17 = 51.,Aptitude,Ratios
"A can complete a piece of work in 18 days and B can complete it in 18 days. Working together, how many days will they take (rounded to 2 decimal places)?",9.50,10.00,7.50,9.00,D,Combined rate = 1/18 + 1/18. Time together = (18×18)/(18+18) = 9.00 days.,Aptitude,Time and Work
Find the Compound Interest on ₹6695 at 5% per annum for 3 years (compounded annually).,1055,1035,905,1005,A,Amount = P(1+R/100)^T = 6695(1+5/100)^3 ≈ ₹7750. CI = Amount − P = ₹1055.,Aptitude,Compound Interest
Find the Compound Interest on ₹1243 at 20% per annum for 3 years (compounded annually).,925,905,1055,855,B,Amount = P(1+R/100)^T = 1243(1+20/100)^3 ≈ ₹2148. CI = Amount − P = ₹905.,Aptitude,Compound Interest
A shopkeeper buys an item for ₹3825 and sells it at a 10% profit. What is the selling price?,4227,4157,4207,4127,C,Profit amount = 10% of 3825 = ₹382. Selling price = 3825 + 382 = ₹4207.,Aptitude,Profit and Loss
"Find the average of these numbers: 22, 16, 50, 76, 22, 62, 11.",37,42,36,32,A,"Sum = 259, Count = 7, Average = 259/7 = 37.",Aptitude,Averages
Find the Simple Interest on ₹8832 at 9% per annum for 6 years.,4569,4669,4769,5069,C,SI = (P × R × T)/100 = (8832 × 9 × 6)/100 = ₹4769.,Aptitude,Simple Interest
Find the Compound Interest on ₹1144 at 10% per annum for 2 years (compounded annually).,240,220,90,340,A,Amount = P(1+R/100)^T = 1144(1+10/100)^2 ≈ ₹1384. CI = Amount − P = ₹240.,Aptitude,Compound Interest
"Find the average of these numbers: 69, 63, 18, 100, 57, 88, 47, 94.",68,69,72,67,D,"Sum = 536, Count = 8, Average = 536/8 = 67.",Aptitude,Averages
Find the Simple Interest on ₹30138 at 7% per annum for 2 years.,3919,4219,4019,4269,B,SI = (P × R × T)/100 = (30138 × 7 × 2)/100 = ₹4219.,Aptitude,Simple Interest
A quantity of 450 is decreased by 50%. What is the new value?,220,225,235,230,B,"50% of 450 = 225. Since it decreased, new value = 450 - 225 = 225.",Aptitude,Percentage
Find the Simple Interest on ₹49516 at 5% per annum for 4 years.,10103,9953,9903,9803,C,SI = (P × R × T)/100 = (49516 × 5 × 4)/100 = ₹9903.,Aptitude,Simple Interest
Find the Simple Interest on ₹6223 at 10% per annum for 5 years.,3412,3312,3112,2912,C,SI = (P × R × T)/100 = (6223 × 10 × 5)/100 = ₹3112.,Aptitude,Simple Interest
What is the HCF (Highest Common Factor) of 29 and 52?,1,3,2,4,A,"HCF(29,52) = 1.",Aptitude,LCM and HCF
A shopkeeper buys an item for ₹1741 and sells it at a 5% loss. What is the selling price?,1624,1734,1654,1684,C,Loss amount = 5% of 1741 = ₹87. Selling price = 1741 - 87 = ₹1654.,Aptitude,Profit and Loss
Find the Simple Interest on ₹11011 at 6% per annum for 3 years.,1982,2182,2282,1782,A,SI = (P × R × T)/100 = (11011 × 6 × 3)/100 = ₹1982.,Aptitude,Simple Interest
A shopkeeper buys an item for ₹2180 and sells it at a 20% loss. What is the selling price?,1744,1794,1774,1764,A,Loss amount = 20% of 2180 = ₹436. Selling price = 2180 - 436 = ₹1744.,Aptitude,Profit and Loss
A quantity of 633 is increased by 15%. What is the new value?,728,713,733,738,A,"15% of 633 = 95. Since it increased, new value = 633 + 95 = 728.",Aptitude,Percentage
"A can complete a piece of work in 18 days and B can complete it in 15 days. Working together, how many days will they take (rounded to 2 decimal places)?",7.68,8.18,7.18,9.68,B,Combined rate = 1/18 + 1/15. Time together = (18×15)/(18+15) = 8.18 days.,Aptitude,Time and Work
"A can complete a piece of work in 11 days and B can complete it in 8 days. Working together, how many days will they take (rounded to 2 decimal places)?",5.13,4.63,2.63,6.13,B,Combined rate = 1/11 + 1/8. Time together = (11×8)/(11+8) = 4.63 days.,Aptitude,Time and Work
"Two numbers are in the ratio 5:12. If their sum is 272, find the larger number.",195,189,187,192,D,Total parts = 5+12 = 17. Each part = 272/17 = 16. Larger number = 12 × 16 = 192.,Aptitude,Ratios
"A can complete a piece of work in 19 days and B can complete it in 12 days. Working together, how many days will they take (rounded to 2 decimal places)?",6.35,7.85,7.35,6.85,C,Combined rate = 1/19 + 1/12. Time together = (19×12)/(19+12) = 7.35 days.,Aptitude,Time and Work
Find the Compound Interest on ₹13766 at 10% per annum for 3 years (compounded annually).,4557,4707,4407,4577,A,Amount = P(1+R/100)^T = 13766(1+10/100)^3 ≈ ₹18323. CI = Amount − P = ₹4557.,Aptitude,Compound Interest
A vehicle travels at 87 km/h for 10 hours. What distance does it cover?,870,868,871,865,A,Distance = Speed × Time = 87 × 10 = 870 km. So the answer is 870 km.,Aptitude,Time and Distance
"Find the average of these numbers: 40, 12, 90, 56, 55, 47.",51,49,50,53,C,"Sum = 300, Count = 6, Average = 300/6 = 50.",Aptitude,Averages
A shopkeeper buys an item for ₹1310 and sells it at a 40% loss. What is the selling price?,866,766,786,756,C,Loss amount = 40% of 1310 = ₹524. Selling price = 1310 - 524 = ₹786.,Aptitude,Profit and Loss
Find the Simple Interest on ₹33964 at 8% per annum for 3 years.,8451,8151,7951,8351,B,SI = (P × R × T)/100 = (33964 × 8 × 3)/100 = ₹8151.,Aptitude,Simple Interest
A vehicle travels at 98 km/h for 1 hours. What distance does it cover?,95,98,101,99,B,Distance = Speed × Time = 98 × 1 = 98 km. So the answer is 98 km.,Aptitude,Time and Distance
Find the Compound Interest on ₹8259 at 10% per annum for 2 years (compounded annually).,1734,1584,1834,1754,A,Amount = P(1+R/100)^T = 8259(1+10/100)^2 ≈ ₹9993. CI = Amount − P = ₹1734.,Aptitude,Compound Interest
A quantity of 608 is increased by 40%. What is the new value?,846,836,851,866,C,"40% of 608 = 243. Since it increased, new value = 608 + 243 = 851.",Aptitude,Percentage
"Two numbers are in the ratio 12:5. If their sum is 306, find the larger number.",231,213,216,226,C,Total parts = 12+5 = 17. Each part = 306/17 = 18. Larger number = 12 × 18 = 216.,Aptitude,Ratios
Find the Compound Interest on ₹2289 at 10% per annum for 2 years (compounded annually).,481,581,431,381,A,Amount = P(1+R/100)^T = 2289(1+10/100)^2 ≈ ₹2770. CI = Amount − P = ₹481.,Aptitude,Compound Interest
"Find the average of these numbers: 40, 44, 72.",57,51,47,52,D,"Sum = 156, Count = 3, Average = 156/3 = 52.",Aptitude,Averages
"Two numbers are in the ratio 9:11. If their sum is 400, find the larger number.",210,220,230,215,B,Total parts = 9+11 = 20. Each part = 400/20 = 20. Larger number = 11 × 20 = 220.,Aptitude,Ratios
Find the Compound Interest on ₹1333 at 20% per annum for 2 years (compounded annually).,687,637,437,587,D,Amount = P(1+R/100)^T = 1333(1+20/100)^2 ≈ ₹1920. CI = Amount − P = ₹587.,Aptitude,Compound Interest
"Two numbers are in the ratio 6:5. If their sum is 121, find the larger number.",71,66,81,63,B,Total parts = 6+5 = 11. Each part = 121/11 = 11. Larger number = 6 × 11 = 66.,Aptitude,Ratios
"A can complete a piece of work in 6 days and B can complete it in 11 days. Working together, how many days will they take (rounded to 2 decimal places)?",1.88,2.88,3.88,3.38,C,Combined rate = 1/6 + 1/11. Time together = (6×11)/(6+11) = 3.88 days.,Aptitude,Time and Work
A quantity of 213 is increased by 25%. What is the new value?,271,281,256,266,D,"25% of 213 = 53. Since it increased, new value = 213 + 53 = 266.",Aptitude,Percentage
Is 108 divisible by 5?,Only sometimes,No,Yes,Cannot say,B,"108 ÷ 5 leaves remainder 3, so the answer is No.",Aptitude,Divisibility
Is 280 divisible by 5?,Yes,Cannot say,No,Only sometimes,A,"280 ÷ 5 leaves remainder 0, so the answer is Yes.",Aptitude,Divisibility
Find the Simple Interest on ₹49299 at 12% per annum for 6 years.,35295,35495,35695,35445,B,SI = (P × R × T)/100 = (49299 × 12 × 6)/100 = ₹35495.,Aptitude,Simple Interest
"Two numbers are in the ratio 4:3. If their sum is 140, find the larger number.",77,75,85,80,D,Total parts = 4+3 = 7. Each part = 140/7 = 20. Larger number = 4 × 20 = 80.,Aptitude,Ratios
Find the Compound Interest on ₹9370 at 10% per annum for 3 years (compounded annually).,3151,2951,3051,3101,D,Amount = P(1+R/100)^T = 9370(1+10/100)^3 ≈ ₹12471. CI = Amount − P = ₹3101.,Aptitude,Compound Interest
Find the Compound Interest on ₹8938 at 20% per annum for 3 years (compounded annually).,6507,6407,6487,6457,A,Amount = P(1+R/100)^T = 8938(1+20/100)^3 ≈ ₹15445. CI = Amount − P = ₹6507.,Aptitude,Compound Interest
"Find the average of these numbers: 58, 57, 18, 20, 87.",48,46,51,43,A,"Sum = 240, Count = 5, Average = 240/5 = 48.",Aptitude,Averages
"Find the average of these numbers: 27, 21, 64, 31, 95, 56.",49,50,51,52,A,"Sum = 294, Count = 6, Average = 294/6 = 49.",Aptitude,Averages
What is the HCF (Highest Common Factor) of 64 and 70?,3,5,6,2,D,"HCF(64,70) = 2.",Aptitude,LCM and HCF
A vehicle travels at 27 km/h for 1 hours. What distance does it cover?,26,27,29,25,B,Distance = Speed × Time = 27 × 1 = 27 km. So the answer is 27 km.,Aptitude,Time and Distance
"Two numbers are in the ratio 5:3. If their sum is 80, find the larger number.",45,47,50,53,C,Total parts = 5+3 = 8. Each part = 80/8 = 10. Larger number = 5 × 10 = 50.,Aptitude,Ratios
"Find the average of these numbers: 58, 35, 46, 48, 13, 28.",35,40,39,38,D,"Sum = 228, Count = 6, Average = 228/6 = 38.",Aptitude,Averages
"Two numbers are in the ratio 12:5. If their sum is 221, find the larger number.",146,156,161,159,B,Total parts = 12+5 = 17. Each part = 221/17 = 13. Larger number = 12 × 13 = 156.,Aptitude,Ratios
A vehicle covers 272 km at a speed of 34 km/h. How long does it take?,5,13,8,9,C,Distance = Speed × Time = 34 × 8 = 272 km. So the answer is 8 hours.,Aptitude,Time and Distance
Find the Simple Interest on ₹23878 at 4% per annum for 6 years.,5831,5531,5631,5731,D,SI = (P × R × T)/100 = (23878 × 4 × 6)/100 = ₹5731.,Aptitude,Simple Interest
"Find the average of these numbers: 16, 90, 53, 26, 79, 27, 66.",51,53,46,49,A,"Sum = 357, Count = 7, Average = 357/7 = 51.",Aptitude,Averages
"Two numbers are in the ratio 6:8. If their sum is 140, find the larger number.",95,80,85,83,B,Total parts = 6+8 = 14. Each part = 140/14 = 10. Larger number = 8 × 10 = 80.,Aptitude,Ratios
"Two numbers are in the ratio 5:4. If their sum is 45, find the larger number.",25,35,40,15,A,Total parts = 5+4 = 9. Each part = 45/9 = 5. Larger number = 5 × 5 = 25.,Aptitude,Ratios
Find the Compound Interest on ₹4974 at 10% per annum for 2 years (compounded annually).,1045,995,1145,1025,A,Amount = P(1+R/100)^T = 4974(1+10/100)^2 ≈ ₹6019. CI = Amount − P = ₹1045.,Aptitude,Compound Interest
A quantity of 823 is decreased by 40%. What is the new value?,509,499,504,494,D,"40% of 823 = 329. Since it decreased, new value = 823 - 329 = 494.",Aptitude,Percentage
"Two numbers are in the ratio 3:6. If their sum is 36, find the larger number.",34,24,29,9,B,Total parts = 3+6 = 9. Each part = 36/9 = 4. Larger number = 6 × 4 = 24.,Aptitude,Ratios
"A can complete a piece of work in 10 days and B can complete it in 8 days. Working together, how many days will they take (rounded to 2 decimal places)?",2.44,4.94,4.44,6.44,C,Combined rate = 1/10 + 1/8. Time together = (10×8)/(10+8) = 4.44 days.,Aptitude,Time and Work
A vehicle travels at 91 km/h for 8 hours. What distance does it cover?,726,725,729,728,D,Distance = Speed × Time = 91 × 8 = 728 km. So the answer is 728 km.,Aptitude,Time and Distance
"Find the average of these numbers: 66, 58, 88, 40, 83.",72,67,62,66,B,"Sum = 335, Count = 5, Average = 335/5 = 67.",Aptitude,Averages
A fair six-sided die is rolled once. What is the probability of getting an even number?,1/6,1/2,1/12,1/13,B,"Favourable outcomes = 3, Total outcomes = 6. Probability = 3/6 = 1/2 (in simplest form).",Aptitude,Probability
A vehicle covers 552 km at a speed of 92 km/h. How long does it take?,6,9,7,8,A,Distance = Speed × Time = 92 × 6 = 552 km. So the answer is 6 hours.,Aptitude,Time and Distance
Find the Compound Interest on ₹11108 at 5% per annum for 2 years (compounded annually).,1159,1289,989,1139,D,Amount = P(1+R/100)^T = 11108(1+5/100)^2 ≈ ₹12247. CI = Amount − P = ₹1139.,Aptitude,Compound Interest
What is the LCM (Least Common Multiple) of 22 and 22?,22,26,21,20,A,"LCM(22,22) = (22×22)/HCF(22,22) = 22.",Aptitude,LCM and HCF
A vehicle covers 736 km at a speed of 92 km/h. How long does it take?,10,9,8,6,C,Distance = Speed × Time = 92 × 8 = 736 km. So the answer is 8 hours.,Aptitude,Time and Distance
"Find the average of these numbers: 34, 30, 74, 65, 36, 43.",45,52,44,47,D,"Sum = 282, Count = 6, Average = 282/6 = 47.",Aptitude,Averages
"Find the average of these numbers: 99, 21, 73, 16, 52, 15, 36, 96.",53,48,51,56,C,"Sum = 408, Count = 8, Average = 408/8 = 51.",Aptitude,Averages
Find the Simple Interest on ₹45691 at 10% per annum for 2 years.,9238,9188,9038,9138,D,SI = (P × R × T)/100 = (45691 × 10 × 2)/100 = ₹9138.,Aptitude,Simple Interest
A shopkeeper buys an item for ₹2268 and sells it at a 5% loss. What is the selling price?,2075,2155,2105,2185,B,Loss amount = 5% of 2268 = ₹113. Selling price = 2268 - 113 = ₹2155.,Aptitude,Profit and Loss
Find the Compound Interest on ₹15654 at 20% per annum for 2 years (compounded annually).,6938,6888,6738,6988,B,Amount = P(1+R/100)^T = 15654(1+20/100)^2 ≈ ₹22542. CI = Amount − P = ₹6888.,Aptitude,Compound Interest
What is the LCM (Least Common Multiple) of 10 and 7?,67,72,70,74,C,"LCM(10,7) = (10×7)/HCF(10,7) = 70.",Aptitude,LCM and HCF
A shopkeeper buys an item for ₹4465 and sells it at a 25% loss. What is the selling price?,3349,3269,3379,3329,A,Loss amount = 25% of 4465 = ₹1116. Selling price = 4465 - 1116 = ₹3349.,Aptitude,Profit and Loss
"Two numbers are in the ratio 10:4. If their sum is 210, find the larger number.",147,150,160,155,B,Total parts = 10+4 = 14. Each part = 210/14 = 15. Larger number = 10 × 15 = 150.,Aptitude,Ratios
Is 983 divisible by 4?,Yes,No,Only sometimes,Cannot say,B,"983 ÷ 4 leaves remainder 3, so the answer is No.",Aptitude,Divisibility
A shopkeeper buys an item for ₹4444 and sells it at a 25% profit. What is the selling price?,5575,5585,5525,5555,D,Profit amount = 25% of 4444 = ₹1111. Selling price = 4444 + 1111 = ₹5555.,Aptitude,Profit and Loss
Find the Compound Interest on ₹8339 at 10% per annum for 3 years (compounded annually).,2660,2710,2760,2610,C,Amount = P(1+R/100)^T = 8339(1+10/100)^3 ≈ ₹11099. CI = Amount − P = ₹2760.,Aptitude,Compound Interest
"Two numbers are in the ratio 6:5. If their sum is 154, find the larger number.",99,84,79,81,B,Total parts = 6+5 = 11. Each part = 154/11 = 14. Larger number = 6 × 14 = 84.,Aptitude,Ratios
"A can complete a piece of work in 4 days and B can complete it in 7 days. Working together, how many days will they take (rounded to 2 decimal places)?",2.05,2.55,3.55,1.55,B,Combined rate = 1/4 + 1/7. Time together = (4×7)/(4+7) = 2.55 days.,Aptitude,Time and Work
"Find the average of these numbers: 43, 60, 38.",44,45,48,47,D,"Sum = 141, Count = 3, Average = 141/3 = 47.",Aptitude,Averages
Find the Compound Interest on ₹3124 at 20% per annum for 2 years (compounded annually).,1395,1375,1425,1355,B,Amount = P(1+R/100)^T = 3124(1+20/100)^2 ≈ ₹4499. CI = Amount − P = ₹1375.,Aptitude,Compound Interest
Find the Simple Interest on ₹43739 at 4% per annum for 2 years.,3299,3549,3399,3499,D,SI = (P × R × T)/100 = (43739 × 4 × 2)/100 = ₹3499.,Aptitude,Simple Interest
Find the Compound Interest on ₹6901 at 20% per annum for 3 years (compounded annually).,5024,4974,5004,5074,A,Amount = P(1+R/100)^T = 6901(1+20/100)^3 ≈ ₹11925. CI = Amount − P = ₹5024.,Aptitude,Compound Interest
A vehicle covers 575 km in 5 hours. What is its speed?,118,110,115,113,C,Distance = Speed × Time = 115 × 5 = 575 km. So the answer is 115 km/h.,Aptitude,Time and Distance
Find the Compound Interest on ₹8678 at 10% per annum for 2 years (compounded annually).,1822,1672,1922,1772,A,Amount = P(1+R/100)^T = 8678(1+10/100)^2 ≈ ₹10500. CI = Amount − P = ₹1822.,Aptitude,Compound Interest
A vehicle covers 240 km at a speed of 30 km/h. How long does it take?,11,5,8,9,C,Distance = Speed × Time = 30 × 8 = 240 km. So the answer is 8 hours.,Aptitude,Time and Distance
Find the Compound Interest on ₹10616 at 10% per annum for 2 years (compounded annually).,2229,2379,2129,2279,A,Amount = P(1+R/100)^T = 10616(1+10/100)^2 ≈ ₹12845. CI = Amount − P = ₹2229.,Aptitude,Compound Interest
Find the Compound Interest on ₹9233 at 20% per annum for 3 years (compounded annually).,6722,6772,6702,6742,A,Amount = P(1+R/100)^T = 9233(1+20/100)^3 ≈ ₹15955. CI = Amount − P = ₹6722.,Aptitude,Compound Interest
"A can complete a piece of work in 19 days and B can complete it in 11 days. Working together, how many days will they take (rounded to 2 decimal places)?",5.97,8.97,7.47,6.97,D,Combined rate = 1/19 + 1/11. Time together = (19×11)/(19+11) = 6.97 days.,Aptitude,Time and Work
Is 682 divisible by 10?,Only sometimes,No,Yes,Cannot say,B,"682 ÷ 10 leaves remainder 2, so the answer is No.",Aptitude,Divisibility
A shopkeeper buys an item for ₹4418 and sells it at a 50% loss. What is the selling price?,2209,2159,2289,2129,A,Loss amount = 50% of 4418 = ₹2209. Selling price = 4418 - 2209 = ₹2209.,Aptitude,Profit and Loss
"A can complete a piece of work in 5 days and B can complete it in 20 days. Working together, how many days will they take (rounded to 2 decimal places)?",2.00,3.50,4.00,6.00,C,Combined rate = 1/5 + 1/20. Time together = (5×20)/(5+20) = 4.00 days.,Aptitude,Time and Work
"A can complete a piece of work in 15 days and B can complete it in 18 days. Working together, how many days will they take (rounded to 2 decimal places)?",9.68,7.68,6.18,8.18,D,Combined rate = 1/15 + 1/18. Time together = (15×18)/(15+18) = 8.18 days.,Aptitude,Time and Work
Find the Compound Interest on ₹19771 at 10% per annum for 2 years (compounded annually).,4102,4152,4002,4202,B,Amount = P(1+R/100)^T = 19771(1+10/100)^2 ≈ ₹23923. CI = Amount − P = ₹4152.,Aptitude,Compound Interest
A shopkeeper buys an item for ₹2653 and sells it at a 25% profit. What is the selling price?,3336,3266,3316,3236,C,Profit amount = 25% of 2653 = ₹663. Selling price = 2653 + 663 = ₹3316.,Aptitude,Profit and Loss
Find the Simple Interest on ₹24631 at 12% per annum for 6 years.,18034,17734,17834,17534,B,SI = (P × R × T)/100 = (24631 × 12 × 6)/100 = ₹17734.,Aptitude,Simple Interest
"A can complete a piece of work in 20 days and B can complete it in 9 days. Working together, how many days will they take (rounded to 2 decimal places)?",6.21,5.71,4.71,5.21,A,Combined rate = 1/20 + 1/9. Time together = (20×9)/(20+9) = 6.21 days.,Aptitude,Time and Work
Find the Compound Interest on ₹10250 at 5% per annum for 3 years (compounded annually).,1566,1616,1516,1466,B,Amount = P(1+R/100)^T = 10250(1+5/100)^3 ≈ ₹11866. CI = Amount − P = ₹1616.,Aptitude,Compound Interest
"Find the average of these numbers: 25, 37, 51, 36, 16.",34,36,33,30,C,"Sum = 165, Count = 5, Average = 165/5 = 33.",Aptitude,Averages
"A can complete a piece of work in 14 days and B can complete it in 19 days. Working together, how many days will they take (rounded to 2 decimal places)?",7.56,6.06,6.56,8.06,D,Combined rate = 1/14 + 1/19. Time together = (14×19)/(14+19) = 8.06 days.,Aptitude,Time and Work
A shopkeeper buys an item for ₹2157 and sells it at a 15% profit. What is the selling price?,2561,2511,2401,2481,D,Profit amount = 15% of 2157 = ₹324. Selling price = 2157 + 324 = ₹2481.,Aptitude,Profit and Loss
Find the Compound Interest on ₹17026 at 5% per annum for 3 years (compounded annually).,2834,2734,2684,2534,C,Amount = P(1+R/100)^T = 17026(1+5/100)^3 ≈ ₹19710. CI = Amount − P = ₹2684.,Aptitude,Compound Interest
A vehicle covers 217 km at a speed of 31 km/h. How long does it take?,2,10,7,9,C,Distance = Speed × Time = 31 × 7 = 217 km. So the answer is 7 hours.,Aptitude,Time and Distance
"A can complete a piece of work in 16 days and B can complete it in 14 days. Working together, how many days will they take (rounded to 2 decimal places)?",7.97,8.97,9.47,7.47,D,Combined rate = 1/16 + 1/14. Time together = (16×14)/(16+14) = 7.47 days.,Aptitude,Time and Work
Find the Simple Interest on ₹21663 at 7% per annum for 4 years.,6066,6166,5966,6266,A,SI = (P × R × T)/100 = (21663 × 7 × 4)/100 = ₹6066.,Aptitude,Simple Interest
What is the LCM (Least Common Multiple) of 14 and 29?,409,406,403,407,B,"LCM(14,29) = (14×29)/HCF(14,29) = 406.",Aptitude,LCM and HCF
"A can complete a piece of work in 8 days and B can complete it in 9 days. Working together, how many days will they take (rounded to 2 decimal places)?",2.24,5.74,4.24,6.24,C,Combined rate = 1/8 + 1/9. Time together = (8×9)/(8+9) = 4.24 days.,Aptitude,Time and Work
"A can complete a piece of work in 16 days and B can complete it in 16 days. Working together, how many days will they take (rounded to 2 decimal places)?",9.00,6.00,6.50,8.00,D,Combined rate = 1/16 + 1/16. Time together = (16×16)/(16+16) = 8.00 days.,Aptitude,Time and Work
A vehicle covers 270 km in 5 hours. What is its speed?,51,57,54,59,C,Distance = Speed × Time = 54 × 5 = 270 km. So the answer is 54 km/h.,Aptitude,Time and Distance
Find the Simple Interest on ₹46715 at 9% per annum for 6 years.,25126,25276,25226,25176,C,SI = (P × R × T)/100 = (46715 × 9 × 6)/100 = ₹25226.,Aptitude,Simple Interest
Find the Simple Interest on ₹29094 at 7% per annum for 5 years.,10133,10283,10383,10183,D,SI = (P × R × T)/100 = (29094 × 7 × 5)/100 = ₹10183.,Aptitude,Simple Interest
"Two numbers are in the ratio 7:10. If their sum is 85, find the larger number.",60,40,47,50,D,Total parts = 7+10 = 17. Each part = 85/17 = 5. Larger number = 10 × 5 = 50.,Aptitude,Ratios
"Two numbers are in the ratio 8:2. If their sum is 70, find the larger number.",56,46,53,59,A,Total parts = 8+2 = 10. Each part = 70/10 = 7. Larger number = 8 × 7 = 56.,Aptitude,Ratios
A shopkeeper buys an item for ₹2495 and sells it at a 5% loss. What is the selling price?,2450,2320,2370,2340,C,Loss amount = 5% of 2495 = ₹125. Selling price = 2495 - 125 = ₹2370.,Aptitude,Profit and Loss
A vehicle covers 132 km at a speed of 33 km/h. How long does it take?,1,4,6,3,B,Distance = Speed × Time = 33 × 4 = 132 km. So the answer is 4 hours.,Aptitude,Time and Distance
Find the Simple Interest on ₹1021 at 5% per annum for 5 years.,255,205,155,355,A,SI = (P × R × T)/100 = (1021 × 5 × 5)/100 = ₹255.,Aptitude,Simple Interest
"A can complete a piece of work in 12 days and B can complete it in 15 days. Working together, how many days will they take (rounded to 2 decimal places)?",7.17,6.67,7.67,6.17,B,Combined rate = 1/12 + 1/15. Time together = (12×15)/(12+15) = 6.67 days.,Aptitude,Time and Work
Is 414 divisible by 2?,No,Only sometimes,Cannot say,Yes,D,"414 ÷ 2 leaves remainder 0, so the answer is Yes.",Aptitude,Divisibility
Is 630 divisible by 11?,Yes,Only sometimes,No,Cannot say,C,"630 ÷ 11 leaves remainder 3, so the answer is No.",Aptitude,Divisibility
A vehicle covers 730 km at a speed of 73 km/h. How long does it take?,10,5,11,13,A,Distance = Speed × Time = 73 × 10 = 730 km. So the answer is 10 hours.,Aptitude,Time and Distance
"Find the average of these numbers: 78, 58, 69, 74, 31, 15, 39.",49,57,52,50,C,"Sum = 364, Count = 7, Average = 364/7 = 52.",Aptitude,Averages
Find the Simple Interest on ₹20008 at 4% per annum for 6 years.,4802,4902,5002,4602,A,SI = (P × R × T)/100 = (20008 × 4 × 6)/100 = ₹4802.,Aptitude,Simple Interest
"Find the average of these numbers: 26, 51, 45, 62, 71, 51.",52,51,50,46,B,"Sum = 306, Count = 6, Average = 306/6 = 51.",Aptitude,Averages
Find the Compound Interest on ₹11348 at 10% per annum for 2 years (compounded annually).,2483,2283,2433,2383,D,Amount = P(1+R/100)^T = 11348(1+10/100)^2 ≈ ₹13731. CI = Amount − P = ₹2383.,Aptitude,Compound Interest
"Find the average of these numbers: 19, 20, 69.",38,39,31,36,D,"Sum = 108, Count = 3, Average = 108/3 = 36.",Aptitude,Averages
A vehicle travels at 88 km/h for 6 hours. What distance does it cover?,530,531,528,527,C,Distance = Speed × Time = 88 × 6 = 528 km. So the answer is 528 km.,Aptitude,Time and Distance
Find the Simple Interest on ₹14442 at 10% per annum for 5 years.,7221,7271,6921,7021,A,SI = (P × R × T)/100 = (14442 × 10 × 5)/100 = ₹7221.,Aptitude,Simple Interest
Find the Simple Interest on ₹46010 at 12% per annum for 5 years.,27806,27606,27656,27506,B,SI = (P × R × T)/100 = (46010 × 12 × 5)/100 = ₹27606.,Aptitude,Simple Interest
Is 482 divisible by 3?,No,Yes,Cannot say,Only sometimes,A,"482 ÷ 3 leaves remainder 2, so the answer is No.",Aptitude,Divisibility
A vehicle covers 135 km at a speed of 45 km/h. How long does it take?,5,6,8,3,D,Distance = Speed × Time = 45 × 3 = 135 km. So the answer is 3 hours.,Aptitude,Time and Distance
Find the Compound Interest on ₹19927 at 10% per annum for 2 years (compounded annually).,4185,4135,4235,4085,A,Amount = P(1+R/100)^T = 19927(1+10/100)^2 ≈ ₹24112. CI = Amount − P = ₹4185.,Aptitude,Compound Interest
A shopkeeper buys an item for ₹1668 and sells it at a 20% loss. What is the selling price?,1384,1314,1334,1304,C,Loss amount = 20% of 1668 = ₹334. Selling price = 1668 - 334 = ₹1334.,Aptitude,Profit and Loss
Find the Compound Interest on ₹9151 at 10% per annum for 3 years (compounded annually).,3079,2879,3009,3029,D,Amount = P(1+R/100)^T = 9151(1+10/100)^3 ≈ ₹12180. CI = Amount − P = ₹3029.,Aptitude,Compound Interest
Find the Simple Interest on ₹11676 at 12% per annum for 4 years.,5604,5304,5654,5704,A,SI = (P × R × T)/100 = (11676 × 12 × 4)/100 = ₹5604.,Aptitude,Simple Interest
"Find the average of these numbers: 15, 24, 44, 75, 31, 89, 62, 36.",52,48,47,42,C,"Sum = 376, Count = 8, Average = 376/8 = 47.",Aptitude,Averages
"Two numbers are in the ratio 2:3. If their sum is 15, find the larger number.",12,9,6,14,B,Total parts = 2+3 = 5. Each part = 15/5 = 3. Larger number = 3 × 3 = 9.,Aptitude,Ratios
"Find the average of these numbers: 41, 45, 38, 68, 45, 49, 44, 70.",51,49,53,50,D,"Sum = 400, Count = 8, Average = 400/8 = 50.",Aptitude,Averages
A quantity of 849 is decreased by 30%. What is the new value?,594,584,574,599,A,"30% of 849 = 255. Since it decreased, new value = 849 - 255 = 594.",Aptitude,Percentage
"Find the average of these numbers: 99, 72, 51, 94.",80,79,77,78,B,"Sum = 316, Count = 4, Average = 316/4 = 79.",Aptitude,Averages
"Two numbers are in the ratio 2:12. If their sum is 168, find the larger number.",159,144,149,139,B,Total parts = 2+12 = 14. Each part = 168/14 = 12. Larger number = 12 × 12 = 144.,Aptitude,Ratios
A vehicle travels at 23 km/h for 8 hours. What distance does it cover?,187,186,179,184,D,Distance = Speed × Time = 23 × 8 = 184 km. So the answer is 184 km.,Aptitude,Time and Distance
A shopkeeper buys an item for ₹2270 and sells it at a 20% loss. What is the selling price?,1836,1816,1796,1786,B,Loss amount = 20% of 2270 = ₹454. Selling price = 2270 - 454 = ₹1816.,Aptitude,Profit and Loss
Find the Compound Interest on ₹8669 at 10% per annum for 3 years (compounded annually).,2889,2919,2819,2869,D,Amount = P(1+R/100)^T = 8669(1+10/100)^3 ≈ ₹11538. CI = Amount − P = ₹2869.,Aptitude,Compound Interest
"Find the average of these numbers: 77, 59, 63, 58, 54, 85.",61,66,64,65,B,"Sum = 396, Count = 6, Average = 396/6 = 66.",Aptitude,Averages
Find the Simple Interest on ₹12889 at 7% per annum for 1 years.,602,902,852,802,B,SI = (P × R × T)/100 = (12889 × 7 × 1)/100 = ₹902.,Aptitude,Simple Interest
A shopkeeper buys an item for ₹3342 and sells it at a 50% loss. What is the selling price?,1641,1701,1671,1721,C,Loss amount = 50% of 3342 = ₹1671. Selling price = 3342 - 1671 = ₹1671.,Aptitude,Profit and Loss
"Find the average of these numbers: 99, 92, 74, 67.",84,78,80,83,D,"Sum = 332, Count = 4, Average = 332/4 = 83.",Aptitude,Averages
"Two numbers are in the ratio 8:5. If their sum is 208, find the larger number.",131,128,123,143,B,Total parts = 8+5 = 13. Each part = 208/13 = 16. Larger number = 8 × 16 = 128.,Aptitude,Ratios
"Two numbers are in the ratio 2:8. If their sum is 80, find the larger number.",64,54,79,61,A,Total parts = 2+8 = 10. Each part = 80/10 = 8. Larger number = 8 × 8 = 64.,Aptitude,Ratios
Find the Simple Interest on ₹33966 at 9% per annum for 5 years.,15585,14985,15285,15335,C,SI = (P × R × T)/100 = (33966 × 9 × 5)/100 = ₹15285.,Aptitude,Simple Interest
What is the LCM (Least Common Multiple) of 6 and 28?,88,82,84,87,C,"LCM(6,28) = (6×28)/HCF(6,28) = 84.",Aptitude,LCM and HCF
A vehicle travels at 116 km/h for 7 hours. What distance does it cover?,810,817,813,812,D,Distance = Speed × Time = 116 × 7 = 812 km. So the answer is 812 km.,Aptitude,Time and Distance
A vehicle covers 680 km at a speed of 85 km/h. How long does it take?,5,8,3,11,B,Distance = Speed × Time = 85 × 8 = 680 km. So the answer is 8 hours.,Aptitude,Time and Distance
"Two numbers are in the ratio 8:9. If their sum is 68, find the larger number.",36,33,31,41,A,Total parts = 8+9 = 17. Each part = 68/17 = 4. Larger number = 9 × 4 = 36.,Aptitude,Ratios
What is the HCF (Highest Common Factor) of 40 and 39?,1,4,3,-6.0,A,"HCF(40,39) = 1.",Aptitude,LCM and HCF
"Two numbers are in the ratio 4:5. If their sum is 117, find the larger number.",75,50,65,70,C,Total parts = 4+5 = 9. Each part = 117/9 = 13. Larger number = 5 × 13 = 65.,Aptitude,Ratios
A vehicle covers 123 km in 3 hours. What is its speed?,43,41,40,39,B,Distance = Speed × Time = 41 × 3 = 123 km. So the answer is 41 km/h.,Aptitude,Time and Distance
"Two numbers are in the ratio 7:12. If their sum is 171, find the larger number.",98,118,108,111,C,Total parts = 7+12 = 19. Each part = 171/19 = 9. Larger number = 12 × 9 = 108.,Aptitude,Ratios
What is the HCF (Highest Common Factor) of 41 and 93?,-6.0,2,5,1,D,"HCF(41,93) = 1.",Aptitude,LCM and HCF
Is 137 divisible by 5?,No,Only sometimes,Cannot say,Yes,A,"137 ÷ 5 leaves remainder 2, so the answer is No.",Aptitude,Divisibility
Find the Compound Interest on ₹15696 at 20% per annum for 3 years (compounded annually).,11527,11377,11427,11477,C,Amount = P(1+R/100)^T = 15696(1+20/100)^3 ≈ ₹27123. CI = Amount − P = ₹11427.,Aptitude,Compound Interest
A shopkeeper buys an item for ₹2566 and sells it at a 50% profit. What is the selling price?,3929,3819,3899,3849,D,Profit amount = 50% of 2566 = ₹1283. Selling price = 2566 + 1283 = ₹3849.,Aptitude,Profit and Loss
A vehicle covers 1090 km in 10 hours. What is its speed?,107,104,109,111,C,Distance = Speed × Time = 109 × 10 = 1090 km. So the answer is 109 km/h.,Aptitude,Time and Distance
"A can complete a piece of work in 8 days and B can complete it in 18 days. Working together, how many days will they take (rounded to 2 decimal places)?",7.04,5.54,4.54,6.54,B,Combined rate = 1/8 + 1/18. Time together = (8×18)/(8+18) = 5.54 days.,Aptitude,Time and Work
A vehicle travels at 89 km/h for 8 hours. What distance does it cover?,707,710,712,709,C,Distance = Speed × Time = 89 × 8 = 712 km. So the answer is 712 km.,Aptitude,Time and Distance
A vehicle covers 837 km in 9 hours. What is its speed?,93,96,88,90,A,Distance = Speed × Time = 93 × 9 = 837 km. So the answer is 93 km/h.,Aptitude,Time and Distance
"Find the average of these numbers: 53, 90, 74, 66, 55, 32, 50.",60,63,61,55,A,"Sum = 420, Count = 7, Average = 420/7 = 60.",Aptitude,Averages
Find the Compound Interest on ₹7186 at 10% per annum for 2 years (compounded annually).,1509,1489,1459,1529,A,Amount = P(1+R/100)^T = 7186(1+10/100)^2 ≈ ₹8695. CI = Amount − P = ₹1509.,Aptitude,Compound Interest
"A can complete a piece of work in 4 days and B can complete it in 14 days. Working together, how many days will they take (rounded to 2 decimal places)?",3.11,4.11,2.11,2.61,A,Combined rate = 1/4 + 1/14. Time together = (4×14)/(4+14) = 3.11 days.,Aptitude,Time and Work
Find the Simple Interest on ₹39772 at 4% per annum for 3 years.,4573,5073,4873,4773,D,SI = (P × R × T)/100 = (39772 × 4 × 3)/100 = ₹4773.,Aptitude,Simple Interest
"Two numbers are in the ratio 8:10. If their sum is 126, find the larger number.",75,70,85,65,B,Total parts = 8+10 = 18. Each part = 126/18 = 7. Larger number = 10 × 7 = 70.,Aptitude,Ratios
A quantity of 463 is increased by 25%. What is the new value?,579,559,574,564,A,"25% of 463 = 116. Since it increased, new value = 463 + 116 = 579.",Aptitude,Percentage
What is the HCF (Highest Common Factor) of 72 and 72?,72,73,70,74,A,"HCF(72,72) = 72.",Aptitude,LCM and HCF
Find the Compound Interest on ₹2252 at 10% per annum for 3 years (compounded annually).,745,895,595,695,A,Amount = P(1+R/100)^T = 2252(1+10/100)^3 ≈ ₹2997. CI = Amount − P = ₹745.,Aptitude,Compound Interest
A shopkeeper buys an item for ₹4583 and sells it at a 20% loss. What is the selling price?,3636,3666,3716,3686,B,Loss amount = 20% of 4583 = ₹917. Selling price = 4583 - 917 = ₹3666.,Aptitude,Profit and Loss
"Two numbers are in the ratio 10:2. If their sum is 228, find the larger number.",190,175,195,187,A,Total parts = 10+2 = 12. Each part = 228/12 = 19. Larger number = 10 × 19 = 190.,Aptitude,Ratios
A shopkeeper buys an item for ₹3137 and sells it at a 25% loss. What is the selling price?,2433,2383,2403,2353,D,Loss amount = 25% of 3137 = ₹784. Selling price = 3137 - 784 = ₹2353.,Aptitude,Profit and Loss
Find the Simple Interest on ₹3185 at 6% per annum for 4 years.,664,764,964,564,B,SI = (P × R × T)/100 = (3185 × 6 × 4)/100 = ₹764.,Aptitude,Simple Interest
A shopkeeper buys an item for ₹3373 and sells it at a 30% loss. What is the selling price?,2391,2361,2441,2281,B,Loss amount = 30% of 3373 = ₹1012. Selling price = 3373 - 1012 = ₹2361.,Aptitude,Profit and Loss
"Find the average of these numbers: 57, 51, 52, 14, 46.",42,44,45,46,B,"Sum = 220, Count = 5, Average = 220/5 = 44.",Aptitude,Averages
"A can complete a piece of work in 5 days and B can complete it in 13 days. Working together, how many days will they take (rounded to 2 decimal places)?",3.11,4.11,5.61,3.61,D,Combined rate = 1/5 + 1/13. Time together = (5×13)/(5+13) = 3.61 days.,Aptitude,Time and Work
"Find the average of these numbers: 92, 16, 15.",42,36,44,41,D,"Sum = 123, Count = 3, Average = 123/3 = 41.",Aptitude,Averages
A vehicle covers 320 km in 8 hours. What is its speed?,38,45,39,40,D,Distance = Speed × Time = 40 × 8 = 320 km. So the answer is 40 km/h.,Aptitude,Time and Distance
"A can complete a piece of work in 12 days and B can complete it in 14 days. Working together, how many days will they take (rounded to 2 decimal places)?",6.96,6.46,5.46,7.46,B,Combined rate = 1/12 + 1/14. Time together = (12×14)/(12+14) = 6.46 days.,Aptitude,Time and Work
A shopkeeper buys an item for ₹2585 and sells it at a 20% profit. What is the selling price?,3132,3102,3152,3072,B,Profit amount = 20% of 2585 = ₹517. Selling price = 2585 + 517 = ₹3102.,Aptitude,Profit and Loss
A vehicle covers 544 km in 8 hours. What is its speed?,70,63,68,69,C,Distance = Speed × Time = 68 × 8 = 544 km. So the answer is 68 km/h.,Aptitude,Time and Distance
A vehicle covers 352 km at a speed of 88 km/h. How long does it take?,6,9,2,4,D,Distance = Speed × Time = 88 × 4 = 352 km. So the answer is 4 hours.,Aptitude,Time and Distance
"Find the average of these numbers: 64, 81, 80.",78,80,75,70,C,"Sum = 225, Count = 3, Average = 225/3 = 75.",Aptitude,Averages
Find the Simple Interest on ₹18918 at 4% per annum for 5 years.,3784,4084,3834,3484,A,SI = (P × R × T)/100 = (18918 × 4 × 5)/100 = ₹3784.,Aptitude,Simple Interest
"Find the average of these numbers: 39, 23, 78, 34, 54, 87, 94, 7.",55,52,50,53,B,"Sum = 416, Count = 8, Average = 416/8 = 52.",Aptitude,Averages
A card is drawn from a well-shuffled standard deck of 52 cards. What is the probability of drawing an ace?,1/13,3/52,9/52,7/52,A,"Favourable outcomes = 4, Total outcomes = 52. Probability = 4/52 = 1/13 (in simplest form).",Aptitude,Probability
A shopkeeper buys an item for ₹490 and sells it at a 50% loss. What is the selling price?,275,245,325,165,B,Loss amount = 50% of 490 = ₹245. Selling price = 490 - 245 = ₹245.,Aptitude,Profit and Loss
A vehicle travels at 33 km/h for 5 hours. What distance does it cover?,165,166,160,170,A,Distance = Speed × Time = 33 × 5 = 165 km. So the answer is 165 km.,Aptitude,Time and Distance
A vehicle travels at 35 km/h for 9 hours. What distance does it cover?,315,314,310,320,A,Distance = Speed × Time = 35 × 9 = 315 km. So the answer is 315 km.,Aptitude,Time and Distance
Is 556 divisible by 9?,Yes,No,Cannot say,Only sometimes,B,"556 ÷ 9 leaves remainder 7, so the answer is No.",Aptitude,Divisibility
"Two numbers are in the ratio 10:6. If their sum is 208, find the larger number.",127,130,140,120,B,Total parts = 10+6 = 16. Each part = 208/16 = 13. Larger number = 10 × 13 = 130.,Aptitude,Ratios
A quantity of 462 is decreased by 10%. What is the new value?,421,401,416,436,C,"10% of 462 = 46. Since it decreased, new value = 462 - 46 = 416.",Aptitude,Percentage
Find the Compound Interest on ₹8662 at 5% per annum for 3 years (compounded annually).,1215,1315,1365,1465,C,Amount = P(1+R/100)^T = 8662(1+5/100)^3 ≈ ₹10027. CI = Amount − P = ₹1365.,Aptitude,Compound Interest
A shopkeeper buys an item for ₹4655 and sells it at a 10% profit. What is the selling price?,5071,5171,5121,5141,C,Profit amount = 10% of 4655 = ₹466. Selling price = 4655 + 466 = ₹5121.,Aptitude,Profit and Loss
"Two numbers are in the ratio 2:8. If their sum is 60, find the larger number.",33,53,48,51,C,Total parts = 2+8 = 10. Each part = 60/10 = 6. Larger number = 8 × 6 = 48.,Aptitude,Ratios
A vehicle covers 370 km in 10 hours. What is its speed?,38,35,37,42,C,Distance = Speed × Time = 37 × 10 = 370 km. So the answer is 37 km/h.,Aptitude,Time and Distance
A quantity of 862 is increased by 12%. What is the new value?,945,965,960,980,B,"12% of 862 = 103. Since it increased, new value = 862 + 103 = 965.",Aptitude,Percentage
A vehicle travels at 56 km/h for 2 hours. What distance does it cover?,115,113,111,112,D,Distance = Speed × Time = 56 × 2 = 112 km. So the answer is 112 km.,Aptitude,Time and Distance
"Two numbers are in the ratio 8:12. If their sum is 120, find the larger number.",57,75,82,72,D,Total parts = 8+12 = 20. Each part = 120/20 = 6. Larger number = 12 × 6 = 72.,Aptitude,Ratios
A vehicle covers 1050 km at a speed of 105 km/h. How long does it take?,8,11,5,10,D,Distance = Speed × Time = 105 × 10 = 1050 km. So the answer is 10 hours.,Aptitude,Time and Distance
A fair coin is tossed twice. What is the probability of getting exactly two heads?,1/4,1/12,1/3,3/4,A,"Favourable outcomes = 1, Total outcomes = 4. Probability = 1/4 = 1/4 (in simplest form).",Aptitude,Probability
Find the Compound Interest on ₹5553 at 5% per annum for 2 years (compounded annually).,719,669,589,569,D,Amount = P(1+R/100)^T = 5553(1+5/100)^2 ≈ ₹6122. CI = Amount − P = ₹569.,Aptitude,Compound Interest
A quantity of 893 is decreased by 25%. What is the new value?,670,680,650,655,A,"25% of 893 = 223. Since it decreased, new value = 893 - 223 = 670.",Aptitude,Percentage
Find the Compound Interest on ₹4511 at 10% per annum for 3 years (compounded annually).,1343,1443,1493,1393,C,Amount = P(1+R/100)^T = 4511(1+10/100)^3 ≈ ₹6004. CI = Amount − P = ₹1493.,Aptitude,Compound Interest
"Find the average of these numbers: 69, 93, 26, 76.",71,63,66,68,C,"Sum = 264, Count = 4, Average = 264/4 = 66.",Aptitude,Averages
A quantity of 585 is decreased by 10%. What is the new value?,527,512,532,547,A,"10% of 585 = 58. Since it decreased, new value = 585 - 58 = 527.",Aptitude,Percentage
"A can complete a piece of work in 17 days and B can complete it in 17 days. Working together, how many days will they take (rounded to 2 decimal places)?",8.50,6.50,9.00,8.00,A,Combined rate = 1/17 + 1/17. Time together = (17×17)/(17+17) = 8.50 days.,Aptitude,Time and Work
What is the LCM (Least Common Multiple) of 21 and 30?,210,208,214,207,A,"LCM(21,30) = (21×30)/HCF(21,30) = 210.",Aptitude,LCM and HCF
A shopkeeper buys an item for ₹4218 and sells it at a 30% loss. What is the selling price?,2953,2923,2983,2903,A,Loss amount = 30% of 4218 = ₹1265. Selling price = 4218 - 1265 = ₹2953.,Aptitude,Profit and Loss
"A can complete a piece of work in 18 days and B can complete it in 19 days. Working together, how many days will they take (rounded to 2 decimal places)?",9.74,10.24,8.24,9.24,D,Combined rate = 1/18 + 1/19. Time together = (18×19)/(18+19) = 9.24 days.,Aptitude,Time and Work
"Find the average of these numbers: 66, 63, 72.",64,68,67,70,C,"Sum = 201, Count = 3, Average = 201/3 = 67.",Aptitude,Averages
"Two numbers are in the ratio 4:10. If their sum is 154, find the larger number.",115,120,110,113,C,Total parts = 4+10 = 14. Each part = 154/14 = 11. Larger number = 10 × 11 = 110.,Aptitude,Ratios
Find the Compound Interest on ₹8606 at 20% per annum for 2 years (compounded annually).,3737,3807,3637,3787,D,Amount = P(1+R/100)^T = 8606(1+20/100)^2 ≈ ₹12393. CI = Amount − P = ₹3787.,Aptitude,Compound Interest
A shopkeeper buys an item for ₹1408 and sells it at a 10% profit. What is the selling price?,1599,1549,1529,1579,B,Profit amount = 10% of 1408 = ₹141. Selling price = 1408 + 141 = ₹1549.,Aptitude,Profit and Loss
A vehicle covers 288 km at a speed of 32 km/h. How long does it take?,11,12,9,7,C,Distance = Speed × Time = 32 × 9 = 288 km. So the answer is 9 hours.,Aptitude,Time and Distance
"Find the average of these numbers: 73, 66, 87, 98, 56, 66, 51.",76,74,71,69,C,"Sum = 497, Count = 7, Average = 497/7 = 71.",Aptitude,Averages
What is the LCM (Least Common Multiple) of 11 and 13?,141,147,142,143,D,"LCM(11,13) = (11×13)/HCF(11,13) = 143.",Aptitude,LCM and HCF
Is 221 divisible by 4?,Yes,Only sometimes,No,Cannot say,C,"221 ÷ 4 leaves remainder 1, so the answer is No.",Aptitude,Divisibility
