Question,Option A,Option B,Option C,Option D,Correct Answer,Solution,Category,Subcategory
"If today is Saturday, what day of the week will it be after 145 days?",Monday,Thursday,Sunday,Saturday,B,145 days = 20 full weeks and 5 extra day(s). Counting 5 day(s) forward from Saturday gives Thursday.,Puzzles,Calendar Puzzles
What is the angle between the hour and minute hands of a clock at 4:21?,40.5°,49.5°,14.5°,4.5°,D,Angle = |30×hour − 5.5×minute| = |30×4 − 5.5×21| = 4.5° (taking the smaller angle).,Puzzles,Clock Puzzles
"Find the next number in the sequence: 18, 20, 38, 58, 96, ?",154,159,157,162,A,Each number is the sum of the two before it. Next = 58 + 96 = 154.,Puzzles,Number Sequence
"In each row, the third number is the product of the first two: [10, 11, 110], [4, 10, 40], [2, 7, ?]. Find the missing number.",12,14,8,24,B,"Following the pattern, the missing number = 2 × 7 = 14.",Puzzles,Pattern Puzzle
"If today is Monday, what day of the week will it be after 53 days?",Thursday,Wednesday,Sunday,Friday,D,53 days = 7 full weeks and 4 extra day(s). Counting 4 day(s) forward from Monday gives Friday.,Puzzles,Calendar Puzzles
"Which number is the odd one out: 84, 89, 63, 60?",84,89,60,63,B,89 is the odd one out because it is not a multiple of 3; the rest are.,Puzzles,Odd One Out
"Which number is the odd one out: 9, 24, 74, 33?",9,24,33,74,D,74 is the odd one out because it is not a multiple of 3; the rest are.,Puzzles,Odd One Out
"Which number is the odd one out: 14, 11, 17, 13?",11,17,13,14,D,14 is the odd one out because it is not a prime number; the rest are prime.,Puzzles,Odd One Out
"Find the next number in the sequence: 1, 15, 16, 31, 47, ?",73,78,81,74,B,Each number is the sum of the two before it. Next = 31 + 47 = 78.,Puzzles,Number Sequence
"Find the next number in the sequence: 15, 22, 29, 36, 43, ?",44,64,52,50,D,Each term increases by 7. Next term = 43 + 7 = 50.,Puzzles,Number Sequence
"In each row, the third number is the sum of the first two: [3, 9, 12], [6, 16, 22], [5, 3, ?]. Find the missing number.",8,10,7,9,A,"Following the pattern, the missing number = 5 + 3 = 8.",Puzzles,Pattern Puzzle
"If today is Tuesday, what day of the week will it be after 105 days?",Saturday,Tuesday,Sunday,Monday,B,105 days = 15 full weeks and 0 extra day(s). Counting 0 day(s) forward from Tuesday gives Tuesday.,Puzzles,Calendar Puzzles
"Find the next number in the sequence: 2, 12, 14, 26, 40, ?",66,61,69,74,A,Each number is the sum of the two before it. Next = 26 + 40 = 66.,Puzzles,Number Sequence
"If today is Thursday, what day of the week will it be after 20 days?",Saturday,Wednesday,Tuesday,Sunday,B,20 days = 2 full weeks and 6 extra day(s). Counting 6 day(s) forward from Thursday gives Wednesday.,Puzzles,Calendar Puzzles
"In each row, the third number is the product of the first two: [4, 12, 48], [13, 4, 52], [12, 9, ?]. Find the missing number.",98,108,114,118,B,"Following the pattern, the missing number = 12 × 9 = 108.",Puzzles,Pattern Puzzle
What is the angle between the hour and minute hands of a clock at 12:36?,153.0°,177.0°,162.0°,152.0°,C,Angle = |30×hour − 5.5×minute| = |30×12 − 5.5×36| = 162.0° (taking the smaller angle).,Puzzles,Clock Puzzles
"In each row, the third number is the sum of the first two: [18, 7, 25], [8, 10, 18], [18, 18, ?]. Find the missing number.",40,34,32,36,D,"Following the pattern, the missing number = 18 + 18 = 36.",Puzzles,Pattern Puzzle
"Find the next number in the sequence: 14, 18, 32, 50, 82, ?",128,136,132,129,C,Each number is the sum of the two before it. Next = 50 + 82 = 132.,Puzzles,Number Sequence
"If today is Sunday, what day of the week will it be after 88 days?",Friday,Monday,Wednesday,Thursday,D,88 days = 12 full weeks and 4 extra day(s). Counting 4 day(s) forward from Sunday gives Thursday.,Puzzles,Calendar Puzzles
What is the angle between the hour and minute hands of a clock at 5:58?,146.0°,179.0°,124.0°,169.0°,D,Angle = |30×hour − 5.5×minute| = |30×5 − 5.5×58| = 169.0° (taking the smaller angle).,Puzzles,Clock Puzzles
"If today is Sunday, what day of the week will it be after 188 days?",Thursday,Friday,Saturday,Wednesday,C,188 days = 26 full weeks and 6 extra day(s). Counting 6 day(s) forward from Sunday gives Saturday.,Puzzles,Calendar Puzzles
"Find the next number in the sequence: 841, 900, 961, 1024, 1089, ?",1161,1155,1156,1157,C,These are perfect squares of consecutive integers starting from 29. Next = 34² = 1156.,Puzzles,Number Sequence
"If today is Monday, what day of the week will it be after 121 days?",Wednesday,Sunday,Saturday,Monday,A,121 days = 17 full weeks and 2 extra day(s). Counting 2 day(s) forward from Monday gives Wednesday.,Puzzles,Calendar Puzzles
"If today is Wednesday, what day of the week will it be after 74 days?",Friday,Wednesday,Thursday,Sunday,D,74 days = 10 full weeks and 4 extra day(s). Counting 4 day(s) forward from Wednesday gives Sunday.,Puzzles,Calendar Puzzles
A child is 14 years old and a parent is 42 years old today. In how many years will the parent be exactly twice as old as the child?,14,18,17,10,A,Let x = years from now. 42+x = 2(14+x) → x = 42 − 2×14 = 14.,Puzzles,Logical Riddles
What is the angle between the hour and minute hands of a clock at 4:31?,80.5°,50.5°,5.5°,65.5°,B,Angle = |30×hour − 5.5×minute| = |30×4 − 5.5×31| = 50.5° (taking the smaller angle).,Puzzles,Clock Puzzles
"Find the next number in the sequence: 49, 59, 69, 79, 89, ?",99,97,88,90,A,Each term increases by 10. Next term = 89 + 10 = 99.,Puzzles,Number Sequence
"If today is Thursday, what day of the week will it be after 88 days?",Saturday,Monday,Thursday,Friday,B,88 days = 12 full weeks and 4 extra day(s). Counting 4 day(s) forward from Thursday gives Monday.,Puzzles,Calendar Puzzles
What is the angle between the hour and minute hands of a clock at 1:56?,62.0°,97.0°,67.0°,82.0°,D,Angle = |30×hour − 5.5×minute| = |30×1 − 5.5×56| = 82.0° (taking the smaller angle).,Puzzles,Clock Puzzles
"In each row, the third number is the product of the first two: [13, 13, 169], [6, 2, 12], [8, 15, ?]. Find the missing number.",120,114,124,122,A,"Following the pattern, the missing number = 8 × 15 = 120.",Puzzles,Pattern Puzzle
"Find the next number in the sequence: 13, 8, 21, 29, 50, ?",79,83,75,71,A,Each number is the sum of the two before it. Next = 29 + 50 = 79.,Puzzles,Number Sequence
"Find the next number in the sequence: 12167, 13824, 15625, 17576, ?",19633,19733,19703,19683,D,These are cubes of consecutive integers starting from 23. Next = 27³ = 19683.,Puzzles,Number Sequence
"Find the next number in the sequence: 31, 40, 49, 58, 67, ?",76,84,68,86,A,Each term increases by 9. Next term = 67 + 9 = 76.,Puzzles,Number Sequence
"Find the next number in the sequence: 3375, 4096, 4913, 5832, ?",6879,6869,6859,6849,C,These are cubes of consecutive integers starting from 15. Next = 19³ = 6859.,Puzzles,Number Sequence
"In each row, the third number is the sum of the first two: [3, 20, 23], [9, 13, 22], [11, 11, ?]. Find the missing number.",24,22,19,18,B,"Following the pattern, the missing number = 11 + 11 = 22.",Puzzles,Pattern Puzzle
"A person is facing North. They turn 90° to the right, then turn 90° to the right. Which direction are they now facing?",South,North,West,East,A,"Facing North, turning 90° right gives East. Turning 90° right from East gives South.",Puzzles,Direction Sense
What is the angle between the hour and minute hands of a clock at 7:31?,29.5°,39.5°,54.5°,9.5°,B,Angle = |30×hour − 5.5×minute| = |30×7 − 5.5×31| = 39.5° (taking the smaller angle).,Puzzles,Clock Puzzles
"If A=1, B=2, C=3, ... Z=26, what is the sum of the letter values in the word 'RIB'?",28,34,29,24,C,R(18) + I(9) + B(2) = 29.,Puzzles,Coding-Decoding
"In each row, the third number is the product of the first two: [7, 4, 28], [14, 3, 42], [15, 4, ?]. Find the missing number.",62,54,60,50,C,"Following the pattern, the missing number = 15 × 4 = 60.",Puzzles,Pattern Puzzle
"In each row, the third number is the product of the first two: [3, 10, 30], [13, 11, 143], [3, 7, ?]. Find the missing number.",23,21,17,15,B,"Following the pattern, the missing number = 3 × 7 = 21.",Puzzles,Pattern Puzzle
"In each row, the third number is the product of the first two: [9, 2, 18], [6, 9, 54], [6, 2, ?]. Find the missing number.",14,6,12,2,C,"Following the pattern, the missing number = 6 × 2 = 12.",Puzzles,Pattern Puzzle
"If today is Friday, what day of the week will it be after 8 days?",Tuesday,Saturday,Friday,Sunday,B,8 days = 1 full weeks and 1 extra day(s). Counting 1 day(s) forward from Friday gives Saturday.,Puzzles,Calendar Puzzles
"Find the next number in the sequence: 21, 25, 29, 33, 37, ?",41,39,43,44,A,Each term increases by 4. Next term = 37 + 4 = 41.,Puzzles,Number Sequence
"In each row, the third number is the sum of the first two: [14, 12, 26], [16, 17, 33], [17, 14, ?]. Find the missing number.",31,28,32,27,A,"Following the pattern, the missing number = 17 + 14 = 31.",Puzzles,Pattern Puzzle
"A person is facing East. They turn 180° to the right, then turn 90° to the left. Which direction are they now facing?",South,West,East,North,A,"Facing East, turning 180° right gives West. Turning 90° left from West gives South.",Puzzles,Direction Sense
What is the angle between the hour and minute hands of a clock at 11:11?,120.5°,90.5°,100.5°,75.5°,B,Angle = |30×hour − 5.5×minute| = |30×11 − 5.5×11| = 90.5° (taking the smaller angle).,Puzzles,Clock Puzzles
"If today is Tuesday, what day of the week will it be after 32 days?",Friday,Sunday,Thursday,Saturday,D,32 days = 4 full weeks and 4 extra day(s). Counting 4 day(s) forward from Tuesday gives Saturday.,Puzzles,Calendar Puzzles
A child is 8 years old and a parent is 36 years old today. In how many years will the parent be exactly twice as old as the child?,23,20,24,21,B,Let x = years from now. 36+x = 2(8+x) → x = 36 − 2×8 = 20.,Puzzles,Logical Riddles
What is the angle between the hour and minute hands of a clock at 4:09?,25.5°,70.5°,50.5°,85.5°,B,Angle = |30×hour − 5.5×minute| = |30×4 − 5.5×9| = 70.5° (taking the smaller angle).,Puzzles,Clock Puzzles
What is the angle between the hour and minute hands of a clock at 4:44?,112.0°,122.0°,152.0°,92.0°,B,Angle = |30×hour − 5.5×minute| = |30×4 − 5.5×44| = 122.0° (taking the smaller angle).,Puzzles,Clock Puzzles
"In each row, the third number is the sum of the first two: [18, 10, 28], [5, 18, 23], [13, 8, ?]. Find the missing number.",19,22,18,21,D,"Following the pattern, the missing number = 13 + 8 = 21.",Puzzles,Pattern Puzzle
"Which number is the odd one out: 30, 57, 23, 45?",30,45,57,23,D,23 is the odd one out because it is not a multiple of 3; the rest are.,Puzzles,Odd One Out
"A person is facing West. They turn 180° to the right, then turn 270° to the right. Which direction are they now facing?",South,East,West,North,D,"Facing West, turning 180° right gives East. Turning 270° right from East gives North.",Puzzles,Direction Sense
"In each row, the third number is the product of the first two: [4, 9, 36], [8, 10, 80], [15, 5, ?]. Find the missing number.",85,69,75,77,C,"Following the pattern, the missing number = 15 × 5 = 75.",Puzzles,Pattern Puzzle
"Find the next number in the sequence: 3, 7, 11, 15, 19, ?",23,18,25,26,A,Each term increases by 4. Next term = 19 + 4 = 23.,Puzzles,Number Sequence
"In each row, the third number is the product of the first two: [11, 11, 121], [14, 11, 154], [5, 9, ?]. Find the missing number.",39,45,43,49,B,"Following the pattern, the missing number = 5 × 9 = 45.",Puzzles,Pattern Puzzle
What is the angle between the hour and minute hands of a clock at 9:10?,100.0°,175.0°,165.0°,145.0°,D,Angle = |30×hour − 5.5×minute| = |30×9 − 5.5×10| = 145.0° (taking the smaller angle).,Puzzles,Clock Puzzles
"In each row, the third number is the sum of the first two: [18, 17, 35], [11, 9, 20], [9, 10, ?]. Find the missing number.",17,21,19,16,C,"Following the pattern, the missing number = 9 + 10 = 19.",Puzzles,Pattern Puzzle
"If A=1, B=2, C=3, ... Z=26, what is the sum of the letter values in the word 'DOG'?",21,26,27,31,B,D(4) + O(15) + G(7) = 26.,Puzzles,Coding-Decoding
"Find the next number in the sequence: 9, 24, 39, 54, 69, ?",82,84,86,114,B,Each term increases by 15. Next term = 69 + 15 = 84.,Puzzles,Number Sequence
"If today is Wednesday, what day of the week will it be after 179 days?",Tuesday,Sunday,Wednesday,Monday,B,179 days = 25 full weeks and 4 extra day(s). Counting 4 day(s) forward from Wednesday gives Sunday.,Puzzles,Calendar Puzzles
"If A=1, B=2, C=3, ... Z=26, what is the sum of the letter values in the word 'BEE'?",9,14,15,12,D,B(2) + E(5) + E(5) = 12.,Puzzles,Coding-Decoding
"If A=1, B=2, C=3, ... Z=26, what is the sum of the letter values in the word 'SAP'?",41,39,36,31,C,S(19) + A(1) + P(16) = 36.,Puzzles,Coding-Decoding
"In each row, the third number is the product of the first two: [11, 3, 33], [12, 11, 132], [6, 10, ?]. Find the missing number.",70,60,66,56,B,"Following the pattern, the missing number = 6 × 10 = 60.",Puzzles,Pattern Puzzle
"Which number is the odd one out: 36, 42, 78, 16?",16,42,36,78,A,16 is the odd one out because it is not a multiple of 3; the rest are.,Puzzles,Odd One Out
"In each row, the third number is the sum of the first two: [11, 2, 13], [9, 19, 28], [12, 11, ?]. Find the missing number.",26,22,23,19,C,"Following the pattern, the missing number = 12 + 11 = 23.",Puzzles,Pattern Puzzle
"If today is Monday, what day of the week will it be after 61 days?",Friday,Wednesday,Saturday,Monday,C,61 days = 8 full weeks and 5 extra day(s). Counting 5 day(s) forward from Monday gives Saturday.,Puzzles,Calendar Puzzles
"Find the next letter in the series: I, J, K, L, ?",F,N,M,H,C,"The letters advance by 1 position(s) each time. After L, the next letter is M.",Puzzles,Letter Series
"Find the next number in the sequence: 17, 7, 24, 31, 55, ?",90,89,86,91,C,Each number is the sum of the two before it. Next = 31 + 55 = 86.,Puzzles,Number Sequence
"In each row, the third number is the sum of the first two: [18, 15, 33], [17, 16, 33], [15, 14, ?]. Find the missing number.",25,27,29,33,C,"Following the pattern, the missing number = 15 + 14 = 29.",Puzzles,Pattern Puzzle
"Find the next number in the sequence: 24, 34, 44, 54, 64, ?",74,85,65,83,A,Each term increases by 10. Next term = 64 + 10 = 74.,Puzzles,Number Sequence
"Find the next letter in the series: B, D, F, H, ?",L,J,D,P,B,"The letters advance by 2 position(s) each time. After H, the next letter is J.",Puzzles,Letter Series
What is the angle between the hour and minute hands of a clock at 2:05?,22.5°,32.5°,42.5°,47.5°,B,Angle = |30×hour − 5.5×minute| = |30×2 − 5.5×5| = 32.5° (taking the smaller angle).,Puzzles,Clock Puzzles
"A person is facing South. They turn 90° to the left, then turn 180° to the right. Which direction are they now facing?",West,East,North,South,A,"Facing South, turning 90° left gives East. Turning 180° right from East gives West.",Puzzles,Direction Sense
What is the angle between the hour and minute hands of a clock at 10:56?,53.0°,12.0°,8.0°,18.0°,C,Angle = |30×hour − 5.5×minute| = |30×10 − 5.5×56| = 8.0° (taking the smaller angle).,Puzzles,Clock Puzzles
What is the angle between the hour and minute hands of a clock at 10:15?,112.5°,127.5°,122.5°,142.5°,D,Angle = |30×hour − 5.5×minute| = |30×10 − 5.5×15| = 142.5° (taking the smaller angle).,Puzzles,Clock Puzzles
"If A=1, B=2, C=3, ... Z=26, what is the sum of the letter values in the word 'ANT'?",31,32,35,40,C,A(1) + N(14) + T(20) = 35.,Puzzles,Coding-Decoding
"Find the next number in the sequence: 10, 22, 34, 46, 58, ?",94,70,59,81,B,Each term increases by 12. Next term = 58 + 12 = 70.,Puzzles,Number Sequence
"A person is facing West. They turn 180° to the right, then turn 180° to the left. Which direction are they now facing?",North,South,West,East,C,"Facing West, turning 180° right gives East. Turning 180° left from East gives West.",Puzzles,Direction Sense
"In each row, the third number is the product of the first two: [6, 7, 42], [14, 13, 182], [5, 6, ?]. Find the missing number.",32,30,26,20,B,"Following the pattern, the missing number = 5 × 6 = 30.",Puzzles,Pattern Puzzle
"If today is Monday, what day of the week will it be after 119 days?",Friday,Thursday,Sunday,Monday,D,119 days = 17 full weeks and 0 extra day(s). Counting 0 day(s) forward from Monday gives Monday.,Puzzles,Calendar Puzzles
"If A=1, B=2, C=3, ... Z=26, what is the sum of the letter values in the word 'FAT'?",29,22,27,24,C,F(6) + A(1) + T(20) = 27.,Puzzles,Coding-Decoding
"Find the next number in the sequence: 81, 100, 121, 144, 169, ?",194,198,196,201,C,These are perfect squares of consecutive integers starting from 9. Next = 14² = 196.,Puzzles,Number Sequence
"In each row, the third number is the sum of the first two: [18, 12, 30], [17, 12, 29], [6, 19, ?]. Find the missing number.",25,24,27,23,A,"Following the pattern, the missing number = 6 + 19 = 25.",Puzzles,Pattern Puzzle
"Find the next number in the sequence: 17, 19, 21, 23, 25, ?",30,31,28,27,D,Each term increases by 2. Next term = 25 + 2 = 27.,Puzzles,Number Sequence
"Which number is the odd one out: 2, 57, 26, 38?",2,38,57,26,C,57 is the odd one out because it is the only odd number; the rest are even.,Puzzles,Odd One Out
"Which number is the odd one out: 4, 17, 19, 13?",13,19,17,4,D,4 is the odd one out because it is not a prime number; the rest are prime.,Puzzles,Odd One Out
What is the angle between the hour and minute hands of a clock at 10:57?,13.5°,28.5°,16.5°,6.5°,A,Angle = |30×hour − 5.5×minute| = |30×10 − 5.5×57| = 13.5° (taking the smaller angle).,Puzzles,Clock Puzzles
"Which number is the odd one out: 105, 35, 121, 90?",105,121,35,90,B,121 is the odd one out because it is not a multiple of 5; the rest are.,Puzzles,Odd One Out
A child is 15 years old and a parent is 36 years old today. In how many years will the parent be exactly twice as old as the child?,3,6,4,10,B,Let x = years from now. 36+x = 2(15+x) → x = 36 − 2×15 = 6.,Puzzles,Logical Riddles
"In each row, the third number is the sum of the first two: [12, 14, 26], [9, 18, 27], [11, 18, ?]. Find the missing number.",29,32,28,31,A,"Following the pattern, the missing number = 11 + 18 = 29.",Puzzles,Pattern Puzzle
What is the angle between the hour and minute hands of a clock at 10:42?,84.0°,89.0°,69.0°,99.0°,C,Angle = |30×hour − 5.5×minute| = |30×10 − 5.5×42| = 69.0° (taking the smaller angle).,Puzzles,Clock Puzzles
"If today is Thursday, what day of the week will it be after 162 days?",Sunday,Wednesday,Friday,Saturday,C,162 days = 23 full weeks and 1 extra day(s). Counting 1 day(s) forward from Thursday gives Friday.,Puzzles,Calendar Puzzles
"In each row, the third number is the product of the first two: [15, 2, 30], [5, 6, 30], [13, 8, ?]. Find the missing number.",108,104,98,114,B,"Following the pattern, the missing number = 13 × 8 = 104.",Puzzles,Pattern Puzzle
"Find the next letter in the series: P, R, T, V, ?",N,E,F,X,D,"The letters advance by 2 position(s) each time. After V, the next letter is X.",Puzzles,Letter Series
"In each row, the third number is the product of the first two: [4, 15, 60], [3, 13, 39], [10, 14, ?]. Find the missing number.",136,150,134,140,D,"Following the pattern, the missing number = 10 × 14 = 140.",Puzzles,Pattern Puzzle
A child is 14 years old and a parent is 43 years old today. In how many years will the parent be exactly twice as old as the child?,19,12,15,16,C,Let x = years from now. 43+x = 2(14+x) → x = 43 − 2×14 = 15.,Puzzles,Logical Riddles
"A person is facing East. They turn 180° to the right, then turn 90° to the right. Which direction are they now facing?",North,West,East,South,A,"Facing East, turning 180° right gives West. Turning 90° right from West gives North.",Puzzles,Direction Sense
What is the angle between the hour and minute hands of a clock at 11:16?,128.0°,133.0°,118.0°,108.0°,C,Angle = |30×hour − 5.5×minute| = |30×11 − 5.5×16| = 118.0° (taking the smaller angle).,Puzzles,Clock Puzzles
"Find the next number in the sequence: 41, 51, 61, 71, 81, ?",82,111,100,91,D,Each term increases by 10. Next term = 81 + 10 = 91.,Puzzles,Number Sequence
What is the angle between the hour and minute hands of a clock at 7:38?,31.0°,9.0°,1.0°,46.0°,C,Angle = |30×hour − 5.5×minute| = |30×7 − 5.5×38| = 1.0° (taking the smaller angle).,Puzzles,Clock Puzzles
"Find the next number in the sequence: 39, 41, 43, 45, 47, ?",51,47,52,49,D,Each term increases by 2. Next term = 47 + 2 = 49.,Puzzles,Number Sequence
"Find the next letter in the series: N, P, R, T, ?",V,W,S,M,A,"The letters advance by 2 position(s) each time. After T, the next letter is V.",Puzzles,Letter Series
"In each row, the third number is the sum of the first two: [15, 20, 35], [17, 18, 35], [10, 2, ?]. Find the missing number.",9,10,16,12,D,"Following the pattern, the missing number = 10 + 2 = 12.",Puzzles,Pattern Puzzle
"Find the next number in the sequence: 196, 225, 256, 289, 324, ?",361,358,360,362,A,These are perfect squares of consecutive integers starting from 14. Next = 19² = 361.,Puzzles,Number Sequence
What is the angle between the hour and minute hands of a clock at 10:11?,150.5°,165.5°,140.5°,120.5°,D,Angle = |30×hour − 5.5×minute| = |30×10 − 5.5×11| = 120.5° (taking the smaller angle).,Puzzles,Clock Puzzles
"Which number is the odd one out: 26, 44, 40, 23?",23,40,44,26,A,23 is the odd one out because it is the only odd number; the rest are even.,Puzzles,Odd One Out
"In each row, the third number is the product of the first two: [7, 13, 91], [12, 10, 120], [10, 5, ?]. Find the missing number.",52,46,60,50,D,"Following the pattern, the missing number = 10 × 5 = 50.",Puzzles,Pattern Puzzle
"In each row, the third number is the sum of the first two: [16, 11, 27], [12, 12, 24], [6, 13, ?]. Find the missing number.",19,20,21,17,A,"Following the pattern, the missing number = 6 + 13 = 19.",Puzzles,Pattern Puzzle
What is the angle between the hour and minute hands of a clock at 11:41?,119.5°,104.5°,74.5°,59.5°,B,Angle = |30×hour − 5.5×minute| = |30×11 − 5.5×41| = 104.5° (taking the smaller angle).,Puzzles,Clock Puzzles
What is the angle between the hour and minute hands of a clock at 7:22?,89.0°,99.0°,119.0°,134.0°,A,Angle = |30×hour − 5.5×minute| = |30×7 − 5.5×22| = 89.0° (taking the smaller angle).,Puzzles,Clock Puzzles
"In each row, the third number is the sum of the first two: [4, 11, 15], [14, 3, 17], [15, 4, ?]. Find the missing number.",21,19,15,20,B,"Following the pattern, the missing number = 15 + 4 = 19.",Puzzles,Pattern Puzzle
"If today is Sunday, what day of the week will it be after 154 days?",Sunday,Friday,Thursday,Monday,A,154 days = 22 full weeks and 0 extra day(s). Counting 0 day(s) forward from Sunday gives Sunday.,Puzzles,Calendar Puzzles
What is the angle between the hour and minute hands of a clock at 9:45?,52.5°,22.5°,7.5°,12.5°,B,Angle = |30×hour − 5.5×minute| = |30×9 − 5.5×45| = 22.5° (taking the smaller angle).,Puzzles,Clock Puzzles
What is the angle between the hour and minute hands of a clock at 12:05?,27.5°,2.5°,7.5°,37.5°,A,Angle = |30×hour − 5.5×minute| = |30×12 − 5.5×5| = 27.5° (taking the smaller angle).,Puzzles,Clock Puzzles
"Which number is the odd one out: 5, 10, 11, 7?",7,10,5,11,B,10 is the odd one out because it is not a prime number; the rest are prime.,Puzzles,Odd One Out
"Find the next number in the sequence: 26, 40, 54, 68, 82, ?",98,96,109,81,B,Each term increases by 14. Next term = 82 + 14 = 96.,Puzzles,Number Sequence
"In each row, the third number is the sum of the first two: [17, 8, 25], [4, 10, 14], [3, 10, ?]. Find the missing number.",9,17,13,15,C,"Following the pattern, the missing number = 3 + 10 = 13.",Puzzles,Pattern Puzzle
What is the angle between the hour and minute hands of a clock at 4:29?,24.5°,19.5°,39.5°,29.5°,C,Angle = |30×hour − 5.5×minute| = |30×4 − 5.5×29| = 39.5° (taking the smaller angle).,Puzzles,Clock Puzzles
"Find the next number in the sequence: 7, 8, 15, 23, 38, ?",58,53,61,66,C,Each number is the sum of the two before it. Next = 23 + 38 = 61.,Puzzles,Number Sequence
What is the angle between the hour and minute hands of a clock at 6:27?,76.5°,41.5°,31.5°,46.5°,C,Angle = |30×hour − 5.5×minute| = |30×6 − 5.5×27| = 31.5° (taking the smaller angle).,Puzzles,Clock Puzzles
"If today is Sunday, what day of the week will it be after 190 days?",Monday,Saturday,Sunday,Thursday,A,190 days = 27 full weeks and 1 extra day(s). Counting 1 day(s) forward from Sunday gives Monday.,Puzzles,Calendar Puzzles
"If today is Wednesday, what day of the week will it be after 148 days?",Thursday,Tuesday,Saturday,Monday,A,148 days = 21 full weeks and 1 extra day(s). Counting 1 day(s) forward from Wednesday gives Thursday.,Puzzles,Calendar Puzzles
"Find the next number in the sequence: 1, 4, 9, 16, 25, ?",31,36,34,35,B,These are perfect squares of consecutive integers starting from 1. Next = 6² = 36.,Puzzles,Number Sequence
"Which number is the odd one out: 18, 7, 31, 29?",7,18,31,29,B,18 is the odd one out because it is not a prime number; the rest are prime.,Puzzles,Odd One Out
"In each row, the third number is the sum of the first two: [8, 20, 28], [20, 6, 26], [4, 13, ?]. Find the missing number.",17,19,21,16,A,"Following the pattern, the missing number = 4 + 13 = 17.",Puzzles,Pattern Puzzle
What is the angle between the hour and minute hands of a clock at 6:14?,73.0°,58.0°,148.0°,103.0°,D,Angle = |30×hour − 5.5×minute| = |30×6 − 5.5×14| = 103.0° (taking the smaller angle).,Puzzles,Clock Puzzles
"Find the next number in the sequence: 38, 43, 48, 53, 58, ?",63,65,69,73,A,Each term increases by 5. Next term = 58 + 5 = 63.,Puzzles,Number Sequence
"If today is Thursday, what day of the week will it be after 16 days?",Sunday,Tuesday,Saturday,Monday,C,16 days = 2 full weeks and 2 extra day(s). Counting 2 day(s) forward from Thursday gives Saturday.,Puzzles,Calendar Puzzles
"If today is Monday, what day of the week will it be after 146 days?",Tuesday,Sunday,Monday,Wednesday,B,146 days = 20 full weeks and 6 extra day(s). Counting 6 day(s) forward from Monday gives Sunday.,Puzzles,Calendar Puzzles
"Find the next number in the sequence: 28, 42, 56, 70, 84, ?",113,111,100,98,D,Each term increases by 14. Next term = 84 + 14 = 98.,Puzzles,Number Sequence
"Find the next number in the sequence: 28, 36, 44, 52, 60, ?",77,68,75,61,B,Each term increases by 8. Next term = 60 + 8 = 68.,Puzzles,Number Sequence
"If A=1, B=2, C=3, ... Z=26, what is the sum of the letter values in the word 'ILL'?",33,38,28,30,A,I(9) + L(12) + L(12) = 33.,Puzzles,Coding-Decoding
"Find the next letter in the series: F, H, J, L, ?",N,D,I,E,A,"The letters advance by 2 position(s) each time. After L, the next letter is N.",Puzzles,Letter Series
"Find the next number in the sequence: 26, 38, 50, 62, 74, ?",75,84,86,97,C,Each term increases by 12. Next term = 74 + 12 = 86.,Puzzles,Number Sequence
"Find the next number in the sequence: 8, 24, 72, 216, 648, ?",1944,972,1949,1947,A,Each term is multiplied by 3. Next term = 648 × 3 = 1944.,Puzzles,Number Sequence
A child is 7 years old and a parent is 34 years old today. In how many years will the parent be exactly twice as old as the child?,20,17,16,21,A,Let x = years from now. 34+x = 2(7+x) → x = 34 − 2×7 = 20.,Puzzles,Logical Riddles
"In each row, the third number is the sum of the first two: [17, 2, 19], [13, 12, 25], [18, 15, ?]. Find the missing number.",34,33,30,37,B,"Following the pattern, the missing number = 18 + 15 = 33.",Puzzles,Pattern Puzzle
"Which number is the odd one out: 7, 24, 19, 3?",3,7,24,19,C,24 is the odd one out because it is not a prime number; the rest are prime.,Puzzles,Odd One Out
"If today is Saturday, what day of the week will it be after 182 days?",Thursday,Monday,Saturday,Wednesday,C,182 days = 26 full weeks and 0 extra day(s). Counting 0 day(s) forward from Saturday gives Saturday.,Puzzles,Calendar Puzzles
"If today is Tuesday, what day of the week will it be after 172 days?",Tuesday,Thursday,Monday,Saturday,D,172 days = 24 full weeks and 4 extra day(s). Counting 4 day(s) forward from Tuesday gives Saturday.,Puzzles,Calendar Puzzles
"Find the next number in the sequence: 36, 49, 64, 81, 100, ?",124,121,123,126,B,These are perfect squares of consecutive integers starting from 6. Next = 11² = 121.,Puzzles,Number Sequence
"Find the next number in the sequence: 2197, 2744, 3375, 4096, ?",4913,4893,4963,4903,A,These are cubes of consecutive integers starting from 13. Next = 17³ = 4913.,Puzzles,Number Sequence
"Find the next number in the sequence: 42, 50, 58, 66, 74, ?",89,80,91,82,D,Each term increases by 8. Next term = 74 + 8 = 82.,Puzzles,Number Sequence
"A person is facing South. They turn 180° to the right, then turn 270° to the right. Which direction are they now facing?",West,North,South,East,A,"Facing South, turning 180° right gives North. Turning 270° right from North gives West.",Puzzles,Direction Sense
"If A=1, B=2, C=3, ... Z=26, what is the sum of the letter values in the word 'SPA'?",39,36,38,33,B,S(19) + P(16) + A(1) = 36.,Puzzles,Coding-Decoding
"A person is facing West. They turn 270° to the left, then turn 270° to the right. Which direction are they now facing?",North,West,East,South,B,"Facing West, turning 270° left gives North. Turning 270° right from North gives West.",Puzzles,Direction Sense
"Find the next letter in the series: A, C, E, G, ?",T,Z,S,I,D,"The letters advance by 2 position(s) each time. After G, the next letter is I.",Puzzles,Letter Series
"If today is Tuesday, what day of the week will it be after 127 days?",Wednesday,Monday,Saturday,Tuesday,A,127 days = 18 full weeks and 1 extra day(s). Counting 1 day(s) forward from Tuesday gives Wednesday.,Puzzles,Calendar Puzzles
"Find the next number in the sequence: 10, 9, 19, 28, 47, ?",79,83,75,71,C,Each number is the sum of the two before it. Next = 28 + 47 = 75.,Puzzles,Number Sequence
"A person is facing South. They turn 90° to the left, then turn 180° to the left. Which direction are they now facing?",West,South,North,East,A,"Facing South, turning 90° left gives East. Turning 180° left from East gives West.",Puzzles,Direction Sense
"Find the next number in the sequence: 529, 576, 625, 676, 729, ?",786,783,784,787,C,These are perfect squares of consecutive integers starting from 23. Next = 28² = 784.,Puzzles,Number Sequence
"Find the next number in the sequence: 50, 58, 66, 74, 82, ?",83,81,90,92,C,Each term increases by 8. Next term = 82 + 8 = 90.,Puzzles,Number Sequence
What is the angle between the hour and minute hands of a clock at 3:36?,108.0°,128.0°,88.0°,123.0°,A,Angle = |30×hour − 5.5×minute| = |30×3 − 5.5×36| = 108.0° (taking the smaller angle).,Puzzles,Clock Puzzles
"In each row, the third number is the product of the first two: [2, 6, 12], [14, 7, 98], [5, 11, ?]. Find the missing number.",55,45,51,57,A,"Following the pattern, the missing number = 5 × 11 = 55.",Puzzles,Pattern Puzzle
What is the angle between the hour and minute hands of a clock at 5:04?,108.0°,113.0°,118.0°,128.0°,D,Angle = |30×hour − 5.5×minute| = |30×5 − 5.5×4| = 128.0° (taking the smaller angle).,Puzzles,Clock Puzzles
"If today is Thursday, what day of the week will it be after 185 days?",Wednesday,Sunday,Monday,Tuesday,B,185 days = 26 full weeks and 3 extra day(s). Counting 3 day(s) forward from Thursday gives Sunday.,Puzzles,Calendar Puzzles
"Find the next number in the sequence: 9, 16, 25, 36, 49, ?",61,62,64,63,C,These are perfect squares of consecutive integers starting from 3. Next = 8² = 64.,Puzzles,Number Sequence
"In each row, the third number is the product of the first two: [8, 15, 120], [14, 10, 140], [9, 11, ?]. Find the missing number.",101,99,103,109,B,"Following the pattern, the missing number = 9 × 11 = 99.",Puzzles,Pattern Puzzle
What is the angle between the hour and minute hands of a clock at 8:57?,88.5°,73.5°,28.5°,103.5°,B,Angle = |30×hour − 5.5×minute| = |30×8 − 5.5×57| = 73.5° (taking the smaller angle).,Puzzles,Clock Puzzles
"Find the next number in the sequence: 43, 58, 73, 88, 103, ?",118,104,132,134,A,Each term increases by 15. Next term = 103 + 15 = 118.,Puzzles,Number Sequence
"Find the next number in the sequence: 3, 6, 12, 24, 48, ?",96,98,91,94,A,Each term is multiplied by 2. Next term = 48 × 2 = 96.,Puzzles,Number Sequence
"If today is Sunday, what day of the week will it be after 62 days?",Friday,Thursday,Saturday,Tuesday,C,62 days = 8 full weeks and 6 extra day(s). Counting 6 day(s) forward from Sunday gives Saturday.,Puzzles,Calendar Puzzles
"Find the next number in the sequence: 11, 11, 22, 33, 55, ?",83,88,91,93,B,Each number is the sum of the two before it. Next = 33 + 55 = 88.,Puzzles,Number Sequence
"If today is Wednesday, what day of the week will it be after 116 days?",Monday,Sunday,Wednesday,Tuesday,B,116 days = 16 full weeks and 4 extra day(s). Counting 4 day(s) forward from Wednesday gives Sunday.,Puzzles,Calendar Puzzles
"Find the next number in the sequence: 4096, 4913, 5832, 6859, ?",8020,7980,8000,7950,C,These are cubes of consecutive integers starting from 16. Next = 20³ = 8000.,Puzzles,Number Sequence
"Find the next number in the sequence: 23, 31, 39, 47, 55, ?",72,63,56,65,B,Each term increases by 8. Next term = 55 + 8 = 63.,Puzzles,Number Sequence
"In each row, the third number is the sum of the first two: [16, 4, 20], [12, 12, 24], [10, 19, ?]. Find the missing number.",26,29,31,27,B,"Following the pattern, the missing number = 10 + 19 = 29.",Puzzles,Pattern Puzzle
"Find the next number in the sequence: 4, 14, 18, 32, 50, ?",79,82,87,85,B,Each number is the sum of the two before it. Next = 32 + 50 = 82.,Puzzles,Number Sequence
"If today is Tuesday, what day of the week will it be after 94 days?",Thursday,Friday,Monday,Tuesday,B,94 days = 13 full weeks and 3 extra day(s). Counting 3 day(s) forward from Tuesday gives Friday.,Puzzles,Calendar Puzzles
"In each row, the third number is the sum of the first two: [13, 10, 23], [9, 10, 19], [11, 7, ?]. Find the missing number.",16,17,18,15,C,"Following the pattern, the missing number = 11 + 7 = 18.",Puzzles,Pattern Puzzle
"Find the next number in the sequence: 32, 45, 58, 71, 84, ?",83,109,97,99,C,Each term increases by 13. Next term = 84 + 13 = 97.,Puzzles,Number Sequence
"Find the next number in the sequence: 4, 6, 10, 16, 26, ?",50,38,42,47,C,Each number is the sum of the two before it. Next = 16 + 26 = 42.,Puzzles,Number Sequence
"Which number is the odd one out: 145, 120, 135, 33?",145,33,135,120,B,33 is the odd one out because it is not a multiple of 5; the rest are.,Puzzles,Odd One Out
"In each row, the third number is the product of the first two: [9, 7, 63], [12, 6, 72], [5, 6, ?]. Find the missing number.",32,30,28,34,B,"Following the pattern, the missing number = 5 × 6 = 30.",Puzzles,Pattern Puzzle
"In each row, the third number is the product of the first two: [6, 10, 60], [15, 7, 105], [5, 12, ?]. Find the missing number.",50,66,54,60,D,"Following the pattern, the missing number = 5 × 12 = 60.",Puzzles,Pattern Puzzle
"Which number is the odd one out: 9, 58, 14, 54?",9,54,14,58,A,9 is the odd one out because it is the only odd number; the rest are even.,Puzzles,Odd One Out
"If today is Saturday, what day of the week will it be after 83 days?",Wednesday,Monday,Friday,Saturday,C,83 days = 11 full weeks and 6 extra day(s). Counting 6 day(s) forward from Saturday gives Friday.,Puzzles,Calendar Puzzles
"If today is Monday, what day of the week will it be after 31 days?",Wednesday,Friday,Monday,Thursday,D,31 days = 4 full weeks and 3 extra day(s). Counting 3 day(s) forward from Monday gives Thursday.,Puzzles,Calendar Puzzles
"If today is Tuesday, what day of the week will it be after 164 days?",Friday,Tuesday,Saturday,Monday,A,164 days = 23 full weeks and 3 extra day(s). Counting 3 day(s) forward from Tuesday gives Friday.,Puzzles,Calendar Puzzles
"In each row, the third number is the sum of the first two: [16, 14, 30], [17, 3, 20], [9, 6, ?]. Find the missing number.",16,13,15,11,C,"Following the pattern, the missing number = 9 + 6 = 15.",Puzzles,Pattern Puzzle
"If today is Friday, what day of the week will it be after 184 days?",Sunday,Friday,Tuesday,Monday,A,184 days = 26 full weeks and 2 extra day(s). Counting 2 day(s) forward from Friday gives Sunday.,Puzzles,Calendar Puzzles
"In each row, the third number is the product of the first two: [9, 12, 108], [2, 11, 22], [12, 6, ?]. Find the missing number.",72,62,70,78,A,"Following the pattern, the missing number = 12 × 6 = 72.",Puzzles,Pattern Puzzle
A child is 12 years old and a parent is 32 years old today. In how many years will the parent be exactly twice as old as the child?,7,8,10,4,B,Let x = years from now. 32+x = 2(12+x) → x = 32 − 2×12 = 8.,Puzzles,Logical Riddles
"Which number is the odd one out: 36, 19, 30, 56?",30,19,56,36,B,19 is the odd one out because it is the only odd number; the rest are even.,Puzzles,Odd One Out
"If today is Wednesday, what day of the week will it be after 98 days?",Friday,Wednesday,Saturday,Thursday,B,98 days = 14 full weeks and 0 extra day(s). Counting 0 day(s) forward from Wednesday gives Wednesday.,Puzzles,Calendar Puzzles
"Which number is the odd one out: 15, 100, 23, 10?",15,23,100,10,B,23 is the odd one out because it is not a multiple of 5; the rest are.,Puzzles,Odd One Out
What is the angle between the hour and minute hands of a clock at 3:44?,163.0°,152.0°,178.0°,142.0°,B,Angle = |30×hour − 5.5×minute| = |30×3 − 5.5×44| = 152.0° (taking the smaller angle).,Puzzles,Clock Puzzles
What is the angle between the hour and minute hands of a clock at 5:30?,45.0°,30.0°,15.0°,60.0°,C,Angle = |30×hour − 5.5×minute| = |30×5 − 5.5×30| = 15.0° (taking the smaller angle).,Puzzles,Clock Puzzles
"In each row, the third number is the sum of the first two: [18, 13, 31], [11, 2, 13], [2, 7, ?]. Find the missing number.",7,11,13,9,D,"Following the pattern, the missing number = 2 + 7 = 9.",Puzzles,Pattern Puzzle
"If today is Thursday, what day of the week will it be after 143 days?",Monday,Tuesday,Sunday,Thursday,C,143 days = 20 full weeks and 3 extra day(s). Counting 3 day(s) forward from Thursday gives Sunday.,Puzzles,Calendar Puzzles
"Find the next number in the sequence: 17, 15, 32, 47, 79, ?",123,129,122,126,D,Each number is the sum of the two before it. Next = 47 + 79 = 126.,Puzzles,Number Sequence
"In each row, the third number is the sum of the first two: [16, 12, 28], [17, 14, 31], [11, 10, ?]. Find the missing number.",25,21,19,17,B,"Following the pattern, the missing number = 11 + 10 = 21.",Puzzles,Pattern Puzzle
A child is 13 years old and a parent is 38 years old today. In how many years will the parent be exactly twice as old as the child?,12,14,11,10,A,Let x = years from now. 38+x = 2(13+x) → x = 38 − 2×13 = 12.,Puzzles,Logical Riddles
"In each row, the third number is the product of the first two: [6, 14, 84], [15, 8, 120], [8, 5, ?]. Find the missing number.",38,40,36,34,B,"Following the pattern, the missing number = 8 × 5 = 40.",Puzzles,Pattern Puzzle
"If today is Monday, what day of the week will it be after 168 days?",Monday,Wednesday,Thursday,Sunday,A,168 days = 24 full weeks and 0 extra day(s). Counting 0 day(s) forward from Monday gives Monday.,Puzzles,Calendar Puzzles
"Find the next number in the sequence: 13, 10, 23, 33, 56, ?",81,93,84,89,D,Each number is the sum of the two before it. Next = 33 + 56 = 89.,Puzzles,Number Sequence
"Which number is the odd one out: 34, 2, 51, 56?",2,56,51,34,C,51 is the odd one out because it is the only odd number; the rest are even.,Puzzles,Odd One Out
"If A=1, B=2, C=3, ... Z=26, what is the sum of the letter values in the word 'SAD'?",20,28,23,24,D,S(19) + A(1) + D(4) = 24.,Puzzles,Coding-Decoding
What is the angle between the hour and minute hands of a clock at 1:12?,36.0°,21.0°,6.0°,9.0°,A,Angle = |30×hour − 5.5×minute| = |30×1 − 5.5×12| = 36.0° (taking the smaller angle).,Puzzles,Clock Puzzles
"In each row, the third number is the product of the first two: [7, 2, 14], [15, 9, 135], [13, 8, ?]. Find the missing number.",106,102,100,104,D,"Following the pattern, the missing number = 13 × 8 = 104.",Puzzles,Pattern Puzzle
"If today is Sunday, what day of the week will it be after 30 days?",Saturday,Friday,Tuesday,Wednesday,C,30 days = 4 full weeks and 2 extra day(s). Counting 2 day(s) forward from Sunday gives Tuesday.,Puzzles,Calendar Puzzles
A child is 9 years old and a parent is 36 years old today. In how many years will the parent be exactly twice as old as the child?,20,18,21,17,B,Let x = years from now. 36+x = 2(9+x) → x = 36 − 2×9 = 18.,Puzzles,Logical Riddles
"Which number is the odd one out: 105, 25, 115, 27?",105,27,25,115,B,27 is the odd one out because it is not a multiple of 5; the rest are.,Puzzles,Odd One Out
"Which number is the odd one out: 22, 42, 12, 43?",22,42,12,43,D,43 is the odd one out because it is the only odd number; the rest are even.,Puzzles,Odd One Out
"Which number is the odd one out: 22, 43, 2, 41?",2,43,41,22,D,22 is the odd one out because it is not a prime number; the rest are prime.,Puzzles,Odd One Out
"Find the next number in the sequence: 5, 20, 80, 320, 1280, ?",5120,5116,2560,5118,A,Each term is multiplied by 4. Next term = 1280 × 4 = 5120.,Puzzles,Number Sequence
"In each row, the third number is the product of the first two: [4, 8, 32], [13, 4, 52], [15, 11, ?]. Find the missing number.",161,165,171,167,B,"Following the pattern, the missing number = 15 × 11 = 165.",Puzzles,Pattern Puzzle
"In each row, the third number is the product of the first two: [2, 11, 22], [13, 6, 78], [8, 12, ?]. Find the missing number.",100,92,96,102,C,"Following the pattern, the missing number = 8 × 12 = 96.",Puzzles,Pattern Puzzle
"Find the next number in the sequence: 33, 42, 51, 60, 69, ?",78,86,88,76,A,Each term increases by 9. Next term = 69 + 9 = 78.,Puzzles,Number Sequence
"Find the next number in the sequence: 1, 12, 23, 34, 45, ?",58,78,44,56,D,Each term increases by 11. Next term = 45 + 11 = 56.,Puzzles,Number Sequence
"If today is Thursday, what day of the week will it be after 103 days?",Saturday,Tuesday,Wednesday,Friday,B,103 days = 14 full weeks and 5 extra day(s). Counting 5 day(s) forward from Thursday gives Tuesday.,Puzzles,Calendar Puzzles
What is the angle between the hour and minute hands of a clock at 8:09?,124.5°,169.5°,159.5°,175.5°,B,Angle = |30×hour − 5.5×minute| = |30×8 − 5.5×9| = 169.5° (taking the smaller angle).,Puzzles,Clock Puzzles
"Find the next number in the sequence: 20, 30, 40, 50, 60, ?",72,68,79,70,D,Each term increases by 10. Next term = 60 + 10 = 70.,Puzzles,Number Sequence
"In each row, the third number is the product of the first two: [7, 9, 63], [9, 5, 45], [13, 14, ?]. Find the missing number.",176,172,180,182,D,"Following the pattern, the missing number = 13 × 14 = 182.",Puzzles,Pattern Puzzle
What is the angle between the hour and minute hands of a clock at 5:50?,105.0°,125.0°,80.0°,140.0°,B,Angle = |30×hour − 5.5×minute| = |30×5 − 5.5×50| = 125.0° (taking the smaller angle).,Puzzles,Clock Puzzles
"Which number is the odd one out: 40, 23, 20, 4?",23,4,20,40,A,23 is the odd one out because it is the only odd number; the rest are even.,Puzzles,Odd One Out
"In each row, the third number is the sum of the first two: [17, 3, 20], [15, 8, 23], [5, 4, ?]. Find the missing number.",9,12,13,10,A,"Following the pattern, the missing number = 5 + 4 = 9.",Puzzles,Pattern Puzzle
"Find the next number in the sequence: 4, 17, 30, 43, 56, ?",67,69,71,95,B,Each term increases by 13. Next term = 56 + 13 = 69.,Puzzles,Number Sequence
"Find the next number in the sequence: 7, 10, 17, 27, 44, ?",71,79,74,75,A,Each number is the sum of the two before it. Next = 27 + 44 = 71.,Puzzles,Number Sequence
"In each row, the third number is the sum of the first two: [16, 9, 25], [13, 19, 32], [18, 6, ?]. Find the missing number.",23,28,25,24,D,"Following the pattern, the missing number = 18 + 6 = 24.",Puzzles,Pattern Puzzle
"In each row, the third number is the sum of the first two: [5, 16, 21], [12, 11, 23], [11, 8, ?]. Find the missing number.",21,15,17,19,D,"Following the pattern, the missing number = 11 + 8 = 19.",Puzzles,Pattern Puzzle
"In each row, the third number is the sum of the first two: [2, 9, 11], [20, 3, 23], [3, 2, ?]. Find the missing number.",6,1,4,5,D,"Following the pattern, the missing number = 3 + 2 = 5.",Puzzles,Pattern Puzzle
"Find the next number in the sequence: 10, 11, 21, 32, 53, ?",85,90,93,81,A,Each number is the sum of the two before it. Next = 32 + 53 = 85.,Puzzles,Number Sequence
"Find the next number in the sequence: 44, 55, 66, 77, 88, ?",87,89,109,99,D,Each term increases by 11. Next term = 88 + 11 = 99.,Puzzles,Number Sequence
"If today is Wednesday, what day of the week will it be after 168 days?",Sunday,Wednesday,Thursday,Friday,B,168 days = 24 full weeks and 0 extra day(s). Counting 0 day(s) forward from Wednesday gives Wednesday.,Puzzles,Calendar Puzzles
What is the angle between the hour and minute hands of a clock at 1:55?,102.5°,57.5°,117.5°,87.5°,D,Angle = |30×hour − 5.5×minute| = |30×1 − 5.5×55| = 87.5° (taking the smaller angle).,Puzzles,Clock Puzzles
"Find the next number in the sequence: 33, 48, 63, 78, 93, ?",108,94,138,106,A,Each term increases by 15. Next term = 93 + 15 = 108.,Puzzles,Number Sequence
A child is 15 years old and a parent is 42 years old today. In how many years will the parent be exactly twice as old as the child?,10,12,11,13,B,Let x = years from now. 42+x = 2(15+x) → x = 42 − 2×15 = 12.,Puzzles,Logical Riddles
A child is 6 years old and a parent is 34 years old today. In how many years will the parent be exactly twice as old as the child?,23,22,25,26,B,Let x = years from now. 34+x = 2(6+x) → x = 34 − 2×6 = 22.,Puzzles,Logical Riddles
"Find the next letter in the series: K, N, Q, T, ?",T,W,I,Y,B,"The letters advance by 3 position(s) each time. After T, the next letter is W.",Puzzles,Letter Series
"In each row, the third number is the sum of the first two: [19, 6, 25], [9, 18, 27], [14, 9, ?]. Find the missing number.",23,21,25,19,A,"Following the pattern, the missing number = 14 + 9 = 23.",Puzzles,Pattern Puzzle
"Find the next number in the sequence: 24, 27, 30, 33, 36, ?",37,39,41,45,B,Each term increases by 3. Next term = 36 + 3 = 39.,Puzzles,Number Sequence
"In each row, the third number is the product of the first two: [10, 9, 90], [7, 12, 84], [2, 6, ?]. Find the missing number.",12,14,6,18,A,"Following the pattern, the missing number = 2 × 6 = 12.",Puzzles,Pattern Puzzle
"If today is Tuesday, what day of the week will it be after 62 days?",Monday,Tuesday,Saturday,Sunday,A,62 days = 8 full weeks and 6 extra day(s). Counting 6 day(s) forward from Tuesday gives Monday.,Puzzles,Calendar Puzzles
"In each row, the third number is the product of the first two: [9, 2, 18], [4, 7, 28], [5, 2, ?]. Find the missing number.",8,10,4,14,B,"Following the pattern, the missing number = 5 × 2 = 10.",Puzzles,Pattern Puzzle
"Which number is the odd one out: 45, 140, 75, 54?",75,45,54,140,C,54 is the odd one out because it is not a multiple of 5; the rest are.,Puzzles,Odd One Out
"Find the next letter in the series: L, N, P, R, ?",M,A,R,T,D,"The letters advance by 2 position(s) each time. After R, the next letter is T.",Puzzles,Letter Series
"In each row, the third number is the product of the first two: [6, 4, 24], [15, 12, 180], [12, 13, ?]. Find the missing number.",156,160,154,166,A,"Following the pattern, the missing number = 12 × 13 = 156.",Puzzles,Pattern Puzzle
"Which number is the odd one out: 23, 15, 11, 37?",37,23,15,11,C,15 is the odd one out because it is not a prime number; the rest are prime.,Puzzles,Odd One Out
What is the angle between the hour and minute hands of a clock at 6:47?,68.5°,78.5°,98.5°,88.5°,B,Angle = |30×hour − 5.5×minute| = |30×6 − 5.5×47| = 78.5° (taking the smaller angle).,Puzzles,Clock Puzzles
"In each row, the third number is the product of the first two: [12, 10, 120], [9, 9, 81], [2, 11, ?]. Find the missing number.",28,22,16,20,B,"Following the pattern, the missing number = 2 × 11 = 22.",Puzzles,Pattern Puzzle
"Which number is the odd one out: 48, 3, 16, 58?",3,16,58,48,A,3 is the odd one out because it is the only odd number; the rest are even.,Puzzles,Odd One Out
"In each row, the third number is the sum of the first two: [18, 12, 30], [19, 8, 27], [20, 18, ?]. Find the missing number.",36,38,40,42,B,"Following the pattern, the missing number = 20 + 18 = 38.",Puzzles,Pattern Puzzle
"Which number is the odd one out: 11, 37, 41, 6?",37,11,41,6,D,6 is the odd one out because it is not a prime number; the rest are prime.,Puzzles,Odd One Out
"In each row, the third number is the sum of the first two: [19, 4, 23], [19, 11, 30], [19, 3, ?]. Find the missing number.",20,22,19,21,B,"Following the pattern, the missing number = 19 + 3 = 22.",Puzzles,Pattern Puzzle
"If today is Saturday, what day of the week will it be after 30 days?",Friday,Monday,Thursday,Tuesday,B,30 days = 4 full weeks and 2 extra day(s). Counting 2 day(s) forward from Saturday gives Monday.,Puzzles,Calendar Puzzles
What is the angle between the hour and minute hands of a clock at 4:25?,12.5°,17.5°,47.5°,37.5°,B,Angle = |30×hour − 5.5×minute| = |30×4 − 5.5×25| = 17.5° (taking the smaller angle).,Puzzles,Clock Puzzles
"Find the next number in the sequence: 1331, 1728, 2197, 2744, ?",3365,3375,3405,3325,B,These are cubes of consecutive integers starting from 11. Next = 15³ = 3375.,Puzzles,Number Sequence
"If A=1, B=2, C=3, ... Z=26, what is the sum of the letter values in the word 'BIT'?",34,36,29,31,D,B(2) + I(9) + T(20) = 31.,Puzzles,Coding-Decoding
"In each row, the third number is the product of the first two: [5, 11, 55], [11, 13, 143], [2, 13, ?]. Find the missing number.",26,22,30,28,A,"Following the pattern, the missing number = 2 × 13 = 26.",Puzzles,Pattern Puzzle
"Which number is the odd one out: 19, 7, 16, 43?",19,7,16,43,C,16 is the odd one out because it is not a prime number; the rest are prime.,Puzzles,Odd One Out
"In each row, the third number is the sum of the first two: [15, 4, 19], [9, 7, 16], [14, 14, ?]. Find the missing number.",26,28,30,32,B,"Following the pattern, the missing number = 14 + 14 = 28.",Puzzles,Pattern Puzzle
"If A=1, B=2, C=3, ... Z=26, what is the sum of the letter values in the word 'PIG'?",30,35,32,28,C,P(16) + I(9) + G(7) = 32.,Puzzles,Coding-Decoding
"Find the next letter in the series: C, E, G, I, ?",Y,K,P,W,B,"The letters advance by 2 position(s) each time. After I, the next letter is K.",Puzzles,Letter Series
"If today is Monday, what day of the week will it be after 142 days?",Sunday,Friday,Tuesday,Wednesday,D,142 days = 20 full weeks and 2 extra day(s). Counting 2 day(s) forward from Monday gives Wednesday.,Puzzles,Calendar Puzzles
A child is 7 years old and a parent is 32 years old today. In how many years will the parent be exactly twice as old as the child?,18,19,20,14,A,Let x = years from now. 32+x = 2(7+x) → x = 32 − 2×7 = 18.,Puzzles,Logical Riddles
"If A=1, B=2, C=3, ... Z=26, what is the sum of the letter values in the word 'LID'?",25,24,27,30,A,L(12) + I(9) + D(4) = 25.,Puzzles,Coding-Decoding
A child is 8 years old and a parent is 35 years old today. In how many years will the parent be exactly twice as old as the child?,21,19,16,23,B,Let x = years from now. 35+x = 2(8+x) → x = 35 − 2×8 = 19.,Puzzles,Logical Riddles
"If A=1, B=2, C=3, ... Z=26, what is the sum of the letter values in the word 'DOT'?",43,37,44,39,D,D(4) + O(15) + T(20) = 39.,Puzzles,Coding-Decoding
"Find the next number in the sequence: 27, 36, 45, 54, 63, ?",82,80,72,74,C,Each term increases by 9. Next term = 63 + 9 = 72.,Puzzles,Number Sequence
"Find the next number in the sequence: 361, 400, 441, 484, 529, ?",574,573,571,576,D,These are perfect squares of consecutive integers starting from 19. Next = 24² = 576.,Puzzles,Number Sequence
What is the angle between the hour and minute hands of a clock at 2:28?,64.0°,104.0°,94.0°,74.0°,C,Angle = |30×hour − 5.5×minute| = |30×2 − 5.5×28| = 94.0° (taking the smaller angle).,Puzzles,Clock Puzzles
What is the angle between the hour and minute hands of a clock at 10:09?,154.5°,109.5°,119.5°,79.5°,B,Angle = |30×hour − 5.5×minute| = |30×10 − 5.5×9| = 109.5° (taking the smaller angle).,Puzzles,Clock Puzzles
A child is 5 years old and a parent is 26 years old today. In how many years will the parent be exactly twice as old as the child?,16,12,13,19,A,Let x = years from now. 26+x = 2(5+x) → x = 26 − 2×5 = 16.,Puzzles,Logical Riddles
"In each row, the third number is the sum of the first two: [4, 15, 19], [14, 4, 18], [14, 16, ?]. Find the missing number.",27,30,33,31,B,"Following the pattern, the missing number = 14 + 16 = 30.",Puzzles,Pattern Puzzle
"If today is Sunday, what day of the week will it be after 165 days?",Monday,Tuesday,Thursday,Friday,C,165 days = 23 full weeks and 4 extra day(s). Counting 4 day(s) forward from Sunday gives Thursday.,Puzzles,Calendar Puzzles
"In each row, the third number is the product of the first two: [10, 4, 40], [15, 11, 165], [9, 7, ?]. Find the missing number.",73,69,59,63,D,"Following the pattern, the missing number = 9 × 7 = 63.",Puzzles,Pattern Puzzle
"Which number is the odd one out: 16, 49, 58, 52?",58,52,16,49,D,49 is the odd one out because it is the only odd number; the rest are even.,Puzzles,Odd One Out
"Which number is the odd one out: 40, 90, 39, 65?",90,65,39,40,C,39 is the odd one out because it is not a multiple of 5; the rest are.,Puzzles,Odd One Out
"Find the next number in the sequence: 7, 14, 28, 56, 112, ?",229,226,222,224,D,Each term is multiplied by 2. Next term = 112 × 2 = 224.,Puzzles,Number Sequence
What is the angle between the hour and minute hands of a clock at 2:38?,179.0°,119.0°,149.0°,169.0°,C,Angle = |30×hour − 5.5×minute| = |30×2 − 5.5×38| = 149.0° (taking the smaller angle).,Puzzles,Clock Puzzles
"If today is Saturday, what day of the week will it be after 191 days?",Tuesday,Wednesday,Friday,Monday,D,191 days = 27 full weeks and 2 extra day(s). Counting 2 day(s) forward from Saturday gives Monday.,Puzzles,Calendar Puzzles
"If A=1, B=2, C=3, ... Z=26, what is the sum of the letter values in the word 'SIP'?",44,43,47,46,A,S(19) + I(9) + P(16) = 44.,Puzzles,Coding-Decoding
"In each row, the third number is the product of the first two: [13, 13, 169], [12, 9, 108], [12, 8, ?]. Find the missing number.",94,100,96,102,C,"Following the pattern, the missing number = 12 × 8 = 96.",Puzzles,Pattern Puzzle
"Find the next number in the sequence: 2, 6, 18, 54, 162, ?",481,489,484,486,D,Each term is multiplied by 3. Next term = 162 × 3 = 486.,Puzzles,Number Sequence
What is the angle between the hour and minute hands of a clock at 6:33?,28.5°,1.5°,13.5°,18.5°,B,Angle = |30×hour − 5.5×minute| = |30×6 − 5.5×33| = 1.5° (taking the smaller angle).,Puzzles,Clock Puzzles
"If A=1, B=2, C=3, ... Z=26, what is the sum of the letter values in the word 'DAY'?",30,31,27,26,A,D(4) + A(1) + Y(25) = 30.,Puzzles,Coding-Decoding
A child is 6 years old and a parent is 26 years old today. In how many years will the parent be exactly twice as old as the child?,11,16,17,14,D,Let x = years from now. 26+x = 2(6+x) → x = 26 − 2×6 = 14.,Puzzles,Logical Riddles
A child is 10 years old and a parent is 37 years old today. In how many years will the parent be exactly twice as old as the child?,17,16,15,18,A,Let x = years from now. 37+x = 2(10+x) → x = 37 − 2×10 = 17.,Puzzles,Logical Riddles
"In each row, the third number is the sum of the first two: [17, 3, 20], [15, 12, 27], [5, 14, ?]. Find the missing number.",16,22,19,20,C,"Following the pattern, the missing number = 5 + 14 = 19.",Puzzles,Pattern Puzzle
"Find the next number in the sequence: 3, 20, 23, 43, 66, ?",106,114,109,113,C,Each number is the sum of the two before it. Next = 43 + 66 = 109.,Puzzles,Number Sequence
"Find the next number in the sequence: 8, 16, 32, 64, 128, ?",256,384,258,261,A,Each term is multiplied by 2. Next term = 128 × 2 = 256.,Puzzles,Number Sequence
"In each row, the third number is the product of the first two: [7, 15, 105], [7, 8, 56], [14, 13, ?]. Find the missing number.",182,178,184,180,A,"Following the pattern, the missing number = 14 × 13 = 182.",Puzzles,Pattern Puzzle
"In each row, the third number is the sum of the first two: [10, 8, 18], [8, 6, 14], [9, 18, ?]. Find the missing number.",23,29,26,27,D,"Following the pattern, the missing number = 9 + 18 = 27.",Puzzles,Pattern Puzzle
"If today is Tuesday, what day of the week will it be after 68 days?",Tuesday,Friday,Sunday,Thursday,C,68 days = 9 full weeks and 5 extra day(s). Counting 5 day(s) forward from Tuesday gives Sunday.,Puzzles,Calendar Puzzles
"In each row, the third number is the sum of the first two: [19, 3, 22], [12, 4, 16], [8, 18, ?]. Find the missing number.",26,23,22,29,A,"Following the pattern, the missing number = 8 + 18 = 26.",Puzzles,Pattern Puzzle
"Find the next number in the sequence: 576, 625, 676, 729, 784, ?",843,844,841,840,C,These are perfect squares of consecutive integers starting from 24. Next = 29² = 841.,Puzzles,Number Sequence
What is the angle between the hour and minute hands of a clock at 2:18?,29.0°,19.0°,39.0°,24.0°,C,Angle = |30×hour − 5.5×minute| = |30×2 − 5.5×18| = 39.0° (taking the smaller angle).,Puzzles,Clock Puzzles
What is the angle between the hour and minute hands of a clock at 8:40?,25.0°,50.0°,0.0°,20.0°,D,Angle = |30×hour − 5.5×minute| = |30×8 − 5.5×40| = 20.0° (taking the smaller angle).,Puzzles,Clock Puzzles
What is the angle between the hour and minute hands of a clock at 2:52?,164.0°,104.0°,144.0°,134.0°,D,Angle = |30×hour − 5.5×minute| = |30×2 − 5.5×52| = 134.0° (taking the smaller angle).,Puzzles,Clock Puzzles
"A person is facing South. They turn 270° to the right, then turn 90° to the left. Which direction are they now facing?",East,South,North,West,C,"Facing South, turning 270° right gives East. Turning 90° left from East gives North.",Puzzles,Direction Sense
"Find the next number in the sequence: 5, 10, 20, 40, 80, ?",155,158,162,160,D,Each term is multiplied by 2. Next term = 80 × 2 = 160.,Puzzles,Number Sequence
"If A=1, B=2, C=3, ... Z=26, what is the sum of the letter values in the word 'COW'?",44,43,41,46,C,C(3) + O(15) + W(23) = 41.,Puzzles,Coding-Decoding
What is the angle between the hour and minute hands of a clock at 1:10?,20.0°,25.0°,55.0°,15.0°,B,Angle = |30×hour − 5.5×minute| = |30×1 − 5.5×10| = 25.0° (taking the smaller angle).,Puzzles,Clock Puzzles
"Which number is the odd one out: 15, 5, 105, 117?",5,15,105,117,D,117 is the odd one out because it is not a multiple of 5; the rest are.,Puzzles,Odd One Out
"Which number is the odd one out: 32, 45, 40, 18?",45,40,32,18,A,45 is the odd one out because it is the only odd number; the rest are even.,Puzzles,Odd One Out
"In each row, the third number is the sum of the first two: [6, 20, 26], [4, 20, 24], [18, 6, ?]. Find the missing number.",20,28,24,23,C,"Following the pattern, the missing number = 18 + 6 = 24.",Puzzles,Pattern Puzzle
"If today is Thursday, what day of the week will it be after 2 days?",Sunday,Wednesday,Tuesday,Saturday,D,2 days = 0 full weeks and 2 extra day(s). Counting 2 day(s) forward from Thursday gives Saturday.,Puzzles,Calendar Puzzles
What is the angle between the hour and minute hands of a clock at 10:35?,107.5°,92.5°,87.5°,117.5°,A,Angle = |30×hour − 5.5×minute| = |30×10 − 5.5×35| = 107.5° (taking the smaller angle).,Puzzles,Clock Puzzles
"Find the next number in the sequence: 1, 9, 10, 19, 29, ?",45,43,48,40,C,Each number is the sum of the two before it. Next = 19 + 29 = 48.,Puzzles,Number Sequence
"A person is facing South. They turn 180° to the right, then turn 270° to the left. Which direction are they now facing?",North,West,South,East,D,"Facing South, turning 180° right gives North. Turning 270° left from North gives East.",Puzzles,Direction Sense
A child is 9 years old and a parent is 31 years old today. In how many years will the parent be exactly twice as old as the child?,11,13,9,10,B,Let x = years from now. 31+x = 2(9+x) → x = 31 − 2×9 = 13.,Puzzles,Logical Riddles
"Find the next number in the sequence: 41, 55, 69, 83, 97, ?",98,139,111,109,C,Each term increases by 14. Next term = 97 + 14 = 111.,Puzzles,Number Sequence
"Which number is the odd one out: 134, 45, 20, 35?",20,134,45,35,B,134 is the odd one out because it is not a multiple of 5; the rest are.,Puzzles,Odd One Out
"If today is Monday, what day of the week will it be after 45 days?",Saturday,Tuesday,Thursday,Wednesday,C,45 days = 6 full weeks and 3 extra day(s). Counting 3 day(s) forward from Monday gives Thursday.,Puzzles,Calendar Puzzles
"In each row, the third number is the product of the first two: [15, 15, 225], [13, 13, 169], [4, 10, ?]. Find the missing number.",38,46,30,40,D,"Following the pattern, the missing number = 4 × 10 = 40.",Puzzles,Pattern Puzzle
"Find the next number in the sequence: 1728, 2197, 2744, 3375, ?",4096,4086,4106,4066,A,These are cubes of consecutive integers starting from 12. Next = 16³ = 4096.,Puzzles,Number Sequence
"In each row, the third number is the product of the first two: [3, 8, 24], [3, 12, 36], [7, 9, ?]. Find the missing number.",69,63,53,59,B,"Following the pattern, the missing number = 7 × 9 = 63.",Puzzles,Pattern Puzzle
"A person is facing South. They turn 180° to the right, then turn 90° to the left. Which direction are they now facing?",North,West,South,East,B,"Facing South, turning 180° right gives North. Turning 90° left from North gives West.",Puzzles,Direction Sense
"Which number is the odd one out: 32, 35, 2, 38?",38,35,2,32,B,35 is the odd one out because it is the only odd number; the rest are even.,Puzzles,Odd One Out
"Find the next number in the sequence: 9, 36, 144, 576, 2304, ?",9216,9220,9221,13824,A,Each term is multiplied by 4. Next term = 2304 × 4 = 9216.,Puzzles,Number Sequence
"A person is facing South. They turn 270° to the right, then turn 90° to the right. Which direction are they now facing?",North,South,East,West,B,"Facing South, turning 270° right gives East. Turning 90° right from East gives South.",Puzzles,Direction Sense
"In each row, the third number is the product of the first two: [3, 8, 24], [7, 14, 98], [15, 8, ?]. Find the missing number.",130,126,120,122,C,"Following the pattern, the missing number = 15 × 8 = 120.",Puzzles,Pattern Puzzle
"If today is Tuesday, what day of the week will it be after 161 days?",Saturday,Sunday,Tuesday,Wednesday,C,161 days = 23 full weeks and 0 extra day(s). Counting 0 day(s) forward from Tuesday gives Tuesday.,Puzzles,Calendar Puzzles
"Find the next number in the sequence: 20, 8, 28, 36, 64, ?",100,97,105,108,A,Each number is the sum of the two before it. Next = 36 + 64 = 100.,Puzzles,Number Sequence
A child is 7 years old and a parent is 33 years old today. In how many years will the parent be exactly twice as old as the child?,18,21,19,15,C,Let x = years from now. 33+x = 2(7+x) → x = 33 − 2×7 = 19.,Puzzles,Logical Riddles
A child is 7 years old and a parent is 31 years old today. In how many years will the parent be exactly twice as old as the child?,15,17,19,18,B,Let x = years from now. 31+x = 2(7+x) → x = 31 − 2×7 = 17.,Puzzles,Logical Riddles
"In each row, the third number is the sum of the first two: [7, 10, 17], [10, 6, 16], [10, 9, ?]. Find the missing number.",19,16,18,21,A,"Following the pattern, the missing number = 10 + 9 = 19.",Puzzles,Pattern Puzzle
"If today is Monday, what day of the week will it be after 124 days?",Thursday,Monday,Friday,Saturday,D,124 days = 17 full weeks and 5 extra day(s). Counting 5 day(s) forward from Monday gives Saturday.,Puzzles,Calendar Puzzles
"Find the next number in the sequence: 15, 11, 26, 37, 63, ?",95,92,100,97,C,Each number is the sum of the two before it. Next = 37 + 63 = 100.,Puzzles,Number Sequence
What is the angle between the hour and minute hands of a clock at 1:17?,63.5°,43.5°,83.5°,53.5°,A,Angle = |30×hour − 5.5×minute| = |30×1 − 5.5×17| = 63.5° (taking the smaller angle).,Puzzles,Clock Puzzles
"Find the next number in the sequence: 21, 24, 27, 30, 33, ?",32,42,34,36,D,Each term increases by 3. Next term = 33 + 3 = 36.,Puzzles,Number Sequence
"In each row, the third number is the sum of the first two: [13, 8, 21], [12, 15, 27], [19, 3, ?]. Find the missing number.",24,25,22,23,C,"Following the pattern, the missing number = 19 + 3 = 22.",Puzzles,Pattern Puzzle
"In each row, the third number is the sum of the first two: [6, 14, 20], [6, 16, 22], [2, 12, ?]. Find the missing number.",17,13,10,14,D,"Following the pattern, the missing number = 2 + 12 = 14.",Puzzles,Pattern Puzzle
"In each row, the third number is the sum of the first two: [3, 6, 9], [12, 7, 19], [13, 13, ?]. Find the missing number.",30,29,27,26,D,"Following the pattern, the missing number = 13 + 13 = 26.",Puzzles,Pattern Puzzle
"If today is Monday, what day of the week will it be after 32 days?",Friday,Sunday,Monday,Wednesday,A,32 days = 4 full weeks and 4 extra day(s). Counting 4 day(s) forward from Monday gives Friday.,Puzzles,Calendar Puzzles
"Which number is the odd one out: 138, 120, 30, 5?",5,138,30,120,B,138 is the odd one out because it is not a multiple of 5; the rest are.,Puzzles,Odd One Out
"A person is facing East. They turn 180° to the left, then turn 90° to the left. Which direction are they now facing?",South,East,West,North,A,"Facing East, turning 180° left gives West. Turning 90° left from West gives South.",Puzzles,Direction Sense
"In each row, the third number is the product of the first two: [15, 11, 165], [13, 6, 78], [11, 14, ?]. Find the missing number.",150,148,160,154,D,"Following the pattern, the missing number = 11 × 14 = 154.",Puzzles,Pattern Puzzle
"In each row, the third number is the sum of the first two: [3, 16, 19], [11, 7, 18], [8, 4, ?]. Find the missing number.",10,11,12,13,C,"Following the pattern, the missing number = 8 + 4 = 12.",Puzzles,Pattern Puzzle
"If today is Saturday, what day of the week will it be after 51 days?",Wednesday,Monday,Sunday,Tuesday,B,51 days = 7 full weeks and 2 extra day(s). Counting 2 day(s) forward from Saturday gives Monday.,Puzzles,Calendar Puzzles
"Find the next number in the sequence: 41, 48, 55, 62, 69, ?",90,84,76,78,C,Each term increases by 7. Next term = 69 + 7 = 76.,Puzzles,Number Sequence
"In each row, the third number is the product of the first two: [14, 10, 140], [2, 8, 16], [2, 6, ?]. Find the missing number.",2,16,12,22,C,"Following the pattern, the missing number = 2 × 6 = 12.",Puzzles,Pattern Puzzle
"A person is facing North. They turn 270° to the left, then turn 270° to the left. Which direction are they now facing?",West,North,South,East,C,"Facing North, turning 270° left gives East. Turning 270° left from East gives South.",Puzzles,Direction Sense
"Find the next number in the sequence: 4, 3, 7, 10, 17, ?",31,32,27,19,C,Each number is the sum of the two before it. Next = 10 + 17 = 27.,Puzzles,Number Sequence
What is the angle between the hour and minute hands of a clock at 9:25?,162.5°,132.5°,122.5°,102.5°,B,Angle = |30×hour − 5.5×minute| = |30×9 − 5.5×25| = 132.5° (taking the smaller angle).,Puzzles,Clock Puzzles
"Find the next number in the sequence: 38, 45, 52, 59, 66, ?",67,81,73,65,C,Each term increases by 7. Next term = 66 + 7 = 73.,Puzzles,Number Sequence
"If today is Wednesday, what day of the week will it be after 117 days?",Sunday,Monday,Friday,Thursday,B,117 days = 16 full weeks and 5 extra day(s). Counting 5 day(s) forward from Wednesday gives Monday.,Puzzles,Calendar Puzzles
"Find the next number in the sequence: 48, 53, 58, 63, 68, ?",73,79,77,71,A,Each term increases by 5. Next term = 68 + 5 = 73.,Puzzles,Number Sequence
"In each row, the third number is the sum of the first two: [18, 14, 32], [11, 15, 26], [4, 2, ?]. Find the missing number.",6,5,2,8,A,"Following the pattern, the missing number = 4 + 2 = 6.",Puzzles,Pattern Puzzle
"A person is facing North. They turn 90° to the left, then turn 90° to the left. Which direction are they now facing?",East,South,West,North,B,"Facing North, turning 90° left gives West. Turning 90° left from West gives South.",Puzzles,Direction Sense
"If today is Wednesday, what day of the week will it be after 4 days?",Saturday,Monday,Thursday,Sunday,D,4 days = 0 full weeks and 4 extra day(s). Counting 4 day(s) forward from Wednesday gives Sunday.,Puzzles,Calendar Puzzles
What is the angle between the hour and minute hands of a clock at 7:55?,62.5°,137.5°,92.5°,47.5°,C,Angle = |30×hour − 5.5×minute| = |30×7 − 5.5×55| = 92.5° (taking the smaller angle).,Puzzles,Clock Puzzles
"In each row, the third number is the sum of the first two: [5, 11, 16], [13, 12, 25], [16, 14, ?]. Find the missing number.",30,34,28,29,A,"Following the pattern, the missing number = 16 + 14 = 30.",Puzzles,Pattern Puzzle
"Find the next number in the sequence: 20, 34, 48, 62, 76, ?",92,90,105,77,B,Each term increases by 14. Next term = 76 + 14 = 90.,Puzzles,Number Sequence
"Find the next number in the sequence: 38, 49, 60, 71, 82, ?",103,93,81,115,B,Each term increases by 11. Next term = 82 + 11 = 93.,Puzzles,Number Sequence
"Which number is the odd one out: 15, 2, 3, 37?",2,15,3,37,B,15 is the odd one out because it is not a prime number; the rest are prime.,Puzzles,Odd One Out
"Find the next number in the sequence: 20, 12, 32, 44, 76, ?",120,124,128,115,A,Each number is the sum of the two before it. Next = 44 + 76 = 120.,Puzzles,Number Sequence
"If A=1, B=2, C=3, ... Z=26, what is the sum of the letter values in the word 'JOB'?",28,27,32,22,B,J(10) + O(15) + B(2) = 27.,Puzzles,Coding-Decoding
"If today is Monday, what day of the week will it be after 195 days?",Tuesday,Sunday,Monday,Thursday,B,195 days = 27 full weeks and 6 extra day(s). Counting 6 day(s) forward from Monday gives Sunday.,Puzzles,Calendar Puzzles
"Find the next number in the sequence: 3, 9, 27, 81, 243, ?",729,724,734,731,A,Each term is multiplied by 3. Next term = 243 × 3 = 729.,Puzzles,Number Sequence
"In each row, the third number is the sum of the first two: [6, 11, 17], [7, 16, 23], [18, 9, ?]. Find the missing number.",26,27,24,31,B,"Following the pattern, the missing number = 18 + 9 = 27.",Puzzles,Pattern Puzzle
"Which number is the odd one out: 38, 42, 39, 40?",39,40,42,38,A,39 is the odd one out because it is the only odd number; the rest are even.,Puzzles,Odd One Out
"Find the next number in the sequence: 10, 19, 29, 48, 77, ?",120,117,130,125,D,Each number is the sum of the two before it. Next = 48 + 77 = 125.,Puzzles,Number Sequence
"Find the next number in the sequence: 13, 12, 25, 37, 62, ?",104,99,91,94,B,Each number is the sum of the two before it. Next = 37 + 62 = 99.,Puzzles,Number Sequence
"Find the next number in the sequence: 4, 13, 17, 30, 47, ?",80,82,74,77,D,Each number is the sum of the two before it. Next = 30 + 47 = 77.,Puzzles,Number Sequence
"A person is facing North. They turn 90° to the right, then turn 180° to the right. Which direction are they now facing?",East,North,West,South,C,"Facing North, turning 90° right gives East. Turning 180° right from East gives West.",Puzzles,Direction Sense
"Find the next number in the sequence: 8, 1, 9, 10, 19, ?",26,25,33,29,D,Each number is the sum of the two before it. Next = 10 + 19 = 29.,Puzzles,Number Sequence
"In each row, the third number is the sum of the first two: [7, 6, 13], [6, 2, 8], [13, 17, ?]. Find the missing number.",34,33,29,30,D,"Following the pattern, the missing number = 13 + 17 = 30.",Puzzles,Pattern Puzzle
"Find the next number in the sequence: 26, 31, 36, 41, 46, ?",45,49,53,51,D,Each term increases by 5. Next term = 46 + 5 = 51.,Puzzles,Number Sequence
"In each row, the third number is the sum of the first two: [13, 19, 32], [16, 18, 34], [12, 20, ?]. Find the missing number.",30,33,31,32,D,"Following the pattern, the missing number = 12 + 20 = 32.",Puzzles,Pattern Puzzle
"Find the next number in the sequence: 2, 18, 20, 38, 58, ?",96,92,88,99,A,Each number is the sum of the two before it. Next = 38 + 58 = 96.,Puzzles,Number Sequence
What is the angle between the hour and minute hands of a clock at 1:20?,95.0°,50.0°,60.0°,80.0°,D,Angle = |30×hour − 5.5×minute| = |30×1 − 5.5×20| = 80.0° (taking the smaller angle).,Puzzles,Clock Puzzles
"In each row, the third number is the product of the first two: [15, 12, 180], [3, 7, 21], [11, 4, ?]. Find the missing number.",34,40,44,50,C,"Following the pattern, the missing number = 11 × 4 = 44.",Puzzles,Pattern Puzzle
"Which number is the odd one out: 60, 5, 67, 90?",5,60,90,67,D,67 is the odd one out because it is not a multiple of 5; the rest are.,Puzzles,Odd One Out
"If today is Saturday, what day of the week will it be after 58 days?",Saturday,Monday,Thursday,Sunday,B,58 days = 8 full weeks and 2 extra day(s). Counting 2 day(s) forward from Saturday gives Monday.,Puzzles,Calendar Puzzles
"In each row, the third number is the product of the first two: [9, 4, 36], [7, 12, 84], [12, 15, ?]. Find the missing number.",180,176,186,178,A,"Following the pattern, the missing number = 12 × 15 = 180.",Puzzles,Pattern Puzzle
"In each row, the third number is the product of the first two: [13, 12, 156], [11, 14, 154], [5, 5, ?]. Find the missing number.",27,25,31,23,B,"Following the pattern, the missing number = 5 × 5 = 25.",Puzzles,Pattern Puzzle
"Find the next number in the sequence: 343, 512, 729, 1000, ?",1351,1281,1331,1301,C,These are cubes of consecutive integers starting from 7. Next = 11³ = 1331.,Puzzles,Number Sequence
"Find the next letter in the series: G, I, K, M, ?",H,X,O,R,C,"The letters advance by 2 position(s) each time. After M, the next letter is O.",Puzzles,Letter Series
"Which number is the odd one out: 14, 32, 34, 7?",32,7,34,14,B,7 is the odd one out because it is the only odd number; the rest are even.,Puzzles,Odd One Out
"Find the next number in the sequence: 64, 125, 216, 343, ?",522,532,512,542,C,These are cubes of consecutive integers starting from 4. Next = 8³ = 512.,Puzzles,Number Sequence
"If today is Saturday, what day of the week will it be after 55 days?",Monday,Tuesday,Friday,Thursday,C,55 days = 7 full weeks and 6 extra day(s). Counting 6 day(s) forward from Saturday gives Friday.,Puzzles,Calendar Puzzles
"If today is Saturday, what day of the week will it be after 111 days?",Wednesday,Tuesday,Monday,Friday,D,111 days = 15 full weeks and 6 extra day(s). Counting 6 day(s) forward from Saturday gives Friday.,Puzzles,Calendar Puzzles
"Find the next letter in the series: S, T, U, V, ?",M,U,F,W,D,"The letters advance by 1 position(s) each time. After V, the next letter is W.",Puzzles,Letter Series
"Which number is the odd one out: 26, 43, 37, 41?",26,43,41,37,A,26 is the odd one out because it is not a prime number; the rest are prime.,Puzzles,Odd One Out
What is the angle between the hour and minute hands of a clock at 9:09?,119.5°,109.5°,169.5°,139.5°,D,Angle = |30×hour − 5.5×minute| = |30×9 − 5.5×9| = 139.5° (taking the smaller angle).,Puzzles,Clock Puzzles
"In each row, the third number is the sum of the first two: [11, 16, 27], [2, 5, 7], [4, 17, ?]. Find the missing number.",19,21,25,18,B,"Following the pattern, the missing number = 4 + 17 = 21.",Puzzles,Pattern Puzzle
"In each row, the third number is the product of the first two: [13, 13, 169], [5, 11, 55], [2, 8, ?]. Find the missing number.",14,16,18,26,B,"Following the pattern, the missing number = 2 × 8 = 16.",Puzzles,Pattern Puzzle
"Find the next number in the sequence: 4, 8, 16, 32, 64, ?",128,133,126,123,A,Each term is multiplied by 2. Next term = 64 × 2 = 128.,Puzzles,Number Sequence
"If A=1, B=2, C=3, ... Z=26, what is the sum of the letter values in the word 'PAD'?",20,21,17,19,B,P(16) + A(1) + D(4) = 21.,Puzzles,Coding-Decoding
"Find the next number in the sequence: 49, 52, 55, 58, 61, ?",68,64,66,62,B,Each term increases by 3. Next term = 61 + 3 = 64.,Puzzles,Number Sequence
"Find the next letter in the series: H, J, L, N, ?",R,P,X,Z,B,"The letters advance by 2 position(s) each time. After N, the next letter is P.",Puzzles,Letter Series
What is the angle between the hour and minute hands of a clock at 1:21?,75.5°,85.5°,70.5°,130.5°,B,Angle = |30×hour − 5.5×minute| = |30×1 − 5.5×21| = 85.5° (taking the smaller angle).,Puzzles,Clock Puzzles
"A person is facing North. They turn 270° to the left, then turn 270° to the right. Which direction are they now facing?",North,South,East,West,A,"Facing North, turning 270° left gives East. Turning 270° right from East gives North.",Puzzles,Direction Sense
"Find the next number in the sequence: 41, 54, 67, 80, 93, ?",94,120,108,106,D,Each term increases by 13. Next term = 93 + 13 = 106.,Puzzles,Number Sequence
"In each row, the third number is the product of the first two: [8, 13, 104], [4, 15, 60], [10, 7, ?]. Find the missing number.",70,76,74,68,A,"Following the pattern, the missing number = 10 × 7 = 70.",Puzzles,Pattern Puzzle
"Find the next letter in the series: K, M, O, Q, ?",P,B,S,I,C,"The letters advance by 2 position(s) each time. After Q, the next letter is S.",Puzzles,Letter Series
"In each row, the third number is the sum of the first two: [6, 14, 20], [11, 9, 20], [17, 11, ?]. Find the missing number.",30,28,24,29,B,"Following the pattern, the missing number = 17 + 11 = 28.",Puzzles,Pattern Puzzle
"If today is Tuesday, what day of the week will it be after 8 days?",Monday,Wednesday,Sunday,Saturday,B,8 days = 1 full weeks and 1 extra day(s). Counting 1 day(s) forward from Tuesday gives Wednesday.,Puzzles,Calendar Puzzles
"In each row, the third number is the product of the first two: [9, 13, 117], [7, 10, 70], [4, 5, ?]. Find the missing number.",16,22,18,20,D,"Following the pattern, the missing number = 4 × 5 = 20.",Puzzles,Pattern Puzzle
A child is 11 years old and a parent is 35 years old today. In how many years will the parent be exactly twice as old as the child?,9,17,14,13,D,Let x = years from now. 35+x = 2(11+x) → x = 35 − 2×11 = 13.,Puzzles,Logical Riddles
"If A=1, B=2, C=3, ... Z=26, what is the sum of the letter values in the word 'JAM'?",23,21,26,24,D,J(10) + A(1) + M(13) = 24.,Puzzles,Coding-Decoding
"If A=1, B=2, C=3, ... Z=26, what is the sum of the letter values in the word 'RUN'?",53,58,54,48,A,R(18) + U(21) + N(14) = 53.,Puzzles,Coding-Decoding
"In each row, the third number is the product of the first two: [9, 14, 126], [15, 3, 45], [11, 9, ?]. Find the missing number.",99,109,101,93,A,"Following the pattern, the missing number = 11 × 9 = 99.",Puzzles,Pattern Puzzle
"Find the next number in the sequence: 5, 10, 15, 20, 25, ?",36,40,34,30,D,Each term increases by 5. Next term = 25 + 5 = 30.,Puzzles,Number Sequence
"In each row, the third number is the sum of the first two: [11, 5, 16], [12, 17, 29], [13, 6, ?]. Find the missing number.",19,21,20,22,A,"Following the pattern, the missing number = 13 + 6 = 19.",Puzzles,Pattern Puzzle
"Find the next number in the sequence: 24, 26, 28, 30, 32, ?",31,34,37,35,B,Each term increases by 2. Next term = 32 + 2 = 34.,Puzzles,Number Sequence
"Find the next number in the sequence: 36, 47, 58, 69, 80, ?",103,89,113,91,D,Each term increases by 11. Next term = 80 + 11 = 91.,Puzzles,Number Sequence
"In each row, the third number is the sum of the first two: [8, 10, 18], [5, 16, 21], [10, 9, ?]. Find the missing number.",18,22,20,19,D,"Following the pattern, the missing number = 10 + 9 = 19.",Puzzles,Pattern Puzzle
"In each row, the third number is the product of the first two: [14, 11, 154], [4, 7, 28], [5, 12, ?]. Find the missing number.",66,54,60,62,C,"Following the pattern, the missing number = 5 × 12 = 60.",Puzzles,Pattern Puzzle
"Which number is the odd one out: 38, 40, 45, 130?",40,130,38,45,C,38 is the odd one out because it is not a multiple of 5; the rest are.,Puzzles,Odd One Out
"Which number is the odd one out: 24, 29, 41, 31?",41,29,24,31,C,24 is the odd one out because it is not a prime number; the rest are prime.,Puzzles,Odd One Out
A child is 9 years old and a parent is 35 years old today. In how many years will the parent be exactly twice as old as the child?,17,21,18,14,A,Let x = years from now. 35+x = 2(9+x) → x = 35 − 2×9 = 17.,Puzzles,Logical Riddles
A child is 5 years old and a parent is 30 years old today. In how many years will the parent be exactly twice as old as the child?,20,21,22,17,A,Let x = years from now. 30+x = 2(5+x) → x = 30 − 2×5 = 20.,Puzzles,Logical Riddles
"In each row, the third number is the sum of the first two: [14, 4, 18], [15, 3, 18], [16, 2, ?]. Find the missing number.",15,22,17,18,D,"Following the pattern, the missing number = 16 + 2 = 18.",Puzzles,Pattern Puzzle
"In each row, the third number is the product of the first two: [5, 15, 75], [2, 9, 18], [2, 13, ?]. Find the missing number.",16,26,30,36,B,"Following the pattern, the missing number = 2 × 13 = 26.",Puzzles,Pattern Puzzle
"In each row, the third number is the sum of the first two: [11, 12, 23], [10, 12, 22], [19, 17, ?]. Find the missing number.",39,34,33,36,D,"Following the pattern, the missing number = 19 + 17 = 36.",Puzzles,Pattern Puzzle
What is the angle between the hour and minute hands of a clock at 3:22?,76.0°,16.0°,51.0°,31.0°,D,Angle = |30×hour − 5.5×minute| = |30×3 − 5.5×22| = 31.0° (taking the smaller angle).,Puzzles,Clock Puzzles
"Which number is the odd one out: 45, 20, 124, 80?",124,20,80,45,A,124 is the odd one out because it is not a multiple of 5; the rest are.,Puzzles,Odd One Out
"If today is Thursday, what day of the week will it be after 75 days?",Monday,Saturday,Thursday,Tuesday,D,75 days = 10 full weeks and 5 extra day(s). Counting 5 day(s) forward from Thursday gives Tuesday.,Puzzles,Calendar Puzzles
A child is 15 years old and a parent is 41 years old today. In how many years will the parent be exactly twice as old as the child?,11,12,7,9,A,Let x = years from now. 41+x = 2(15+x) → x = 41 − 2×15 = 11.,Puzzles,Logical Riddles
"Which number is the odd one out: 75, 30, 73, 33?",73,75,30,33,A,73 is the odd one out because it is not a multiple of 3; the rest are.,Puzzles,Odd One Out
"A person is facing West. They turn 270° to the right, then turn 270° to the right. Which direction are they now facing?",East,South,West,North,A,"Facing West, turning 270° right gives South. Turning 270° right from South gives East.",Puzzles,Direction Sense
"Find the next number in the sequence: 19, 11, 30, 41, 71, ?",112,117,107,115,A,Each number is the sum of the two before it. Next = 41 + 71 = 112.,Puzzles,Number Sequence
"Find the next number in the sequence: 14, 16, 30, 46, 76, ?",127,122,119,114,B,Each number is the sum of the two before it. Next = 46 + 76 = 122.,Puzzles,Number Sequence
"In each row, the third number is the product of the first two: [9, 10, 90], [3, 11, 33], [9, 6, ?]. Find the missing number.",48,44,54,58,C,"Following the pattern, the missing number = 9 × 6 = 54.",Puzzles,Pattern Puzzle
"Find the next number in the sequence: 676, 729, 784, 841, 900, ?",961,958,964,962,A,These are perfect squares of consecutive integers starting from 26. Next = 31² = 961.,Puzzles,Number Sequence
"Find the next number in the sequence: 29, 36, 43, 50, 57, ?",78,58,64,56,C,Each term increases by 7. Next term = 57 + 7 = 64.,Puzzles,Number Sequence
"Find the next number in the sequence: 729, 1000, 1331, 1728, ?",2217,2177,2227,2197,D,These are cubes of consecutive integers starting from 9. Next = 13³ = 2197.,Puzzles,Number Sequence
"In each row, the third number is the sum of the first two: [6, 5, 11], [20, 12, 32], [6, 11, ?]. Find the missing number.",16,17,14,20,B,"Following the pattern, the missing number = 6 + 11 = 17.",Puzzles,Pattern Puzzle
What is the angle between the hour and minute hands of a clock at 5:52?,106.0°,136.0°,166.0°,121.0°,B,Angle = |30×hour − 5.5×minute| = |30×5 − 5.5×52| = 136.0° (taking the smaller angle).,Puzzles,Clock Puzzles
"In each row, the third number is the product of the first two: [5, 7, 35], [7, 6, 42], [5, 10, ?]. Find the missing number.",54,44,48,50,D,"Following the pattern, the missing number = 5 × 10 = 50.",Puzzles,Pattern Puzzle
"If A=1, B=2, C=3, ... Z=26, what is the sum of the letter values in the word 'LEG'?",23,26,24,27,C,L(12) + E(5) + G(7) = 24.,Puzzles,Coding-Decoding
"In each row, the third number is the product of the first two: [6, 3, 18], [2, 5, 10], [7, 11, ?]. Find the missing number.",77,87,83,79,A,"Following the pattern, the missing number = 7 × 11 = 77.",Puzzles,Pattern Puzzle
"In each row, the third number is the sum of the first two: [11, 9, 20], [10, 5, 15], [4, 7, ?]. Find the missing number.",10,11,15,7,B,"Following the pattern, the missing number = 4 + 7 = 11.",Puzzles,Pattern Puzzle
"A person is facing North. They turn 90° to the right, then turn 270° to the left. Which direction are they now facing?",North,East,West,South,D,"Facing North, turning 90° right gives East. Turning 270° left from East gives South.",Puzzles,Direction Sense
"Find the next number in the sequence: 25, 38, 51, 64, 77, ?",116,92,90,102,C,Each term increases by 13. Next term = 77 + 13 = 90.,Puzzles,Number Sequence
"Find the next number in the sequence: 27, 42, 57, 72, 87, ?",132,118,102,100,C,Each term increases by 15. Next term = 87 + 15 = 102.,Puzzles,Number Sequence
What is the angle between the hour and minute hands of a clock at 12:37?,156.5°,141.5°,176.5°,126.5°,A,Angle = |30×hour − 5.5×minute| = |30×12 − 5.5×37| = 156.5° (taking the smaller angle).,Puzzles,Clock Puzzles
"Find the next number in the sequence: 11, 18, 29, 47, 76, ?",118,120,123,127,C,Each number is the sum of the two before it. Next = 47 + 76 = 123.,Puzzles,Number Sequence
"Which number is the odd one out: 39, 27, 42, 1?",42,1,27,39,B,1 is the odd one out because it is not a multiple of 3; the rest are.,Puzzles,Odd One Out
What is the angle between the hour and minute hands of a clock at 6:01?,129.5°,154.5°,174.5°,170.5°,C,Angle = |30×hour − 5.5×minute| = |30×6 − 5.5×1| = 174.5° (taking the smaller angle).,Puzzles,Clock Puzzles
"In each row, the third number is the sum of the first two: [19, 11, 30], [13, 7, 20], [2, 16, ?]. Find the missing number.",22,18,20,21,B,"Following the pattern, the missing number = 2 + 16 = 18.",Puzzles,Pattern Puzzle
"In each row, the third number is the product of the first two: [12, 10, 120], [12, 13, 156], [3, 11, ?]. Find the missing number.",31,37,39,33,D,"Following the pattern, the missing number = 3 × 11 = 33.",Puzzles,Pattern Puzzle
A child is 6 years old and a parent is 36 years old today. In how many years will the parent be exactly twice as old as the child?,24,27,20,28,A,Let x = years from now. 36+x = 2(6+x) → x = 36 − 2×6 = 24.,Puzzles,Logical Riddles
"In each row, the third number is the product of the first two: [11, 11, 121], [10, 13, 130], [4, 8, ?]. Find the missing number.",30,32,42,22,B,"Following the pattern, the missing number = 4 × 8 = 32.",Puzzles,Pattern Puzzle
"Find the next number in the sequence: 4, 16, 64, 256, 1024, ?",4096,4092,4094,4091,A,Each term is multiplied by 4. Next term = 1024 × 4 = 4096.,Puzzles,Number Sequence
What is the angle between the hour and minute hands of a clock at 12:35?,167.5°,147.5°,122.5°,162.5°,A,Angle = |30×hour − 5.5×minute| = |30×12 − 5.5×35| = 167.5° (taking the smaller angle).,Puzzles,Clock Puzzles
"In each row, the third number is the product of the first two: [15, 13, 195], [12, 11, 132], [14, 13, ?]. Find the missing number.",188,176,178,182,D,"Following the pattern, the missing number = 14 × 13 = 182.",Puzzles,Pattern Puzzle
"Find the next number in the sequence: 10, 17, 27, 44, 71, ?",123,110,111,115,D,Each number is the sum of the two before it. Next = 44 + 71 = 115.,Puzzles,Number Sequence
"Find the next number in the sequence: 14, 14, 28, 42, 70, ?",107,120,117,112,D,Each number is the sum of the two before it. Next = 42 + 70 = 112.,Puzzles,Number Sequence
"If A=1, B=2, C=3, ... Z=26, what is the sum of the letter values in the word 'JAR'?",27,29,34,28,B,J(10) + A(1) + R(18) = 29.,Puzzles,Coding-Decoding
"If today is Wednesday, what day of the week will it be after 11 days?",Saturday,Sunday,Tuesday,Monday,B,11 days = 1 full weeks and 4 extra day(s). Counting 4 day(s) forward from Wednesday gives Sunday.,Puzzles,Calendar Puzzles
"If today is Monday, what day of the week will it be after 76 days?",Sunday,Monday,Saturday,Tuesday,A,76 days = 10 full weeks and 6 extra day(s). Counting 6 day(s) forward from Monday gives Sunday.,Puzzles,Calendar Puzzles
"In each row, the third number is the sum of the first two: [11, 11, 22], [4, 3, 7], [18, 11, ?]. Find the missing number.",33,27,29,25,C,"Following the pattern, the missing number = 18 + 11 = 29.",Puzzles,Pattern Puzzle
"In each row, the third number is the product of the first two: [5, 9, 45], [6, 5, 30], [15, 4, ?]. Find the missing number.",58,60,54,70,B,"Following the pattern, the missing number = 15 × 4 = 60.",Puzzles,Pattern Puzzle
"Which number is the odd one out: 27, 24, 7, 12?",24,7,27,12,B,7 is the odd one out because it is not a multiple of 3; the rest are.,Puzzles,Odd One Out
"Which number is the odd one out: 105, 65, 110, 42?",105,110,42,65,C,42 is the odd one out because it is not a multiple of 5; the rest are.,Puzzles,Odd One Out
"Find the next number in the sequence: 20, 28, 36, 44, 52, ?",76,69,60,62,C,Each term increases by 8. Next term = 52 + 8 = 60.,Puzzles,Number Sequence
"If today is Monday, what day of the week will it be after 81 days?",Tuesday,Monday,Sunday,Friday,D,81 days = 11 full weeks and 4 extra day(s). Counting 4 day(s) forward from Monday gives Friday.,Puzzles,Calendar Puzzles
"Find the next letter in the series: E, H, K, N, ?",B,I,Q,O,C,"The letters advance by 3 position(s) each time. After N, the next letter is Q.",Puzzles,Letter Series
"In each row, the third number is the sum of the first two: [15, 6, 21], [12, 15, 27], [20, 12, ?]. Find the missing number.",36,29,32,28,C,"Following the pattern, the missing number = 20 + 12 = 32.",Puzzles,Pattern Puzzle
"In each row, the third number is the product of the first two: [7, 3, 21], [8, 10, 80], [11, 4, ?]. Find the missing number.",40,54,44,48,C,"Following the pattern, the missing number = 11 × 4 = 44.",Puzzles,Pattern Puzzle
"In each row, the third number is the product of the first two: [4, 8, 32], [8, 3, 24], [3, 5, ?]. Find the missing number.",15,21,17,19,A,"Following the pattern, the missing number = 3 × 5 = 15.",Puzzles,Pattern Puzzle
What is the angle between the hour and minute hands of a clock at 2:42?,156.0°,171.0°,151.0°,126.0°,B,Angle = |30×hour − 5.5×minute| = |30×2 − 5.5×42| = 171.0° (taking the smaller angle).,Puzzles,Clock Puzzles
"A person is facing West. They turn 180° to the right, then turn 90° to the left. Which direction are they now facing?",North,South,East,West,A,"Facing West, turning 180° right gives East. Turning 90° left from East gives North.",Puzzles,Direction Sense
"If A=1, B=2, C=3, ... Z=26, what is the sum of the letter values in the word 'AXE'?",25,34,30,28,C,A(1) + X(24) + E(5) = 30.,Puzzles,Coding-Decoding
"A person is facing South. They turn 270° to the right, then turn 270° to the left. Which direction are they now facing?",West,East,North,South,D,"Facing South, turning 270° right gives East. Turning 270° left from East gives South.",Puzzles,Direction Sense
"Find the next number in the sequence: 11, 13, 24, 37, 61, ?",98,90,95,93,A,Each number is the sum of the two before it. Next = 37 + 61 = 98.,Puzzles,Number Sequence
"In each row, the third number is the product of the first two: [15, 2, 30], [3, 7, 21], [9, 2, ?]. Find the missing number.",16,24,12,18,D,"Following the pattern, the missing number = 9 × 2 = 18.",Puzzles,Pattern Puzzle
"Find the next number in the sequence: 14, 24, 34, 44, 54, ?",73,55,53,64,D,Each term increases by 10. Next term = 54 + 10 = 64.,Puzzles,Number Sequence
"Which number is the odd one out: 18, 2, 37, 5?",18,5,2,37,A,18 is the odd one out because it is not a prime number; the rest are prime.,Puzzles,Odd One Out
"In each row, the third number is the sum of the first two: [20, 17, 37], [14, 17, 31], [18, 11, ?]. Find the missing number.",29,25,27,33,A,"Following the pattern, the missing number = 18 + 11 = 29.",Puzzles,Pattern Puzzle
"In each row, the third number is the sum of the first two: [8, 10, 18], [18, 20, 38], [18, 15, ?]. Find the missing number.",37,30,33,32,C,"Following the pattern, the missing number = 18 + 15 = 33.",Puzzles,Pattern Puzzle
"Find the next number in the sequence: 9, 18, 36, 72, 144, ?",283,290,288,286,C,Each term is multiplied by 2. Next term = 144 × 2 = 288.,Puzzles,Number Sequence
"In each row, the third number is the sum of the first two: [11, 7, 18], [15, 2, 17], [4, 20, ?]. Find the missing number.",24,22,27,25,A,"Following the pattern, the missing number = 4 + 20 = 24.",Puzzles,Pattern Puzzle
What is the angle between the hour and minute hands of a clock at 5:14?,103.0°,28.0°,93.0°,73.0°,D,Angle = |30×hour − 5.5×minute| = |30×5 − 5.5×14| = 73.0° (taking the smaller angle).,Puzzles,Clock Puzzles
"In each row, the third number is the sum of the first two: [4, 6, 10], [14, 18, 32], [18, 7, ?]. Find the missing number.",25,24,29,26,A,"Following the pattern, the missing number = 18 + 7 = 25.",Puzzles,Pattern Puzzle
"In each row, the third number is the product of the first two: [11, 11, 121], [4, 9, 36], [15, 4, ?]. Find the missing number.",50,60,64,56,B,"Following the pattern, the missing number = 15 × 4 = 60.",Puzzles,Pattern Puzzle
"Which number is the odd one out: 3, 80, 84, 6?",6,84,80,3,C,80 is the odd one out because it is not a multiple of 3; the rest are.,Puzzles,Odd One Out
"In each row, the third number is the sum of the first two: [4, 8, 12], [17, 20, 37], [12, 16, ?]. Find the missing number.",29,27,32,28,D,"Following the pattern, the missing number = 12 + 16 = 28.",Puzzles,Pattern Puzzle
"Which number is the odd one out: 23, 11, 13, 18?",23,11,18,13,C,18 is the odd one out because it is not a prime number; the rest are prime.,Puzzles,Odd One Out
"Find the next number in the sequence: 37, 49, 61, 73, 85, ?",97,110,121,84,A,Each term increases by 12. Next term = 85 + 12 = 97.,Puzzles,Number Sequence
"Find the next number in the sequence: 15625, 17576, 19683, 21952, ?",24389,24409,24419,24379,A,These are cubes of consecutive integers starting from 25. Next = 29³ = 24389.,Puzzles,Number Sequence
A child is 15 years old and a parent is 43 years old today. In how many years will the parent be exactly twice as old as the child?,13,10,9,12,A,Let x = years from now. 43+x = 2(15+x) → x = 43 − 2×15 = 13.,Puzzles,Logical Riddles
"Find the next number in the sequence: 31, 42, 53, 64, 75, ?",98,76,86,84,C,Each term increases by 11. Next term = 75 + 11 = 86.,Puzzles,Number Sequence
"Find the next number in the sequence: 4, 15, 19, 34, 53, ?",79,83,87,90,C,Each number is the sum of the two before it. Next = 34 + 53 = 87.,Puzzles,Number Sequence
"In each row, the third number is the product of the first two: [9, 11, 99], [11, 2, 22], [13, 7, ?]. Find the missing number.",91,81,97,87,A,"Following the pattern, the missing number = 13 × 7 = 91.",Puzzles,Pattern Puzzle
What is the angle between the hour and minute hands of a clock at 10:45?,42.5°,82.5°,62.5°,52.5°,D,Angle = |30×hour − 5.5×minute| = |30×10 − 5.5×45| = 52.5° (taking the smaller angle).,Puzzles,Clock Puzzles
"If today is Saturday, what day of the week will it be after 85 days?",Sunday,Thursday,Friday,Tuesday,A,85 days = 12 full weeks and 1 extra day(s). Counting 1 day(s) forward from Saturday gives Sunday.,Puzzles,Calendar Puzzles
"Find the next number in the sequence: 12, 12, 24, 36, 60, ?",96,92,91,93,A,Each number is the sum of the two before it. Next = 36 + 60 = 96.,Puzzles,Number Sequence
"Find the next number in the sequence: 37, 44, 51, 58, 65, ?",64,72,78,70,B,Each term increases by 7. Next term = 65 + 7 = 72.,Puzzles,Number Sequence
"Find the next number in the sequence: 7, 17, 24, 41, 65, ?",106,103,101,98,A,Each number is the sum of the two before it. Next = 41 + 65 = 106.,Puzzles,Number Sequence
"A person is facing South. They turn 270° to the left, then turn 90° to the left. Which direction are they now facing?",West,North,East,South,D,"Facing South, turning 270° left gives West. Turning 90° left from West gives South.",Puzzles,Direction Sense
"In each row, the third number is the sum of the first two: [12, 4, 16], [5, 19, 24], [9, 15, ?]. Find the missing number.",21,28,24,27,C,"Following the pattern, the missing number = 9 + 15 = 24.",Puzzles,Pattern Puzzle
"If A=1, B=2, C=3, ... Z=26, what is the sum of the letter values in the word 'SOW'?",52,57,54,59,B,S(19) + O(15) + W(23) = 57.,Puzzles,Coding-Decoding
"Find the next number in the sequence: 1, 4, 7, 10, 13, ?",16,20,12,14,A,Each term increases by 3. Next term = 13 + 3 = 16.,Puzzles,Number Sequence
"Find the next number in the sequence: 17, 11, 28, 39, 67, ?",106,101,109,98,A,Each number is the sum of the two before it. Next = 39 + 67 = 106.,Puzzles,Number Sequence
"In each row, the third number is the product of the first two: [3, 14, 42], [2, 11, 22], [2, 6, ?]. Find the missing number.",22,16,14,12,D,"Following the pattern, the missing number = 2 × 6 = 12.",Puzzles,Pattern Puzzle
"In each row, the third number is the product of the first two: [2, 4, 8], [11, 5, 55], [10, 14, ?]. Find the missing number.",140,136,130,150,A,"Following the pattern, the missing number = 10 × 14 = 140.",Puzzles,Pattern Puzzle
What is the angle between the hour and minute hands of a clock at 2:35?,117.5°,102.5°,87.5°,132.5°,D,Angle = |30×hour − 5.5×minute| = |30×2 − 5.5×35| = 132.5° (taking the smaller angle).,Puzzles,Clock Puzzles
"In each row, the third number is the sum of the first two: [3, 8, 11], [6, 14, 20], [12, 19, ?]. Find the missing number.",35,27,28,31,D,"Following the pattern, the missing number = 12 + 19 = 31.",Puzzles,Pattern Puzzle
"In each row, the third number is the sum of the first two: [17, 12, 29], [15, 8, 23], [7, 12, ?]. Find the missing number.",22,18,16,19,D,"Following the pattern, the missing number = 7 + 12 = 19.",Puzzles,Pattern Puzzle
"Which number is the odd one out: 24, 87, 43, 18?",43,87,24,18,A,43 is the odd one out because it is not a multiple of 3; the rest are.,Puzzles,Odd One Out
What is the angle between the hour and minute hands of a clock at 7:01?,174.5°,140.5°,155.5°,170.5°,C,Angle = |30×hour − 5.5×minute| = |30×7 − 5.5×1| = 155.5° (taking the smaller angle).,Puzzles,Clock Puzzles
"Find the next number in the sequence: 2, 9, 16, 23, 30, ?",31,45,37,43,C,Each term increases by 7. Next term = 30 + 7 = 37.,Puzzles,Number Sequence
"Find the next letter in the series: B, E, H, K, ?",O,A,N,K,C,"The letters advance by 3 position(s) each time. After K, the next letter is N.",Puzzles,Letter Series
"In each row, the third number is the product of the first two: [14, 13, 182], [10, 6, 60], [5, 12, ?]. Find the missing number.",60,54,62,70,A,"Following the pattern, the missing number = 5 × 12 = 60.",Puzzles,Pattern Puzzle
"A person is facing East. They turn 180° to the left, then turn 270° to the left. Which direction are they now facing?",East,South,West,North,D,"Facing East, turning 180° left gives West. Turning 270° left from West gives North.",Puzzles,Direction Sense
"In each row, the third number is the product of the first two: [3, 11, 33], [15, 6, 90], [6, 10, ?]. Find the missing number.",58,60,50,64,B,"Following the pattern, the missing number = 6 × 10 = 60.",Puzzles,Pattern Puzzle
"Find the next number in the sequence: 6, 14, 22, 30, 38, ?",62,53,46,37,C,Each term increases by 8. Next term = 38 + 8 = 46.,Puzzles,Number Sequence
"If A=1, B=2, C=3, ... Z=26, what is the sum of the letter values in the word 'JOY'?",50,47,49,45,A,J(10) + O(15) + Y(25) = 50.,Puzzles,Coding-Decoding
What is the angle between the hour and minute hands of a clock at 4:05?,92.5°,107.5°,47.5°,77.5°,A,Angle = |30×hour − 5.5×minute| = |30×4 − 5.5×5| = 92.5° (taking the smaller angle).,Puzzles,Clock Puzzles
"In each row, the third number is the sum of the first two: [18, 6, 24], [3, 4, 7], [7, 2, ?]. Find the missing number.",9,5,7,12,A,"Following the pattern, the missing number = 7 + 2 = 9.",Puzzles,Pattern Puzzle
"In each row, the third number is the product of the first two: [3, 12, 36], [13, 7, 91], [12, 2, ?]. Find the missing number.",20,14,30,24,D,"Following the pattern, the missing number = 12 × 2 = 24.",Puzzles,Pattern Puzzle
What is the angle between the hour and minute hands of a clock at 6:59?,124.5°,114.5°,144.5°,174.5°,C,Angle = |30×hour − 5.5×minute| = |30×6 − 5.5×59| = 144.5° (taking the smaller angle).,Puzzles,Clock Puzzles
What is the angle between the hour and minute hands of a clock at 11:15?,112.5°,127.5°,67.5°,157.5°,A,Angle = |30×hour − 5.5×minute| = |30×11 − 5.5×15| = 112.5° (taking the smaller angle).,Puzzles,Clock Puzzles
"Find the next number in the sequence: 3, 14, 17, 31, 48, ?",79,75,87,82,A,Each number is the sum of the two before it. Next = 31 + 48 = 79.,Puzzles,Number Sequence
"In each row, the third number is the sum of the first two: [6, 16, 22], [20, 3, 23], [17, 16, ?]. Find the missing number.",35,32,33,37,C,"Following the pattern, the missing number = 17 + 16 = 33.",Puzzles,Pattern Puzzle
"In each row, the third number is the product of the first two: [7, 10, 70], [15, 8, 120], [11, 11, ?]. Find the missing number.",127,111,131,121,D,"Following the pattern, the missing number = 11 × 11 = 121.",Puzzles,Pattern Puzzle
"In each row, the third number is the sum of the first two: [15, 3, 18], [18, 13, 31], [4, 6, ?]. Find the missing number.",8,9,6,10,D,"Following the pattern, the missing number = 4 + 6 = 10.",Puzzles,Pattern Puzzle
"In each row, the third number is the product of the first two: [15, 9, 135], [13, 2, 26], [14, 12, ?]. Find the missing number.",166,170,168,178,C,"Following the pattern, the missing number = 14 × 12 = 168.",Puzzles,Pattern Puzzle
What is the angle between the hour and minute hands of a clock at 9:48?,21.0°,6.0°,51.0°,24.0°,B,Angle = |30×hour − 5.5×minute| = |30×9 − 5.5×48| = 6.0° (taking the smaller angle).,Puzzles,Clock Puzzles
"Find the next letter in the series: O, P, Q, R, ?",N,T,S,D,C,"The letters advance by 1 position(s) each time. After R, the next letter is S.",Puzzles,Letter Series
"If today is Friday, what day of the week will it be after 129 days?",Monday,Friday,Tuesday,Thursday,A,129 days = 18 full weeks and 3 extra day(s). Counting 3 day(s) forward from Friday gives Monday.,Puzzles,Calendar Puzzles
"If today is Monday, what day of the week will it be after 17 days?",Friday,Thursday,Monday,Tuesday,B,17 days = 2 full weeks and 3 extra day(s). Counting 3 day(s) forward from Monday gives Thursday.,Puzzles,Calendar Puzzles
"If today is Thursday, what day of the week will it be after 22 days?",Sunday,Friday,Wednesday,Saturday,B,22 days = 3 full weeks and 1 extra day(s). Counting 1 day(s) forward from Thursday gives Friday.,Puzzles,Calendar Puzzles
"In each row, the third number is the product of the first two: [6, 11, 66], [4, 7, 28], [4, 11, ?]. Find the missing number.",34,42,46,44,D,"Following the pattern, the missing number = 4 × 11 = 44.",Puzzles,Pattern Puzzle
"Find the next number in the sequence: 2, 8, 32, 128, 512, ?",2048,2052,2050,2053,A,Each term is multiplied by 4. Next term = 512 × 4 = 2048.,Puzzles,Number Sequence
What is the angle between the hour and minute hands of a clock at 5:55?,122.5°,152.5°,132.5°,172.5°,B,Angle = |30×hour − 5.5×minute| = |30×5 − 5.5×55| = 152.5° (taking the smaller angle).,Puzzles,Clock Puzzles
"Find the next number in the sequence: 6, 18, 54, 162, 486, ?",1458,1460,1455,1461,A,Each term is multiplied by 3. Next term = 486 × 3 = 1458.,Puzzles,Number Sequence
"Find the next number in the sequence: 7, 19, 26, 45, 71, ?",112,111,116,113,C,Each number is the sum of the two before it. Next = 45 + 71 = 116.,Puzzles,Number Sequence
"If A=1, B=2, C=3, ... Z=26, what is the sum of the letter values in the word 'EAT'?",26,30,25,21,A,E(5) + A(1) + T(20) = 26.,Puzzles,Coding-Decoding
"In each row, the third number is the sum of the first two: [10, 17, 27], [19, 15, 34], [16, 2, ?]. Find the missing number.",14,22,18,17,C,"Following the pattern, the missing number = 16 + 2 = 18.",Puzzles,Pattern Puzzle
"If today is Sunday, what day of the week will it be after 175 days?",Wednesday,Sunday,Friday,Thursday,B,175 days = 25 full weeks and 0 extra day(s). Counting 0 day(s) forward from Sunday gives Sunday.,Puzzles,Calendar Puzzles
"If today is Sunday, what day of the week will it be after 113 days?",Thursday,Monday,Wednesday,Saturday,B,113 days = 16 full weeks and 1 extra day(s). Counting 1 day(s) forward from Sunday gives Monday.,Puzzles,Calendar Puzzles
"Find the next number in the sequence: 45, 51, 57, 63, 69, ?",87,70,77,75,D,Each term increases by 6. Next term = 69 + 6 = 75.,Puzzles,Number Sequence
"If today is Friday, what day of the week will it be after 54 days?",Wednesday,Tuesday,Thursday,Sunday,A,54 days = 7 full weeks and 5 extra day(s). Counting 5 day(s) forward from Friday gives Wednesday.,Puzzles,Calendar Puzzles
"If today is Friday, what day of the week will it be after 199 days?",Saturday,Wednesday,Monday,Friday,C,199 days = 28 full weeks and 3 extra day(s). Counting 3 day(s) forward from Friday gives Monday.,Puzzles,Calendar Puzzles
What is the angle between the hour and minute hands of a clock at 10:24?,148.0°,168.0°,153.0°,147.0°,B,Angle = |30×hour − 5.5×minute| = |30×10 − 5.5×24| = 168.0° (taking the smaller angle).,Puzzles,Clock Puzzles
"In each row, the third number is the sum of the first two: [18, 9, 27], [13, 13, 26], [18, 5, ?]. Find the missing number.",27,23,22,20,B,"Following the pattern, the missing number = 18 + 5 = 23.",Puzzles,Pattern Puzzle
"Find the next number in the sequence: 38, 46, 54, 62, 70, ?",69,78,76,85,B,Each term increases by 8. Next term = 70 + 8 = 78.,Puzzles,Number Sequence
"Which number is the odd one out: 25, 28, 22, 18?",25,22,28,18,A,25 is the odd one out because it is the only odd number; the rest are even.,Puzzles,Odd One Out
"Which number is the odd one out: 66, 39, 17, 15?",17,15,66,39,A,17 is the odd one out because it is not a multiple of 3; the rest are.,Puzzles,Odd One Out
What is the angle between the hour and minute hands of a clock at 9:32?,94.0°,74.0°,84.0°,49.0°,A,Angle = |30×hour − 5.5×minute| = |30×9 − 5.5×32| = 94.0° (taking the smaller angle).,Puzzles,Clock Puzzles
"If today is Monday, what day of the week will it be after 79 days?",Tuesday,Wednesday,Monday,Sunday,B,79 days = 11 full weeks and 2 extra day(s). Counting 2 day(s) forward from Monday gives Wednesday.,Puzzles,Calendar Puzzles
"If today is Monday, what day of the week will it be after 56 days?",Friday,Tuesday,Sunday,Monday,D,56 days = 8 full weeks and 0 extra day(s). Counting 0 day(s) forward from Monday gives Monday.,Puzzles,Calendar Puzzles
"Find the next number in the sequence: 7, 21, 63, 189, 567, ?",1701,1696,850,1699,A,Each term is multiplied by 3. Next term = 567 × 3 = 1701.,Puzzles,Number Sequence
"In each row, the third number is the product of the first two: [4, 7, 28], [11, 10, 110], [7, 4, ?]. Find the missing number.",34,24,28,26,C,"Following the pattern, the missing number = 7 × 4 = 28.",Puzzles,Pattern Puzzle
"Find the next number in the sequence: 19, 22, 25, 28, 31, ?",30,38,36,34,D,Each term increases by 3. Next term = 31 + 3 = 34.,Puzzles,Number Sequence
"If today is Friday, what day of the week will it be after 110 days?",Wednesday,Thursday,Friday,Tuesday,A,110 days = 15 full weeks and 5 extra day(s). Counting 5 day(s) forward from Friday gives Wednesday.,Puzzles,Calendar Puzzles
"In each row, the third number is the sum of the first two: [17, 7, 24], [19, 9, 28], [13, 12, ?]. Find the missing number.",21,28,25,26,C,"Following the pattern, the missing number = 13 + 12 = 25.",Puzzles,Pattern Puzzle
A child is 11 years old and a parent is 31 years old today. In how many years will the parent be exactly twice as old as the child?,6,8,10,9,D,Let x = years from now. 31+x = 2(11+x) → x = 31 − 2×11 = 9.,Puzzles,Logical Riddles
A child is 9 years old and a parent is 37 years old today. In how many years will the parent be exactly twice as old as the child?,22,19,20,23,B,Let x = years from now. 37+x = 2(9+x) → x = 37 − 2×9 = 19.,Puzzles,Logical Riddles
"Find the next number in the sequence: 3, 4, 7, 11, 18, ?",29,34,21,32,A,Each number is the sum of the two before it. Next = 11 + 18 = 29.,Puzzles,Number Sequence
"Find the next number in the sequence: 7, 5, 12, 17, 29, ?",38,43,49,46,D,Each number is the sum of the two before it. Next = 17 + 29 = 46.,Puzzles,Number Sequence
"In each row, the third number is the sum of the first two: [13, 18, 31], [7, 16, 23], [9, 4, ?]. Find the missing number.",14,15,17,13,D,"Following the pattern, the missing number = 9 + 4 = 13.",Puzzles,Pattern Puzzle
"In each row, the third number is the sum of the first two: [2, 19, 21], [20, 11, 31], [16, 5, ?]. Find the missing number.",21,24,23,19,A,"Following the pattern, the missing number = 16 + 5 = 21.",Puzzles,Pattern Puzzle
"Find the next letter in the series: M, P, S, V, ?",V,E,G,Y,D,"The letters advance by 3 position(s) each time. After V, the next letter is Y.",Puzzles,Letter Series
"In each row, the third number is the sum of the first two: [8, 4, 12], [10, 13, 23], [2, 17, ?]. Find the missing number.",19,23,18,20,A,"Following the pattern, the missing number = 2 + 17 = 19.",Puzzles,Pattern Puzzle
"If A=1, B=2, C=3, ... Z=26, what is the sum of the letter values in the word 'DEN'?",25,24,21,23,D,D(4) + E(5) + N(14) = 23.,Puzzles,Coding-Decoding
"In each row, the third number is the product of the first two: [9, 11, 99], [15, 10, 150], [11, 2, ?]. Find the missing number.",22,20,28,24,A,"Following the pattern, the missing number = 11 × 2 = 22.",Puzzles,Pattern Puzzle
"Which number is the odd one out: 130, 70, 60, 143?",130,70,60,143,D,143 is the odd one out because it is not a multiple of 5; the rest are.,Puzzles,Odd One Out
A child is 8 years old and a parent is 38 years old today. In how many years will the parent be exactly twice as old as the child?,26,23,25,22,D,Let x = years from now. 38+x = 2(8+x) → x = 38 − 2×8 = 22.,Puzzles,Logical Riddles
"Find the next number in the sequence: 47, 59, 71, 83, 95, ?",131,105,107,94,C,Each term increases by 12. Next term = 95 + 12 = 107.,Puzzles,Number Sequence
A child is 12 years old and a parent is 40 years old today. In how many years will the parent be exactly twice as old as the child?,13,18,19,16,D,Let x = years from now. 40+x = 2(12+x) → x = 40 − 2×12 = 16.,Puzzles,Logical Riddles
"Find the next number in the sequence: 4, 17, 21, 38, 59, ?",89,92,94,97,D,Each number is the sum of the two before it. Next = 38 + 59 = 97.,Puzzles,Number Sequence
"If today is Tuesday, what day of the week will it be after 52 days?",Tuesday,Friday,Saturday,Thursday,B,52 days = 7 full weeks and 3 extra day(s). Counting 3 day(s) forward from Tuesday gives Friday.,Puzzles,Calendar Puzzles
"In each row, the third number is the product of the first two: [13, 4, 52], [6, 10, 60], [6, 9, ?]. Find the missing number.",54,48,60,44,A,"Following the pattern, the missing number = 6 × 9 = 54.",Puzzles,Pattern Puzzle
"If today is Thursday, what day of the week will it be after 49 days?",Sunday,Monday,Wednesday,Thursday,D,49 days = 7 full weeks and 0 extra day(s). Counting 0 day(s) forward from Thursday gives Thursday.,Puzzles,Calendar Puzzles
"Find the next number in the sequence: 14, 20, 34, 54, 88, ?",134,142,138,145,B,Each number is the sum of the two before it. Next = 54 + 88 = 142.,Puzzles,Number Sequence
"Which number is the odd one out: 25, 2, 5, 29?",2,29,25,5,C,25 is the odd one out because it is not a prime number; the rest are prime.,Puzzles,Odd One Out
"In each row, the third number is the product of the first two: [15, 9, 135], [10, 4, 40], [8, 12, ?]. Find the missing number.",86,100,106,96,D,"Following the pattern, the missing number = 8 × 12 = 96.",Puzzles,Pattern Puzzle
"If A=1, B=2, C=3, ... Z=26, what is the sum of the letter values in the word 'YES'?",50,49,53,54,B,Y(25) + E(5) + S(19) = 49.,Puzzles,Coding-Decoding
What is the angle between the hour and minute hands of a clock at 8:55?,17.5°,77.5°,42.5°,62.5°,D,Angle = |30×hour − 5.5×minute| = |30×8 − 5.5×55| = 62.5° (taking the smaller angle).,Puzzles,Clock Puzzles
"Find the next number in the sequence: 12, 10, 22, 32, 54, ?",86,78,81,94,A,Each number is the sum of the two before it. Next = 32 + 54 = 86.,Puzzles,Number Sequence
"Find the next number in the sequence: 289, 324, 361, 400, 441, ?",483,484,487,489,B,These are perfect squares of consecutive integers starting from 17. Next = 22² = 484.,Puzzles,Number Sequence
What is the angle between the hour and minute hands of a clock at 7:15?,127.5°,82.5°,112.5°,142.5°,A,Angle = |30×hour − 5.5×minute| = |30×7 − 5.5×15| = 127.5° (taking the smaller angle).,Puzzles,Clock Puzzles
"In each row, the third number is the sum of the first two: [3, 8, 11], [12, 8, 20], [2, 14, ?]. Find the missing number.",15,16,19,13,B,"Following the pattern, the missing number = 2 + 14 = 16.",Puzzles,Pattern Puzzle
What is the angle between the hour and minute hands of a clock at 8:27?,136.5°,46.5°,91.5°,101.5°,C,Angle = |30×hour − 5.5×minute| = |30×8 − 5.5×27| = 91.5° (taking the smaller angle).,Puzzles,Clock Puzzles
"Find the next number in the sequence: 784, 841, 900, 961, 1024, ?",1084,1094,1089,1092,C,These are perfect squares of consecutive integers starting from 28. Next = 33² = 1089.,Puzzles,Number Sequence
"Find the next number in the sequence: 441, 484, 529, 576, 625, ?",678,676,674,681,B,These are perfect squares of consecutive integers starting from 21. Next = 26² = 676.,Puzzles,Number Sequence
"If A=1, B=2, C=3, ... Z=26, what is the sum of the letter values in the word 'OWL'?",50,52,46,45,A,O(15) + W(23) + L(12) = 50.,Puzzles,Coding-Decoding
"If today is Saturday, what day of the week will it be after 199 days?",Tuesday,Wednesday,Friday,Thursday,A,199 days = 28 full weeks and 3 extra day(s). Counting 3 day(s) forward from Saturday gives Tuesday.,Puzzles,Calendar Puzzles
"Which number is the odd one out: 48, 89, 21, 51?",51,48,21,89,D,89 is the odd one out because it is not a multiple of 3; the rest are.,Puzzles,Odd One Out
"Which number is the odd one out: 32, 4, 57, 16?",57,16,32,4,A,57 is the odd one out because it is the only odd number; the rest are even.,Puzzles,Odd One Out
"Find the next number in the sequence: 8, 32, 128, 512, 2048, ?",8197,8187,8192,8190,C,Each term is multiplied by 4. Next term = 2048 × 4 = 8192.,Puzzles,Number Sequence
"Find the next number in the sequence: 13, 16, 19, 22, 25, ?",32,26,28,34,C,Each term increases by 3. Next term = 25 + 3 = 28.,Puzzles,Number Sequence
"Find the next letter in the series: L, M, N, O, ?",P,U,M,F,A,"The letters advance by 1 position(s) each time. After O, the next letter is P.",Puzzles,Letter Series
A child is 7 years old and a parent is 28 years old today. In how many years will the parent be exactly twice as old as the child?,12,13,16,14,D,Let x = years from now. 28+x = 2(7+x) → x = 28 − 2×7 = 14.,Puzzles,Logical Riddles
"A person is facing East. They turn 180° to the left, then turn 90° to the right. Which direction are they now facing?",North,West,South,East,A,"Facing East, turning 180° left gives West. Turning 90° right from West gives North.",Puzzles,Direction Sense
"In each row, the third number is the sum of the first two: [16, 2, 18], [3, 12, 15], [5, 20, ?]. Find the missing number.",25,28,27,22,A,"Following the pattern, the missing number = 5 + 20 = 25.",Puzzles,Pattern Puzzle
"In each row, the third number is the product of the first two: [13, 12, 156], [14, 4, 56], [9, 15, ?]. Find the missing number.",131,135,125,145,B,"Following the pattern, the missing number = 9 × 15 = 135.",Puzzles,Pattern Puzzle
"If today is Friday, what day of the week will it be after 24 days?",Monday,Thursday,Tuesday,Wednesday,A,24 days = 3 full weeks and 3 extra day(s). Counting 3 day(s) forward from Friday gives Monday.,Puzzles,Calendar Puzzles
"In each row, the third number is the sum of the first two: [18, 6, 24], [4, 5, 9], [13, 3, ?]. Find the missing number.",15,18,19,16,D,"Following the pattern, the missing number = 13 + 3 = 16.",Puzzles,Pattern Puzzle
A child is 12 years old and a parent is 33 years old today. In how many years will the parent be exactly twice as old as the child?,11,6,9,10,C,Let x = years from now. 33+x = 2(12+x) → x = 33 − 2×12 = 9.,Puzzles,Logical Riddles
"Find the next number in the sequence: 7, 17, 27, 37, 47, ?",55,46,68,57,D,Each term increases by 10. Next term = 47 + 10 = 57.,Puzzles,Number Sequence
A child is 7 years old and a parent is 36 years old today. In how many years will the parent be exactly twice as old as the child?,25,23,24,22,D,Let x = years from now. 36+x = 2(7+x) → x = 36 − 2×7 = 22.,Puzzles,Logical Riddles
"Find the next number in the sequence: 24, 37, 50, 63, 76, ?",115,101,103,89,D,Each term increases by 13. Next term = 76 + 13 = 89.,Puzzles,Number Sequence
"A person is facing South. They turn 90° to the left, then turn 90° to the left. Which direction are they now facing?",South,North,East,West,B,"Facing South, turning 90° left gives East. Turning 90° left from East gives North.",Puzzles,Direction Sense
A child is 6 years old and a parent is 35 years old today. In how many years will the parent be exactly twice as old as the child?,24,23,25,20,B,Let x = years from now. 35+x = 2(6+x) → x = 35 − 2×6 = 23.,Puzzles,Logical Riddles
"If A=1, B=2, C=3, ... Z=26, what is the sum of the letter values in the word 'SKY'?",57,53,54,55,D,S(19) + K(11) + Y(25) = 55.,Puzzles,Coding-Decoding
"In each row, the third number is the sum of the first two: [20, 14, 34], [5, 11, 16], [5, 5, ?]. Find the missing number.",14,8,13,10,D,"Following the pattern, the missing number = 5 + 5 = 10.",Puzzles,Pattern Puzzle
"If today is Friday, what day of the week will it be after 154 days?",Friday,Thursday,Sunday,Saturday,A,154 days = 22 full weeks and 0 extra day(s). Counting 0 day(s) forward from Friday gives Friday.,Puzzles,Calendar Puzzles
"Which number is the odd one out: 24, 57, 34, 10?",34,24,10,57,D,57 is the odd one out because it is the only odd number; the rest are even.,Puzzles,Odd One Out
"Which number is the odd one out: 7, 11, 17, 28?",11,28,17,7,B,28 is the odd one out because it is not a prime number; the rest are prime.,Puzzles,Odd One Out
A child is 14 years old and a parent is 35 years old today. In how many years will the parent be exactly twice as old as the child?,3,9,11,7,D,Let x = years from now. 35+x = 2(14+x) → x = 35 − 2×14 = 7.,Puzzles,Logical Riddles
"Find the next number in the sequence: 7, 12, 19, 31, 50, ?",76,84,78,81,D,Each number is the sum of the two before it. Next = 31 + 50 = 81.,Puzzles,Number Sequence
"If today is Thursday, what day of the week will it be after 163 days?",Monday,Wednesday,Thursday,Saturday,D,163 days = 23 full weeks and 2 extra day(s). Counting 2 day(s) forward from Thursday gives Saturday.,Puzzles,Calendar Puzzles
"In each row, the third number is the product of the first two: [8, 11, 88], [10, 15, 150], [3, 14, ?]. Find the missing number.",44,36,46,42,D,"Following the pattern, the missing number = 3 × 14 = 42.",Puzzles,Pattern Puzzle
"In each row, the third number is the product of the first two: [10, 7, 70], [6, 7, 42], [2, 13, ?]. Find the missing number.",24,16,20,26,D,"Following the pattern, the missing number = 2 × 13 = 26.",Puzzles,Pattern Puzzle
"Which number is the odd one out: 31, 5, 8, 2?",2,8,31,5,B,8 is the odd one out because it is not a prime number; the rest are prime.,Puzzles,Odd One Out
"Which number is the odd one out: 22, 11, 43, 31?",31,43,22,11,C,22 is the odd one out because it is not a prime number; the rest are prime.,Puzzles,Odd One Out
"Find the next number in the sequence: 484, 529, 576, 625, 676, ?",734,732,729,727,C,These are perfect squares of consecutive integers starting from 22. Next = 27² = 729.,Puzzles,Number Sequence
"A person is facing North. They turn 270° to the left, then turn 180° to the left. Which direction are they now facing?",South,West,North,East,B,"Facing North, turning 270° left gives East. Turning 180° left from East gives West.",Puzzles,Direction Sense
"Find the next number in the sequence: 1, 8, 27, 64, ?",135,75,125,115,C,These are cubes of consecutive integers starting from 1. Next = 5³ = 125.,Puzzles,Number Sequence
What is the angle between the hour and minute hands of a clock at 11:39?,115.5°,130.5°,125.5°,105.5°,A,Angle = |30×hour − 5.5×minute| = |30×11 − 5.5×39| = 115.5° (taking the smaller angle).,Puzzles,Clock Puzzles
"Find the next number in the sequence: 35, 42, 49, 56, 63, ?",84,62,70,72,C,Each term increases by 7. Next term = 63 + 7 = 70.,Puzzles,Number Sequence
"Which number is the odd one out: 41, 12, 2, 13?",2,41,12,13,C,12 is the odd one out because it is not a prime number; the rest are prime.,Puzzles,Odd One Out
"In each row, the third number is the product of the first two: [12, 6, 72], [10, 15, 150], [14, 11, ?]. Find the missing number.",150,144,154,160,C,"Following the pattern, the missing number = 14 × 11 = 154.",Puzzles,Pattern Puzzle
"Find the next number in the sequence: 13, 21, 29, 37, 45, ?",53,62,46,60,A,Each term increases by 8. Next term = 45 + 8 = 53.,Puzzles,Number Sequence
"If today is Wednesday, what day of the week will it be after 72 days?",Sunday,Tuesday,Saturday,Friday,D,72 days = 10 full weeks and 2 extra day(s). Counting 2 day(s) forward from Wednesday gives Friday.,Puzzles,Calendar Puzzles
"Find the next letter in the series: J, L, N, P, ?",A,Y,Z,R,D,"The letters advance by 2 position(s) each time. After P, the next letter is R.",Puzzles,Letter Series
"If A=1, B=2, C=3, ... Z=26, what is the sum of the letter values in the word 'ODD'?",18,23,22,27,B,O(15) + D(4) + D(4) = 23.,Puzzles,Coding-Decoding
"In each row, the third number is the product of the first two: [6, 8, 48], [11, 15, 165], [7, 7, ?]. Find the missing number.",49,43,47,59,A,"Following the pattern, the missing number = 7 × 7 = 49.",Puzzles,Pattern Puzzle
"In each row, the third number is the product of the first two: [5, 13, 65], [13, 11, 143], [14, 14, ?]. Find the missing number.",196,206,190,192,A,"Following the pattern, the missing number = 14 × 14 = 196.",Puzzles,Pattern Puzzle
"If today is Friday, what day of the week will it be after 65 days?",Saturday,Thursday,Sunday,Tuesday,C,65 days = 9 full weeks and 2 extra day(s). Counting 2 day(s) forward from Friday gives Sunday.,Puzzles,Calendar Puzzles
"Find the next number in the sequence: 256, 289, 324, 361, 400, ?",439,441,443,438,B,These are perfect squares of consecutive integers starting from 16. Next = 21² = 441.,Puzzles,Number Sequence
"Which number is the odd one out: 3, 35, 25, 80?",35,25,3,80,C,3 is the odd one out because it is not a multiple of 5; the rest are.,Puzzles,Odd One Out
"Find the next letter in the series: C, D, E, F, ?",V,G,A,N,B,"The letters advance by 1 position(s) each time. After F, the next letter is G.",Puzzles,Letter Series
"A person is facing North. They turn 270° to the right, then turn 90° to the right. Which direction are they now facing?",North,West,South,East,A,"Facing North, turning 270° right gives West. Turning 90° right from West gives North.",Puzzles,Direction Sense
"In each row, the third number is the product of the first two: [4, 12, 48], [15, 11, 165], [3, 13, ?]. Find the missing number.",29,43,45,39,D,"Following the pattern, the missing number = 3 × 13 = 39.",Puzzles,Pattern Puzzle
"If today is Friday, what day of the week will it be after 158 days?",Saturday,Friday,Monday,Tuesday,D,158 days = 22 full weeks and 4 extra day(s). Counting 4 day(s) forward from Friday gives Tuesday.,Puzzles,Calendar Puzzles
"A person is facing West. They turn 180° to the left, then turn 90° to the left. Which direction are they now facing?",West,North,South,East,B,"Facing West, turning 180° left gives East. Turning 90° left from East gives North.",Puzzles,Direction Sense
"In each row, the third number is the product of the first two: [14, 13, 182], [14, 12, 168], [5, 5, ?]. Find the missing number.",23,29,25,35,C,"Following the pattern, the missing number = 5 × 5 = 25.",Puzzles,Pattern Puzzle
"Find the next number in the sequence: 19, 4, 23, 27, 50, ?",82,77,81,72,B,Each number is the sum of the two before it. Next = 27 + 50 = 77.,Puzzles,Number Sequence
"Find the next number in the sequence: 9, 22, 35, 48, 61, ?",76,72,100,74,D,Each term increases by 13. Next term = 61 + 13 = 74.,Puzzles,Number Sequence
"Which number is the odd one out: 87, 45, 65, 9?",87,65,9,45,B,65 is the odd one out because it is not a multiple of 3; the rest are.,Puzzles,Odd One Out
"Find the next number in the sequence: 50, 54, 58, 62, 66, ?",70,65,75,67,A,Each term increases by 4. Next term = 66 + 4 = 70.,Puzzles,Number Sequence
A child is 13 years old and a parent is 41 years old today. In how many years will the parent be exactly twice as old as the child?,15,14,11,18,A,Let x = years from now. 41+x = 2(13+x) → x = 41 − 2×13 = 15.,Puzzles,Logical Riddles
"In each row, the third number is the sum of the first two: [6, 10, 16], [17, 11, 28], [4, 2, ?]. Find the missing number.",6,9,4,7,A,"Following the pattern, the missing number = 4 + 2 = 6.",Puzzles,Pattern Puzzle
What is the angle between the hour and minute hands of a clock at 9:39?,40.5°,55.5°,75.5°,45.5°,B,Angle = |30×hour − 5.5×minute| = |30×9 − 5.5×39| = 55.5° (taking the smaller angle).,Puzzles,Clock Puzzles
"Find the next number in the sequence: 8000, 9261, 10648, 12167, ?",13794,13874,13834,13824,D,These are cubes of consecutive integers starting from 20. Next = 24³ = 13824.,Puzzles,Number Sequence
A child is 10 years old and a parent is 33 years old today. In how many years will the parent be exactly twice as old as the child?,13,14,11,9,A,Let x = years from now. 33+x = 2(10+x) → x = 33 − 2×10 = 13.,Puzzles,Logical Riddles
"If today is Saturday, what day of the week will it be after 112 days?",Sunday,Saturday,Friday,Monday,B,112 days = 16 full weeks and 0 extra day(s). Counting 0 day(s) forward from Saturday gives Saturday.,Puzzles,Calendar Puzzles
"Find the next number in the sequence: 34, 48, 62, 76, 90, ?",106,119,104,89,C,Each term increases by 14. Next term = 90 + 14 = 104.,Puzzles,Number Sequence
"In each row, the third number is the sum of the first two: [4, 20, 24], [17, 16, 33], [3, 5, ?]. Find the missing number.",12,8,9,7,B,"Following the pattern, the missing number = 3 + 5 = 8.",Puzzles,Pattern Puzzle
"If A=1, B=2, C=3, ... Z=26, what is the sum of the letter values in the word 'ROD'?",41,38,37,32,C,R(18) + O(15) + D(4) = 37.,Puzzles,Coding-Decoding
"If today is Tuesday, what day of the week will it be after 33 days?",Friday,Saturday,Wednesday,Sunday,D,33 days = 4 full weeks and 5 extra day(s). Counting 5 day(s) forward from Tuesday gives Sunday.,Puzzles,Calendar Puzzles
What is the angle between the hour and minute hands of a clock at 3:42?,111.0°,171.0°,121.0°,141.0°,D,Angle = |30×hour − 5.5×minute| = |30×3 − 5.5×42| = 141.0° (taking the smaller angle).,Puzzles,Clock Puzzles
"Find the next number in the sequence: 4, 9, 16, 25, 36, ?",50,52,54,49,D,These are perfect squares of consecutive integers starting from 2. Next = 7² = 49.,Puzzles,Number Sequence
"Find the next number in the sequence: 17, 12, 29, 41, 70, ?",115,114,108,111,D,Each number is the sum of the two before it. Next = 41 + 70 = 111.,Puzzles,Number Sequence
"Find the next number in the sequence: 16, 27, 38, 49, 60, ?",71,81,61,83,A,Each term increases by 11. Next term = 60 + 11 = 71.,Puzzles,Number Sequence
"If today is Monday, what day of the week will it be after 141 days?",Friday,Saturday,Tuesday,Sunday,C,141 days = 20 full weeks and 1 extra day(s). Counting 1 day(s) forward from Monday gives Tuesday.,Puzzles,Calendar Puzzles
"A person is facing North. They turn 180° to the left, then turn 90° to the left. Which direction are they now facing?",South,East,North,West,B,"Facing North, turning 180° left gives South. Turning 90° left from South gives East.",Puzzles,Direction Sense
"Which number is the odd one out: 11, 4, 37, 5?",4,11,37,5,A,4 is the odd one out because it is not a prime number; the rest are prime.,Puzzles,Odd One Out
"Which number is the odd one out: 14, 34, 6, 51?",6,51,34,14,B,51 is the odd one out because it is the only odd number; the rest are even.,Puzzles,Odd One Out
What is the angle between the hour and minute hands of a clock at 2:39?,144.5°,160.5°,109.5°,154.5°,D,Angle = |30×hour − 5.5×minute| = |30×2 − 5.5×39| = 154.5° (taking the smaller angle).,Puzzles,Clock Puzzles
"In each row, the third number is the product of the first two: [9, 2, 18], [2, 5, 10], [6, 15, ?]. Find the missing number.",100,86,80,90,D,"Following the pattern, the missing number = 6 × 15 = 90.",Puzzles,Pattern Puzzle
"A person is facing West. They turn 270° to the left, then turn 270° to the left. Which direction are they now facing?",North,East,West,South,B,"Facing West, turning 270° left gives North. Turning 270° left from North gives East.",Puzzles,Direction Sense
"Find the next number in the sequence: 324, 361, 400, 441, 484, ?",532,527,529,528,C,These are perfect squares of consecutive integers starting from 18. Next = 23² = 529.,Puzzles,Number Sequence
"Find the next number in the sequence: 5, 9, 13, 17, 21, ?",30,25,33,27,B,Each term increases by 4. Next term = 21 + 4 = 25.,Puzzles,Number Sequence
"If A=1, B=2, C=3, ... Z=26, what is the sum of the letter values in the word 'FOX'?",43,45,46,50,B,F(6) + O(15) + X(24) = 45.,Puzzles,Coding-Decoding
"Which number is the odd one out: 44, 33, 32, 8?",32,8,33,44,C,33 is the odd one out because it is the only odd number; the rest are even.,Puzzles,Odd One Out
"If A=1, B=2, C=3, ... Z=26, what is the sum of the letter values in the word 'TAP'?",33,37,42,34,B,T(20) + A(1) + P(16) = 37.,Puzzles,Coding-Decoding
"Find the next number in the sequence: 9261, 10648, 12167, 13824, ?",15625,15605,15615,15655,A,These are cubes of consecutive integers starting from 21. Next = 25³ = 15625.,Puzzles,Number Sequence
"Find the next number in the sequence: 8, 22, 36, 50, 64, ?",78,65,76,80,A,Each term increases by 14. Next term = 64 + 14 = 78.,Puzzles,Number Sequence
"In each row, the third number is the sum of the first two: [19, 15, 34], [2, 2, 4], [18, 11, ?]. Find the missing number.",30,27,29,26,C,"Following the pattern, the missing number = 18 + 11 = 29.",Puzzles,Pattern Puzzle
"If A=1, B=2, C=3, ... Z=26, what is the sum of the letter values in the word 'YAM'?",39,42,38,37,A,Y(25) + A(1) + M(13) = 39.,Puzzles,Coding-Decoding
"Find the next number in the sequence: 19, 12, 31, 43, 74, ?",120,117,122,109,B,Each number is the sum of the two before it. Next = 43 + 74 = 117.,Puzzles,Number Sequence
"Which number is the odd one out: 22, 54, 32, 57?",22,57,32,54,B,57 is the odd one out because it is the only odd number; the rest are even.,Puzzles,Odd One Out
"In each row, the third number is the sum of the first two: [19, 18, 37], [5, 2, 7], [4, 3, ?]. Find the missing number.",10,7,9,4,B,"Following the pattern, the missing number = 4 + 3 = 7.",Puzzles,Pattern Puzzle
"If today is Monday, what day of the week will it be after 20 days?",Monday,Sunday,Saturday,Thursday,B,20 days = 2 full weeks and 6 extra day(s). Counting 6 day(s) forward from Monday gives Sunday.,Puzzles,Calendar Puzzles
"In each row, the third number is the sum of the first two: [10, 8, 18], [11, 5, 16], [17, 9, ?]. Find the missing number.",24,26,23,27,B,"Following the pattern, the missing number = 17 + 9 = 26.",Puzzles,Pattern Puzzle
"In each row, the third number is the product of the first two: [14, 9, 126], [5, 11, 55], [5, 7, ?]. Find the missing number.",35,37,33,29,A,"Following the pattern, the missing number = 5 × 7 = 35.",Puzzles,Pattern Puzzle
"Which number is the odd one out: 46, 55, 32, 42?",32,55,46,42,B,55 is the odd one out because it is the only odd number; the rest are even.,Puzzles,Odd One Out
"Which number is the odd one out: 17, 28, 7, 3?",28,3,7,17,A,28 is the odd one out because it is not a prime number; the rest are prime.,Puzzles,Odd One Out
"Find the next number in the sequence: 17, 26, 35, 44, 53, ?",62,70,72,80,A,Each term increases by 9. Next term = 53 + 9 = 62.,Puzzles,Number Sequence
"Find the next number in the sequence: 9, 13, 22, 35, 57, ?",84,92,100,96,B,Each number is the sum of the two before it. Next = 35 + 57 = 92.,Puzzles,Number Sequence
What is the angle between the hour and minute hands of a clock at 12:32?,176.0°,169.0°,164.0°,154.0°,A,Angle = |30×hour − 5.5×minute| = |30×12 − 5.5×32| = 176.0° (taking the smaller angle).,Puzzles,Clock Puzzles
"Which number is the odd one out: 9, 7, 11, 29?",29,7,11,9,D,9 is the odd one out because it is not a prime number; the rest are prime.,Puzzles,Odd One Out
"A person is facing West. They turn 180° to the right, then turn 90° to the right. Which direction are they now facing?",South,West,East,North,A,"Facing West, turning 180° right gives East. Turning 90° right from East gives South.",Puzzles,Direction Sense
What is the angle between the hour and minute hands of a clock at 9:14?,167.0°,173.0°,178.0°,157.0°,A,Angle = |30×hour − 5.5×minute| = |30×9 − 5.5×14| = 167.0° (taking the smaller angle).,Puzzles,Clock Puzzles
"If today is Monday, what day of the week will it be after 200 days?",Thursday,Friday,Sunday,Tuesday,B,200 days = 28 full weeks and 4 extra day(s). Counting 4 day(s) forward from Monday gives Friday.,Puzzles,Calendar Puzzles
What is the angle between the hour and minute hands of a clock at 4:58?,161.0°,176.0°,171.0°,151.0°,A,Angle = |30×hour − 5.5×minute| = |30×4 − 5.5×58| = 161.0° (taking the smaller angle).,Puzzles,Clock Puzzles
"In each row, the third number is the sum of the first two: [3, 10, 13], [17, 12, 29], [14, 16, ?]. Find the missing number.",26,34,30,27,C,"Following the pattern, the missing number = 14 + 16 = 30.",Puzzles,Pattern Puzzle
"In each row, the third number is the sum of the first two: [17, 4, 21], [17, 13, 30], [15, 13, ?]. Find the missing number.",30,28,27,24,B,"Following the pattern, the missing number = 15 + 13 = 28.",Puzzles,Pattern Puzzle
"In each row, the third number is the product of the first two: [10, 4, 40], [3, 8, 24], [6, 8, ?]. Find the missing number.",48,46,58,38,A,"Following the pattern, the missing number = 6 × 8 = 48.",Puzzles,Pattern Puzzle
"If today is Friday, what day of the week will it be after 159 days?",Thursday,Sunday,Friday,Wednesday,D,159 days = 22 full weeks and 5 extra day(s). Counting 5 day(s) forward from Friday gives Wednesday.,Puzzles,Calendar Puzzles
"Which number is the odd one out: 2, 41, 12, 50?",50,12,2,41,D,41 is the odd one out because it is the only odd number; the rest are even.,Puzzles,Odd One Out
What is the angle between the hour and minute hands of a clock at 12:41?,124.5°,164.5°,149.5°,134.5°,D,Angle = |30×hour − 5.5×minute| = |30×12 − 5.5×41| = 134.5° (taking the smaller angle).,Puzzles,Clock Puzzles
"In each row, the third number is the product of the first two: [11, 3, 33], [4, 14, 56], [3, 13, ?]. Find the missing number.",45,39,33,41,B,"Following the pattern, the missing number = 3 × 13 = 39.",Puzzles,Pattern Puzzle
What is the angle between the hour and minute hands of a clock at 11:23?,158.5°,171.5°,126.5°,156.5°,D,Angle = |30×hour − 5.5×minute| = |30×11 − 5.5×23| = 156.5° (taking the smaller angle).,Puzzles,Clock Puzzles
"Which number is the odd one out: 30, 26, 33, 48?",33,48,30,26,A,33 is the odd one out because it is the only odd number; the rest are even.,Puzzles,Odd One Out
"In each row, the third number is the product of the first two: [12, 11, 132], [3, 2, 6], [6, 10, ?]. Find the missing number.",58,60,70,54,B,"Following the pattern, the missing number = 6 × 10 = 60.",Puzzles,Pattern Puzzle
"In each row, the third number is the sum of the first two: [12, 17, 29], [16, 8, 24], [17, 20, ?]. Find the missing number.",38,37,34,41,B,"Following the pattern, the missing number = 17 + 20 = 37.",Puzzles,Pattern Puzzle
"In each row, the third number is the sum of the first two: [11, 16, 27], [4, 20, 24], [3, 15, ?]. Find the missing number.",18,15,21,16,A,"Following the pattern, the missing number = 3 + 15 = 18.",Puzzles,Pattern Puzzle
"In each row, the third number is the sum of the first two: [19, 15, 34], [17, 4, 21], [9, 18, ?]. Find the missing number.",27,24,25,26,A,"Following the pattern, the missing number = 9 + 18 = 27.",Puzzles,Pattern Puzzle
"In each row, the third number is the sum of the first two: [20, 20, 40], [14, 6, 20], [5, 4, ?]. Find the missing number.",8,9,10,11,B,"Following the pattern, the missing number = 5 + 4 = 9.",Puzzles,Pattern Puzzle
"In each row, the third number is the sum of the first two: [14, 10, 24], [18, 8, 26], [14, 4, ?]. Find the missing number.",18,22,15,14,A,"Following the pattern, the missing number = 14 + 4 = 18.",Puzzles,Pattern Puzzle
"Which number is the odd one out: 60, 110, 77, 105?",60,110,77,105,C,77 is the odd one out because it is not a multiple of 5; the rest are.,Puzzles,Odd One Out
What is the angle between the hour and minute hands of a clock at 8:00?,100.0°,140.0°,120.0°,90.0°,C,Angle = |30×hour − 5.5×minute| = |30×8 − 5.5×0| = 120.0° (taking the smaller angle).,Puzzles,Clock Puzzles
"In each row, the third number is the sum of the first two: [12, 9, 21], [20, 13, 33], [11, 11, ?]. Find the missing number.",18,21,19,22,D,"Following the pattern, the missing number = 11 + 11 = 22.",Puzzles,Pattern Puzzle
"A person is facing East. They turn 270° to the right, then turn 180° to the right. Which direction are they now facing?",East,West,North,South,D,"Facing East, turning 270° right gives North. Turning 180° right from North gives South.",Puzzles,Direction Sense
"Find the next number in the sequence: 18, 15, 33, 48, 81, ?",129,126,134,133,A,Each number is the sum of the two before it. Next = 48 + 81 = 129.,Puzzles,Number Sequence
"Find the next number in the sequence: 5, 2, 7, 9, 16, ?",25,22,28,17,A,Each number is the sum of the two before it. Next = 9 + 16 = 25.,Puzzles,Number Sequence
"In each row, the third number is the product of the first two: [14, 15, 210], [7, 3, 21], [2, 12, ?]. Find the missing number.",34,24,28,14,B,"Following the pattern, the missing number = 2 × 12 = 24.",Puzzles,Pattern Puzzle
What is the angle between the hour and minute hands of a clock at 12:03?,26.5°,16.5°,3.5°,46.5°,B,Angle = |30×hour − 5.5×minute| = |30×12 − 5.5×3| = 16.5° (taking the smaller angle).,Puzzles,Clock Puzzles
"In each row, the third number is the sum of the first two: [20, 15, 35], [3, 10, 13], [18, 14, ?]. Find the missing number.",32,36,33,30,A,"Following the pattern, the missing number = 18 + 14 = 32.",Puzzles,Pattern Puzzle
"Find the next number in the sequence: 43, 56, 69, 82, 95, ?",122,120,108,94,C,Each term increases by 13. Next term = 95 + 13 = 108.,Puzzles,Number Sequence
"If A=1, B=2, C=3, ... Z=26, what is the sum of the letter values in the word 'TOP'?",55,46,51,54,C,T(20) + O(15) + P(16) = 51.,Puzzles,Coding-Decoding
"If A=1, B=2, C=3, ... Z=26, what is the sum of the letter values in the word 'WEB'?",29,33,32,30,D,W(23) + E(5) + B(2) = 30.,Puzzles,Coding-Decoding
"Find the next number in the sequence: 6, 15, 21, 36, 57, ?",98,93,97,96,B,Each number is the sum of the two before it. Next = 36 + 57 = 93.,Puzzles,Number Sequence
"In each row, the third number is the product of the first two: [10, 12, 120], [3, 5, 15], [8, 8, ?]. Find the missing number.",54,64,68,62,B,"Following the pattern, the missing number = 8 × 8 = 64.",Puzzles,Pattern Puzzle
"If A=1, B=2, C=3, ... Z=26, what is the sum of the letter values in the word 'BAT'?",24,20,26,23,D,B(2) + A(1) + T(20) = 23.,Puzzles,Coding-Decoding
"If A=1, B=2, C=3, ... Z=26, what is the sum of the letter values in the word 'SON'?",48,50,43,53,A,S(19) + O(15) + N(14) = 48.,Puzzles,Coding-Decoding
"Find the next number in the sequence: 45, 55, 65, 75, 85, ?",86,93,97,95,D,Each term increases by 10. Next term = 85 + 10 = 95.,Puzzles,Number Sequence
"If A=1, B=2, C=3, ... Z=26, what is the sum of the letter values in the word 'NUT'?",60,57,55,58,C,N(14) + U(21) + T(20) = 55.,Puzzles,Coding-Decoding
A child is 11 years old and a parent is 33 years old today. In how many years will the parent be exactly twice as old as the child?,14,8,11,13,C,Let x = years from now. 33+x = 2(11+x) → x = 33 − 2×11 = 11.,Puzzles,Logical Riddles
"Find the next number in the sequence: 5, 15, 45, 135, 405, ?",1215,1218,1210,1217,A,Each term is multiplied by 3. Next term = 405 × 3 = 1215.,Puzzles,Number Sequence
"A person is facing East. They turn 90° to the right, then turn 270° to the right. Which direction are they now facing?",North,South,West,East,D,"Facing East, turning 90° right gives South. Turning 270° right from South gives East.",Puzzles,Direction Sense
"Which number is the odd one out: 23, 28, 37, 13?",13,37,23,28,D,28 is the odd one out because it is not a prime number; the rest are prime.,Puzzles,Odd One Out
"Which number is the odd one out: 135, 140, 15, 53?",15,140,53,135,C,53 is the odd one out because it is not a multiple of 5; the rest are.,Puzzles,Odd One Out
"Find the next number in the sequence: 13, 15, 17, 19, 21, ?",23,22,24,27,A,Each term increases by 2. Next term = 21 + 2 = 23.,Puzzles,Number Sequence
"Find the next number in the sequence: 22, 34, 46, 58, 70, ?",69,84,95,82,D,Each term increases by 12. Next term = 70 + 12 = 82.,Puzzles,Number Sequence
"Which number is the odd one out: 18, 13, 41, 7?",18,41,7,13,A,18 is the odd one out because it is not a prime number; the rest are prime.,Puzzles,Odd One Out
"Which number is the odd one out: 17, 26, 37, 29?",29,26,37,17,B,26 is the odd one out because it is not a prime number; the rest are prime.,Puzzles,Odd One Out
"In each row, the third number is the product of the first two: [6, 8, 48], [14, 2, 28], [14, 5, ?]. Find the missing number.",80,68,70,66,C,"Following the pattern, the missing number = 14 × 5 = 70.",Puzzles,Pattern Puzzle
"Which number is the odd one out: 10, 18, 39, 72?",18,10,39,72,B,10 is the odd one out because it is not a multiple of 3; the rest are.,Puzzles,Odd One Out
"In each row, the third number is the product of the first two: [2, 6, 12], [3, 10, 30], [10, 7, ?]. Find the missing number.",64,60,70,72,C,"Following the pattern, the missing number = 10 × 7 = 70.",Puzzles,Pattern Puzzle
What is the angle between the hour and minute hands of a clock at 3:14?,3.0°,32.0°,17.0°,13.0°,D,Angle = |30×hour − 5.5×minute| = |30×3 − 5.5×14| = 13.0° (taking the smaller angle).,Puzzles,Clock Puzzles
"In each row, the third number is the sum of the first two: [20, 2, 22], [3, 4, 7], [2, 17, ?]. Find the missing number.",19,21,17,16,A,"Following the pattern, the missing number = 2 + 17 = 19.",Puzzles,Pattern Puzzle
"Which number is the odd one out: 50, 24, 84, 9?",24,84,50,9,C,50 is the odd one out because it is not a multiple of 3; the rest are.,Puzzles,Odd One Out
"Which number is the odd one out: 5, 15, 60, 101?",60,101,5,15,B,101 is the odd one out because it is not a multiple of 5; the rest are.,Puzzles,Odd One Out
"In each row, the third number is the sum of the first two: [14, 11, 25], [17, 16, 33], [17, 6, ?]. Find the missing number.",24,21,27,23,D,"Following the pattern, the missing number = 17 + 6 = 23.",Puzzles,Pattern Puzzle
"Which number is the odd one out: 31, 11, 10, 41?",31,11,41,10,D,10 is the odd one out because it is not a prime number; the rest are prime.,Puzzles,Odd One Out
"In each row, the third number is the product of the first two: [10, 3, 30], [15, 13, 195], [14, 3, ?]. Find the missing number.",52,36,42,46,C,"Following the pattern, the missing number = 14 × 3 = 42.",Puzzles,Pattern Puzzle
A child is 13 years old and a parent is 43 years old today. In how many years will the parent be exactly twice as old as the child?,17,21,19,15,A,Let x = years from now. 43+x = 2(13+x) → x = 43 − 2×13 = 17.,Puzzles,Logical Riddles
"Find the next number in the sequence: 19, 6, 25, 31, 56, ?",87,84,82,95,A,Each number is the sum of the two before it. Next = 31 + 56 = 87.,Puzzles,Number Sequence
"In each row, the third number is the product of the first two: [10, 9, 90], [2, 4, 8], [7, 2, ?]. Find the missing number.",12,8,14,24,C,"Following the pattern, the missing number = 7 × 2 = 14.",Puzzles,Pattern Puzzle
"If today is Sunday, what day of the week will it be after 180 days?",Thursday,Friday,Wednesday,Sunday,B,180 days = 25 full weeks and 5 extra day(s). Counting 5 day(s) forward from Sunday gives Friday.,Puzzles,Calendar Puzzles
"In each row, the third number is the product of the first two: [8, 14, 112], [9, 10, 90], [8, 13, ?]. Find the missing number.",108,104,98,110,B,"Following the pattern, the missing number = 8 × 13 = 104.",Puzzles,Pattern Puzzle
"A person is facing West. They turn 180° to the left, then turn 270° to the right. Which direction are they now facing?",North,East,South,West,A,"Facing West, turning 180° left gives East. Turning 270° right from East gives North.",Puzzles,Direction Sense
"If A=1, B=2, C=3, ... Z=26, what is the sum of the letter values in the word 'MUD'?",40,42,38,36,C,M(13) + U(21) + D(4) = 38.,Puzzles,Coding-Decoding
What is the angle between the hour and minute hands of a clock at 12:15?,62.5°,112.5°,97.5°,82.5°,D,Angle = |30×hour − 5.5×minute| = |30×12 − 5.5×15| = 82.5° (taking the smaller angle).,Puzzles,Clock Puzzles
"If A=1, B=2, C=3, ... Z=26, what is the sum of the letter values in the word 'TON'?",48,46,49,53,C,T(20) + O(15) + N(14) = 49.,Puzzles,Coding-Decoding
A child is 7 years old and a parent is 29 years old today. In how many years will the parent be exactly twice as old as the child?,11,19,15,14,C,Let x = years from now. 29+x = 2(7+x) → x = 29 − 2×7 = 15.,Puzzles,Logical Riddles
"If A=1, B=2, C=3, ... Z=26, what is the sum of the letter values in the word 'GAS'?",31,23,25,27,D,G(7) + A(1) + S(19) = 27.,Puzzles,Coding-Decoding
"In each row, the third number is the product of the first two: [5, 10, 50], [9, 2, 18], [10, 9, ?]. Find the missing number.",100,80,90,88,C,"Following the pattern, the missing number = 10 × 9 = 90.",Puzzles,Pattern Puzzle
"If today is Monday, what day of the week will it be after 10 days?",Thursday,Monday,Saturday,Wednesday,A,10 days = 1 full weeks and 3 extra day(s). Counting 3 day(s) forward from Monday gives Thursday.,Puzzles,Calendar Puzzles
"Which number is the odd one out: 29, 16, 2, 36?",2,29,36,16,B,29 is the odd one out because it is the only odd number; the rest are even.,Puzzles,Odd One Out
A child is 12 years old and a parent is 42 years old today. In how many years will the parent be exactly twice as old as the child?,15,22,16,18,D,Let x = years from now. 42+x = 2(12+x) → x = 42 − 2×12 = 18.,Puzzles,Logical Riddles
What is the angle between the hour and minute hands of a clock at 7:36?,32.0°,12.0°,22.0°,8.0°,B,Angle = |30×hour − 5.5×minute| = |30×7 − 5.5×36| = 12.0° (taking the smaller angle).,Puzzles,Clock Puzzles
"If A=1, B=2, C=3, ... Z=26, what is the sum of the letter values in the word 'LIP'?",38,37,39,35,B,L(12) + I(9) + P(16) = 37.,Puzzles,Coding-Decoding
"If A=1, B=2, C=3, ... Z=26, what is the sum of the letter values in the word 'MUG'?",44,40,41,42,C,M(13) + U(21) + G(7) = 41.,Puzzles,Coding-Decoding
"In each row, the third number is the sum of the first two: [11, 17, 28], [3, 11, 14], [6, 9, ?]. Find the missing number.",17,15,14,12,B,"Following the pattern, the missing number = 6 + 9 = 15.",Puzzles,Pattern Puzzle
"In each row, the third number is the product of the first two: [7, 2, 14], [15, 6, 90], [8, 11, ?]. Find the missing number.",88,98,90,94,A,"Following the pattern, the missing number = 8 × 11 = 88.",Puzzles,Pattern Puzzle
What is the angle between the hour and minute hands of a clock at 9:41?,59.5°,64.5°,44.5°,0.5°,C,Angle = |30×hour − 5.5×minute| = |30×9 − 5.5×41| = 44.5° (taking the smaller angle).,Puzzles,Clock Puzzles
What is the angle between the hour and minute hands of a clock at 9:31?,84.5°,99.5°,114.5°,69.5°,B,Angle = |30×hour − 5.5×minute| = |30×9 − 5.5×31| = 99.5° (taking the smaller angle).,Puzzles,Clock Puzzles
What is the angle between the hour and minute hands of a clock at 1:31?,160.5°,174.5°,140.5°,125.5°,C,Angle = |30×hour − 5.5×minute| = |30×1 − 5.5×31| = 140.5° (taking the smaller angle).,Puzzles,Clock Puzzles
"In each row, the third number is the product of the first two: [14, 2, 28], [9, 10, 90], [10, 4, ?]. Find the missing number.",44,50,40,38,C,"Following the pattern, the missing number = 10 × 4 = 40.",Puzzles,Pattern Puzzle
"If today is Sunday, what day of the week will it be after 146 days?",Thursday,Monday,Saturday,Tuesday,C,146 days = 20 full weeks and 6 extra day(s). Counting 6 day(s) forward from Sunday gives Saturday.,Puzzles,Calendar Puzzles
"If today is Monday, what day of the week will it be after 35 days?",Sunday,Thursday,Friday,Monday,D,35 days = 5 full weeks and 0 extra day(s). Counting 0 day(s) forward from Monday gives Monday.,Puzzles,Calendar Puzzles
"Find the next number in the sequence: 10, 15, 25, 40, 65, ?",110,105,113,100,B,Each number is the sum of the two before it. Next = 40 + 65 = 105.,Puzzles,Number Sequence
"Find the next number in the sequence: 21, 27, 33, 39, 45, ?",63,46,51,44,C,Each term increases by 6. Next term = 45 + 6 = 51.,Puzzles,Number Sequence
"Which number is the odd one out: 37, 3, 9, 31?",31,3,9,37,C,9 is the odd one out because it is not a prime number; the rest are prime.,Puzzles,Odd One Out
"Find the next number in the sequence: 25, 30, 35, 40, 45, ?",46,56,60,50,D,Each term increases by 5. Next term = 45 + 5 = 50.,Puzzles,Number Sequence
"Find the next number in the sequence: 31, 46, 61, 76, 91, ?",90,92,106,136,C,Each term increases by 15. Next term = 91 + 15 = 106.,Puzzles,Number Sequence
"A person is facing South. They turn 90° to the left, then turn 90° to the right. Which direction are they now facing?",West,East,South,North,C,"Facing South, turning 90° left gives East. Turning 90° right from East gives South.",Puzzles,Direction Sense
What is the angle between the hour and minute hands of a clock at 6:53?,111.5°,66.5°,81.5°,141.5°,A,Angle = |30×hour − 5.5×minute| = |30×6 − 5.5×53| = 111.5° (taking the smaller angle).,Puzzles,Clock Puzzles
"Which number is the odd one out: 29, 19, 17, 21?",29,21,17,19,B,21 is the odd one out because it is not a prime number; the rest are prime.,Puzzles,Odd One Out
"In each row, the third number is the product of the first two: [4, 8, 32], [12, 13, 156], [4, 5, ?]. Find the missing number.",18,20,22,14,B,"Following the pattern, the missing number = 4 × 5 = 20.",Puzzles,Pattern Puzzle
"If today is Saturday, what day of the week will it be after 33 days?",Friday,Thursday,Sunday,Tuesday,B,33 days = 4 full weeks and 5 extra day(s). Counting 5 day(s) forward from Saturday gives Thursday.,Puzzles,Calendar Puzzles
"Find the next letter in the series: F, G, H, I, ?",V,G,P,J,D,"The letters advance by 1 position(s) each time. After I, the next letter is J.",Puzzles,Letter Series
"In each row, the third number is the product of the first two: [12, 14, 168], [11, 14, 154], [13, 9, ?]. Find the missing number.",115,127,117,113,C,"Following the pattern, the missing number = 13 × 9 = 117.",Puzzles,Pattern Puzzle
"In each row, the third number is the product of the first two: [8, 12, 96], [7, 2, 14], [7, 3, ?]. Find the missing number.",17,25,21,11,C,"Following the pattern, the missing number = 7 × 3 = 21.",Puzzles,Pattern Puzzle
"In each row, the third number is the sum of the first two: [12, 11, 23], [16, 8, 24], [3, 3, ?]. Find the missing number.",6,5,7,10,A,"Following the pattern, the missing number = 3 + 3 = 6.",Puzzles,Pattern Puzzle
What is the angle between the hour and minute hands of a clock at 12:22?,76.0°,166.0°,91.0°,121.0°,D,Angle = |30×hour − 5.5×minute| = |30×12 − 5.5×22| = 121.0° (taking the smaller angle).,Puzzles,Clock Puzzles
"Which number is the odd one out: 4, 52, 10, 31?",4,31,52,10,B,31 is the odd one out because it is the only odd number; the rest are even.,Puzzles,Odd One Out
"Find the next number in the sequence: 16, 22, 28, 34, 40, ?",39,41,53,46,D,Each term increases by 6. Next term = 40 + 6 = 46.,Puzzles,Number Sequence
"If today is Wednesday, what day of the week will it be after 46 days?",Saturday,Sunday,Monday,Tuesday,B,46 days = 6 full weeks and 4 extra day(s). Counting 4 day(s) forward from Wednesday gives Sunday.,Puzzles,Calendar Puzzles
"If today is Wednesday, what day of the week will it be after 111 days?",Monday,Sunday,Tuesday,Saturday,C,111 days = 15 full weeks and 6 extra day(s). Counting 6 day(s) forward from Wednesday gives Tuesday.,Puzzles,Calendar Puzzles
"In each row, the third number is the sum of the first two: [2, 19, 21], [18, 4, 22], [19, 14, ?]. Find the missing number.",36,33,29,37,B,"Following the pattern, the missing number = 19 + 14 = 33.",Puzzles,Pattern Puzzle
A child is 7 years old and a parent is 37 years old today. In how many years will the parent be exactly twice as old as the child?,22,23,24,25,B,Let x = years from now. 37+x = 2(7+x) → x = 37 − 2×7 = 23.,Puzzles,Logical Riddles
"Which number is the odd one out: 3, 78, 56, 24?",3,78,24,56,D,56 is the odd one out because it is not a multiple of 3; the rest are.,Puzzles,Odd One Out
"If A=1, B=2, C=3, ... Z=26, what is the sum of the letter values in the word 'GEM'?",26,20,25,24,C,G(7) + E(5) + M(13) = 25.,Puzzles,Coding-Decoding
"If today is Sunday, what day of the week will it be after 141 days?",Monday,Friday,Wednesday,Saturday,A,141 days = 20 full weeks and 1 extra day(s). Counting 1 day(s) forward from Sunday gives Monday.,Puzzles,Calendar Puzzles
"In each row, the third number is the sum of the first two: [6, 19, 25], [7, 15, 22], [2, 5, ?]. Find the missing number.",10,6,5,7,D,"Following the pattern, the missing number = 2 + 5 = 7.",Puzzles,Pattern Puzzle
"Find the next number in the sequence: 31, 33, 35, 37, 39, ?",41,38,44,39,A,Each term increases by 2. Next term = 39 + 2 = 41.,Puzzles,Number Sequence
"Find the next letter in the series: N, Q, T, W, ?",L,Z,A,I,B,"The letters advance by 3 position(s) each time. After W, the next letter is Z.",Puzzles,Letter Series
What is the angle between the hour and minute hands of a clock at 6:35?,32.5°,7.5°,27.5°,12.5°,D,Angle = |30×hour − 5.5×minute| = |30×6 − 5.5×35| = 12.5° (taking the smaller angle).,Puzzles,Clock Puzzles
A child is 13 years old and a parent is 35 years old today. In how many years will the parent be exactly twice as old as the child?,9,5,11,6,A,Let x = years from now. 35+x = 2(13+x) → x = 35 − 2×13 = 9.,Puzzles,Logical Riddles
"A person is facing East. They turn 90° to the left, then turn 180° to the left. Which direction are they now facing?",North,West,East,South,D,"Facing East, turning 90° left gives North. Turning 180° left from North gives South.",Puzzles,Direction Sense
"Find the next number in the sequence: 10, 4, 14, 18, 32, ?",54,50,46,42,B,Each number is the sum of the two before it. Next = 18 + 32 = 50.,Puzzles,Number Sequence
"Find the next number in the sequence: 18, 5, 23, 28, 51, ?",83,82,79,71,C,Each number is the sum of the two before it. Next = 28 + 51 = 79.,Puzzles,Number Sequence
"If today is Tuesday, what day of the week will it be after 16 days?",Monday,Tuesday,Thursday,Sunday,C,16 days = 2 full weeks and 2 extra day(s). Counting 2 day(s) forward from Tuesday gives Thursday.,Puzzles,Calendar Puzzles
"If today is Friday, what day of the week will it be after 176 days?",Sunday,Tuesday,Saturday,Monday,C,176 days = 25 full weeks and 1 extra day(s). Counting 1 day(s) forward from Friday gives Saturday.,Puzzles,Calendar Puzzles
"Find the next number in the sequence: 21, 35, 49, 63, 77, ?",91,119,104,106,A,Each term increases by 14. Next term = 77 + 14 = 91.,Puzzles,Number Sequence
What is the angle between the hour and minute hands of a clock at 10:53?,53.5°,28.5°,8.5°,23.5°,C,Angle = |30×hour − 5.5×minute| = |30×10 − 5.5×53| = 8.5° (taking the smaller angle).,Puzzles,Clock Puzzles
"If today is Saturday, what day of the week will it be after 14 days?",Friday,Saturday,Tuesday,Thursday,B,14 days = 2 full weeks and 0 extra day(s). Counting 0 day(s) forward from Saturday gives Saturday.,Puzzles,Calendar Puzzles
A child is 11 years old and a parent is 39 years old today. In how many years will the parent be exactly twice as old as the child?,20,14,13,17,D,Let x = years from now. 39+x = 2(11+x) → x = 39 − 2×11 = 17.,Puzzles,Logical Riddles
"If A=1, B=2, C=3, ... Z=26, what is the sum of the letter values in the word 'EAR'?",28,27,24,22,C,E(5) + A(1) + R(18) = 24.,Puzzles,Coding-Decoding
"Find the next number in the sequence: 45, 48, 51, 54, 57, ?",62,66,60,56,C,Each term increases by 3. Next term = 57 + 3 = 60.,Puzzles,Number Sequence
"If today is Saturday, what day of the week will it be after 116 days?",Wednesday,Sunday,Tuesday,Thursday,A,116 days = 16 full weeks and 4 extra day(s). Counting 4 day(s) forward from Saturday gives Wednesday.,Puzzles,Calendar Puzzles
"In each row, the third number is the product of the first two: [2, 3, 6], [2, 5, 10], [9, 4, ?]. Find the missing number.",26,36,30,42,B,"Following the pattern, the missing number = 9 × 4 = 36.",Puzzles,Pattern Puzzle
What is the angle between the hour and minute hands of a clock at 10:46?,37.0°,47.0°,27.0°,17.0°,B,Angle = |30×hour − 5.5×minute| = |30×10 − 5.5×46| = 47.0° (taking the smaller angle).,Puzzles,Clock Puzzles
"Find the next number in the sequence: 24, 39, 54, 69, 84, ?",85,115,101,99,D,Each term increases by 15. Next term = 84 + 15 = 99.,Puzzles,Number Sequence
"Which number is the odd one out: 29, 120, 15, 75?",75,120,15,29,D,29 is the odd one out because it is not a multiple of 5; the rest are.,Puzzles,Odd One Out
"In each row, the third number is the product of the first two: [7, 11, 77], [13, 8, 104], [2, 12, ?]. Find the missing number.",34,24,22,26,B,"Following the pattern, the missing number = 2 × 12 = 24.",Puzzles,Pattern Puzzle
"Which number is the odd one out: 30, 85, 102, 55?",85,102,30,55,B,102 is the odd one out because it is not a multiple of 5; the rest are.,Puzzles,Odd One Out
"In each row, the third number is the product of the first two: [14, 7, 98], [9, 12, 108], [2, 11, ?]. Find the missing number.",22,24,28,18,A,"Following the pattern, the missing number = 2 × 11 = 22.",Puzzles,Pattern Puzzle
"Which number is the odd one out: 41, 5, 13, 26?",5,41,26,13,C,26 is the odd one out because it is not a prime number; the rest are prime.,Puzzles,Odd One Out
"Find the next number in the sequence: 35, 50, 65, 80, 95, ?",124,140,108,110,D,Each term increases by 15. Next term = 95 + 15 = 110.,Puzzles,Number Sequence
"Find the next number in the sequence: 10, 16, 26, 42, 68, ?",106,113,105,110,D,Each number is the sum of the two before it. Next = 42 + 68 = 110.,Puzzles,Number Sequence
What is the angle between the hour and minute hands of a clock at 10:55?,32.5°,47.5°,2.5°,7.5°,C,Angle = |30×hour − 5.5×minute| = |30×10 − 5.5×55| = 2.5° (taking the smaller angle).,Puzzles,Clock Puzzles
What is the angle between the hour and minute hands of a clock at 8:53?,6.5°,81.5°,31.5°,51.5°,D,Angle = |30×hour − 5.5×minute| = |30×8 − 5.5×53| = 51.5° (taking the smaller angle).,Puzzles,Clock Puzzles
"If today is Saturday, what day of the week will it be after 140 days?",Monday,Saturday,Friday,Wednesday,B,140 days = 20 full weeks and 0 extra day(s). Counting 0 day(s) forward from Saturday gives Saturday.,Puzzles,Calendar Puzzles
"Which number is the odd one out: 31, 17, 41, 24?",41,24,31,17,B,24 is the odd one out because it is not a prime number; the rest are prime.,Puzzles,Odd One Out
"Find the next number in the sequence: 30, 37, 44, 51, 58, ?",65,79,73,57,A,Each term increases by 7. Next term = 58 + 7 = 65.,Puzzles,Number Sequence
"Find the next number in the sequence: 6, 16, 22, 38, 60, ?",98,94,106,95,A,Each number is the sum of the two before it. Next = 38 + 60 = 98.,Puzzles,Number Sequence
"If today is Wednesday, what day of the week will it be after 109 days?",Saturday,Sunday,Thursday,Tuesday,B,109 days = 15 full weeks and 4 extra day(s). Counting 4 day(s) forward from Wednesday gives Sunday.,Puzzles,Calendar Puzzles
"Find the next letter in the series: Q, R, S, T, ?",C,U,O,S,B,"The letters advance by 1 position(s) each time. After T, the next letter is U.",Puzzles,Letter Series
"In each row, the third number is the product of the first two: [11, 10, 110], [4, 13, 52], [13, 13, ?]. Find the missing number.",167,169,179,173,B,"Following the pattern, the missing number = 13 × 13 = 169.",Puzzles,Pattern Puzzle
"In each row, the third number is the product of the first two: [5, 6, 30], [14, 11, 154], [9, 15, ?]. Find the missing number.",135,133,145,137,A,"Following the pattern, the missing number = 9 × 15 = 135.",Puzzles,Pattern Puzzle
"Which number is the odd one out: 145, 120, 105, 34?",105,120,145,34,D,34 is the odd one out because it is not a multiple of 5; the rest are.,Puzzles,Odd One Out
"If today is Monday, what day of the week will it be after 139 days?",Tuesday,Wednesday,Friday,Sunday,D,139 days = 19 full weeks and 6 extra day(s). Counting 6 day(s) forward from Monday gives Sunday.,Puzzles,Calendar Puzzles
"In each row, the third number is the product of the first two: [14, 3, 42], [6, 5, 30], [7, 3, ?]. Find the missing number.",21,15,17,27,A,"Following the pattern, the missing number = 7 × 3 = 21.",Puzzles,Pattern Puzzle
"A person is facing West. They turn 90° to the left, then turn 180° to the left. Which direction are they now facing?",West,South,East,North,D,"Facing West, turning 90° left gives South. Turning 180° left from South gives North.",Puzzles,Direction Sense
What is the angle between the hour and minute hands of a clock at 4:30?,35.0°,60.0°,45.0°,65.0°,C,Angle = |30×hour − 5.5×minute| = |30×4 − 5.5×30| = 45.0° (taking the smaller angle).,Puzzles,Clock Puzzles
What is the angle between the hour and minute hands of a clock at 9:37?,66.5°,111.5°,56.5°,96.5°,A,Angle = |30×hour − 5.5×minute| = |30×9 − 5.5×37| = 66.5° (taking the smaller angle).,Puzzles,Clock Puzzles
"Find the next number in the sequence: 2744, 3375, 4096, 4913, ?",5842,5882,5832,5782,C,These are cubes of consecutive integers starting from 14. Next = 18³ = 5832.,Puzzles,Number Sequence
"Which number is the odd one out: 55, 52, 34, 4?",52,4,55,34,C,55 is the odd one out because it is the only odd number; the rest are even.,Puzzles,Odd One Out
"If A=1, B=2, C=3, ... Z=26, what is the sum of the letter values in the word 'TUB'?",40,48,44,43,D,T(20) + U(21) + B(2) = 43.,Puzzles,Coding-Decoding
"Find the next number in the sequence: 1, 8, 15, 22, 29, ?",28,30,36,44,C,Each term increases by 7. Next term = 29 + 7 = 36.,Puzzles,Number Sequence
What is the angle between the hour and minute hands of a clock at 2:48?,171.0°,111.0°,156.0°,159.0°,C,Angle = |30×hour − 5.5×minute| = |30×2 − 5.5×48| = 156.0° (taking the smaller angle).,Puzzles,Clock Puzzles
"If A=1, B=2, C=3, ... Z=26, what is the sum of the letter values in the word 'GUN'?",46,37,42,44,C,G(7) + U(21) + N(14) = 42.,Puzzles,Coding-Decoding
What is the angle between the hour and minute hands of a clock at 9:05?,87.5°,107.5°,102.5°,117.5°,D,Angle = |30×hour − 5.5×minute| = |30×9 − 5.5×5| = 117.5° (taking the smaller angle).,Puzzles,Clock Puzzles
"In each row, the third number is the sum of the first two: [18, 2, 20], [14, 18, 32], [19, 12, ?]. Find the missing number.",33,29,32,31,D,"Following the pattern, the missing number = 19 + 12 = 31.",Puzzles,Pattern Puzzle
"Find the next number in the sequence: 33, 40, 47, 54, 61, ?",62,76,82,68,D,Each term increases by 7. Next term = 61 + 7 = 68.,Puzzles,Number Sequence
A child is 12 years old and a parent is 35 years old today. In how many years will the parent be exactly twice as old as the child?,14,7,8,11,D,Let x = years from now. 35+x = 2(12+x) → x = 35 − 2×12 = 11.,Puzzles,Logical Riddles
What is the angle between the hour and minute hands of a clock at 9:08?,154.0°,134.0°,119.0°,144.0°,B,Angle = |30×hour − 5.5×minute| = |30×9 − 5.5×8| = 134.0° (taking the smaller angle).,Puzzles,Clock Puzzles
"If today is Sunday, what day of the week will it be after 38 days?",Sunday,Tuesday,Monday,Wednesday,D,38 days = 5 full weeks and 3 extra day(s). Counting 3 day(s) forward from Sunday gives Wednesday.,Puzzles,Calendar Puzzles
What is the angle between the hour and minute hands of a clock at 11:22?,106.0°,171.0°,166.0°,151.0°,D,Angle = |30×hour − 5.5×minute| = |30×11 − 5.5×22| = 151.0° (taking the smaller angle).,Puzzles,Clock Puzzles
"Which number is the odd one out: 7, 29, 21, 17?",17,7,21,29,C,21 is the odd one out because it is not a prime number; the rest are prime.,Puzzles,Odd One Out
"Find the next number in the sequence: 20, 32, 44, 56, 68, ?",67,80,91,82,B,Each term increases by 12. Next term = 68 + 12 = 80.,Puzzles,Number Sequence
"Find the next number in the sequence: 37, 45, 53, 61, 69, ?",93,77,68,86,B,Each term increases by 8. Next term = 69 + 8 = 77.,Puzzles,Number Sequence
"Find the next number in the sequence: 12, 27, 42, 57, 72, ?",117,71,87,85,C,Each term increases by 15. Next term = 72 + 15 = 87.,Puzzles,Number Sequence
"If today is Monday, what day of the week will it be after 112 days?",Saturday,Tuesday,Thursday,Monday,D,112 days = 16 full weeks and 0 extra day(s). Counting 0 day(s) forward from Monday gives Monday.,Puzzles,Calendar Puzzles
"Which number is the odd one out: 60, 86, 18, 9?",18,86,60,9,B,86 is the odd one out because it is not a multiple of 3; the rest are.,Puzzles,Odd One Out
"In each row, the third number is the product of the first two: [2, 3, 6], [8, 7, 56], [5, 11, ?]. Find the missing number.",55,53,45,65,A,"Following the pattern, the missing number = 5 × 11 = 55.",Puzzles,Pattern Puzzle
What is the angle between the hour and minute hands of a clock at 5:20?,30.0°,85.0°,70.0°,40.0°,D,Angle = |30×hour − 5.5×minute| = |30×5 − 5.5×20| = 40.0° (taking the smaller angle).,Puzzles,Clock Puzzles
"Find the next number in the sequence: 9, 8, 17, 25, 42, ?",70,67,62,75,B,Each number is the sum of the two before it. Next = 25 + 42 = 67.,Puzzles,Number Sequence
"Find the next number in the sequence: 8, 17, 25, 42, 67, ?",117,109,104,106,B,Each number is the sum of the two before it. Next = 42 + 67 = 109.,Puzzles,Number Sequence
"Which number is the odd one out: 69, 3, 89, 39?",3,89,39,69,B,89 is the odd one out because it is not a multiple of 3; the rest are.,Puzzles,Odd One Out
"If A=1, B=2, C=3, ... Z=26, what is the sum of the letter values in the word 'RED'?",24,23,27,22,C,R(18) + E(5) + D(4) = 27.,Puzzles,Coding-Decoding
"Find the next number in the sequence: 38, 48, 58, 68, 78, ?",99,108,88,90,C,Each term increases by 10. Next term = 78 + 10 = 88.,Puzzles,Number Sequence
What is the angle between the hour and minute hands of a clock at 11:42?,99.0°,144.0°,84.0°,109.0°,A,Angle = |30×hour − 5.5×minute| = |30×11 − 5.5×42| = 99.0° (taking the smaller angle).,Puzzles,Clock Puzzles
"If today is Monday, what day of the week will it be after 99 days?",Tuesday,Monday,Thursday,Sunday,A,99 days = 14 full weeks and 1 extra day(s). Counting 1 day(s) forward from Monday gives Tuesday.,Puzzles,Calendar Puzzles
"Find the next number in the sequence: 6, 12, 24, 48, 96, ?",190,192,194,187,B,Each term is multiplied by 2. Next term = 96 × 2 = 192.,Puzzles,Number Sequence
"Find the next number in the sequence: 13, 20, 27, 34, 41, ?",48,54,62,46,A,Each term increases by 7. Next term = 41 + 7 = 48.,Puzzles,Number Sequence
"In each row, the third number is the sum of the first two: [7, 7, 14], [14, 11, 25], [8, 11, ?]. Find the missing number.",20,17,19,21,C,"Following the pattern, the missing number = 8 + 11 = 19.",Puzzles,Pattern Puzzle
"Which number is the odd one out: 105, 20, 142, 70?",20,70,105,142,D,142 is the odd one out because it is not a multiple of 5; the rest are.,Puzzles,Odd One Out
"If today is Thursday, what day of the week will it be after 90 days?",Thursday,Tuesday,Monday,Wednesday,D,90 days = 12 full weeks and 6 extra day(s). Counting 6 day(s) forward from Thursday gives Wednesday.,Puzzles,Calendar Puzzles
"Which number is the odd one out: 37, 5, 28, 7?",7,37,28,5,C,28 is the odd one out because it is not a prime number; the rest are prime.,Puzzles,Odd One Out
A child is 8 years old and a parent is 37 years old today. In how many years will the parent be exactly twice as old as the child?,24,21,20,18,B,Let x = years from now. 37+x = 2(8+x) → x = 37 − 2×8 = 21.,Puzzles,Logical Riddles
"In each row, the third number is the product of the first two: [4, 11, 44], [9, 9, 81], [10, 14, ?]. Find the missing number.",136,140,130,142,B,"Following the pattern, the missing number = 10 × 14 = 140.",Puzzles,Pattern Puzzle
"Which number is the odd one out: 24, 29, 51, 81?",24,51,29,81,C,29 is the odd one out because it is not a multiple of 3; the rest are.,Puzzles,Odd One Out
"Find the next number in the sequence: 8, 16, 24, 40, 64, ?",96,104,107,112,B,Each number is the sum of the two before it. Next = 40 + 64 = 104.,Puzzles,Number Sequence
"Find the next letter in the series: M, N, O, P, ?",F,Q,P,O,B,"The letters advance by 1 position(s) each time. After P, the next letter is Q.",Puzzles,Letter Series
"Which number is the odd one out: 83, 100, 60, 105?",60,105,83,100,C,83 is the odd one out because it is not a multiple of 5; the rest are.,Puzzles,Odd One Out
"In each row, the third number is the product of the first two: [2, 11, 22], [10, 2, 20], [4, 10, ?]. Find the missing number.",40,34,42,30,A,"Following the pattern, the missing number = 4 × 10 = 40.",Puzzles,Pattern Puzzle
What is the angle between the hour and minute hands of a clock at 7:00?,130.0°,160.0°,150.0°,120.0°,C,Angle = |30×hour − 5.5×minute| = |30×7 − 5.5×0| = 150.0° (taking the smaller angle).,Puzzles,Clock Puzzles
"If today is Sunday, what day of the week will it be after 104 days?",Wednesday,Saturday,Sunday,Monday,B,104 days = 14 full weeks and 6 extra day(s). Counting 6 day(s) forward from Sunday gives Saturday.,Puzzles,Calendar Puzzles
"Which number is the odd one out: 41, 13, 37, 15?",41,13,15,37,C,15 is the odd one out because it is not a prime number; the rest are prime.,Puzzles,Odd One Out
"In each row, the third number is the product of the first two: [15, 8, 120], [2, 4, 8], [2, 9, ?]. Find the missing number.",16,24,18,28,C,"Following the pattern, the missing number = 2 × 9 = 18.",Puzzles,Pattern Puzzle
What is the angle between the hour and minute hands of a clock at 3:11?,74.5°,14.5°,49.5°,29.5°,D,Angle = |30×hour − 5.5×minute| = |30×3 − 5.5×11| = 29.5° (taking the smaller angle).,Puzzles,Clock Puzzles
"A person is facing North. They turn 90° to the left, then turn 180° to the left. Which direction are they now facing?",East,North,West,South,A,"Facing North, turning 90° left gives West. Turning 180° left from West gives East.",Puzzles,Direction Sense
What is the angle between the hour and minute hands of a clock at 4:33?,16.5°,61.5°,81.5°,71.5°,B,Angle = |30×hour − 5.5×minute| = |30×4 − 5.5×33| = 61.5° (taking the smaller angle).,Puzzles,Clock Puzzles
"Find the next number in the sequence: 14, 7, 21, 28, 49, ?",74,80,77,82,C,Each number is the sum of the two before it. Next = 28 + 49 = 77.,Puzzles,Number Sequence
"Which number is the odd one out: 20, 66, 30, 15?",66,20,15,30,A,66 is the odd one out because it is not a multiple of 5; the rest are.,Puzzles,Odd One Out
"Find the next number in the sequence: 43, 46, 49, 52, 55, ?",56,62,58,60,C,Each term increases by 3. Next term = 55 + 3 = 58.,Puzzles,Number Sequence
"Find the next number in the sequence: 49, 51, 53, 55, 57, ?",57,60,59,61,C,Each term increases by 2. Next term = 57 + 2 = 59.,Puzzles,Number Sequence
"If A=1, B=2, C=3, ... Z=26, what is the sum of the letter values in the word 'SEA'?",25,20,28,22,A,S(19) + E(5) + A(1) = 25.,Puzzles,Coding-Decoding
"Find the next number in the sequence: 39, 43, 47, 51, 55, ?",54,61,62,59,D,Each term increases by 4. Next term = 55 + 4 = 59.,Puzzles,Number Sequence
"Find the next number in the sequence: 1, 4, 16, 64, 256, ?",1022,1020,1028,1024,D,Each term is multiplied by 4. Next term = 256 × 4 = 1024.,Puzzles,Number Sequence
"Find the next letter in the series: I, L, O, R, ?",A,M,U,V,C,"The letters advance by 3 position(s) each time. After R, the next letter is U.",Puzzles,Letter Series
"Which number is the odd one out: 2, 50, 53, 40?",2,53,40,50,B,53 is the odd one out because it is the only odd number; the rest are even.,Puzzles,Odd One Out
What is the angle between the hour and minute hands of a clock at 12:50?,75.0°,85.0°,65.0°,130.0°,B,Angle = |30×hour − 5.5×minute| = |30×12 − 5.5×50| = 85.0° (taking the smaller angle).,Puzzles,Clock Puzzles
A child is 6 years old and a parent is 31 years old today. In how many years will the parent be exactly twice as old as the child?,21,20,18,19,D,Let x = years from now. 31+x = 2(6+x) → x = 31 − 2×6 = 19.,Puzzles,Logical Riddles
"In each row, the third number is the sum of the first two: [15, 12, 27], [20, 3, 23], [9, 13, ?]. Find the missing number.",23,22,19,20,B,"Following the pattern, the missing number = 9 + 13 = 22.",Puzzles,Pattern Puzzle
What is the angle between the hour and minute hands of a clock at 6:50?,75.0°,140.0°,95.0°,125.0°,C,Angle = |30×hour − 5.5×minute| = |30×6 − 5.5×50| = 95.0° (taking the smaller angle).,Puzzles,Clock Puzzles
"In each row, the third number is the sum of the first two: [6, 14, 20], [6, 9, 15], [18, 19, ?]. Find the missing number.",40,36,37,38,C,"Following the pattern, the missing number = 18 + 19 = 37.",Puzzles,Pattern Puzzle
A child is 13 years old and a parent is 42 years old today. In how many years will the parent be exactly twice as old as the child?,15,17,16,18,C,Let x = years from now. 42+x = 2(13+x) → x = 42 − 2×13 = 16.,Puzzles,Logical Riddles
"If today is Wednesday, what day of the week will it be after 2 days?",Thursday,Friday,Monday,Saturday,B,2 days = 0 full weeks and 2 extra day(s). Counting 2 day(s) forward from Wednesday gives Friday.,Puzzles,Calendar Puzzles
"Find the next letter in the series: E, G, I, K, ?",M,Y,H,J,A,"The letters advance by 2 position(s) each time. After K, the next letter is M.",Puzzles,Letter Series
"In each row, the third number is the sum of the first two: [6, 8, 14], [10, 18, 28], [18, 15, ?]. Find the missing number.",33,30,29,31,A,"Following the pattern, the missing number = 18 + 15 = 33.",Puzzles,Pattern Puzzle
A child is 11 years old and a parent is 40 years old today. In how many years will the parent be exactly twice as old as the child?,18,14,16,19,A,Let x = years from now. 40+x = 2(11+x) → x = 40 − 2×11 = 18.,Puzzles,Logical Riddles
"Which number is the odd one out: 69, 36, 77, 72?",36,72,69,77,D,77 is the odd one out because it is not a multiple of 3; the rest are.,Puzzles,Odd One Out
"Find the next number in the sequence: 1, 3, 9, 27, 81, ?",364,243,241,246,B,Each term is multiplied by 3. Next term = 81 × 3 = 243.,Puzzles,Number Sequence
"In each row, the third number is the product of the first two: [7, 13, 91], [5, 8, 40], [11, 15, ?]. Find the missing number.",155,161,165,159,C,"Following the pattern, the missing number = 11 × 15 = 165.",Puzzles,Pattern Puzzle
"In each row, the third number is the sum of the first two: [4, 16, 20], [12, 17, 29], [14, 4, ?]. Find the missing number.",18,16,19,21,A,"Following the pattern, the missing number = 14 + 4 = 18.",Puzzles,Pattern Puzzle
"If today is Tuesday, what day of the week will it be after 2 days?",Tuesday,Friday,Wednesday,Thursday,D,2 days = 0 full weeks and 2 extra day(s). Counting 2 day(s) forward from Tuesday gives Thursday.,Puzzles,Calendar Puzzles
"Find the next number in the sequence: 2, 4, 8, 16, 32, ?",64,69,32,96,A,Each term is multiplied by 2. Next term = 32 × 2 = 64.,Puzzles,Number Sequence
"Find the next number in the sequence: 16, 25, 34, 43, 52, ?",61,63,79,59,A,Each term increases by 9. Next term = 52 + 9 = 61.,Puzzles,Number Sequence
"Find the next number in the sequence: 5, 9, 14, 23, 37, ?",56,55,60,52,C,Each number is the sum of the two before it. Next = 23 + 37 = 60.,Puzzles,Number Sequence
"In each row, the third number is the sum of the first two: [5, 6, 11], [2, 2, 4], [3, 13, ?]. Find the missing number.",18,16,17,19,B,"Following the pattern, the missing number = 3 + 13 = 16.",Puzzles,Pattern Puzzle
"Find the next number in the sequence: 1, 13, 14, 27, 41, ?",71,64,76,68,D,Each number is the sum of the two before it. Next = 27 + 41 = 68.,Puzzles,Number Sequence
"In each row, the third number is the sum of the first two: [20, 14, 34], [13, 10, 23], [4, 8, ?]. Find the missing number.",12,13,14,8,A,"Following the pattern, the missing number = 4 + 8 = 12.",Puzzles,Pattern Puzzle
"In each row, the third number is the product of the first two: [6, 12, 72], [14, 6, 84], [4, 15, ?]. Find the missing number.",60,70,56,62,A,"Following the pattern, the missing number = 4 × 15 = 60.",Puzzles,Pattern Puzzle
"If A=1, B=2, C=3, ... Z=26, what is the sum of the letter values in the word 'WAX'?",49,48,44,45,B,W(23) + A(1) + X(24) = 48.,Puzzles,Coding-Decoding
"Find the next number in the sequence: 49, 64, 81, 100, 121, ?",147,149,141,144,D,These are perfect squares of consecutive integers starting from 7. Next = 12² = 144.,Puzzles,Number Sequence
"If today is Wednesday, what day of the week will it be after 189 days?",Wednesday,Saturday,Sunday,Tuesday,A,189 days = 27 full weeks and 0 extra day(s). Counting 0 day(s) forward from Wednesday gives Wednesday.,Puzzles,Calendar Puzzles
"In each row, the third number is the product of the first two: [11, 8, 88], [6, 10, 60], [12, 8, ?]. Find the missing number.",102,96,90,98,B,"Following the pattern, the missing number = 12 × 8 = 96.",Puzzles,Pattern Puzzle
"Find the next number in the sequence: 4, 11, 15, 26, 41, ?",67,70,75,63,A,Each number is the sum of the two before it. Next = 26 + 41 = 67.,Puzzles,Number Sequence
"In each row, the third number is the sum of the first two: [17, 2, 19], [10, 14, 24], [8, 7, ?]. Find the missing number.",15,17,12,14,A,"Following the pattern, the missing number = 8 + 7 = 15.",Puzzles,Pattern Puzzle
"Find the next number in the sequence: 900, 961, 1024, 1089, 1156, ?",1222,1228,1227,1225,D,These are perfect squares of consecutive integers starting from 30. Next = 35² = 1225.,Puzzles,Number Sequence
"A person is facing South. They turn 90° to the right, then turn 270° to the right. Which direction are they now facing?",East,North,South,West,C,"Facing South, turning 90° right gives West. Turning 270° right from West gives South.",Puzzles,Direction Sense
"Find the next number in the sequence: 8, 27, 64, 125, ?",236,166,216,226,C,These are cubes of consecutive integers starting from 2. Next = 6³ = 216.,Puzzles,Number Sequence
"Find the next number in the sequence: 22, 29, 36, 43, 50, ?",59,55,57,63,C,Each term increases by 7. Next term = 50 + 7 = 57.,Puzzles,Number Sequence
"Find the next letter in the series: N, O, P, Q, ?",R,V,O,M,A,"The letters advance by 1 position(s) each time. After Q, the next letter is R.",Puzzles,Letter Series
"A person is facing West. They turn 180° to the left, then turn 90° to the right. Which direction are they now facing?",South,North,West,East,A,"Facing West, turning 180° left gives East. Turning 90° right from East gives South.",Puzzles,Direction Sense
"In each row, the third number is the product of the first two: [7, 7, 49], [9, 7, 63], [5, 13, ?]. Find the missing number.",63,59,65,75,C,"Following the pattern, the missing number = 5 × 13 = 65.",Puzzles,Pattern Puzzle
A child is 10 years old and a parent is 34 years old today. In how many years will the parent be exactly twice as old as the child?,14,11,12,16,A,Let x = years from now. 34+x = 2(10+x) → x = 34 − 2×10 = 14.,Puzzles,Logical Riddles
"Which number is the odd one out: 60, 38, 80, 115?",80,60,115,38,D,38 is the odd one out because it is not a multiple of 5; the rest are.,Puzzles,Odd One Out
"In each row, the third number is the sum of the first two: [19, 2, 21], [2, 8, 10], [17, 9, ?]. Find the missing number.",26,28,30,24,A,"Following the pattern, the missing number = 17 + 9 = 26.",Puzzles,Pattern Puzzle
"In each row, the third number is the product of the first two: [10, 6, 60], [9, 2, 18], [11, 7, ?]. Find the missing number.",75,77,81,87,B,"Following the pattern, the missing number = 11 × 7 = 77.",Puzzles,Pattern Puzzle
"Find the next number in the sequence: 26, 39, 52, 65, 78, ?",117,91,89,93,B,Each term increases by 13. Next term = 78 + 13 = 91.,Puzzles,Number Sequence
"In each row, the third number is the product of the first two: [14, 6, 84], [6, 2, 12], [13, 14, ?]. Find the missing number.",182,188,172,178,A,"Following the pattern, the missing number = 13 × 14 = 182.",Puzzles,Pattern Puzzle
"Find the next number in the sequence: 125, 216, 343, 512, ?",709,699,679,729,D,These are cubes of consecutive integers starting from 5. Next = 9³ = 729.,Puzzles,Number Sequence
"Find the next number in the sequence: 64, 81, 100, 121, 144, ?",166,174,169,170,C,These are perfect squares of consecutive integers starting from 8. Next = 13² = 169.,Puzzles,Number Sequence
"If A=1, B=2, C=3, ... Z=26, what is the sum of the letter values in the word 'CAT'?",19,23,21,24,D,C(3) + A(1) + T(20) = 24.,Puzzles,Coding-Decoding
"Which number is the odd one out: 86, 24, 3, 27?",24,86,3,27,B,86 is the odd one out because it is not a multiple of 3; the rest are.,Puzzles,Odd One Out
"Find the next number in the sequence: 15, 8, 23, 31, 54, ?",80,88,85,89,C,Each number is the sum of the two before it. Next = 31 + 54 = 85.,Puzzles,Number Sequence
"If today is Saturday, what day of the week will it be after 188 days?",Friday,Sunday,Tuesday,Wednesday,A,188 days = 26 full weeks and 6 extra day(s). Counting 6 day(s) forward from Saturday gives Friday.,Puzzles,Calendar Puzzles
"Which number is the odd one out: 135, 145, 84, 80?",135,84,145,80,B,84 is the odd one out because it is not a multiple of 5; the rest are.,Puzzles,Odd One Out
"In each row, the third number is the sum of the first two: [6, 17, 23], [18, 20, 38], [16, 14, ?]. Find the missing number.",31,30,34,29,B,"Following the pattern, the missing number = 16 + 14 = 30.",Puzzles,Pattern Puzzle
"Find the next number in the sequence: 15, 2, 17, 19, 36, ?",47,63,51,55,D,Each number is the sum of the two before it. Next = 19 + 36 = 55.,Puzzles,Number Sequence
"In each row, the third number is the sum of the first two: [9, 2, 11], [20, 2, 22], [3, 11, ?]. Find the missing number.",15,13,10,14,D,"Following the pattern, the missing number = 3 + 11 = 14.",Puzzles,Pattern Puzzle
"If today is Monday, what day of the week will it be after 155 days?",Tuesday,Sunday,Saturday,Thursday,A,155 days = 22 full weeks and 1 extra day(s). Counting 1 day(s) forward from Monday gives Tuesday.,Puzzles,Calendar Puzzles
"Which number is the odd one out: 17, 19, 23, 24?",23,19,24,17,C,24 is the odd one out because it is not a prime number; the rest are prime.,Puzzles,Odd One Out
"Which number is the odd one out: 45, 100, 115, 41?",41,100,45,115,A,41 is the odd one out because it is not a multiple of 5; the rest are.,Puzzles,Odd One Out
"In each row, the third number is the sum of the first two: [7, 14, 21], [9, 4, 13], [10, 18, ?]. Find the missing number.",28,24,25,31,A,"Following the pattern, the missing number = 10 + 18 = 28.",Puzzles,Pattern Puzzle
"If A=1, B=2, C=3, ... Z=26, what is the sum of the letter values in the word 'VET'?",47,46,50,44,A,V(22) + E(5) + T(20) = 47.,Puzzles,Coding-Decoding
A child is 5 years old and a parent is 33 years old today. In how many years will the parent be exactly twice as old as the child?,27,20,23,24,C,Let x = years from now. 33+x = 2(5+x) → x = 33 − 2×5 = 23.,Puzzles,Logical Riddles
"In each row, the third number is the sum of the first two: [18, 5, 23], [5, 13, 18], [6, 17, ?]. Find the missing number.",24,27,23,21,C,"Following the pattern, the missing number = 6 + 17 = 23.",Puzzles,Pattern Puzzle
"Which number is the odd one out: 8, 18, 10, 15?",18,10,15,8,C,15 is the odd one out because it is the only odd number; the rest are even.,Puzzles,Odd One Out
A child is 14 years old and a parent is 34 years old today. In how many years will the parent be exactly twice as old as the child?,5,4,8,6,D,Let x = years from now. 34+x = 2(14+x) → x = 34 − 2×14 = 6.,Puzzles,Logical Riddles
"In each row, the third number is the product of the first two: [4, 7, 28], [15, 8, 120], [3, 5, ?]. Find the missing number.",15,25,13,11,A,"Following the pattern, the missing number = 3 × 5 = 15.",Puzzles,Pattern Puzzle
A child is 10 years old and a parent is 30 years old today. In how many years will the parent be exactly twice as old as the child?,14,13,11,10,D,Let x = years from now. 30+x = 2(10+x) → x = 30 − 2×10 = 10.,Puzzles,Logical Riddles
What is the angle between the hour and minute hands of a clock at 5:45?,52.5°,107.5°,97.5°,87.5°,C,Angle = |30×hour − 5.5×minute| = |30×5 − 5.5×45| = 97.5° (taking the smaller angle).,Puzzles,Clock Puzzles
"A person is facing East. They turn 90° to the left, then turn 90° to the left. Which direction are they now facing?",East,North,South,West,D,"Facing East, turning 90° left gives North. Turning 90° left from North gives West.",Puzzles,Direction Sense
"Which number is the odd one out: 30, 27, 32, 12?",12,30,27,32,D,32 is the odd one out because it is not a multiple of 3; the rest are.,Puzzles,Odd One Out
"If today is Sunday, what day of the week will it be after 7 days?",Friday,Monday,Tuesday,Sunday,D,7 days = 1 full weeks and 0 extra day(s). Counting 0 day(s) forward from Sunday gives Sunday.,Puzzles,Calendar Puzzles
"Find the next number in the sequence: 20, 1, 21, 22, 43, ?",70,69,65,73,C,Each number is the sum of the two before it. Next = 22 + 43 = 65.,Puzzles,Number Sequence
What is the angle between the hour and minute hands of a clock at 5:38?,69.0°,14.0°,59.0°,79.0°,C,Angle = |30×hour − 5.5×minute| = |30×5 − 5.5×38| = 59.0° (taking the smaller angle).,Puzzles,Clock Puzzles
"Find the next number in the sequence: 216, 343, 512, 729, ?",1020,970,1000,950,C,These are cubes of consecutive integers starting from 6. Next = 10³ = 1000.,Puzzles,Number Sequence
What is the angle between the hour and minute hands of a clock at 8:48?,24.0°,69.0°,44.0°,4.0°,A,Angle = |30×hour − 5.5×minute| = |30×8 − 5.5×48| = 24.0° (taking the smaller angle).,Puzzles,Clock Puzzles
"Find the next number in the sequence: 12, 17, 22, 27, 32, ?",33,39,47,37,D,Each term increases by 5. Next term = 32 + 5 = 37.,Puzzles,Number Sequence
"Which number is the odd one out: 4, 31, 11, 41?",41,11,4,31,C,4 is the odd one out because it is not a prime number; the rest are prime.,Puzzles,Odd One Out
"Which number is the odd one out: 76, 72, 12, 9?",9,72,12,76,D,76 is the odd one out because it is not a multiple of 3; the rest are.,Puzzles,Odd One Out
"In each row, the third number is the product of the first two: [9, 5, 45], [13, 11, 143], [10, 10, ?]. Find the missing number.",100,98,110,104,A,"Following the pattern, the missing number = 10 × 10 = 100.",Puzzles,Pattern Puzzle
"In each row, the third number is the product of the first two: [2, 9, 18], [9, 11, 99], [10, 13, ?]. Find the missing number.",120,130,140,132,B,"Following the pattern, the missing number = 10 × 13 = 130.",Puzzles,Pattern Puzzle
"Find the next number in the sequence: 100, 121, 144, 169, 196, ?",230,225,220,226,B,These are perfect squares of consecutive integers starting from 10. Next = 15² = 225.,Puzzles,Number Sequence
"In each row, the third number is the sum of the first two: [5, 3, 8], [5, 12, 17], [14, 16, ?]. Find the missing number.",30,26,27,31,A,"Following the pattern, the missing number = 14 + 16 = 30.",Puzzles,Pattern Puzzle
"In each row, the third number is the product of the first two: [4, 14, 56], [6, 9, 54], [13, 2, ?]. Find the missing number.",24,26,30,16,B,"Following the pattern, the missing number = 13 × 2 = 26.",Puzzles,Pattern Puzzle
"In each row, the third number is the sum of the first two: [12, 10, 22], [20, 11, 31], [17, 20, ?]. Find the missing number.",35,34,40,37,D,"Following the pattern, the missing number = 17 + 20 = 37.",Puzzles,Pattern Puzzle
"If A=1, B=2, C=3, ... Z=26, what is the sum of the letter values in the word 'BIG'?",15,18,22,19,B,B(2) + I(9) + G(7) = 18.,Puzzles,Coding-Decoding
"Find the next number in the sequence: 9, 12, 15, 18, 21, ?",24,28,30,26,A,Each term increases by 3. Next term = 21 + 3 = 24.,Puzzles,Number Sequence
"Find the next number in the sequence: 17, 32, 47, 62, 77, ?",92,76,122,78,A,Each term increases by 15. Next term = 77 + 15 = 92.,Puzzles,Number Sequence
"Which number is the odd one out: 34, 6, 17, 2?",17,2,34,6,A,17 is the odd one out because it is the only odd number; the rest are even.,Puzzles,Odd One Out
"Find the next number in the sequence: 7, 28, 112, 448, 1792, ?",7170,7172,7168,7166,C,Each term is multiplied by 4. Next term = 1792 × 4 = 7168.,Puzzles,Number Sequence
"If A=1, B=2, C=3, ... Z=26, what is the sum of the letter values in the word 'RID'?",33,34,29,31,D,R(18) + I(9) + D(4) = 31.,Puzzles,Coding-Decoding
"If A=1, B=2, C=3, ... Z=26, what is the sum of the letter values in the word 'SIT'?",50,48,45,47,B,S(19) + I(9) + T(20) = 48.,Puzzles,Coding-Decoding
What is the angle between the hour and minute hands of a clock at 1:45?,97.5°,142.5°,112.5°,157.5°,B,Angle = |30×hour − 5.5×minute| = |30×1 − 5.5×45| = 142.5° (taking the smaller angle).,Puzzles,Clock Puzzles
"Which number is the odd one out: 75, 87, 17, 78?",78,17,75,87,B,17 is the odd one out because it is not a multiple of 3; the rest are.,Puzzles,Odd One Out
"If today is Tuesday, what day of the week will it be after 171 days?",Wednesday,Thursday,Sunday,Friday,D,171 days = 24 full weeks and 3 extra day(s). Counting 3 day(s) forward from Tuesday gives Friday.,Puzzles,Calendar Puzzles
"Which number is the odd one out: 45, 97, 85, 75?",45,75,85,97,D,97 is the odd one out because it is not a multiple of 5; the rest are.,Puzzles,Odd One Out
What is the angle between the hour and minute hands of a clock at 3:01?,104.5°,84.5°,39.5°,129.5°,B,Angle = |30×hour − 5.5×minute| = |30×3 − 5.5×1| = 84.5° (taking the smaller angle).,Puzzles,Clock Puzzles
"A person is facing East. They turn 90° to the left, then turn 270° to the right. Which direction are they now facing?",North,West,South,East,B,"Facing East, turning 90° left gives North. Turning 270° right from North gives West.",Puzzles,Direction Sense
"In each row, the third number is the product of the first two: [6, 15, 90], [7, 13, 91], [5, 12, ?]. Find the missing number.",58,62,70,60,D,"Following the pattern, the missing number = 5 × 12 = 60.",Puzzles,Pattern Puzzle
"Find the next number in the sequence: 12, 14, 26, 40, 66, ?",114,102,106,111,C,Each number is the sum of the two before it. Next = 40 + 66 = 106.,Puzzles,Number Sequence
"In each row, the third number is the sum of the first two: [16, 2, 18], [3, 5, 8], [7, 2, ?]. Find the missing number.",9,12,11,6,A,"Following the pattern, the missing number = 7 + 2 = 9.",Puzzles,Pattern Puzzle
"Find the next letter in the series: M, O, Q, S, ?",S,U,F,A,B,"The letters advance by 2 position(s) each time. After S, the next letter is U.",Puzzles,Letter Series
A child is 10 years old and a parent is 38 years old today. In how many years will the parent be exactly twice as old as the child?,22,18,21,14,B,Let x = years from now. 38+x = 2(10+x) → x = 38 − 2×10 = 18.,Puzzles,Logical Riddles
"In each row, the third number is the sum of the first two: [13, 15, 28], [17, 9, 26], [12, 10, ?]. Find the missing number.",24,25,22,21,C,"Following the pattern, the missing number = 12 + 10 = 22.",Puzzles,Pattern Puzzle
"In each row, the third number is the sum of the first two: [20, 2, 22], [5, 17, 22], [16, 13, ?]. Find the missing number.",32,30,29,27,C,"Following the pattern, the missing number = 16 + 13 = 29.",Puzzles,Pattern Puzzle
What is the angle between the hour and minute hands of a clock at 3:21?,19.5°,25.5°,55.5°,70.5°,B,Angle = |30×hour − 5.5×minute| = |30×3 − 5.5×21| = 25.5° (taking the smaller angle).,Puzzles,Clock Puzzles
"If A=1, B=2, C=3, ... Z=26, what is the sum of the letter values in the word 'PEN'?",35,37,40,38,A,P(16) + E(5) + N(14) = 35.,Puzzles,Coding-Decoding
A child is 12 years old and a parent is 38 years old today. In how many years will the parent be exactly twice as old as the child?,17,15,14,18,C,Let x = years from now. 38+x = 2(12+x) → x = 38 − 2×12 = 14.,Puzzles,Logical Riddles
"A person is facing South. They turn 90° to the right, then turn 90° to the left. Which direction are they now facing?",South,North,West,East,A,"Facing South, turning 90° right gives West. Turning 90° left from West gives South.",Puzzles,Direction Sense
"In each row, the third number is the sum of the first two: [13, 15, 28], [18, 9, 27], [17, 6, ?]. Find the missing number.",24,25,23,21,C,"Following the pattern, the missing number = 17 + 6 = 23.",Puzzles,Pattern Puzzle
"If A=1, B=2, C=3, ... Z=26, what is the sum of the letter values in the word 'TOY'?",62,58,55,60,D,T(20) + O(15) + Y(25) = 60.,Puzzles,Coding-Decoding
"In each row, the third number is the sum of the first two: [13, 7, 20], [6, 15, 21], [6, 5, ?]. Find the missing number.",11,7,13,12,A,"Following the pattern, the missing number = 6 + 5 = 11.",Puzzles,Pattern Puzzle
"Which number is the odd one out: 54, 22, 37, 46?",22,37,54,46,B,37 is the odd one out because it is the only odd number; the rest are even.,Puzzles,Odd One Out
What is the angle between the hour and minute hands of a clock at 1:03?,31.5°,6.5°,13.5°,23.5°,C,Angle = |30×hour − 5.5×minute| = |30×1 − 5.5×3| = 13.5° (taking the smaller angle).,Puzzles,Clock Puzzles
"If today is Thursday, what day of the week will it be after 69 days?",Saturday,Monday,Wednesday,Friday,C,69 days = 9 full weeks and 6 extra day(s). Counting 6 day(s) forward from Thursday gives Wednesday.,Puzzles,Calendar Puzzles
"Find the next number in the sequence: 10, 25, 40, 55, 70, ?",115,69,99,85,D,Each term increases by 15. Next term = 70 + 15 = 85.,Puzzles,Number Sequence
"In each row, the third number is the product of the first two: [3, 15, 45], [10, 11, 110], [8, 14, ?]. Find the missing number.",108,106,112,116,C,"Following the pattern, the missing number = 8 × 14 = 112.",Puzzles,Pattern Puzzle
"A person is facing South. They turn 270° to the left, then turn 270° to the left. Which direction are they now facing?",North,East,South,West,A,"Facing South, turning 270° left gives West. Turning 270° left from West gives North.",Puzzles,Direction Sense
"Which number is the odd one out: 11, 41, 19, 6?",19,6,11,41,B,6 is the odd one out because it is not a prime number; the rest are prime.,Puzzles,Odd One Out
"In each row, the third number is the sum of the first two: [17, 17, 34], [20, 18, 38], [5, 6, ?]. Find the missing number.",11,7,14,8,A,"Following the pattern, the missing number = 5 + 6 = 11.",Puzzles,Pattern Puzzle
"Find the next number in the sequence: 40, 43, 46, 49, 52, ?",57,61,53,55,D,Each term increases by 3. Next term = 52 + 3 = 55.,Puzzles,Number Sequence
"Find the next number in the sequence: 512, 729, 1000, 1331, ?",1708,1758,1728,1698,C,These are cubes of consecutive integers starting from 8. Next = 12³ = 1728.,Puzzles,Number Sequence
"Find the next number in the sequence: 5832, 6859, 8000, 9261, ?",10638,10648,10668,10598,B,These are cubes of consecutive integers starting from 18. Next = 22³ = 10648.,Puzzles,Number Sequence
"A person is facing West. They turn 90° to the right, then turn 180° to the left. Which direction are they now facing?",East,West,South,North,C,"Facing West, turning 90° right gives North. Turning 180° left from North gives South.",Puzzles,Direction Sense
"Find the next letter in the series: J, K, L, M, ?",N,P,B,M,A,"The letters advance by 1 position(s) each time. After M, the next letter is N.",Puzzles,Letter Series
"In each row, the third number is the sum of the first two: [20, 10, 30], [4, 12, 16], [19, 13, ?]. Find the missing number.",32,31,34,36,A,"Following the pattern, the missing number = 19 + 13 = 32.",Puzzles,Pattern Puzzle
"Find the next number in the sequence: 33, 47, 61, 75, 89, ?",103,90,118,131,A,Each term increases by 14. Next term = 89 + 14 = 103.,Puzzles,Number Sequence
What is the angle between the hour and minute hands of a clock at 5:23?,38.5°,23.5°,13.5°,3.5°,B,Angle = |30×hour − 5.5×minute| = |30×5 − 5.5×23| = 23.5° (taking the smaller angle).,Puzzles,Clock Puzzles
"In each row, the third number is the sum of the first two: [3, 16, 19], [19, 7, 26], [4, 13, ?]. Find the missing number.",18,15,17,21,C,"Following the pattern, the missing number = 4 + 13 = 17.",Puzzles,Pattern Puzzle
"If A=1, B=2, C=3, ... Z=26, what is the sum of the letter values in the word 'ARM'?",32,28,35,30,A,A(1) + R(18) + M(13) = 32.,Puzzles,Coding-Decoding
What is the angle between the hour and minute hands of a clock at 8:15?,112.5°,157.5°,172.5°,127.5°,B,Angle = |30×hour − 5.5×minute| = |30×8 − 5.5×15| = 157.5° (taking the smaller angle).,Puzzles,Clock Puzzles
A child is 8 years old and a parent is 34 years old today. In how many years will the parent be exactly twice as old as the child?,21,19,18,15,C,Let x = years from now. 34+x = 2(8+x) → x = 34 − 2×8 = 18.,Puzzles,Logical Riddles
"A person is facing North. They turn 270° to the right, then turn 180° to the right. Which direction are they now facing?",West,North,East,South,C,"Facing North, turning 270° right gives West. Turning 180° right from West gives East.",Puzzles,Direction Sense
"Which number is the odd one out: 18, 46, 36, 45?",46,45,18,36,B,45 is the odd one out because it is the only odd number; the rest are even.,Puzzles,Odd One Out
A child is 12 years old and a parent is 39 years old today. In how many years will the parent be exactly twice as old as the child?,18,17,16,15,D,Let x = years from now. 39+x = 2(12+x) → x = 39 − 2×12 = 15.,Puzzles,Logical Riddles
"Find the next number in the sequence: 17, 14, 31, 45, 76, ?",121,125,126,129,A,Each number is the sum of the two before it. Next = 45 + 76 = 121.,Puzzles,Number Sequence
"Find the next number in the sequence: 38, 41, 44, 47, 50, ?",55,53,59,51,B,Each term increases by 3. Next term = 50 + 3 = 53.,Puzzles,Number Sequence
What is the angle between the hour and minute hands of a clock at 7:32?,54.0°,34.0°,24.0°,14.0°,B,Angle = |30×hour − 5.5×minute| = |30×7 − 5.5×32| = 34.0° (taking the smaller angle).,Puzzles,Clock Puzzles
"Find the next letter in the series: F, I, L, O, ?",R,K,Z,L,A,"The letters advance by 3 position(s) each time. After O, the next letter is R.",Puzzles,Letter Series
"Find the next number in the sequence: 36, 48, 60, 72, 84, ?",96,94,120,85,A,Each term increases by 12. Next term = 84 + 12 = 96.,Puzzles,Number Sequence
"A person is facing West. They turn 90° to the right, then turn 270° to the left. Which direction are they now facing?",South,West,East,North,C,"Facing West, turning 90° right gives North. Turning 270° left from North gives East.",Puzzles,Direction Sense
"A person is facing South. They turn 180° to the left, then turn 180° to the left. Which direction are they now facing?",East,South,West,North,B,"Facing South, turning 180° left gives North. Turning 180° left from North gives South.",Puzzles,Direction Sense
"If today is Saturday, what day of the week will it be after 200 days?",Monday,Sunday,Saturday,Wednesday,D,200 days = 28 full weeks and 4 extra day(s). Counting 4 day(s) forward from Saturday gives Wednesday.,Puzzles,Calendar Puzzles
A child is 14 years old and a parent is 39 years old today. In how many years will the parent be exactly twice as old as the child?,11,7,12,13,A,Let x = years from now. 39+x = 2(14+x) → x = 39 − 2×14 = 11.,Puzzles,Logical Riddles
"In each row, the third number is the sum of the first two: [6, 15, 21], [13, 5, 18], [14, 8, ?]. Find the missing number.",26,18,19,22,D,"Following the pattern, the missing number = 14 + 8 = 22.",Puzzles,Pattern Puzzle
A child is 12 years old and a parent is 36 years old today. In how many years will the parent be exactly twice as old as the child?,9,14,13,12,D,Let x = years from now. 36+x = 2(12+x) → x = 36 − 2×12 = 12.,Puzzles,Logical Riddles
"A person is facing North. They turn 180° to the right, then turn 180° to the left. Which direction are they now facing?",East,South,North,West,C,"Facing North, turning 180° right gives South. Turning 180° left from South gives North.",Puzzles,Direction Sense
"If today is Thursday, what day of the week will it be after 82 days?",Saturday,Tuesday,Monday,Thursday,B,82 days = 11 full weeks and 5 extra day(s). Counting 5 day(s) forward from Thursday gives Tuesday.,Puzzles,Calendar Puzzles
"In each row, the third number is the product of the first two: [8, 8, 64], [6, 4, 24], [13, 8, ?]. Find the missing number.",104,110,108,100,A,"Following the pattern, the missing number = 13 × 8 = 104.",Puzzles,Pattern Puzzle
"In each row, the third number is the product of the first two: [2, 13, 26], [14, 13, 182], [15, 13, ?]. Find the missing number.",193,201,205,195,D,"Following the pattern, the missing number = 15 × 13 = 195.",Puzzles,Pattern Puzzle
"In each row, the third number is the sum of the first two: [13, 17, 30], [6, 14, 20], [5, 3, ?]. Find the missing number.",6,8,5,7,B,"Following the pattern, the missing number = 5 + 3 = 8.",Puzzles,Pattern Puzzle
A child is 15 years old and a parent is 35 years old today. In how many years will the parent be exactly twice as old as the child?,3,5,4,1,B,Let x = years from now. 35+x = 2(15+x) → x = 35 − 2×15 = 5.,Puzzles,Logical Riddles
"If today is Tuesday, what day of the week will it be after 64 days?",Wednesday,Monday,Friday,Sunday,A,64 days = 9 full weeks and 1 extra day(s). Counting 1 day(s) forward from Tuesday gives Wednesday.,Puzzles,Calendar Puzzles
"In each row, the third number is the product of the first two: [12, 10, 120], [2, 9, 18], [3, 4, ?]. Find the missing number.",8,12,16,6,B,"Following the pattern, the missing number = 3 × 4 = 12.",Puzzles,Pattern Puzzle
"Which number is the odd one out: 66, 15, 5, 54?",5,54,15,66,A,5 is the odd one out because it is not a multiple of 3; the rest are.,Puzzles,Odd One Out
"A person is facing North. They turn 180° to the left, then turn 270° to the right. Which direction are they now facing?",West,East,South,North,B,"Facing North, turning 180° left gives South. Turning 270° right from South gives East.",Puzzles,Direction Sense
"Which number is the odd one out: 120, 15, 97, 10?",97,120,10,15,A,97 is the odd one out because it is not a multiple of 5; the rest are.,Puzzles,Odd One Out
"In each row, the third number is the product of the first two: [6, 9, 54], [12, 10, 120], [4, 14, ?]. Find the missing number.",46,62,52,56,D,"Following the pattern, the missing number = 4 × 14 = 56.",Puzzles,Pattern Puzzle
"In each row, the third number is the product of the first two: [6, 13, 78], [2, 7, 14], [3, 4, ?]. Find the missing number.",12,6,2,10,A,"Following the pattern, the missing number = 3 × 4 = 12.",Puzzles,Pattern Puzzle
"In each row, the third number is the sum of the first two: [2, 14, 16], [5, 9, 14], [10, 10, ?]. Find the missing number.",23,22,20,16,C,"Following the pattern, the missing number = 10 + 10 = 20.",Puzzles,Pattern Puzzle
"If today is Wednesday, what day of the week will it be after 142 days?",Monday,Sunday,Friday,Wednesday,C,142 days = 20 full weeks and 2 extra day(s). Counting 2 day(s) forward from Wednesday gives Friday.,Puzzles,Calendar Puzzles
"If today is Sunday, what day of the week will it be after 110 days?",Tuesday,Sunday,Friday,Monday,C,110 days = 15 full weeks and 5 extra day(s). Counting 5 day(s) forward from Sunday gives Friday.,Puzzles,Calendar Puzzles
What is the angle between the hour and minute hands of a clock at 5:09?,90.5°,120.5°,70.5°,100.5°,D,Angle = |30×hour − 5.5×minute| = |30×5 − 5.5×9| = 100.5° (taking the smaller angle).,Puzzles,Clock Puzzles
"Which number is the odd one out: 58, 25, 22, 46?",22,25,58,46,B,25 is the odd one out because it is the only odd number; the rest are even.,Puzzles,Odd One Out
"In each row, the third number is the product of the first two: [12, 12, 144], [2, 11, 22], [7, 15, ?]. Find the missing number.",101,95,99,105,D,"Following the pattern, the missing number = 7 × 15 = 105.",Puzzles,Pattern Puzzle
"Which number is the odd one out: 3, 24, 42, 68?",3,24,42,68,D,68 is the odd one out because it is not a multiple of 3; the rest are.,Puzzles,Odd One Out
"In each row, the third number is the sum of the first two: [11, 8, 19], [20, 12, 32], [10, 9, ?]. Find the missing number.",15,19,16,18,B,"Following the pattern, the missing number = 10 + 9 = 19.",Puzzles,Pattern Puzzle
"If A=1, B=2, C=3, ... Z=26, what is the sum of the letter values in the word 'SPY'?",55,59,64,60,D,S(19) + P(16) + Y(25) = 60.,Puzzles,Coding-Decoding
"If today is Thursday, what day of the week will it be after 52 days?",Sunday,Saturday,Wednesday,Thursday,A,52 days = 7 full weeks and 3 extra day(s). Counting 3 day(s) forward from Thursday gives Sunday.,Puzzles,Calendar Puzzles
"Which number is the odd one out: 16, 41, 43, 37?",41,43,37,16,D,16 is the odd one out because it is not a prime number; the rest are prime.,Puzzles,Odd One Out
"Find the next number in the sequence: 625, 676, 729, 784, 841, ?",900,903,899,895,A,These are perfect squares of consecutive integers starting from 25. Next = 30² = 900.,Puzzles,Number Sequence
"Find the next number in the sequence: 20, 31, 42, 53, 64, ?",97,77,87,75,D,Each term increases by 11. Next term = 64 + 11 = 75.,Puzzles,Number Sequence
"If today is Sunday, what day of the week will it be after 156 days?",Wednesday,Friday,Monday,Tuesday,D,156 days = 22 full weeks and 2 extra day(s). Counting 2 day(s) forward from Sunday gives Tuesday.,Puzzles,Calendar Puzzles
"Find the next number in the sequence: 19, 14, 33, 47, 80, ?",124,135,131,127,D,Each number is the sum of the two before it. Next = 47 + 80 = 127.,Puzzles,Number Sequence
"In each row, the third number is the sum of the first two: [7, 18, 25], [6, 4, 10], [12, 17, ?]. Find the missing number.",30,29,25,28,B,"Following the pattern, the missing number = 12 + 17 = 29.",Puzzles,Pattern Puzzle
"Which number is the odd one out: 48, 9, 27, 74?",74,27,9,48,A,74 is the odd one out because it is not a multiple of 3; the rest are.,Puzzles,Odd One Out
"If today is Thursday, what day of the week will it be after 126 days?",Friday,Monday,Thursday,Wednesday,C,126 days = 18 full weeks and 0 extra day(s). Counting 0 day(s) forward from Thursday gives Thursday.,Puzzles,Calendar Puzzles
"Find the next number in the sequence: 6859, 8000, 9261, 10648, ?",12217,12167,12177,12157,B,These are cubes of consecutive integers starting from 19. Next = 23³ = 12167.,Puzzles,Number Sequence
"If A=1, B=2, C=3, ... Z=26, what is the sum of the letter values in the word 'FUN'?",41,42,45,37,A,F(6) + U(21) + N(14) = 41.,Puzzles,Coding-Decoding
"Find the next number in the sequence: 3, 11, 19, 27, 35, ?",36,34,50,43,D,Each term increases by 8. Next term = 35 + 8 = 43.,Puzzles,Number Sequence
"In each row, the third number is the sum of the first two: [9, 2, 11], [3, 5, 8], [9, 4, ?]. Find the missing number.",13,11,12,15,A,"Following the pattern, the missing number = 9 + 4 = 13.",Puzzles,Pattern Puzzle
"If today is Tuesday, what day of the week will it be after 14 days?",Wednesday,Saturday,Tuesday,Friday,C,14 days = 2 full weeks and 0 extra day(s). Counting 0 day(s) forward from Tuesday gives Tuesday.,Puzzles,Calendar Puzzles
"A person is facing North. They turn 270° to the left, then turn 90° to the right. Which direction are they now facing?",North,South,West,East,B,"Facing North, turning 270° left gives East. Turning 90° right from East gives South.",Puzzles,Direction Sense
"Which number is the odd one out: 16, 24, 33, 42?",42,33,24,16,B,33 is the odd one out because it is the only odd number; the rest are even.,Puzzles,Odd One Out
"Find the next letter in the series: L, O, R, U, ?",D,H,X,E,C,"The letters advance by 3 position(s) each time. After U, the next letter is X.",Puzzles,Letter Series
"In each row, the third number is the product of the first two: [14, 5, 70], [11, 11, 121], [3, 7, ?]. Find the missing number.",27,19,21,15,C,"Following the pattern, the missing number = 3 × 7 = 21.",Puzzles,Pattern Puzzle
"A person is facing East. They turn 90° to the left, then turn 180° to the right. Which direction are they now facing?",East,West,North,South,D,"Facing East, turning 90° left gives North. Turning 180° right from North gives South.",Puzzles,Direction Sense
"A person is facing East. They turn 180° to the right, then turn 180° to the right. Which direction are they now facing?",North,East,South,West,B,"Facing East, turning 180° right gives West. Turning 180° right from West gives East.",Puzzles,Direction Sense
"Find the next number in the sequence: 25, 36, 49, 64, 81, ?",101,100,97,98,B,These are perfect squares of consecutive integers starting from 5. Next = 10² = 100.,Puzzles,Number Sequence
"Find the next number in the sequence: 27, 40, 53, 66, 79, ?",92,78,106,90,A,Each term increases by 13. Next term = 79 + 13 = 92.,Puzzles,Number Sequence
"If A=1, B=2, C=3, ... Z=26, what is the sum of the letter values in the word 'RIP'?",46,41,38,43,D,R(18) + I(9) + P(16) = 43.,Puzzles,Coding-Decoding
"Find the next number in the sequence: 16, 29, 42, 55, 68, ?",95,67,107,81,D,Each term increases by 13. Next term = 68 + 13 = 81.,Puzzles,Number Sequence
"Find the next number in the sequence: 22, 32, 42, 52, 62, ?",74,81,72,70,C,Each term increases by 10. Next term = 62 + 10 = 72.,Puzzles,Number Sequence
"In each row, the third number is the product of the first two: [12, 5, 60], [13, 7, 91], [4, 12, ?]. Find the missing number.",42,58,38,48,D,"Following the pattern, the missing number = 4 × 12 = 48.",Puzzles,Pattern Puzzle
"Find the next number in the sequence: 8, 19, 30, 41, 52, ?",51,63,53,65,B,Each term increases by 11. Next term = 52 + 11 = 63.,Puzzles,Number Sequence
What is the angle between the hour and minute hands of a clock at 11:01?,35.5°,20.5°,9.5°,45.5°,A,Angle = |30×hour − 5.5×minute| = |30×11 − 5.5×1| = 35.5° (taking the smaller angle).,Puzzles,Clock Puzzles
"Which number is the odd one out: 48, 57, 84, 2?",2,48,84,57,A,2 is the odd one out because it is not a multiple of 3; the rest are.,Puzzles,Odd One Out
"Which number is the odd one out: 6, 60, 75, 22?",60,22,75,6,B,22 is the odd one out because it is not a multiple of 3; the rest are.,Puzzles,Odd One Out
"If today is Monday, what day of the week will it be after 122 days?",Sunday,Tuesday,Thursday,Friday,C,122 days = 17 full weeks and 3 extra day(s). Counting 3 day(s) forward from Monday gives Thursday.,Puzzles,Calendar Puzzles
"Which number is the odd one out: 17, 14, 23, 7?",17,23,14,7,C,14 is the odd one out because it is not a prime number; the rest are prime.,Puzzles,Odd One Out
"In each row, the third number is the sum of the first two: [18, 14, 32], [13, 13, 26], [13, 5, ?]. Find the missing number.",18,15,19,22,A,"Following the pattern, the missing number = 13 + 5 = 18.",Puzzles,Pattern Puzzle
A child is 5 years old and a parent is 29 years old today. In how many years will the parent be exactly twice as old as the child?,20,22,23,19,D,Let x = years from now. 29+x = 2(5+x) → x = 29 − 2×5 = 19.,Puzzles,Logical Riddles
"A person is facing West. They turn 270° to the left, then turn 90° to the right. Which direction are they now facing?",South,West,North,East,D,"Facing West, turning 270° left gives North. Turning 90° right from North gives East.",Puzzles,Direction Sense
"If A=1, B=2, C=3, ... Z=26, what is the sum of the letter values in the word 'EYE'?",40,35,30,33,B,E(5) + Y(25) + E(5) = 35.,Puzzles,Coding-Decoding
"In each row, the third number is the sum of the first two: [20, 18, 38], [15, 3, 18], [14, 11, ?]. Find the missing number.",25,24,23,26,A,"Following the pattern, the missing number = 14 + 11 = 25.",Puzzles,Pattern Puzzle
"Which number is the odd one out: 81, 39, 28, 33?",33,28,81,39,B,28 is the odd one out because it is not a multiple of 3; the rest are.,Puzzles,Odd One Out
"Find the next number in the sequence: 9, 27, 81, 243, 729, ?",2187,2185,2190,2189,A,Each term is multiplied by 3. Next term = 729 × 3 = 2187.,Puzzles,Number Sequence
What is the angle between the hour and minute hands of a clock at 9:07?,118.5°,143.5°,138.5°,128.5°,D,Angle = |30×hour − 5.5×minute| = |30×9 − 5.5×7| = 128.5° (taking the smaller angle).,Puzzles,Clock Puzzles
"Find the next number in the sequence: 8, 15, 23, 38, 61, ?",104,99,95,91,B,Each number is the sum of the two before it. Next = 38 + 61 = 99.,Puzzles,Number Sequence
"If A=1, B=2, C=3, ... Z=26, what is the sum of the letter values in the word 'MAT'?",36,37,30,34,D,M(13) + A(1) + T(20) = 34.,Puzzles,Coding-Decoding
A child is 14 years old and a parent is 36 years old today. In how many years will the parent be exactly twice as old as the child?,9,4,8,6,C,Let x = years from now. 36+x = 2(14+x) → x = 36 − 2×14 = 8.,Puzzles,Logical Riddles
"Which number is the odd one out: 8, 20, 27, 50?",20,27,50,8,B,27 is the odd one out because it is the only odd number; the rest are even.,Puzzles,Odd One Out
"In each row, the third number is the product of the first two: [11, 14, 154], [10, 9, 90], [8, 2, ?]. Find the missing number.",26,16,14,18,B,"Following the pattern, the missing number = 8 × 2 = 16.",Puzzles,Pattern Puzzle
"If A=1, B=2, C=3, ... Z=26, what is the sum of the letter values in the word 'LAP'?",25,29,33,26,B,L(12) + A(1) + P(16) = 29.,Puzzles,Coding-Decoding
What is the angle between the hour and minute hands of a clock at 7:57?,103.5°,148.5°,73.5°,133.5°,A,Angle = |30×hour − 5.5×minute| = |30×7 − 5.5×57| = 103.5° (taking the smaller angle).,Puzzles,Clock Puzzles
"In each row, the third number is the product of the first two: [12, 13, 156], [3, 8, 24], [12, 11, ?]. Find the missing number.",132,142,136,130,A,"Following the pattern, the missing number = 12 × 11 = 132.",Puzzles,Pattern Puzzle
"In each row, the third number is the product of the first two: [14, 8, 112], [14, 8, 112], [11, 7, ?]. Find the missing number.",81,77,87,71,B,"Following the pattern, the missing number = 11 × 7 = 77.",Puzzles,Pattern Puzzle
"Find the next letter in the series: H, K, N, Q, ?",E,T,P,C,B,"The letters advance by 3 position(s) each time. After Q, the next letter is T.",Puzzles,Letter Series
"If A=1, B=2, C=3, ... Z=26, what is the sum of the letter values in the word 'FLY'?",43,47,48,40,A,F(6) + L(12) + Y(25) = 43.,Puzzles,Coding-Decoding
"In each row, the third number is the sum of the first two: [7, 13, 20], [15, 12, 27], [5, 12, ?]. Find the missing number.",20,17,19,16,B,"Following the pattern, the missing number = 5 + 12 = 17.",Puzzles,Pattern Puzzle
"If A=1, B=2, C=3, ... Z=26, what is the sum of the letter values in the word 'SKI'?",39,35,36,37,A,S(19) + K(11) + I(9) = 39.,Puzzles,Coding-Decoding
"Find the next number in the sequence: 40, 50, 60, 70, 80, ?",79,110,81,90,D,Each term increases by 10. Next term = 80 + 10 = 90.,Puzzles,Number Sequence
"In each row, the third number is the product of the first two: [7, 5, 35], [13, 10, 130], [13, 15, ?]. Find the missing number.",199,195,185,189,B,"Following the pattern, the missing number = 13 × 15 = 195.",Puzzles,Pattern Puzzle
"Find the next letter in the series: B, C, D, E, ?",F,L,M,V,A,"The letters advance by 1 position(s) each time. After E, the next letter is F.",Puzzles,Letter Series
"In each row, the third number is the sum of the first two: [10, 7, 17], [8, 2, 10], [20, 17, ?]. Find the missing number.",37,41,40,36,A,"Following the pattern, the missing number = 20 + 17 = 37.",Puzzles,Pattern Puzzle
"Find the next number in the sequence: 4, 12, 36, 108, 324, ?",977,1458,972,486,C,Each term is multiplied by 3. Next term = 324 × 3 = 972.,Puzzles,Number Sequence
"In each row, the third number is the sum of the first two: [20, 20, 40], [14, 13, 27], [6, 3, ?]. Find the missing number.",7,5,9,6,C,"Following the pattern, the missing number = 6 + 3 = 9.",Puzzles,Pattern Puzzle
"Which number is the odd one out: 8, 65, 20, 50?",20,8,50,65,B,8 is the odd one out because it is not a multiple of 5; the rest are.,Puzzles,Odd One Out
"A person is facing South. They turn 90° to the right, then turn 180° to the right. Which direction are they now facing?",East,West,South,North,A,"Facing South, turning 90° right gives West. Turning 180° right from West gives East.",Puzzles,Direction Sense
"Find the next number in the sequence: 7, 11, 18, 29, 47, ?",76,71,68,80,A,Each number is the sum of the two before it. Next = 29 + 47 = 76.,Puzzles,Number Sequence
"Find the next number in the sequence: 37, 41, 45, 49, 53, ?",57,59,54,52,A,Each term increases by 4. Next term = 53 + 4 = 57.,Puzzles,Number Sequence
"Find the next number in the sequence: 7, 13, 20, 33, 53, ?",83,91,90,86,D,Each number is the sum of the two before it. Next = 33 + 53 = 86.,Puzzles,Number Sequence
"If A=1, B=2, C=3, ... Z=26, what is the sum of the letter values in the word 'HOT'?",47,48,45,43,D,H(8) + O(15) + T(20) = 43.,Puzzles,Coding-Decoding
"If today is Tuesday, what day of the week will it be after 121 days?",Tuesday,Friday,Saturday,Thursday,D,121 days = 17 full weeks and 2 extra day(s). Counting 2 day(s) forward from Tuesday gives Thursday.,Puzzles,Calendar Puzzles
"In each row, the third number is the sum of the first two: [7, 10, 17], [17, 17, 34], [17, 12, ?]. Find the missing number.",33,29,30,27,B,"Following the pattern, the missing number = 17 + 12 = 29.",Puzzles,Pattern Puzzle
"If today is Thursday, what day of the week will it be after 89 days?",Wednesday,Saturday,Thursday,Tuesday,D,89 days = 12 full weeks and 5 extra day(s). Counting 5 day(s) forward from Thursday gives Tuesday.,Puzzles,Calendar Puzzles
"Find the next number in the sequence: 6, 4, 10, 14, 24, ?",42,33,38,43,C,Each number is the sum of the two before it. Next = 14 + 24 = 38.,Puzzles,Number Sequence
"Find the next number in the sequence: 26, 32, 38, 44, 50, ?",63,54,56,61,C,Each term increases by 6. Next term = 50 + 6 = 56.,Puzzles,Number Sequence
"Which number is the odd one out: 22, 12, 34, 5?",34,12,5,22,C,5 is the odd one out because it is the only odd number; the rest are even.,Puzzles,Odd One Out
"Find the next number in the sequence: 3, 16, 29, 42, 55, ?",68,54,82,70,A,Each term increases by 13. Next term = 55 + 13 = 68.,Puzzles,Number Sequence
"In each row, the third number is the sum of the first two: [20, 11, 31], [3, 18, 21], [8, 5, ?]. Find the missing number.",15,13,17,16,B,"Following the pattern, the missing number = 8 + 5 = 13.",Puzzles,Pattern Puzzle
"A person is facing East. They turn 180° to the right, then turn 180° to the left. Which direction are they now facing?",West,South,East,North,C,"Facing East, turning 180° right gives West. Turning 180° left from West gives East.",Puzzles,Direction Sense
"Find the next letter in the series: G, J, M, P, ?",O,M,S,K,C,"The letters advance by 3 position(s) each time. After P, the next letter is S.",Puzzles,Letter Series
"If today is Tuesday, what day of the week will it be after 63 days?",Tuesday,Wednesday,Saturday,Monday,A,63 days = 9 full weeks and 0 extra day(s). Counting 0 day(s) forward from Tuesday gives Tuesday.,Puzzles,Calendar Puzzles
What is the angle between the hour and minute hands of a clock at 4:54?,177.0°,153.0°,173.0°,168.0°,A,Angle = |30×hour − 5.5×minute| = |30×4 − 5.5×54| = 177.0° (taking the smaller angle).,Puzzles,Clock Puzzles
"Which number is the odd one out: 31, 29, 7, 27?",7,31,29,27,D,27 is the odd one out because it is not a prime number; the rest are prime.,Puzzles,Odd One Out
"In each row, the third number is the product of the first two: [14, 13, 182], [2, 14, 28], [7, 7, ?]. Find the missing number.",39,49,45,55,B,"Following the pattern, the missing number = 7 × 7 = 49.",Puzzles,Pattern Puzzle
"Which number is the odd one out: 110, 70, 149, 120?",149,70,120,110,A,149 is the odd one out because it is not a multiple of 5; the rest are.,Puzzles,Odd One Out
"Find the next number in the sequence: 30, 33, 36, 39, 42, ?",45,51,43,49,A,Each term increases by 3. Next term = 42 + 3 = 45.,Puzzles,Number Sequence
"Find the next number in the sequence: 33, 46, 59, 72, 85, ?",98,100,124,84,A,Each term increases by 13. Next term = 85 + 13 = 98.,Puzzles,Number Sequence
"Find the next letter in the series: R, T, V, X, ?",Z,U,L,E,A,"The letters advance by 2 position(s) each time. After X, the next letter is Z.",Puzzles,Letter Series
"In each row, the third number is the sum of the first two: [4, 20, 24], [8, 11, 19], [13, 15, ?]. Find the missing number.",24,28,31,32,B,"Following the pattern, the missing number = 13 + 15 = 28.",Puzzles,Pattern Puzzle
"Find the next number in the sequence: 34, 46, 58, 70, 82, ?",92,96,107,94,D,Each term increases by 12. Next term = 82 + 12 = 94.,Puzzles,Number Sequence
"Find the next number in the sequence: 48, 57, 66, 75, 84, ?",85,93,101,91,B,Each term increases by 9. Next term = 84 + 9 = 93.,Puzzles,Number Sequence
"If today is Friday, what day of the week will it be after 172 days?",Wednesday,Tuesday,Saturday,Monday,B,172 days = 24 full weeks and 4 extra day(s). Counting 4 day(s) forward from Friday gives Tuesday.,Puzzles,Calendar Puzzles
"In each row, the third number is the sum of the first two: [2, 18, 20], [4, 9, 13], [19, 7, ?]. Find the missing number.",30,26,27,23,B,"Following the pattern, the missing number = 19 + 7 = 26.",Puzzles,Pattern Puzzle
"In each row, the third number is the product of the first two: [2, 11, 22], [11, 13, 143], [10, 7, ?]. Find the missing number.",72,70,80,68,B,"Following the pattern, the missing number = 10 × 7 = 70.",Puzzles,Pattern Puzzle
"Which number is the odd one out: 78, 12, 9, 4?",4,12,9,78,A,4 is the odd one out because it is not a multiple of 3; the rest are.,Puzzles,Odd One Out
"If A=1, B=2, C=3, ... Z=26, what is the sum of the letter values in the word 'NOD'?",33,35,28,31,A,N(14) + O(15) + D(4) = 33.,Puzzles,Coding-Decoding
"In each row, the third number is the sum of the first two: [16, 15, 31], [10, 20, 30], [12, 13, ?]. Find the missing number.",23,26,22,25,D,"Following the pattern, the missing number = 12 + 13 = 25.",Puzzles,Pattern Puzzle
A child is 9 years old and a parent is 34 years old today. In how many years will the parent be exactly twice as old as the child?,16,20,13,14,A,Let x = years from now. 34+x = 2(9+x) → x = 34 − 2×9 = 16.,Puzzles,Logical Riddles
"Find the next number in the sequence: 29, 37, 45, 53, 61, ?",71,85,60,69,D,Each term increases by 8. Next term = 61 + 8 = 69.,Puzzles,Number Sequence
"Find the next number in the sequence: 18, 18, 36, 54, 90, ?",141,149,144,139,C,Each number is the sum of the two before it. Next = 54 + 90 = 144.,Puzzles,Number Sequence
What is the angle between the hour and minute hands of a clock at 10:47?,86.5°,41.5°,3.5°,26.5°,B,Angle = |30×hour − 5.5×minute| = |30×10 − 5.5×47| = 41.5° (taking the smaller angle).,Puzzles,Clock Puzzles
"Find the next number in the sequence: 8, 8, 16, 24, 40, ?",64,72,69,60,A,Each number is the sum of the two before it. Next = 24 + 40 = 64.,Puzzles,Number Sequence
"If A=1, B=2, C=3, ... Z=26, what is the sum of the letter values in the word 'GAP'?",24,29,23,20,A,G(7) + A(1) + P(16) = 24.,Puzzles,Coding-Decoding
"If today is Thursday, what day of the week will it be after 188 days?",Saturday,Wednesday,Thursday,Friday,B,188 days = 26 full weeks and 6 extra day(s). Counting 6 day(s) forward from Thursday gives Wednesday.,Puzzles,Calendar Puzzles
"If A=1, B=2, C=3, ... Z=26, what is the sum of the letter values in the word 'LAB'?",12,15,17,14,B,L(12) + A(1) + B(2) = 15.,Puzzles,Coding-Decoding
"Find the next number in the sequence: 18, 10, 28, 38, 66, ?",108,104,100,96,B,Each number is the sum of the two before it. Next = 38 + 66 = 104.,Puzzles,Number Sequence
"In each row, the third number is the product of the first two: [9, 7, 63], [8, 9, 72], [15, 15, ?]. Find the missing number.",215,235,225,221,C,"Following the pattern, the missing number = 15 × 15 = 225.",Puzzles,Pattern Puzzle
What is the angle between the hour and minute hands of a clock at 11:52?,1.0°,44.0°,29.0°,24.0°,B,Angle = |30×hour − 5.5×minute| = |30×11 − 5.5×52| = 44.0° (taking the smaller angle).,Puzzles,Clock Puzzles
"In each row, the third number is the sum of the first two: [7, 14, 21], [13, 13, 26], [12, 2, ?]. Find the missing number.",11,10,17,14,D,"Following the pattern, the missing number = 12 + 2 = 14.",Puzzles,Pattern Puzzle
"Find the next number in the sequence: 4913, 5832, 6859, 8000, ?",9211,9281,9261,9231,C,These are cubes of consecutive integers starting from 17. Next = 21³ = 9261.,Puzzles,Number Sequence
"If today is Tuesday, what day of the week will it be after 115 days?",Thursday,Friday,Sunday,Monday,B,115 days = 16 full weeks and 3 extra day(s). Counting 3 day(s) forward from Tuesday gives Friday.,Puzzles,Calendar Puzzles
"Which number is the odd one out: 25, 105, 95, 39?",25,39,105,95,B,39 is the odd one out because it is not a multiple of 5; the rest are.,Puzzles,Odd One Out
"A person is facing South. They turn 90° to the right, then turn 180° to the left. Which direction are they now facing?",North,West,East,South,C,"Facing South, turning 90° right gives West. Turning 180° left from West gives East.",Puzzles,Direction Sense
"A person is facing North. They turn 270° to the right, then turn 270° to the right. Which direction are they now facing?",North,East,West,South,D,"Facing North, turning 270° right gives West. Turning 270° right from West gives South.",Puzzles,Direction Sense
"Find the next number in the sequence: 729, 784, 841, 900, 961, ?",1024,1027,1025,1021,A,These are perfect squares of consecutive integers starting from 27. Next = 32² = 1024.,Puzzles,Number Sequence
What is the angle between the hour and minute hands of a clock at 3:12?,44.0°,54.0°,24.0°,39.0°,C,Angle = |30×hour − 5.5×minute| = |30×3 − 5.5×12| = 24.0° (taking the smaller angle).,Puzzles,Clock Puzzles
"In each row, the third number is the product of the first two: [7, 15, 105], [6, 7, 42], [7, 7, ?]. Find the missing number.",51,53,49,59,C,"Following the pattern, the missing number = 7 × 7 = 49.",Puzzles,Pattern Puzzle
"In each row, the third number is the sum of the first two: [5, 7, 12], [6, 8, 14], [4, 14, ?]. Find the missing number.",14,20,18,16,C,"Following the pattern, the missing number = 4 + 14 = 18.",Puzzles,Pattern Puzzle
"In each row, the third number is the product of the first two: [4, 8, 32], [15, 15, 225], [15, 14, ?]. Find the missing number.",220,212,214,210,D,"Following the pattern, the missing number = 15 × 14 = 210.",Puzzles,Pattern Puzzle
"If A=1, B=2, C=3, ... Z=26, what is the sum of the letter values in the word 'RAT'?",39,37,44,34,A,R(18) + A(1) + T(20) = 39.,Puzzles,Coding-Decoding
"In each row, the third number is the sum of the first two: [20, 14, 34], [18, 19, 37], [3, 15, ?]. Find the missing number.",15,17,18,14,C,"Following the pattern, the missing number = 3 + 15 = 18.",Puzzles,Pattern Puzzle
"A person is facing South. They turn 270° to the right, then turn 180° to the left. Which direction are they now facing?",West,South,East,North,A,"Facing South, turning 270° right gives East. Turning 180° left from East gives West.",Puzzles,Direction Sense
"Find the next number in the sequence: 16, 28, 40, 52, 64, ?",63,89,65,76,D,Each term increases by 12. Next term = 64 + 12 = 76.,Puzzles,Number Sequence
"In each row, the third number is the sum of the first two: [16, 2, 18], [7, 15, 22], [9, 13, ?]. Find the missing number.",26,22,21,19,B,"Following the pattern, the missing number = 9 + 13 = 22.",Puzzles,Pattern Puzzle
"If today is Wednesday, what day of the week will it be after 78 days?",Sunday,Saturday,Monday,Thursday,D,78 days = 11 full weeks and 1 extra day(s). Counting 1 day(s) forward from Wednesday gives Thursday.,Puzzles,Calendar Puzzles
"Which number is the odd one out: 28, 5, 43, 3?",3,5,43,28,D,28 is the odd one out because it is not a prime number; the rest are prime.,Puzzles,Odd One Out
"If today is Thursday, what day of the week will it be after 152 days?",Tuesday,Thursday,Friday,Wednesday,A,152 days = 21 full weeks and 5 extra day(s). Counting 5 day(s) forward from Thursday gives Tuesday.,Puzzles,Calendar Puzzles
"Find the next number in the sequence: 2, 13, 15, 28, 43, ?",75,68,71,63,C,Each number is the sum of the two before it. Next = 28 + 43 = 71.,Puzzles,Number Sequence
"In each row, the third number is the sum of the first two: [16, 18, 34], [7, 16, 23], [9, 17, ?]. Find the missing number.",29,26,30,27,B,"Following the pattern, the missing number = 9 + 17 = 26.",Puzzles,Pattern Puzzle
"Find the next letter in the series: O, Q, S, U, ?",I,F,L,W,D,"The letters advance by 2 position(s) each time. After U, the next letter is W.",Puzzles,Letter Series
"A person is facing South. They turn 90° to the left, then turn 270° to the right. Which direction are they now facing?",North,South,East,West,A,"Facing South, turning 90° left gives East. Turning 270° right from East gives North.",Puzzles,Direction Sense
"If today is Friday, what day of the week will it be after 96 days?",Friday,Thursday,Saturday,Wednesday,D,96 days = 13 full weeks and 5 extra day(s). Counting 5 day(s) forward from Friday gives Wednesday.,Puzzles,Calendar Puzzles
"Find the next number in the sequence: 121, 144, 169, 196, 225, ?",258,257,256,261,C,These are perfect squares of consecutive integers starting from 11. Next = 16² = 256.,Puzzles,Number Sequence
"If today is Thursday, what day of the week will it be after 107 days?",Tuesday,Monday,Saturday,Sunday,C,107 days = 15 full weeks and 2 extra day(s). Counting 2 day(s) forward from Thursday gives Saturday.,Puzzles,Calendar Puzzles
"Find the next number in the sequence: 6, 10, 16, 26, 42, ?",73,63,72,68,D,Each number is the sum of the two before it. Next = 26 + 42 = 68.,Puzzles,Number Sequence
"Find the next number in the sequence: 400, 441, 484, 529, 576, ?",625,627,624,630,A,These are perfect squares of consecutive integers starting from 20. Next = 25² = 625.,Puzzles,Number Sequence
What is the angle between the hour and minute hands of a clock at 3:28?,34.0°,84.0°,64.0°,49.0°,C,Angle = |30×hour − 5.5×minute| = |30×3 − 5.5×28| = 64.0° (taking the smaller angle).,Puzzles,Clock Puzzles
"Find the next number in the sequence: 13824, 15625, 17576, 19683, ?",21952,22002,21982,21942,A,These are cubes of consecutive integers starting from 24. Next = 28³ = 21952.,Puzzles,Number Sequence
"If A=1, B=2, C=3, ... Z=26, what is the sum of the letter values in the word 'ART'?",39,40,43,38,A,A(1) + R(18) + T(20) = 39.,Puzzles,Coding-Decoding
"In each row, the third number is the product of the first two: [9, 4, 36], [15, 11, 165], [14, 11, ?]. Find the missing number.",164,144,148,154,D,"Following the pattern, the missing number = 14 × 11 = 154.",Puzzles,Pattern Puzzle
What is the angle between the hour and minute hands of a clock at 4:35?,62.5°,117.5°,82.5°,72.5°,D,Angle = |30×hour − 5.5×minute| = |30×4 − 5.5×35| = 72.5° (taking the smaller angle).,Puzzles,Clock Puzzles
"Which number is the odd one out: 90, 95, 12, 50?",50,12,95,90,B,12 is the odd one out because it is not a multiple of 5; the rest are.,Puzzles,Odd One Out
"Find the next number in the sequence: 26, 28, 30, 32, 34, ?",36,39,40,37,A,Each term increases by 2. Next term = 34 + 2 = 36.,Puzzles,Number Sequence
"Which number is the odd one out: 51, 60, 42, 65?",42,60,65,51,C,65 is the odd one out because it is not a multiple of 3; the rest are.,Puzzles,Odd One Out
"Find the next number in the sequence: 16, 12, 28, 40, 68, ?",116,108,113,111,B,Each number is the sum of the two before it. Next = 40 + 68 = 108.,Puzzles,Number Sequence
"Which number is the odd one out: 6, 67, 21, 18?",18,67,21,6,B,67 is the odd one out because it is not a multiple of 3; the rest are.,Puzzles,Odd One Out
"A person is facing West. They turn 180° to the left, then turn 180° to the right. Which direction are they now facing?",South,West,East,North,B,"Facing West, turning 180° left gives East. Turning 180° right from East gives West.",Puzzles,Direction Sense
"Find the next number in the sequence: 1, 2, 4, 8, 16, ?",34,48,32,30,C,Each term is multiplied by 2. Next term = 16 × 2 = 32.,Puzzles,Number Sequence
"If today is Friday, what day of the week will it be after 150 days?",Saturday,Sunday,Monday,Tuesday,C,150 days = 21 full weeks and 3 extra day(s). Counting 3 day(s) forward from Friday gives Monday.,Puzzles,Calendar Puzzles
A child is 14 years old and a parent is 38 years old today. In how many years will the parent be exactly twice as old as the child?,10,9,13,7,A,Let x = years from now. 38+x = 2(14+x) → x = 38 − 2×14 = 10.,Puzzles,Logical Riddles
"Which number is the odd one out: 57, 33, 15, 25?",25,15,57,33,A,25 is the odd one out because it is not a multiple of 3; the rest are.,Puzzles,Odd One Out
A child is 10 years old and a parent is 32 years old today. In how many years will the parent be exactly twice as old as the child?,8,11,16,12,D,Let x = years from now. 32+x = 2(10+x) → x = 32 − 2×10 = 12.,Puzzles,Logical Riddles
"If A=1, B=2, C=3, ... Z=26, what is the sum of the letter values in the word 'YAK'?",37,33,32,34,A,Y(25) + A(1) + K(11) = 37.,Puzzles,Coding-Decoding
What is the angle between the hour and minute hands of a clock at 6:00?,170.0°,165.0°,180.0°,160.0°,C,Angle = |30×hour − 5.5×minute| = |30×6 − 5.5×0| = 180.0° (taking the smaller angle).,Puzzles,Clock Puzzles
"In each row, the third number is the product of the first two: [2, 10, 20], [8, 6, 48], [6, 2, ?]. Find the missing number.",8,14,2,12,D,"Following the pattern, the missing number = 6 × 2 = 12.",Puzzles,Pattern Puzzle
"In each row, the third number is the product of the first two: [3, 10, 30], [15, 12, 180], [4, 7, ?]. Find the missing number.",32,18,30,28,D,"Following the pattern, the missing number = 4 × 7 = 28.",Puzzles,Pattern Puzzle
A child is 7 years old and a parent is 30 years old today. In how many years will the parent be exactly twice as old as the child?,14,18,17,16,D,Let x = years from now. 30+x = 2(7+x) → x = 30 − 2×7 = 16.,Puzzles,Logical Riddles
"If A=1, B=2, C=3, ... Z=26, what is the sum of the letter values in the word 'NAP'?",30,31,28,27,B,N(14) + A(1) + P(16) = 31.,Puzzles,Coding-Decoding
"In each row, the third number is the product of the first two: [13, 14, 182], [12, 10, 120], [2, 5, ?]. Find the missing number.",4,8,10,20,C,"Following the pattern, the missing number = 2 × 5 = 10.",Puzzles,Pattern Puzzle
A child is 9 years old and a parent is 29 years old today. In how many years will the parent be exactly twice as old as the child?,9,11,10,7,B,Let x = years from now. 29+x = 2(9+x) → x = 29 − 2×9 = 11.,Puzzles,Logical Riddles
"If A=1, B=2, C=3, ... Z=26, what is the sum of the letter values in the word 'SAW'?",43,41,46,44,A,S(19) + A(1) + W(23) = 43.,Puzzles,Coding-Decoding
What is the angle between the hour and minute hands of a clock at 3:17?,48.5°,16.5°,23.5°,3.5°,D,Angle = |30×hour − 5.5×minute| = |30×3 − 5.5×17| = 3.5° (taking the smaller angle).,Puzzles,Clock Puzzles
"Find the next number in the sequence: 12, 23, 34, 45, 56, ?",77,65,79,67,D,Each term increases by 11. Next term = 56 + 11 = 67.,Puzzles,Number Sequence
"If A=1, B=2, C=3, ... Z=26, what is the sum of the letter values in the word 'RUG'?",45,46,41,44,B,R(18) + U(21) + G(7) = 46.,Puzzles,Coding-Decoding
"Find the next number in the sequence: 49, 64, 79, 94, 109, ?",138,108,124,122,C,Each term increases by 15. Next term = 109 + 15 = 124.,Puzzles,Number Sequence
"If A=1, B=2, C=3, ... Z=26, what is the sum of the letter values in the word 'OIL'?",40,35,36,31,C,O(15) + I(9) + L(12) = 36.,Puzzles,Coding-Decoding
"A person is facing South. They turn 180° to the left, then turn 270° to the right. Which direction are they now facing?",East,North,South,West,D,"Facing South, turning 180° left gives North. Turning 270° right from North gives West.",Puzzles,Direction Sense
"Find the next number in the sequence: 1000, 1331, 1728, 2197, ?",2694,2714,2744,2774,C,These are cubes of consecutive integers starting from 10. Next = 14³ = 2744.,Puzzles,Number Sequence
"Find the next letter in the series: E, F, G, H, ?",I,T,B,D,A,"The letters advance by 1 position(s) each time. After H, the next letter is I.",Puzzles,Letter Series
"Find the next letter in the series: Q, S, U, W, ?",Y,R,D,Z,A,"The letters advance by 2 position(s) each time. After W, the next letter is Y.",Puzzles,Letter Series
"In each row, the third number is the product of the first two: [7, 11, 77], [11, 5, 55], [7, 5, ?]. Find the missing number.",33,37,29,35,D,"Following the pattern, the missing number = 7 × 5 = 35.",Puzzles,Pattern Puzzle
"In each row, the third number is the product of the first two: [15, 8, 120], [7, 6, 42], [12, 15, ?]. Find the missing number.",180,182,184,186,A,"Following the pattern, the missing number = 12 × 15 = 180.",Puzzles,Pattern Puzzle
"If A=1, B=2, C=3, ... Z=26, what is the sum of the letter values in the word 'ROT'?",53,57,52,55,A,R(18) + O(15) + T(20) = 53.,Puzzles,Coding-Decoding
"Find the next number in the sequence: 16, 18, 20, 22, 24, ?",26,23,28,30,A,Each term increases by 2. Next term = 24 + 2 = 26.,Puzzles,Number Sequence
"Find the next number in the sequence: 19, 3, 22, 25, 47, ?",75,76,72,68,C,Each number is the sum of the two before it. Next = 25 + 47 = 72.,Puzzles,Number Sequence
"Find the next number in the sequence: 4, 1, 5, 6, 11, ?",17,25,12,20,A,Each number is the sum of the two before it. Next = 6 + 11 = 17.,Puzzles,Number Sequence
"If A=1, B=2, C=3, ... Z=26, what is the sum of the letter values in the word 'BUG'?",30,32,35,34,A,B(2) + U(21) + G(7) = 30.,Puzzles,Coding-Decoding
"Find the next number in the sequence: 144, 169, 196, 225, 256, ?",289,286,288,292,A,These are perfect squares of consecutive integers starting from 12. Next = 17² = 289.,Puzzles,Number Sequence
"A person is facing North. They turn 180° to the right, then turn 90° to the right. Which direction are they now facing?",South,East,North,West,D,"Facing North, turning 180° right gives South. Turning 90° right from South gives West.",Puzzles,Direction Sense
"In each row, the third number is the product of the first two: [15, 10, 150], [10, 7, 70], [12, 5, ?]. Find the missing number.",70,60,62,58,B,"Following the pattern, the missing number = 12 × 5 = 60.",Puzzles,Pattern Puzzle
"If A=1, B=2, C=3, ... Z=26, what is the sum of the letter values in the word 'LOT'?",43,45,47,52,C,L(12) + O(15) + T(20) = 47.,Puzzles,Coding-Decoding
A child is 9 years old and a parent is 38 years old today. In how many years will the parent be exactly twice as old as the child?,23,20,16,18,B,Let x = years from now. 38+x = 2(9+x) → x = 38 − 2×9 = 20.,Puzzles,Logical Riddles
"If A=1, B=2, C=3, ... Z=26, what is the sum of the letter values in the word 'DIG'?",16,17,20,18,C,D(4) + I(9) + G(7) = 20.,Puzzles,Coding-Decoding
"In each row, the third number is the product of the first two: [3, 3, 9], [15, 6, 90], [5, 12, ?]. Find the missing number.",58,60,54,56,B,"Following the pattern, the missing number = 5 × 12 = 60.",Puzzles,Pattern Puzzle
"In each row, the third number is the product of the first two: [2, 7, 14], [5, 15, 75], [4, 8, ?]. Find the missing number.",36,32,34,42,B,"Following the pattern, the missing number = 4 × 8 = 32.",Puzzles,Pattern Puzzle
"Find the next number in the sequence: 13, 7, 20, 27, 47, ?",71,74,66,82,B,Each number is the sum of the two before it. Next = 27 + 47 = 74.,Puzzles,Number Sequence
"Find the next number in the sequence: 21, 28, 35, 42, 49, ?",48,56,62,64,B,Each term increases by 7. Next term = 49 + 7 = 56.,Puzzles,Number Sequence
A child is 5 years old and a parent is 32 years old today. In how many years will the parent be exactly twice as old as the child?,26,22,23,18,B,Let x = years from now. 32+x = 2(5+x) → x = 32 − 2×5 = 22.,Puzzles,Logical Riddles
"If today is Thursday, what day of the week will it be after 26 days?",Wednesday,Thursday,Tuesday,Saturday,C,26 days = 3 full weeks and 5 extra day(s). Counting 5 day(s) forward from Thursday gives Tuesday.,Puzzles,Calendar Puzzles
"Which number is the odd one out: 60, 78, 52, 24?",78,24,52,60,C,52 is the odd one out because it is not a multiple of 3; the rest are.,Puzzles,Odd One Out
A child is 14 years old and a parent is 41 years old today. In how many years will the parent be exactly twice as old as the child?,14,10,16,13,D,Let x = years from now. 41+x = 2(14+x) → x = 41 − 2×14 = 13.,Puzzles,Logical Riddles
"In each row, the third number is the sum of the first two: [13, 4, 17], [13, 5, 18], [8, 3, ?]. Find the missing number.",11,13,14,7,A,"Following the pattern, the missing number = 8 + 3 = 11.",Puzzles,Pattern Puzzle
"A person is facing North. They turn 270° to the left, then turn 180° to the right. Which direction are they now facing?",North,East,South,West,D,"Facing North, turning 270° left gives East. Turning 180° right from East gives West.",Puzzles,Direction Sense
"Find the next letter in the series: G, H, I, J, ?",K,D,A,C,A,"The letters advance by 1 position(s) each time. After J, the next letter is K.",Puzzles,Letter Series
"Which number is the odd one out: 27, 41, 43, 11?",11,43,27,41,C,27 is the odd one out because it is not a prime number; the rest are prime.,Puzzles,Odd One Out
What is the angle between the hour and minute hands of a clock at 12:55?,37.5°,67.5°,12.5°,57.5°,D,Angle = |30×hour − 5.5×minute| = |30×12 − 5.5×55| = 57.5° (taking the smaller angle).,Puzzles,Clock Puzzles
"If A=1, B=2, C=3, ... Z=26, what is the sum of the letter values in the word 'BOX'?",38,40,37,41,D,B(2) + O(15) + X(24) = 41.,Puzzles,Coding-Decoding
"In each row, the third number is the product of the first two: [15, 8, 120], [11, 8, 88], [9, 10, ?]. Find the missing number.",92,100,94,90,D,"Following the pattern, the missing number = 9 × 10 = 90.",Puzzles,Pattern Puzzle
"Find the next number in the sequence: 16, 25, 36, 49, 64, ?",81,82,84,78,A,These are perfect squares of consecutive integers starting from 4. Next = 9² = 81.,Puzzles,Number Sequence
"If A=1, B=2, C=3, ... Z=26, what is the sum of the letter values in the word 'MOM'?",41,44,42,39,A,M(13) + O(15) + M(13) = 41.,Puzzles,Coding-Decoding
"In each row, the third number is the sum of the first two: [11, 18, 29], [13, 3, 16], [16, 16, ?]. Find the missing number.",32,30,36,31,A,"Following the pattern, the missing number = 16 + 16 = 32.",Puzzles,Pattern Puzzle
"Which number is the odd one out: 119, 35, 40, 90?",35,119,90,40,B,119 is the odd one out because it is not a multiple of 5; the rest are.,Puzzles,Odd One Out
"In each row, the third number is the sum of the first two: [16, 12, 28], [20, 3, 23], [16, 11, ?]. Find the missing number.",28,27,26,31,B,"Following the pattern, the missing number = 16 + 11 = 27.",Puzzles,Pattern Puzzle
"Find the next number in the sequence: 6, 24, 96, 384, 1536, ?",6144,6149,6140,6139,A,Each term is multiplied by 4. Next term = 1536 × 4 = 6144.,Puzzles,Number Sequence
"In each row, the third number is the sum of the first two: [15, 2, 17], [20, 11, 31], [5, 9, ?]. Find the missing number.",11,17,14,10,C,"Following the pattern, the missing number = 5 + 9 = 14.",Puzzles,Pattern Puzzle
What is the angle between the hour and minute hands of a clock at 7:27?,51.5°,91.5°,16.5°,61.5°,D,Angle = |30×hour − 5.5×minute| = |30×7 − 5.5×27| = 61.5° (taking the smaller angle).,Puzzles,Clock Puzzles
"In each row, the third number is the product of the first two: [11, 11, 121], [7, 9, 63], [4, 9, ?]. Find the missing number.",36,46,26,30,A,"Following the pattern, the missing number = 4 × 9 = 36.",Puzzles,Pattern Puzzle
"If today is Thursday, what day of the week will it be after 46 days?",Sunday,Tuesday,Monday,Wednesday,C,46 days = 6 full weeks and 4 extra day(s). Counting 4 day(s) forward from Thursday gives Monday.,Puzzles,Calendar Puzzles
"Which number is the odd one out: 100, 35, 105, 78?",105,35,100,78,D,78 is the odd one out because it is not a multiple of 5; the rest are.,Puzzles,Odd One Out
"In each row, the third number is the sum of the first two: [18, 20, 38], [9, 5, 14], [4, 12, ?]. Find the missing number.",14,16,17,15,B,"Following the pattern, the missing number = 4 + 12 = 16.",Puzzles,Pattern Puzzle
"If A=1, B=2, C=3, ... Z=26, what is the sum of the letter values in the word 'CUP'?",36,43,42,40,D,C(3) + U(21) + P(16) = 40.,Puzzles,Coding-Decoding
"In each row, the third number is the product of the first two: [5, 14, 70], [12, 13, 156], [3, 6, ?]. Find the missing number.",28,14,8,18,D,"Following the pattern, the missing number = 3 × 6 = 18.",Puzzles,Pattern Puzzle
"If A=1, B=2, C=3, ... Z=26, what is the sum of the letter values in the word 'POT'?",56,46,51,52,C,P(16) + O(15) + T(20) = 51.,Puzzles,Coding-Decoding
"If today is Saturday, what day of the week will it be after 45 days?",Tuesday,Thursday,Friday,Sunday,A,45 days = 6 full weeks and 3 extra day(s). Counting 3 day(s) forward from Saturday gives Tuesday.,Puzzles,Calendar Puzzles
"Find the next number in the sequence: 9, 14, 23, 37, 60, ?",97,93,101,102,A,Each number is the sum of the two before it. Next = 37 + 60 = 97.,Puzzles,Number Sequence
"Find the next number in the sequence: 169, 196, 225, 256, 289, ?",324,321,319,325,A,These are perfect squares of consecutive integers starting from 13. Next = 18² = 324.,Puzzles,Number Sequence
"In each row, the third number is the product of the first two: [15, 7, 105], [4, 14, 56], [4, 9, ?]. Find the missing number.",42,40,36,34,C,"Following the pattern, the missing number = 4 × 9 = 36.",Puzzles,Pattern Puzzle
"In each row, the third number is the product of the first two: [3, 8, 24], [15, 14, 210], [3, 6, ?]. Find the missing number.",28,20,18,22,C,"Following the pattern, the missing number = 3 × 6 = 18.",Puzzles,Pattern Puzzle
"In each row, the third number is the product of the first two: [15, 15, 225], [14, 14, 196], [10, 10, ?]. Find the missing number.",96,102,100,98,C,"Following the pattern, the missing number = 10 × 10 = 100.",Puzzles,Pattern Puzzle
"Find the next number in the sequence: 39, 49, 59, 69, 79, ?",98,89,78,87,B,Each term increases by 10. Next term = 79 + 10 = 89.,Puzzles,Number Sequence
"In each row, the third number is the sum of the first two: [15, 12, 27], [14, 13, 27], [7, 5, ?]. Find the missing number.",11,13,12,9,C,"Following the pattern, the missing number = 7 + 5 = 12.",Puzzles,Pattern Puzzle
A child is 6 years old and a parent is 27 years old today. In how many years will the parent be exactly twice as old as the child?,13,15,19,16,B,Let x = years from now. 27+x = 2(6+x) → x = 27 − 2×6 = 15.,Puzzles,Logical Riddles
"If today is Monday, what day of the week will it be after 166 days?",Saturday,Tuesday,Wednesday,Sunday,A,166 days = 23 full weeks and 5 extra day(s). Counting 5 day(s) forward from Monday gives Saturday.,Puzzles,Calendar Puzzles
"If A=1, B=2, C=3, ... Z=26, what is the sum of the letter values in the word 'FAN'?",18,21,23,26,B,F(6) + A(1) + N(14) = 21.,Puzzles,Coding-Decoding
"Which number is the odd one out: 62, 15, 57, 81?",81,15,57,62,D,62 is the odd one out because it is not a multiple of 3; the rest are.,Puzzles,Odd One Out
"Which number is the odd one out: 46, 36, 17, 6?",46,36,17,6,C,17 is the odd one out because it is the only odd number; the rest are even.,Puzzles,Odd One Out
"In each row, the third number is the product of the first two: [9, 4, 36], [9, 9, 81], [9, 10, ?]. Find the missing number.",92,94,90,80,C,"Following the pattern, the missing number = 9 × 10 = 90.",Puzzles,Pattern Puzzle
"Find the next letter in the series: I, K, M, O, ?",V,Q,J,I,B,"The letters advance by 2 position(s) each time. After O, the next letter is Q.",Puzzles,Letter Series
"If today is Friday, what day of the week will it be after 25 days?",Saturday,Tuesday,Monday,Sunday,B,25 days = 3 full weeks and 4 extra day(s). Counting 4 day(s) forward from Friday gives Tuesday.,Puzzles,Calendar Puzzles
"If today is Monday, what day of the week will it be after 151 days?",Monday,Thursday,Tuesday,Friday,D,151 days = 21 full weeks and 4 extra day(s). Counting 4 day(s) forward from Monday gives Friday.,Puzzles,Calendar Puzzles
"Find the next number in the sequence: 18, 12, 30, 42, 72, ?",122,114,111,117,B,Each number is the sum of the two before it. Next = 42 + 72 = 114.,Puzzles,Number Sequence
"Which number is the odd one out: 48, 59, 66, 6?",6,66,59,48,C,59 is the odd one out because it is not a multiple of 3; the rest are.,Puzzles,Odd One Out
A child is 10 years old and a parent is 31 years old today. In how many years will the parent be exactly twice as old as the child?,12,11,7,15,B,Let x = years from now. 31+x = 2(10+x) → x = 31 − 2×10 = 11.,Puzzles,Logical Riddles
"Which number is the odd one out: 17, 2, 11, 27?",2,27,11,17,B,27 is the odd one out because it is not a prime number; the rest are prime.,Puzzles,Odd One Out
"If today is Saturday, what day of the week will it be after 13 days?",Friday,Monday,Wednesday,Sunday,A,13 days = 1 full weeks and 6 extra day(s). Counting 6 day(s) forward from Saturday gives Friday.,Puzzles,Calendar Puzzles
"If A=1, B=2, C=3, ... Z=26, what is the sum of the letter values in the word 'TIN'?",39,47,45,43,D,T(20) + I(9) + N(14) = 43.,Puzzles,Coding-Decoding
"In each row, the third number is the sum of the first two: [5, 17, 22], [14, 12, 26], [2, 15, ?]. Find the missing number.",19,17,16,21,B,"Following the pattern, the missing number = 2 + 15 = 17.",Puzzles,Pattern Puzzle
What is the angle between the hour and minute hands of a clock at 3:34?,77.0°,82.0°,127.0°,97.0°,D,Angle = |30×hour − 5.5×minute| = |30×3 − 5.5×34| = 97.0° (taking the smaller angle).,Puzzles,Clock Puzzles
"If today is Friday, what day of the week will it be after 88 days?",Sunday,Saturday,Tuesday,Thursday,C,88 days = 12 full weeks and 4 extra day(s). Counting 4 day(s) forward from Friday gives Tuesday.,Puzzles,Calendar Puzzles
"If today is Tuesday, what day of the week will it be after 30 days?",Saturday,Tuesday,Thursday,Friday,C,30 days = 4 full weeks and 2 extra day(s). Counting 2 day(s) forward from Tuesday gives Thursday.,Puzzles,Calendar Puzzles
"Find the next letter in the series: D, E, F, G, ?",T,V,H,W,C,"The letters advance by 1 position(s) each time. After G, the next letter is H.",Puzzles,Letter Series
"If A=1, B=2, C=3, ... Z=26, what is the sum of the letter values in the word 'ZAP'?",45,38,42,43,D,Z(26) + A(1) + P(16) = 43.,Puzzles,Coding-Decoding
What is the angle between the hour and minute hands of a clock at 1:58?,71.0°,61.0°,41.0°,116.0°,A,Angle = |30×hour − 5.5×minute| = |30×1 − 5.5×58| = 71.0° (taking the smaller angle).,Puzzles,Clock Puzzles
"Find the next number in the sequence: 14, 17, 31, 48, 79, ?",127,123,119,130,A,Each number is the sum of the two before it. Next = 48 + 79 = 127.,Puzzles,Number Sequence
"Which number is the odd one out: 57, 42, 56, 84?",42,57,84,56,D,56 is the odd one out because it is not a multiple of 3; the rest are.,Puzzles,Odd One Out
A child is 15 years old and a parent is 40 years old today. In how many years will the parent be exactly twice as old as the child?,9,10,6,12,B,Let x = years from now. 40+x = 2(15+x) → x = 40 − 2×15 = 10.,Puzzles,Logical Riddles
"Which number is the odd one out: 7, 17, 29, 18?",18,17,7,29,A,18 is the odd one out because it is not a prime number; the rest are prime.,Puzzles,Odd One Out
"In each row, the third number is the sum of the first two: [19, 16, 35], [11, 5, 16], [5, 18, ?]. Find the missing number.",21,25,23,24,C,"Following the pattern, the missing number = 5 + 18 = 23.",Puzzles,Pattern Puzzle
"Find the next number in the sequence: 10, 18, 28, 46, 74, ?",120,128,116,125,A,Each number is the sum of the two before it. Next = 46 + 74 = 120.,Puzzles,Number Sequence
"Find the next number in the sequence: 19, 25, 31, 37, 43, ?",54,49,47,56,B,Each term increases by 6. Next term = 43 + 6 = 49.,Puzzles,Number Sequence
What is the angle between the hour and minute hands of a clock at 11:29?,170.5°,174.5°,160.5°,144.5°,A,Angle = |30×hour − 5.5×minute| = |30×11 − 5.5×29| = 170.5° (taking the smaller angle).,Puzzles,Clock Puzzles
"Find the next number in the sequence: 19, 20, 39, 59, 98, ?",157,154,165,152,A,Each number is the sum of the two before it. Next = 59 + 98 = 157.,Puzzles,Number Sequence
"Find the next number in the sequence: 24, 36, 48, 60, 72, ?",95,86,82,84,D,Each term increases by 12. Next term = 72 + 12 = 84.,Puzzles,Number Sequence
"Find the next number in the sequence: 3, 12, 48, 192, 768, ?",3074,3072,1536,3068,B,Each term is multiplied by 4. Next term = 768 × 4 = 3072.,Puzzles,Number Sequence
"If today is Monday, what day of the week will it be after 51 days?",Thursday,Sunday,Saturday,Wednesday,D,51 days = 7 full weeks and 2 extra day(s). Counting 2 day(s) forward from Monday gives Wednesday.,Puzzles,Calendar Puzzles
"If today is Saturday, what day of the week will it be after 113 days?",Friday,Sunday,Wednesday,Saturday,B,113 days = 16 full weeks and 1 extra day(s). Counting 1 day(s) forward from Saturday gives Sunday.,Puzzles,Calendar Puzzles
"Find the next number in the sequence: 45, 50, 55, 60, 65, ?",66,80,70,74,C,Each term increases by 5. Next term = 65 + 5 = 70.,Puzzles,Number Sequence
"In each row, the third number is the sum of the first two: [6, 6, 12], [7, 8, 15], [19, 10, ?]. Find the missing number.",26,29,28,33,B,"Following the pattern, the missing number = 19 + 10 = 29.",Puzzles,Pattern Puzzle
"Find the next number in the sequence: 42, 44, 46, 48, 50, ?",51,52,53,54,B,Each term increases by 2. Next term = 50 + 2 = 52.,Puzzles,Number Sequence
